solid exported
	facet normal 0 -1 0
		outer loop
			vertex 10.100000381469727 -72.5 -24.5
			vertex 8.100000381469727 -72.5 -23
			vertex 9.600000381469727 -72.5 -25
		endloop
	endfacet
	facet normal 0 -1 0
		outer loop
			vertex 9.600000381469727 -72.5 -25
			vertex 8.100000381469727 -72.5 -23
			vertex -8.100000381469727 -72.5 -23
		endloop
	endfacet
	facet normal 0 -1 0
		outer loop
			vertex 9.600000381469727 -72.5 -25
			vertex -8.100000381469727 -72.5 -23
			vertex -9.600000381469727 -72.5 -25
		endloop
	endfacet
	facet normal 0 -1 0
		outer loop
			vertex -9.600000381469727 -72.5 -25
			vertex -8.100000381469727 -72.5 -23
			vertex -10.100000381469727 -72.5 -24.5
		endloop
	endfacet
	facet normal 0 -1 0
		outer loop
			vertex -10.100000381469727 -72.5 -24.5
			vertex -8.100000381469727 -72.5 -23
			vertex -8.100000381469727 -72.5 -21.858577728271484
		endloop
	endfacet
	facet normal 0 -1 0
		outer loop
			vertex -10.100000381469727 -72.5 -24.5
			vertex -8.100000381469727 -72.5 -21.858577728271484
			vertex -10.100000381469727 -72.5 -18.941421508789062
		endloop
	endfacet
	facet normal 0 -1 0
		outer loop
			vertex -10.100000381469727 -72.5 -18.941421508789062
			vertex -8.100000381469727 -72.5 -21.858577728271484
			vertex -7.099999904632568 -72.5 -20.858577728271484
		endloop
	endfacet
	facet normal 0 -1 0
		outer loop
			vertex -10.100000381469727 -72.5 -18.941421508789062
			vertex -7.099999904632568 -72.5 -20.858577728271484
			vertex -7.099999904632568 -72.5 -19.941421508789062
		endloop
	endfacet
	facet normal 0 -1 0
		outer loop
			vertex 8.100000381469727 -72.5 -23
			vertex 10.100000381469727 -72.5 -24.5
			vertex 8.100000381469727 -72.5 -21.858577728271484
		endloop
	endfacet
	facet normal 0 -1 0
		outer loop
			vertex 8.100000381469727 -72.5 -21.858577728271484
			vertex 10.100000381469727 -72.5 -24.5
			vertex 10.100000381469727 -72.5 -18.941421508789062
		endloop
	endfacet
	facet normal 0 -1 0
		outer loop
			vertex 8.100000381469727 -72.5 -21.858577728271484
			vertex 10.100000381469727 -72.5 -18.941421508789062
			vertex 7.099999904632568 -72.5 -20.858577728271484
		endloop
	endfacet
	facet normal 0 -1 0
		outer loop
			vertex 7.099999904632568 -72.5 -20.858577728271484
			vertex 10.100000381469727 -72.5 -18.941421508789062
			vertex 7.099999904632568 -72.5 -19.941421508789062
		endloop
	endfacet
	facet normal 0 -1 0
		outer loop
			vertex 7.099999904632568 -72.5 -19.941421508789062
			vertex 10.100000381469727 -72.5 -18.941421508789062
			vertex 8.100000381469727 -72.5 -18.941421508789062
		endloop
	endfacet
	facet normal 0 -1 0
		outer loop
			vertex -7.099999904632568 -72.5 -19.941421508789062
			vertex -8.100000381469727 -72.5 -18.941421508789062
			vertex -10.100000381469727 -72.5 -18.941421508789062
		endloop
	endfacet
	facet normal 0 0 -1
		outer loop
			vertex 9.600000381469727 -72.5 -25
			vertex -9.600000381469727 -72.5 -25
			vertex 9.600000381469727 72.5 -25
		endloop
	endfacet
	facet normal 0 0 -1
		outer loop
			vertex 9.600000381469727 72.5 -25
			vertex -9.600000381469727 -72.5 -25
			vertex -9.600000381469727 72.5 -25
		endloop
	endfacet
	facet normal -0.7071067811865476 0 -0.7071067811865476
		outer loop
			vertex -10.100000381469727 -72.5 -24.5
			vertex -10.100000381469727 72.5 -24.5
			vertex -9.600000381469727 -72.5 -25
		endloop
	endfacet
	facet normal -0.7071067811865476 0 -0.7071067811865476
		outer loop
			vertex -9.600000381469727 -72.5 -25
			vertex -10.100000381469727 72.5 -24.5
			vertex -9.600000381469727 72.5 -25
		endloop
	endfacet
	facet normal 0 1 0
		outer loop
			vertex -10.100000381469727 72.5 -24.5
			vertex -8.100000381469727 72.5 -23
			vertex -9.600000381469727 72.5 -25
		endloop
	endfacet
	facet normal 0 1 0
		outer loop
			vertex -9.600000381469727 72.5 -25
			vertex -8.100000381469727 72.5 -23
			vertex 8.100000381469727 72.5 -23
		endloop
	endfacet
	facet normal 0 1 0
		outer loop
			vertex -9.600000381469727 72.5 -25
			vertex 8.100000381469727 72.5 -23
			vertex 9.600000381469727 72.5 -25
		endloop
	endfacet
	facet normal 0 1 0
		outer loop
			vertex 9.600000381469727 72.5 -25
			vertex 8.100000381469727 72.5 -23
			vertex 10.100000381469727 72.5 -24.5
		endloop
	endfacet
	facet normal 0 1 0
		outer loop
			vertex 10.100000381469727 72.5 -24.5
			vertex 8.100000381469727 72.5 -23
			vertex 8.100000381469727 72.5 -21.858577728271484
		endloop
	endfacet
	facet normal 0 1 0
		outer loop
			vertex 10.100000381469727 72.5 -24.5
			vertex 8.100000381469727 72.5 -21.858577728271484
			vertex 10.100000381469727 72.5 -18.941421508789062
		endloop
	endfacet
	facet normal 0 1 0
		outer loop
			vertex 10.100000381469727 72.5 -18.941421508789062
			vertex 8.100000381469727 72.5 -21.858577728271484
			vertex 7.099999904632568 72.5 -20.858577728271484
		endloop
	endfacet
	facet normal 0 1 0
		outer loop
			vertex 10.100000381469727 72.5 -18.941421508789062
			vertex 7.099999904632568 72.5 -20.858577728271484
			vertex 7.099999904632568 72.5 -19.941421508789062
		endloop
	endfacet
	facet normal 0 1 0
		outer loop
			vertex -8.100000381469727 72.5 -23
			vertex -10.100000381469727 72.5 -24.5
			vertex -8.100000381469727 72.5 -21.858577728271484
		endloop
	endfacet
	facet normal 0 1 0
		outer loop
			vertex -8.100000381469727 72.5 -21.858577728271484
			vertex -10.100000381469727 72.5 -24.5
			vertex -10.100000381469727 72.5 -18.941421508789062
		endloop
	endfacet
	facet normal 0 1 0
		outer loop
			vertex -8.100000381469727 72.5 -21.858577728271484
			vertex -10.100000381469727 72.5 -18.941421508789062
			vertex -7.099999904632568 72.5 -20.858577728271484
		endloop
	endfacet
	facet normal 0 1 0
		outer loop
			vertex -7.099999904632568 72.5 -20.858577728271484
			vertex -10.100000381469727 72.5 -18.941421508789062
			vertex -7.099999904632568 72.5 -19.941421508789062
		endloop
	endfacet
	facet normal 0 1 0
		outer loop
			vertex -7.099999904632568 72.5 -19.941421508789062
			vertex -10.100000381469727 72.5 -18.941421508789062
			vertex -8.100000381469727 72.5 -18.941421508789062
		endloop
	endfacet
	facet normal 0 1 0
		outer loop
			vertex 7.099999904632568 72.5 -19.941421508789062
			vertex 8.100000381469727 72.5 -18.941421508789062
			vertex 10.100000381469727 72.5 -18.941421508789062
		endloop
	endfacet
	facet normal 0.7071067811865476 0 -0.7071067811865476
		outer loop
			vertex 9.600000381469727 -72.5 -25
			vertex 9.600000381469727 72.5 -25
			vertex 10.100000381469727 -72.5 -24.5
		endloop
	endfacet
	facet normal 0.7071067811865476 0 -0.7071067811865476
		outer loop
			vertex 10.100000381469727 -72.5 -24.5
			vertex 9.600000381469727 72.5 -25
			vertex 10.100000381469727 72.5 -24.5
		endloop
	endfacet
	facet normal -1 0 0
		outer loop
			vertex 7.099999904632568 -62.70000076293945 -20.858577728271484
			vertex 7.099999904632568 -62.70000076293945 -19.941421508789062
			vertex 7.099999904632568 -57.29999923706055 -20.858577728271484
		endloop
	endfacet
	facet normal -1 0 0
		outer loop
			vertex 7.099999904632568 -57.29999923706055 -20.858577728271484
			vertex 7.099999904632568 -62.70000076293945 -19.941421508789062
			vertex 7.099999904632568 -57.29999923706055 -19.941421508789062
		endloop
	endfacet
	facet normal -0.7071066125991736 0 0.7071069497738812
		outer loop
			vertex 7.099999904632568 -62.70000076293945 -19.941421508789062
			vertex 8.100000381469727 -62.70000076293945 -18.941421508789062
			vertex 7.099999904632568 -57.29999923706055 -19.941421508789062
		endloop
	endfacet
	facet normal -0.7071066125991736 0 0.7071069497738812
		outer loop
			vertex 7.099999904632568 -57.29999923706055 -19.941421508789062
			vertex 8.100000381469727 -62.70000076293945 -18.941421508789062
			vertex 8.100000381469727 -57.29999923706055 -18.941421508789062
		endloop
	endfacet
	facet normal 0.7071066125991736 0 0.7071069497738812
		outer loop
			vertex -8.100000381469727 -62.70000076293945 -18.941421508789062
			vertex -7.099999904632568 -62.70000076293945 -19.941421508789062
			vertex -8.100000381469727 -57.29999923706055 -18.941421508789062
		endloop
	endfacet
	facet normal 0.7071066125991736 0 0.7071069497738812
		outer loop
			vertex -8.100000381469727 -57.29999923706055 -18.941421508789062
			vertex -7.099999904632568 -62.70000076293945 -19.941421508789062
			vertex -7.099999904632568 -57.29999923706055 -19.941421508789062
		endloop
	endfacet
	facet normal 1 0 0
		outer loop
			vertex -7.099999904632568 -62.70000076293945 -19.941421508789062
			vertex -7.099999904632568 -62.70000076293945 -20.858577728271484
			vertex -7.099999904632568 -57.29999923706055 -19.941421508789062
		endloop
	endfacet
	facet normal 1 0 0
		outer loop
			vertex -7.099999904632568 -57.29999923706055 -19.941421508789062
			vertex -7.099999904632568 -62.70000076293945 -20.858577728271484
			vertex -7.099999904632568 -57.29999923706055 -20.858577728271484
		endloop
	endfacet
	facet normal -1 0 0
		outer loop
			vertex 7.099999904632568 -52.70000076293945 -20.858577728271484
			vertex 7.099999904632568 -52.70000076293945 -19.941421508789062
			vertex 7.099999904632568 -47.29999923706055 -20.858577728271484
		endloop
	endfacet
	facet normal -1 0 0
		outer loop
			vertex 7.099999904632568 -47.29999923706055 -20.858577728271484
			vertex 7.099999904632568 -52.70000076293945 -19.941421508789062
			vertex 7.099999904632568 -47.29999923706055 -19.941421508789062
		endloop
	endfacet
	facet normal -0.7071066125991736 0 0.7071069497738812
		outer loop
			vertex 7.099999904632568 -52.70000076293945 -19.941421508789062
			vertex 8.100000381469727 -52.70000076293945 -18.941421508789062
			vertex 7.099999904632568 -47.29999923706055 -19.941421508789062
		endloop
	endfacet
	facet normal -0.7071066125991736 0 0.7071069497738812
		outer loop
			vertex 7.099999904632568 -47.29999923706055 -19.941421508789062
			vertex 8.100000381469727 -52.70000076293945 -18.941421508789062
			vertex 8.100000381469727 -47.29999923706055 -18.941421508789062
		endloop
	endfacet
	facet normal 0.7071066125991736 0 0.7071069497738812
		outer loop
			vertex -8.100000381469727 -52.70000076293945 -18.941421508789062
			vertex -7.099999904632568 -52.70000076293945 -19.941421508789062
			vertex -8.100000381469727 -47.29999923706055 -18.941421508789062
		endloop
	endfacet
	facet normal 0.7071066125991736 0 0.7071069497738812
		outer loop
			vertex -8.100000381469727 -47.29999923706055 -18.941421508789062
			vertex -7.099999904632568 -52.70000076293945 -19.941421508789062
			vertex -7.099999904632568 -47.29999923706055 -19.941421508789062
		endloop
	endfacet
	facet normal 1 0 0
		outer loop
			vertex -7.099999904632568 -52.70000076293945 -19.941421508789062
			vertex -7.099999904632568 -52.70000076293945 -20.858577728271484
			vertex -7.099999904632568 -47.29999923706055 -19.941421508789062
		endloop
	endfacet
	facet normal 1 0 0
		outer loop
			vertex -7.099999904632568 -47.29999923706055 -19.941421508789062
			vertex -7.099999904632568 -52.70000076293945 -20.858577728271484
			vertex -7.099999904632568 -47.29999923706055 -20.858577728271484
		endloop
	endfacet
	facet normal -1 0 0
		outer loop
			vertex 7.099999904632568 -42.70000076293945 -20.858577728271484
			vertex 7.099999904632568 -42.70000076293945 -19.941421508789062
			vertex 7.099999904632568 -37.29999923706055 -20.858577728271484
		endloop
	endfacet
	facet normal -1 0 0
		outer loop
			vertex 7.099999904632568 -37.29999923706055 -20.858577728271484
			vertex 7.099999904632568 -42.70000076293945 -19.941421508789062
			vertex 7.099999904632568 -37.29999923706055 -19.941421508789062
		endloop
	endfacet
	facet normal -0.7071066125991736 0 0.7071069497738812
		outer loop
			vertex 7.099999904632568 -42.70000076293945 -19.941421508789062
			vertex 8.100000381469727 -42.70000076293945 -18.941421508789062
			vertex 7.099999904632568 -37.29999923706055 -19.941421508789062
		endloop
	endfacet
	facet normal -0.7071066125991736 0 0.7071069497738812
		outer loop
			vertex 7.099999904632568 -37.29999923706055 -19.941421508789062
			vertex 8.100000381469727 -42.70000076293945 -18.941421508789062
			vertex 8.100000381469727 -37.29999923706055 -18.941421508789062
		endloop
	endfacet
	facet normal 0.7071066125991736 0 0.7071069497738812
		outer loop
			vertex -8.100000381469727 -42.70000076293945 -18.941421508789062
			vertex -7.099999904632568 -42.70000076293945 -19.941421508789062
			vertex -8.100000381469727 -37.29999923706055 -18.941421508789062
		endloop
	endfacet
	facet normal 0.7071066125991736 0 0.7071069497738812
		outer loop
			vertex -8.100000381469727 -37.29999923706055 -18.941421508789062
			vertex -7.099999904632568 -42.70000076293945 -19.941421508789062
			vertex -7.099999904632568 -37.29999923706055 -19.941421508789062
		endloop
	endfacet
	facet normal 1 0 0
		outer loop
			vertex -7.099999904632568 -42.70000076293945 -19.941421508789062
			vertex -7.099999904632568 -42.70000076293945 -20.858577728271484
			vertex -7.099999904632568 -37.29999923706055 -19.941421508789062
		endloop
	endfacet
	facet normal 1 0 0
		outer loop
			vertex -7.099999904632568 -37.29999923706055 -19.941421508789062
			vertex -7.099999904632568 -42.70000076293945 -20.858577728271484
			vertex -7.099999904632568 -37.29999923706055 -20.858577728271484
		endloop
	endfacet
	facet normal -1 0 0
		outer loop
			vertex 7.099999904632568 -32.70000076293945 -20.858577728271484
			vertex 7.099999904632568 -32.70000076293945 -19.941421508789062
			vertex 7.099999904632568 -27.299999237060547 -20.858577728271484
		endloop
	endfacet
	facet normal -1 0 0
		outer loop
			vertex 7.099999904632568 -27.299999237060547 -20.858577728271484
			vertex 7.099999904632568 -32.70000076293945 -19.941421508789062
			vertex 7.099999904632568 -27.299999237060547 -19.941421508789062
		endloop
	endfacet
	facet normal -0.7071066125991736 0 0.7071069497738812
		outer loop
			vertex 7.099999904632568 -32.70000076293945 -19.941421508789062
			vertex 8.100000381469727 -32.70000076293945 -18.941421508789062
			vertex 7.099999904632568 -27.299999237060547 -19.941421508789062
		endloop
	endfacet
	facet normal -0.7071066125991736 0 0.7071069497738812
		outer loop
			vertex 7.099999904632568 -27.299999237060547 -19.941421508789062
			vertex 8.100000381469727 -32.70000076293945 -18.941421508789062
			vertex 8.100000381469727 -27.299999237060547 -18.941421508789062
		endloop
	endfacet
	facet normal 0.7071066125991736 0 0.7071069497738812
		outer loop
			vertex -8.100000381469727 -32.70000076293945 -18.941421508789062
			vertex -7.099999904632568 -32.70000076293945 -19.941421508789062
			vertex -8.100000381469727 -27.299999237060547 -18.941421508789062
		endloop
	endfacet
	facet normal 0.7071066125991736 0 0.7071069497738812
		outer loop
			vertex -8.100000381469727 -27.299999237060547 -18.941421508789062
			vertex -7.099999904632568 -32.70000076293945 -19.941421508789062
			vertex -7.099999904632568 -27.299999237060547 -19.941421508789062
		endloop
	endfacet
	facet normal 1 0 0
		outer loop
			vertex -7.099999904632568 -32.70000076293945 -19.941421508789062
			vertex -7.099999904632568 -32.70000076293945 -20.858577728271484
			vertex -7.099999904632568 -27.299999237060547 -19.941421508789062
		endloop
	endfacet
	facet normal 1 0 0
		outer loop
			vertex -7.099999904632568 -27.299999237060547 -19.941421508789062
			vertex -7.099999904632568 -32.70000076293945 -20.858577728271484
			vertex -7.099999904632568 -27.299999237060547 -20.858577728271484
		endloop
	endfacet
	facet normal -1 0 0
		outer loop
			vertex 7.099999904632568 -22.700000762939453 -20.858577728271484
			vertex 7.099999904632568 -22.700000762939453 -19.941421508789062
			vertex 7.099999904632568 -17.299999237060547 -20.858577728271484
		endloop
	endfacet
	facet normal -1 0 0
		outer loop
			vertex 7.099999904632568 -17.299999237060547 -20.858577728271484
			vertex 7.099999904632568 -22.700000762939453 -19.941421508789062
			vertex 7.099999904632568 -17.299999237060547 -19.941421508789062
		endloop
	endfacet
	facet normal -0.7071066125991736 0 0.7071069497738812
		outer loop
			vertex 7.099999904632568 -22.700000762939453 -19.941421508789062
			vertex 8.100000381469727 -22.700000762939453 -18.941421508789062
			vertex 7.099999904632568 -17.299999237060547 -19.941421508789062
		endloop
	endfacet
	facet normal -0.7071066125991736 0 0.7071069497738812
		outer loop
			vertex 7.099999904632568 -17.299999237060547 -19.941421508789062
			vertex 8.100000381469727 -22.700000762939453 -18.941421508789062
			vertex 8.100000381469727 -17.299999237060547 -18.941421508789062
		endloop
	endfacet
	facet normal 0.7071066125991736 0 0.7071069497738812
		outer loop
			vertex -8.100000381469727 -22.700000762939453 -18.941421508789062
			vertex -7.099999904632568 -22.700000762939453 -19.941421508789062
			vertex -8.100000381469727 -17.299999237060547 -18.941421508789062
		endloop
	endfacet
	facet normal 0.7071066125991736 0 0.7071069497738812
		outer loop
			vertex -8.100000381469727 -17.299999237060547 -18.941421508789062
			vertex -7.099999904632568 -22.700000762939453 -19.941421508789062
			vertex -7.099999904632568 -17.299999237060547 -19.941421508789062
		endloop
	endfacet
	facet normal 1 0 0
		outer loop
			vertex -7.099999904632568 -22.700000762939453 -19.941421508789062
			vertex -7.099999904632568 -22.700000762939453 -20.858577728271484
			vertex -7.099999904632568 -17.299999237060547 -19.941421508789062
		endloop
	endfacet
	facet normal 1 0 0
		outer loop
			vertex -7.099999904632568 -17.299999237060547 -19.941421508789062
			vertex -7.099999904632568 -22.700000762939453 -20.858577728271484
			vertex -7.099999904632568 -17.299999237060547 -20.858577728271484
		endloop
	endfacet
	facet normal -1 0 0
		outer loop
			vertex 7.099999904632568 -12.699999809265137 -20.858577728271484
			vertex 7.099999904632568 -12.699999809265137 -19.941421508789062
			vertex 7.099999904632568 -7.300000190734863 -20.858577728271484
		endloop
	endfacet
	facet normal -1 0 0
		outer loop
			vertex 7.099999904632568 -7.300000190734863 -20.858577728271484
			vertex 7.099999904632568 -12.699999809265137 -19.941421508789062
			vertex 7.099999904632568 -7.300000190734863 -19.941421508789062
		endloop
	endfacet
	facet normal -0.7071066125991736 0 0.7071069497738813
		outer loop
			vertex 7.099999904632568 -12.699999809265137 -19.941421508789062
			vertex 8.100000381469727 -12.699999809265137 -18.941421508789062
			vertex 7.099999904632568 -7.300000190734863 -19.941421508789062
		endloop
	endfacet
	facet normal -0.7071066125991736 0 0.7071069497738813
		outer loop
			vertex 7.099999904632568 -7.300000190734863 -19.941421508789062
			vertex 8.100000381469727 -12.699999809265137 -18.941421508789062
			vertex 8.100000381469727 -7.300000190734863 -18.941421508789062
		endloop
	endfacet
	facet normal 0.7071066125991736 0 0.7071069497738813
		outer loop
			vertex -8.100000381469727 -12.699999809265137 -18.941421508789062
			vertex -7.099999904632568 -12.699999809265137 -19.941421508789062
			vertex -8.100000381469727 -7.300000190734863 -18.941421508789062
		endloop
	endfacet
	facet normal 0.7071066125991736 0 0.7071069497738813
		outer loop
			vertex -8.100000381469727 -7.300000190734863 -18.941421508789062
			vertex -7.099999904632568 -12.699999809265137 -19.941421508789062
			vertex -7.099999904632568 -7.300000190734863 -19.941421508789062
		endloop
	endfacet
	facet normal 1 0 0
		outer loop
			vertex -7.099999904632568 -12.699999809265137 -19.941421508789062
			vertex -7.099999904632568 -12.699999809265137 -20.858577728271484
			vertex -7.099999904632568 -7.300000190734863 -19.941421508789062
		endloop
	endfacet
	facet normal 1 0 0
		outer loop
			vertex -7.099999904632568 -7.300000190734863 -19.941421508789062
			vertex -7.099999904632568 -12.699999809265137 -20.858577728271484
			vertex -7.099999904632568 -7.300000190734863 -20.858577728271484
		endloop
	endfacet
	facet normal -1 0 0
		outer loop
			vertex 7.099999904632568 -2.700000047683716 -20.858577728271484
			vertex 7.099999904632568 -2.700000047683716 -19.941421508789062
			vertex 7.099999904632568 2.700000047683716 -20.858577728271484
		endloop
	endfacet
	facet normal -1 0 0
		outer loop
			vertex 7.099999904632568 2.700000047683716 -20.858577728271484
			vertex 7.099999904632568 -2.700000047683716 -19.941421508789062
			vertex 7.099999904632568 2.700000047683716 -19.941421508789062
		endloop
	endfacet
	facet normal -0.7071066125991736 0 0.7071069497738813
		outer loop
			vertex 7.099999904632568 -2.700000047683716 -19.941421508789062
			vertex 8.100000381469727 -2.700000047683716 -18.941421508789062
			vertex 7.099999904632568 2.700000047683716 -19.941421508789062
		endloop
	endfacet
	facet normal -0.7071066125991736 0 0.7071069497738813
		outer loop
			vertex 7.099999904632568 2.700000047683716 -19.941421508789062
			vertex 8.100000381469727 -2.700000047683716 -18.941421508789062
			vertex 8.100000381469727 2.700000047683716 -18.941421508789062
		endloop
	endfacet
	facet normal 0.7071066125991736 0 0.7071069497738813
		outer loop
			vertex -8.100000381469727 -2.700000047683716 -18.941421508789062
			vertex -7.099999904632568 -2.700000047683716 -19.941421508789062
			vertex -8.100000381469727 2.700000047683716 -18.941421508789062
		endloop
	endfacet
	facet normal 0.7071066125991736 0 0.7071069497738813
		outer loop
			vertex -8.100000381469727 2.700000047683716 -18.941421508789062
			vertex -7.099999904632568 -2.700000047683716 -19.941421508789062
			vertex -7.099999904632568 2.700000047683716 -19.941421508789062
		endloop
	endfacet
	facet normal 1 0 0
		outer loop
			vertex -7.099999904632568 -2.700000047683716 -19.941421508789062
			vertex -7.099999904632568 -2.700000047683716 -20.858577728271484
			vertex -7.099999904632568 2.700000047683716 -19.941421508789062
		endloop
	endfacet
	facet normal 1 0 0
		outer loop
			vertex -7.099999904632568 2.700000047683716 -19.941421508789062
			vertex -7.099999904632568 -2.700000047683716 -20.858577728271484
			vertex -7.099999904632568 2.700000047683716 -20.858577728271484
		endloop
	endfacet
	facet normal -1 0 0
		outer loop
			vertex 7.099999904632568 7.300000190734863 -20.858577728271484
			vertex 7.099999904632568 7.300000190734863 -19.941421508789062
			vertex 7.099999904632568 12.699999809265137 -20.858577728271484
		endloop
	endfacet
	facet normal -1 0 0
		outer loop
			vertex 7.099999904632568 12.699999809265137 -20.858577728271484
			vertex 7.099999904632568 7.300000190734863 -19.941421508789062
			vertex 7.099999904632568 12.699999809265137 -19.941421508789062
		endloop
	endfacet
	facet normal -0.7071066125991736 0 0.7071069497738813
		outer loop
			vertex 7.099999904632568 7.300000190734863 -19.941421508789062
			vertex 8.100000381469727 7.300000190734863 -18.941421508789062
			vertex 7.099999904632568 12.699999809265137 -19.941421508789062
		endloop
	endfacet
	facet normal -0.7071066125991736 0 0.7071069497738813
		outer loop
			vertex 7.099999904632568 12.699999809265137 -19.941421508789062
			vertex 8.100000381469727 7.300000190734863 -18.941421508789062
			vertex 8.100000381469727 12.699999809265137 -18.941421508789062
		endloop
	endfacet
	facet normal 0.7071066125991736 0 0.7071069497738813
		outer loop
			vertex -8.100000381469727 7.300000190734863 -18.941421508789062
			vertex -7.099999904632568 7.300000190734863 -19.941421508789062
			vertex -8.100000381469727 12.699999809265137 -18.941421508789062
		endloop
	endfacet
	facet normal 0.7071066125991736 0 0.7071069497738813
		outer loop
			vertex -8.100000381469727 12.699999809265137 -18.941421508789062
			vertex -7.099999904632568 7.300000190734863 -19.941421508789062
			vertex -7.099999904632568 12.699999809265137 -19.941421508789062
		endloop
	endfacet
	facet normal 1 0 0
		outer loop
			vertex -7.099999904632568 7.300000190734863 -19.941421508789062
			vertex -7.099999904632568 7.300000190734863 -20.858577728271484
			vertex -7.099999904632568 12.699999809265137 -19.941421508789062
		endloop
	endfacet
	facet normal 1 0 0
		outer loop
			vertex -7.099999904632568 12.699999809265137 -19.941421508789062
			vertex -7.099999904632568 7.300000190734863 -20.858577728271484
			vertex -7.099999904632568 12.699999809265137 -20.858577728271484
		endloop
	endfacet
	facet normal -1 0 0
		outer loop
			vertex 7.099999904632568 17.299999237060547 -20.858577728271484
			vertex 7.099999904632568 17.299999237060547 -19.941421508789062
			vertex 7.099999904632568 22.700000762939453 -20.858577728271484
		endloop
	endfacet
	facet normal -1 0 0
		outer loop
			vertex 7.099999904632568 22.700000762939453 -20.858577728271484
			vertex 7.099999904632568 17.299999237060547 -19.941421508789062
			vertex 7.099999904632568 22.700000762939453 -19.941421508789062
		endloop
	endfacet
	facet normal -0.7071066125991736 0 0.7071069497738812
		outer loop
			vertex 7.099999904632568 17.299999237060547 -19.941421508789062
			vertex 8.100000381469727 17.299999237060547 -18.941421508789062
			vertex 7.099999904632568 22.700000762939453 -19.941421508789062
		endloop
	endfacet
	facet normal -0.7071066125991736 0 0.7071069497738812
		outer loop
			vertex 7.099999904632568 22.700000762939453 -19.941421508789062
			vertex 8.100000381469727 17.299999237060547 -18.941421508789062
			vertex 8.100000381469727 22.700000762939453 -18.941421508789062
		endloop
	endfacet
	facet normal 0.7071066125991736 0 0.7071069497738812
		outer loop
			vertex -8.100000381469727 17.299999237060547 -18.941421508789062
			vertex -7.099999904632568 17.299999237060547 -19.941421508789062
			vertex -8.100000381469727 22.700000762939453 -18.941421508789062
		endloop
	endfacet
	facet normal 0.7071066125991736 0 0.7071069497738812
		outer loop
			vertex -8.100000381469727 22.700000762939453 -18.941421508789062
			vertex -7.099999904632568 17.299999237060547 -19.941421508789062
			vertex -7.099999904632568 22.700000762939453 -19.941421508789062
		endloop
	endfacet
	facet normal 1 0 0
		outer loop
			vertex -7.099999904632568 17.299999237060547 -19.941421508789062
			vertex -7.099999904632568 17.299999237060547 -20.858577728271484
			vertex -7.099999904632568 22.700000762939453 -19.941421508789062
		endloop
	endfacet
	facet normal 1 0 0
		outer loop
			vertex -7.099999904632568 22.700000762939453 -19.941421508789062
			vertex -7.099999904632568 17.299999237060547 -20.858577728271484
			vertex -7.099999904632568 22.700000762939453 -20.858577728271484
		endloop
	endfacet
	facet normal -1 0 0
		outer loop
			vertex 7.099999904632568 27.299999237060547 -20.858577728271484
			vertex 7.099999904632568 27.299999237060547 -19.941421508789062
			vertex 7.099999904632568 32.70000076293945 -20.858577728271484
		endloop
	endfacet
	facet normal -1 0 0
		outer loop
			vertex 7.099999904632568 32.70000076293945 -20.858577728271484
			vertex 7.099999904632568 27.299999237060547 -19.941421508789062
			vertex 7.099999904632568 32.70000076293945 -19.941421508789062
		endloop
	endfacet
	facet normal -0.7071066125991736 0 0.7071069497738812
		outer loop
			vertex 7.099999904632568 27.299999237060547 -19.941421508789062
			vertex 8.100000381469727 27.299999237060547 -18.941421508789062
			vertex 7.099999904632568 32.70000076293945 -19.941421508789062
		endloop
	endfacet
	facet normal -0.7071066125991736 0 0.7071069497738812
		outer loop
			vertex 7.099999904632568 32.70000076293945 -19.941421508789062
			vertex 8.100000381469727 27.299999237060547 -18.941421508789062
			vertex 8.100000381469727 32.70000076293945 -18.941421508789062
		endloop
	endfacet
	facet normal 0.7071066125991736 0 0.7071069497738812
		outer loop
			vertex -8.100000381469727 27.299999237060547 -18.941421508789062
			vertex -7.099999904632568 27.299999237060547 -19.941421508789062
			vertex -8.100000381469727 32.70000076293945 -18.941421508789062
		endloop
	endfacet
	facet normal 0.7071066125991736 0 0.7071069497738812
		outer loop
			vertex -8.100000381469727 32.70000076293945 -18.941421508789062
			vertex -7.099999904632568 27.299999237060547 -19.941421508789062
			vertex -7.099999904632568 32.70000076293945 -19.941421508789062
		endloop
	endfacet
	facet normal 1 0 0
		outer loop
			vertex -7.099999904632568 27.299999237060547 -19.941421508789062
			vertex -7.099999904632568 27.299999237060547 -20.858577728271484
			vertex -7.099999904632568 32.70000076293945 -19.941421508789062
		endloop
	endfacet
	facet normal 1 0 0
		outer loop
			vertex -7.099999904632568 32.70000076293945 -19.941421508789062
			vertex -7.099999904632568 27.299999237060547 -20.858577728271484
			vertex -7.099999904632568 32.70000076293945 -20.858577728271484
		endloop
	endfacet
	facet normal -1 0 0
		outer loop
			vertex 7.099999904632568 37.29999923706055 -20.858577728271484
			vertex 7.099999904632568 37.29999923706055 -19.941421508789062
			vertex 7.099999904632568 42.70000076293945 -20.858577728271484
		endloop
	endfacet
	facet normal -1 0 0
		outer loop
			vertex 7.099999904632568 42.70000076293945 -20.858577728271484
			vertex 7.099999904632568 37.29999923706055 -19.941421508789062
			vertex 7.099999904632568 42.70000076293945 -19.941421508789062
		endloop
	endfacet
	facet normal -0.7071066125991736 0 0.7071069497738812
		outer loop
			vertex 7.099999904632568 37.29999923706055 -19.941421508789062
			vertex 8.100000381469727 37.29999923706055 -18.941421508789062
			vertex 7.099999904632568 42.70000076293945 -19.941421508789062
		endloop
	endfacet
	facet normal -0.7071066125991736 0 0.7071069497738812
		outer loop
			vertex 7.099999904632568 42.70000076293945 -19.941421508789062
			vertex 8.100000381469727 37.29999923706055 -18.941421508789062
			vertex 8.100000381469727 42.70000076293945 -18.941421508789062
		endloop
	endfacet
	facet normal 0.7071066125991736 0 0.7071069497738812
		outer loop
			vertex -8.100000381469727 37.29999923706055 -18.941421508789062
			vertex -7.099999904632568 37.29999923706055 -19.941421508789062
			vertex -8.100000381469727 42.70000076293945 -18.941421508789062
		endloop
	endfacet
	facet normal 0.7071066125991736 0 0.7071069497738812
		outer loop
			vertex -8.100000381469727 42.70000076293945 -18.941421508789062
			vertex -7.099999904632568 37.29999923706055 -19.941421508789062
			vertex -7.099999904632568 42.70000076293945 -19.941421508789062
		endloop
	endfacet
	facet normal 1 0 0
		outer loop
			vertex -7.099999904632568 37.29999923706055 -19.941421508789062
			vertex -7.099999904632568 37.29999923706055 -20.858577728271484
			vertex -7.099999904632568 42.70000076293945 -19.941421508789062
		endloop
	endfacet
	facet normal 1 0 0
		outer loop
			vertex -7.099999904632568 42.70000076293945 -19.941421508789062
			vertex -7.099999904632568 37.29999923706055 -20.858577728271484
			vertex -7.099999904632568 42.70000076293945 -20.858577728271484
		endloop
	endfacet
	facet normal -1 0 0
		outer loop
			vertex 7.099999904632568 47.29999923706055 -20.858577728271484
			vertex 7.099999904632568 47.29999923706055 -19.941421508789062
			vertex 7.099999904632568 52.70000076293945 -20.858577728271484
		endloop
	endfacet
	facet normal -1 0 0
		outer loop
			vertex 7.099999904632568 52.70000076293945 -20.858577728271484
			vertex 7.099999904632568 47.29999923706055 -19.941421508789062
			vertex 7.099999904632568 52.70000076293945 -19.941421508789062
		endloop
	endfacet
	facet normal -0.7071066125991736 0 0.7071069497738812
		outer loop
			vertex 7.099999904632568 47.29999923706055 -19.941421508789062
			vertex 8.100000381469727 47.29999923706055 -18.941421508789062
			vertex 7.099999904632568 52.70000076293945 -19.941421508789062
		endloop
	endfacet
	facet normal -0.7071066125991736 0 0.7071069497738812
		outer loop
			vertex 7.099999904632568 52.70000076293945 -19.941421508789062
			vertex 8.100000381469727 47.29999923706055 -18.941421508789062
			vertex 8.100000381469727 52.70000076293945 -18.941421508789062
		endloop
	endfacet
	facet normal 0.7071066125991736 0 0.7071069497738812
		outer loop
			vertex -8.100000381469727 47.29999923706055 -18.941421508789062
			vertex -7.099999904632568 47.29999923706055 -19.941421508789062
			vertex -8.100000381469727 52.70000076293945 -18.941421508789062
		endloop
	endfacet
	facet normal 0.7071066125991736 0 0.7071069497738812
		outer loop
			vertex -8.100000381469727 52.70000076293945 -18.941421508789062
			vertex -7.099999904632568 47.29999923706055 -19.941421508789062
			vertex -7.099999904632568 52.70000076293945 -19.941421508789062
		endloop
	endfacet
	facet normal 1 0 0
		outer loop
			vertex -7.099999904632568 47.29999923706055 -19.941421508789062
			vertex -7.099999904632568 47.29999923706055 -20.858577728271484
			vertex -7.099999904632568 52.70000076293945 -19.941421508789062
		endloop
	endfacet
	facet normal 1 0 0
		outer loop
			vertex -7.099999904632568 52.70000076293945 -19.941421508789062
			vertex -7.099999904632568 47.29999923706055 -20.858577728271484
			vertex -7.099999904632568 52.70000076293945 -20.858577728271484
		endloop
	endfacet
	facet normal -1 0 0
		outer loop
			vertex 7.099999904632568 57.29999923706055 -20.858577728271484
			vertex 7.099999904632568 57.29999923706055 -19.941421508789062
			vertex 7.099999904632568 62.70000076293945 -20.858577728271484
		endloop
	endfacet
	facet normal -1 0 0
		outer loop
			vertex 7.099999904632568 62.70000076293945 -20.858577728271484
			vertex 7.099999904632568 57.29999923706055 -19.941421508789062
			vertex 7.099999904632568 62.70000076293945 -19.941421508789062
		endloop
	endfacet
	facet normal -0.7071066125991736 0 0.7071069497738812
		outer loop
			vertex 7.099999904632568 57.29999923706055 -19.941421508789062
			vertex 8.100000381469727 57.29999923706055 -18.941421508789062
			vertex 7.099999904632568 62.70000076293945 -19.941421508789062
		endloop
	endfacet
	facet normal -0.7071066125991736 0 0.7071069497738812
		outer loop
			vertex 7.099999904632568 62.70000076293945 -19.941421508789062
			vertex 8.100000381469727 57.29999923706055 -18.941421508789062
			vertex 8.100000381469727 62.70000076293945 -18.941421508789062
		endloop
	endfacet
	facet normal 0.7071066125991736 0 0.7071069497738812
		outer loop
			vertex -8.100000381469727 57.29999923706055 -18.941421508789062
			vertex -7.099999904632568 57.29999923706055 -19.941421508789062
			vertex -8.100000381469727 62.70000076293945 -18.941421508789062
		endloop
	endfacet
	facet normal 0.7071066125991736 0 0.7071069497738812
		outer loop
			vertex -8.100000381469727 62.70000076293945 -18.941421508789062
			vertex -7.099999904632568 57.29999923706055 -19.941421508789062
			vertex -7.099999904632568 62.70000076293945 -19.941421508789062
		endloop
	endfacet
	facet normal 1 0 0
		outer loop
			vertex -7.099999904632568 57.29999923706055 -19.941421508789062
			vertex -7.099999904632568 57.29999923706055 -20.858577728271484
			vertex -7.099999904632568 62.70000076293945 -19.941421508789062
		endloop
	endfacet
	facet normal 1 0 0
		outer loop
			vertex -7.099999904632568 62.70000076293945 -19.941421508789062
			vertex -7.099999904632568 57.29999923706055 -20.858577728271484
			vertex -7.099999904632568 62.70000076293945 -20.858577728271484
		endloop
	endfacet
	facet normal -1 0 0
		outer loop
			vertex 7.099999904632568 67.30000305175781 -20.858577728271484
			vertex 7.099999904632568 67.30000305175781 -19.941421508789062
			vertex 7.099999904632568 72.5 -20.858577728271484
		endloop
	endfacet
	facet normal -1 0 0
		outer loop
			vertex 7.099999904632568 72.5 -20.858577728271484
			vertex 7.099999904632568 67.30000305175781 -19.941421508789062
			vertex 7.099999904632568 72.5 -19.941421508789062
		endloop
	endfacet
	facet normal -0.7071066125991736 0 0.7071069497738813
		outer loop
			vertex 7.099999904632568 67.30000305175781 -19.941421508789062
			vertex 8.100000381469727 67.30000305175781 -18.941421508789062
			vertex 7.099999904632568 72.5 -19.941421508789062
		endloop
	endfacet
	facet normal -0.7071066125991736 0 0.7071069497738813
		outer loop
			vertex 7.099999904632568 72.5 -19.941421508789062
			vertex 8.100000381469727 67.30000305175781 -18.941421508789062
			vertex 8.100000381469727 72.5 -18.941421508789062
		endloop
	endfacet
	facet normal 0.7071066125991736 0 0.7071069497738813
		outer loop
			vertex -8.100000381469727 67.30000305175781 -18.941421508789062
			vertex -7.099999904632568 67.30000305175781 -19.941421508789062
			vertex -8.100000381469727 72.5 -18.941421508789062
		endloop
	endfacet
	facet normal 0.7071066125991736 0 0.7071069497738813
		outer loop
			vertex -8.100000381469727 72.5 -18.941421508789062
			vertex -7.099999904632568 67.30000305175781 -19.941421508789062
			vertex -7.099999904632568 72.5 -19.941421508789062
		endloop
	endfacet
	facet normal 1 0 0
		outer loop
			vertex -7.099999904632568 67.30000305175781 -19.941421508789062
			vertex -7.099999904632568 67.30000305175781 -20.858577728271484
			vertex -7.099999904632568 72.5 -19.941421508789062
		endloop
	endfacet
	facet normal 1 0 0
		outer loop
			vertex -7.099999904632568 72.5 -19.941421508789062
			vertex -7.099999904632568 67.30000305175781 -20.858577728271484
			vertex -7.099999904632568 72.5 -20.858577728271484
		endloop
	endfacet
	facet normal -1 0 0
		outer loop
			vertex -10.100000381469727 72.5 -18.941421508789062
			vertex -10.100000381469727 72.5 -24.5
			vertex -10.100000381469727 -72.5 -18.941421508789062
		endloop
	endfacet
	facet normal -1 0 0
		outer loop
			vertex -10.100000381469727 -72.5 -18.941421508789062
			vertex -10.100000381469727 72.5 -24.5
			vertex -10.100000381469727 -72.5 -24.5
		endloop
	endfacet
	facet normal 0 0 1
		outer loop
			vertex -8.100000381469727 72.5 -18.941421508789062
			vertex -10.100000381469727 72.5 -18.941421508789062
			vertex -8.100000381469727 67.30000305175781 -18.941421508789062
		endloop
	endfacet
	facet normal 0 0 1
		outer loop
			vertex -8.100000381469727 67.30000305175781 -18.941421508789062
			vertex -10.100000381469727 72.5 -18.941421508789062
			vertex -8.100000381469727 62.70000076293945 -18.941421508789062
		endloop
	endfacet
	facet normal 0 0 1
		outer loop
			vertex -8.100000381469727 67.30000305175781 -18.941421508789062
			vertex -8.100000381469727 62.70000076293945 -18.941421508789062
			vertex -7.017157077789307 62.70000076293945 -18.941421508789062
		endloop
	endfacet
	facet normal 0 0 1
		outer loop
			vertex -10.100000381469727 -72.5 -18.941421508789062
			vertex -8.100000381469727 -2.700000047683716 -18.941421508789062
			vertex -10.100000381469727 72.5 -18.941421508789062
		endloop
	endfacet
	facet normal 0 0 1
		outer loop
			vertex -10.100000381469727 72.5 -18.941421508789062
			vertex -8.100000381469727 -2.700000047683716 -18.941421508789062
			vertex -8.100000381469727 2.700000047683716 -18.941421508789062
		endloop
	endfacet
	facet normal 0 0 1
		outer loop
			vertex -10.100000381469727 72.5 -18.941421508789062
			vertex -8.100000381469727 2.700000047683716 -18.941421508789062
			vertex -8.100000381469727 7.300000190734863 -18.941421508789062
		endloop
	endfacet
	facet normal 0 0 1
		outer loop
			vertex -8.100000381469727 7.300000190734863 -18.941421508789062
			vertex -8.100000381469727 2.700000047683716 -18.941421508789062
			vertex -7.017157077789307 2.700000047683716 -18.941421508789062
		endloop
	endfacet
	facet normal 0 0 1
		outer loop
			vertex -8.100000381469727 7.300000190734863 -18.941421508789062
			vertex -7.017157077789307 2.700000047683716 -18.941421508789062
			vertex -7.017157077789307 7.300000190734863 -18.941421508789062
		endloop
	endfacet
	facet normal 0 0 1
		outer loop
			vertex -8.100000381469727 -72.5 -18.941421508789062
			vertex -8.100000381469727 -67.30000305175781 -18.941421508789062
			vertex -10.100000381469727 -72.5 -18.941421508789062
		endloop
	endfacet
	facet normal 0 0 1
		outer loop
			vertex -10.100000381469727 -72.5 -18.941421508789062
			vertex -8.100000381469727 -67.30000305175781 -18.941421508789062
			vertex -8.100000381469727 -62.70000076293945 -18.941421508789062
		endloop
	endfacet
	facet normal 0 0 1
		outer loop
			vertex -10.100000381469727 -72.5 -18.941421508789062
			vertex -8.100000381469727 -62.70000076293945 -18.941421508789062
			vertex -8.100000381469727 -57.29999923706055 -18.941421508789062
		endloop
	endfacet
	facet normal 0 0 1
		outer loop
			vertex -8.100000381469727 -67.30000305175781 -18.941421508789062
			vertex -7.017157077789307 -67.30000305175781 -18.941421508789062
			vertex -8.100000381469727 -62.70000076293945 -18.941421508789062
		endloop
	endfacet
	facet normal 0 0 1
		outer loop
			vertex -8.100000381469727 -62.70000076293945 -18.941421508789062
			vertex -7.017157077789307 -67.30000305175781 -18.941421508789062
			vertex -7.017157077789307 -62.70000076293945 -18.941421508789062
		endloop
	endfacet
	facet normal 0 0 1
		outer loop
			vertex -10.100000381469727 -72.5 -18.941421508789062
			vertex -8.100000381469727 -57.29999923706055 -18.941421508789062
			vertex -8.100000381469727 -52.70000076293945 -18.941421508789062
		endloop
	endfacet
	facet normal 0 0 1
		outer loop
			vertex -8.100000381469727 -52.70000076293945 -18.941421508789062
			vertex -8.100000381469727 -57.29999923706055 -18.941421508789062
			vertex -7.017157077789307 -57.29999923706055 -18.941421508789062
		endloop
	endfacet
	facet normal 0 0 1
		outer loop
			vertex -8.100000381469727 -52.70000076293945 -18.941421508789062
			vertex -7.017157077789307 -57.29999923706055 -18.941421508789062
			vertex -7.017157077789307 -52.70000076293945 -18.941421508789062
		endloop
	endfacet
	facet normal 0 0 1
		outer loop
			vertex -8.100000381469727 -52.70000076293945 -18.941421508789062
			vertex -8.100000381469727 -47.29999923706055 -18.941421508789062
			vertex -10.100000381469727 -72.5 -18.941421508789062
		endloop
	endfacet
	facet normal 0 0 1
		outer loop
			vertex -10.100000381469727 -72.5 -18.941421508789062
			vertex -8.100000381469727 -47.29999923706055 -18.941421508789062
			vertex -8.100000381469727 -42.70000076293945 -18.941421508789062
		endloop
	endfacet
	facet normal 0 0 1
		outer loop
			vertex -10.100000381469727 -72.5 -18.941421508789062
			vertex -8.100000381469727 -42.70000076293945 -18.941421508789062
			vertex -8.100000381469727 -37.29999923706055 -18.941421508789062
		endloop
	endfacet
	facet normal 0 0 1
		outer loop
			vertex -8.100000381469727 -47.29999923706055 -18.941421508789062
			vertex -7.017157077789307 -47.29999923706055 -18.941421508789062
			vertex -8.100000381469727 -42.70000076293945 -18.941421508789062
		endloop
	endfacet
	facet normal 0 0 1
		outer loop
			vertex -8.100000381469727 -42.70000076293945 -18.941421508789062
			vertex -7.017157077789307 -47.29999923706055 -18.941421508789062
			vertex -7.017157077789307 -42.70000076293945 -18.941421508789062
		endloop
	endfacet
	facet normal 0 0 1
		outer loop
			vertex -10.100000381469727 -72.5 -18.941421508789062
			vertex -8.100000381469727 -37.29999923706055 -18.941421508789062
			vertex -8.100000381469727 -32.70000076293945 -18.941421508789062
		endloop
	endfacet
	facet normal 0 0 1
		outer loop
			vertex -8.100000381469727 -32.70000076293945 -18.941421508789062
			vertex -8.100000381469727 -37.29999923706055 -18.941421508789062
			vertex -7.017157077789307 -37.29999923706055 -18.941421508789062
		endloop
	endfacet
	facet normal 0 0 1
		outer loop
			vertex -8.100000381469727 -32.70000076293945 -18.941421508789062
			vertex -7.017157077789307 -37.29999923706055 -18.941421508789062
			vertex -7.017157077789307 -32.70000076293945 -18.941421508789062
		endloop
	endfacet
	facet normal 0 0 1
		outer loop
			vertex -8.100000381469727 -32.70000076293945 -18.941421508789062
			vertex -8.100000381469727 -27.299999237060547 -18.941421508789062
			vertex -10.100000381469727 -72.5 -18.941421508789062
		endloop
	endfacet
	facet normal 0 0 1
		outer loop
			vertex -10.100000381469727 -72.5 -18.941421508789062
			vertex -8.100000381469727 -27.299999237060547 -18.941421508789062
			vertex -8.100000381469727 -22.700000762939453 -18.941421508789062
		endloop
	endfacet
	facet normal 0 0 1
		outer loop
			vertex -10.100000381469727 -72.5 -18.941421508789062
			vertex -8.100000381469727 -22.700000762939453 -18.941421508789062
			vertex -8.100000381469727 -17.299999237060547 -18.941421508789062
		endloop
	endfacet
	facet normal 0 0 1
		outer loop
			vertex -8.100000381469727 -27.299999237060547 -18.941421508789062
			vertex -7.017157077789307 -27.299999237060547 -18.941421508789062
			vertex -8.100000381469727 -22.700000762939453 -18.941421508789062
		endloop
	endfacet
	facet normal 0 0 1
		outer loop
			vertex -8.100000381469727 -22.700000762939453 -18.941421508789062
			vertex -7.017157077789307 -27.299999237060547 -18.941421508789062
			vertex -7.017157077789307 -22.700000762939453 -18.941421508789062
		endloop
	endfacet
	facet normal 0 0 1
		outer loop
			vertex -10.100000381469727 -72.5 -18.941421508789062
			vertex -8.100000381469727 -17.299999237060547 -18.941421508789062
			vertex -8.100000381469727 -12.699999809265137 -18.941421508789062
		endloop
	endfacet
	facet normal 0 0 1
		outer loop
			vertex -8.100000381469727 -12.699999809265137 -18.941421508789062
			vertex -8.100000381469727 -17.299999237060547 -18.941421508789062
			vertex -7.017157077789307 -17.299999237060547 -18.941421508789062
		endloop
	endfacet
	facet normal 0 0 1
		outer loop
			vertex -8.100000381469727 -12.699999809265137 -18.941421508789062
			vertex -7.017157077789307 -17.299999237060547 -18.941421508789062
			vertex -7.017157077789307 -12.699999809265137 -18.941421508789062
		endloop
	endfacet
	facet normal 0 0 1
		outer loop
			vertex -8.100000381469727 -12.699999809265137 -18.941421508789062
			vertex -8.100000381469727 -7.300000190734863 -18.941421508789062
			vertex -10.100000381469727 -72.5 -18.941421508789062
		endloop
	endfacet
	facet normal 0 0 1
		outer loop
			vertex -10.100000381469727 -72.5 -18.941421508789062
			vertex -8.100000381469727 -7.300000190734863 -18.941421508789062
			vertex -8.100000381469727 -2.700000047683716 -18.941421508789062
		endloop
	endfacet
	facet normal 0 0 1
		outer loop
			vertex -8.100000381469727 -7.300000190734863 -18.941421508789062
			vertex -7.017157077789307 -7.300000190734863 -18.941421508789062
			vertex -8.100000381469727 -2.700000047683716 -18.941421508789062
		endloop
	endfacet
	facet normal 0 0 1
		outer loop
			vertex -8.100000381469727 -2.700000047683716 -18.941421508789062
			vertex -7.017157077789307 -7.300000190734863 -18.941421508789062
			vertex -7.017157077789307 -2.700000047683716 -18.941421508789062
		endloop
	endfacet
	facet normal 0 0 1
		outer loop
			vertex -8.100000381469727 7.300000190734863 -18.941421508789062
			vertex -8.100000381469727 12.699999809265137 -18.941421508789062
			vertex -10.100000381469727 72.5 -18.941421508789062
		endloop
	endfacet
	facet normal 0 0 1
		outer loop
			vertex -10.100000381469727 72.5 -18.941421508789062
			vertex -8.100000381469727 12.699999809265137 -18.941421508789062
			vertex -8.100000381469727 17.299999237060547 -18.941421508789062
		endloop
	endfacet
	facet normal 0 0 1
		outer loop
			vertex -10.100000381469727 72.5 -18.941421508789062
			vertex -8.100000381469727 17.299999237060547 -18.941421508789062
			vertex -8.100000381469727 22.700000762939453 -18.941421508789062
		endloop
	endfacet
	facet normal 0 0 1
		outer loop
			vertex -8.100000381469727 12.699999809265137 -18.941421508789062
			vertex -7.017157077789307 12.699999809265137 -18.941421508789062
			vertex -8.100000381469727 17.299999237060547 -18.941421508789062
		endloop
	endfacet
	facet normal 0 0 1
		outer loop
			vertex -8.100000381469727 17.299999237060547 -18.941421508789062
			vertex -7.017157077789307 12.699999809265137 -18.941421508789062
			vertex -7.017157077789307 17.299999237060547 -18.941421508789062
		endloop
	endfacet
	facet normal 0 0 1
		outer loop
			vertex -10.100000381469727 72.5 -18.941421508789062
			vertex -8.100000381469727 22.700000762939453 -18.941421508789062
			vertex -8.100000381469727 27.299999237060547 -18.941421508789062
		endloop
	endfacet
	facet normal 0 0 1
		outer loop
			vertex -8.100000381469727 27.299999237060547 -18.941421508789062
			vertex -8.100000381469727 22.700000762939453 -18.941421508789062
			vertex -7.017157077789307 22.700000762939453 -18.941421508789062
		endloop
	endfacet
	facet normal 0 0 1
		outer loop
			vertex -8.100000381469727 27.299999237060547 -18.941421508789062
			vertex -7.017157077789307 22.700000762939453 -18.941421508789062
			vertex -7.017157077789307 27.299999237060547 -18.941421508789062
		endloop
	endfacet
	facet normal 0 0 1
		outer loop
			vertex -8.100000381469727 27.299999237060547 -18.941421508789062
			vertex -8.100000381469727 32.70000076293945 -18.941421508789062
			vertex -10.100000381469727 72.5 -18.941421508789062
		endloop
	endfacet
	facet normal 0 0 1
		outer loop
			vertex -10.100000381469727 72.5 -18.941421508789062
			vertex -8.100000381469727 32.70000076293945 -18.941421508789062
			vertex -8.100000381469727 37.29999923706055 -18.941421508789062
		endloop
	endfacet
	facet normal 0 0 1
		outer loop
			vertex -10.100000381469727 72.5 -18.941421508789062
			vertex -8.100000381469727 37.29999923706055 -18.941421508789062
			vertex -8.100000381469727 42.70000076293945 -18.941421508789062
		endloop
	endfacet
	facet normal 0 0 1
		outer loop
			vertex -8.100000381469727 32.70000076293945 -18.941421508789062
			vertex -7.017157077789307 32.70000076293945 -18.941421508789062
			vertex -8.100000381469727 37.29999923706055 -18.941421508789062
		endloop
	endfacet
	facet normal 0 0 1
		outer loop
			vertex -8.100000381469727 37.29999923706055 -18.941421508789062
			vertex -7.017157077789307 32.70000076293945 -18.941421508789062
			vertex -7.017157077789307 37.29999923706055 -18.941421508789062
		endloop
	endfacet
	facet normal 0 0 1
		outer loop
			vertex -10.100000381469727 72.5 -18.941421508789062
			vertex -8.100000381469727 42.70000076293945 -18.941421508789062
			vertex -8.100000381469727 47.29999923706055 -18.941421508789062
		endloop
	endfacet
	facet normal 0 0 1
		outer loop
			vertex -8.100000381469727 47.29999923706055 -18.941421508789062
			vertex -8.100000381469727 42.70000076293945 -18.941421508789062
			vertex -7.017157077789307 42.70000076293945 -18.941421508789062
		endloop
	endfacet
	facet normal 0 0 1
		outer loop
			vertex -8.100000381469727 47.29999923706055 -18.941421508789062
			vertex -7.017157077789307 42.70000076293945 -18.941421508789062
			vertex -7.017157077789307 47.29999923706055 -18.941421508789062
		endloop
	endfacet
	facet normal 0 0 1
		outer loop
			vertex -8.100000381469727 47.29999923706055 -18.941421508789062
			vertex -8.100000381469727 52.70000076293945 -18.941421508789062
			vertex -10.100000381469727 72.5 -18.941421508789062
		endloop
	endfacet
	facet normal 0 0 1
		outer loop
			vertex -10.100000381469727 72.5 -18.941421508789062
			vertex -8.100000381469727 52.70000076293945 -18.941421508789062
			vertex -8.100000381469727 57.29999923706055 -18.941421508789062
		endloop
	endfacet
	facet normal 0 0 1
		outer loop
			vertex -10.100000381469727 72.5 -18.941421508789062
			vertex -8.100000381469727 57.29999923706055 -18.941421508789062
			vertex -8.100000381469727 62.70000076293945 -18.941421508789062
		endloop
	endfacet
	facet normal 0 0 1
		outer loop
			vertex -8.100000381469727 52.70000076293945 -18.941421508789062
			vertex -7.017157077789307 52.70000076293945 -18.941421508789062
			vertex -8.100000381469727 57.29999923706055 -18.941421508789062
		endloop
	endfacet
	facet normal 0 0 1
		outer loop
			vertex -8.100000381469727 57.29999923706055 -18.941421508789062
			vertex -7.017157077789307 52.70000076293945 -18.941421508789062
			vertex -7.017157077789307 57.29999923706055 -18.941421508789062
		endloop
	endfacet
	facet normal 0 0 1
		outer loop
			vertex -7.017157077789307 62.70000076293945 -18.941421508789062
			vertex -7.017157077789307 67.30000305175781 -18.941421508789062
			vertex -8.100000381469727 67.30000305175781 -18.941421508789062
		endloop
	endfacet
	facet normal 0.7071066125991736 0 0.7071069497738813
		outer loop
			vertex -7.099999904632568 -67.30000305175781 -19.941421508789062
			vertex -8.100000381469727 -67.30000305175781 -18.941421508789062
			vertex -7.099999904632568 -72.5 -19.941421508789062
		endloop
	endfacet
	facet normal 0.7071066125991736 0 0.7071069497738813
		outer loop
			vertex -7.099999904632568 -72.5 -19.941421508789062
			vertex -8.100000381469727 -67.30000305175781 -18.941421508789062
			vertex -8.100000381469727 -72.5 -18.941421508789062
		endloop
	endfacet
	facet normal 1 0 0
		outer loop
			vertex -7.099999904632568 -67.30000305175781 -20.858577728271484
			vertex -7.099999904632568 -67.30000305175781 -19.941421508789062
			vertex -7.099999904632568 -72.5 -20.858577728271484
		endloop
	endfacet
	facet normal 1 0 0
		outer loop
			vertex -7.099999904632568 -72.5 -20.858577728271484
			vertex -7.099999904632568 -67.30000305175781 -19.941421508789062
			vertex -7.099999904632568 -72.5 -19.941421508789062
		endloop
	endfacet
	facet normal 0.7071066125991736 0 -0.7071069497738813
		outer loop
			vertex -7.099999904632568 72.5 -20.858577728271484
			vertex -7.099999904632568 67.30000305175781 -20.858577728271484
			vertex -8.100000381469727 72.5 -21.858577728271484
		endloop
	endfacet
	facet normal 0.7071066125991736 0 -0.7071069497738813
		outer loop
			vertex -8.100000381469727 72.5 -21.858577728271484
			vertex -7.099999904632568 67.30000305175781 -20.858577728271484
			vertex -7.099999904632568 62.70000076293945 -20.858577728271484
		endloop
	endfacet
	facet normal 0.7071066125991736 0 -0.7071069497738812
		outer loop
			vertex -8.100000381469727 72.5 -21.858577728271484
			vertex -7.099999904632568 62.70000076293945 -20.858577728271484
			vertex -7.099999904632568 57.29999923706055 -20.858577728271484
		endloop
	endfacet
	facet normal 0.7071067811865476 0 -0.7071067811865476
		outer loop
			vertex -7.099999904632568 67.30000305175781 -20.858577728271484
			vertex -6.349999904632568 67.30000305175781 -20.108577728271484
			vertex -7.099999904632568 62.70000076293945 -20.858577728271484
		endloop
	endfacet
	facet normal 0.7071067811865476 0 -0.7071067811865476
		outer loop
			vertex -7.099999904632568 62.70000076293945 -20.858577728271484
			vertex -6.349999904632568 67.30000305175781 -20.108577728271484
			vertex -6.349999904632568 62.70000076293945 -20.108577728271484
		endloop
	endfacet
	facet normal 0.7071066125991736 0 -0.7071069497738813
		outer loop
			vertex -8.100000381469727 72.5 -21.858577728271484
			vertex -7.099999904632568 57.29999923706055 -20.858577728271484
			vertex -7.099999904632568 52.70000076293945 -20.858577728271484
		endloop
	endfacet
	facet normal 0.7071067811865476 0 -0.7071067811865476
		outer loop
			vertex -7.099999904632568 52.70000076293945 -20.858577728271484
			vertex -7.099999904632568 57.29999923706055 -20.858577728271484
			vertex -6.349999904632568 57.29999923706055 -20.108577728271484
		endloop
	endfacet
	facet normal 0.7071067811865476 0 -0.7071067811865476
		outer loop
			vertex -7.099999904632568 52.70000076293945 -20.858577728271484
			vertex -6.349999904632568 57.29999923706055 -20.108577728271484
			vertex -6.349999904632568 52.70000076293945 -20.108577728271484
		endloop
	endfacet
	facet normal 0.7071066125991736 0 -0.7071069497738812
		outer loop
			vertex -7.099999904632568 52.70000076293945 -20.858577728271484
			vertex -7.099999904632568 47.29999923706055 -20.858577728271484
			vertex -8.100000381469727 72.5 -21.858577728271484
		endloop
	endfacet
	facet normal 0.7071066125991736 0 -0.7071069497738813
		outer loop
			vertex -8.100000381469727 72.5 -21.858577728271484
			vertex -7.099999904632568 47.29999923706055 -20.858577728271484
			vertex -7.099999904632568 42.70000076293945 -20.858577728271484
		endloop
	endfacet
	facet normal 0.7071066125991736 0 -0.7071069497738812
		outer loop
			vertex -8.100000381469727 72.5 -21.858577728271484
			vertex -7.099999904632568 42.70000076293945 -20.858577728271484
			vertex -7.099999904632568 37.29999923706055 -20.858577728271484
		endloop
	endfacet
	facet normal 0.7071067811865476 0 -0.7071067811865476
		outer loop
			vertex -7.099999904632568 47.29999923706055 -20.858577728271484
			vertex -6.349999904632568 47.29999923706055 -20.108577728271484
			vertex -7.099999904632568 42.70000076293945 -20.858577728271484
		endloop
	endfacet
	facet normal 0.7071067811865476 0 -0.7071067811865476
		outer loop
			vertex -7.099999904632568 42.70000076293945 -20.858577728271484
			vertex -6.349999904632568 47.29999923706055 -20.108577728271484
			vertex -6.349999904632568 42.70000076293945 -20.108577728271484
		endloop
	endfacet
	facet normal 0.7071066125991736 0 -0.7071069497738813
		outer loop
			vertex -8.100000381469727 72.5 -21.858577728271484
			vertex -7.099999904632568 37.29999923706055 -20.858577728271484
			vertex -7.099999904632568 32.70000076293945 -20.858577728271484
		endloop
	endfacet
	facet normal 0.7071067811865476 0 -0.7071067811865476
		outer loop
			vertex -7.099999904632568 32.70000076293945 -20.858577728271484
			vertex -7.099999904632568 37.29999923706055 -20.858577728271484
			vertex -6.349999904632568 37.29999923706055 -20.108577728271484
		endloop
	endfacet
	facet normal 0.7071067811865476 0 -0.7071067811865476
		outer loop
			vertex -7.099999904632568 32.70000076293945 -20.858577728271484
			vertex -6.349999904632568 37.29999923706055 -20.108577728271484
			vertex -6.349999904632568 32.70000076293945 -20.108577728271484
		endloop
	endfacet
	facet normal 0.7071066125991736 0 -0.7071069497738812
		outer loop
			vertex -7.099999904632568 32.70000076293945 -20.858577728271484
			vertex -7.099999904632568 27.299999237060547 -20.858577728271484
			vertex -8.100000381469727 72.5 -21.858577728271484
		endloop
	endfacet
	facet normal 0.7071066125991736 0 -0.7071069497738813
		outer loop
			vertex -8.100000381469727 72.5 -21.858577728271484
			vertex -7.099999904632568 27.299999237060547 -20.858577728271484
			vertex -7.099999904632568 22.700000762939453 -20.858577728271484
		endloop
	endfacet
	facet normal 0.7071066125991736 0 -0.7071069497738812
		outer loop
			vertex -8.100000381469727 72.5 -21.858577728271484
			vertex -7.099999904632568 22.700000762939453 -20.858577728271484
			vertex -7.099999904632568 17.299999237060547 -20.858577728271484
		endloop
	endfacet
	facet normal 0.7071067811865476 0 -0.7071067811865476
		outer loop
			vertex -7.099999904632568 27.299999237060547 -20.858577728271484
			vertex -6.349999904632568 27.299999237060547 -20.108577728271484
			vertex -7.099999904632568 22.700000762939453 -20.858577728271484
		endloop
	endfacet
	facet normal 0.7071067811865476 0 -0.7071067811865476
		outer loop
			vertex -7.099999904632568 22.700000762939453 -20.858577728271484
			vertex -6.349999904632568 27.299999237060547 -20.108577728271484
			vertex -6.349999904632568 22.700000762939453 -20.108577728271484
		endloop
	endfacet
	facet normal 0.7071066125991736 0 -0.7071069497738813
		outer loop
			vertex -8.100000381469727 72.5 -21.858577728271484
			vertex -7.099999904632568 17.299999237060547 -20.858577728271484
			vertex -7.099999904632568 12.699999809265137 -20.858577728271484
		endloop
	endfacet
	facet normal 0.7071067811865476 0 -0.7071067811865476
		outer loop
			vertex -7.099999904632568 12.699999809265137 -20.858577728271484
			vertex -7.099999904632568 17.299999237060547 -20.858577728271484
			vertex -6.349999904632568 17.299999237060547 -20.108577728271484
		endloop
	endfacet
	facet normal 0.7071067811865476 0 -0.7071067811865476
		outer loop
			vertex -7.099999904632568 12.699999809265137 -20.858577728271484
			vertex -6.349999904632568 17.299999237060547 -20.108577728271484
			vertex -6.349999904632568 12.699999809265137 -20.108577728271484
		endloop
	endfacet
	facet normal 0.7071066125991736 0 -0.7071069497738813
		outer loop
			vertex -7.099999904632568 12.699999809265137 -20.858577728271484
			vertex -7.099999904632568 7.300000190734863 -20.858577728271484
			vertex -8.100000381469727 72.5 -21.858577728271484
		endloop
	endfacet
	facet normal 0.7071066125991736 0 -0.7071069497738813
		outer loop
			vertex -8.100000381469727 72.5 -21.858577728271484
			vertex -7.099999904632568 7.300000190734863 -20.858577728271484
			vertex -7.099999904632568 2.700000047683716 -20.858577728271484
		endloop
	endfacet
	facet normal 0.7071066125991736 0 -0.7071069497738813
		outer loop
			vertex -8.100000381469727 72.5 -21.858577728271484
			vertex -7.099999904632568 2.700000047683716 -20.858577728271484
			vertex -7.099999904632568 -2.700000047683716 -20.858577728271484
		endloop
	endfacet
	facet normal 0.7071067811865476 0 -0.7071067811865476
		outer loop
			vertex -7.099999904632568 7.300000190734863 -20.858577728271484
			vertex -6.349999904632568 7.300000190734863 -20.108577728271484
			vertex -7.099999904632568 2.700000047683716 -20.858577728271484
		endloop
	endfacet
	facet normal 0.7071067811865476 0 -0.7071067811865476
		outer loop
			vertex -7.099999904632568 2.700000047683716 -20.858577728271484
			vertex -6.349999904632568 7.300000190734863 -20.108577728271484
			vertex -6.349999904632568 2.700000047683716 -20.108577728271484
		endloop
	endfacet
	facet normal 0.7071067811865476 0 -0.7071067811865476
		outer loop
			vertex -6.349999904632568 -2.700000047683716 -20.108577728271484
			vertex -7.099999904632568 -7.300000190734863 -20.858577728271484
			vertex -7.099999904632568 -2.700000047683716 -20.858577728271484
		endloop
	endfacet
	facet normal 0.7071066125991736 0 -0.7071069497738813
		outer loop
			vertex -7.099999904632568 -2.700000047683716 -20.858577728271484
			vertex -7.099999904632568 -7.300000190734863 -20.858577728271484
			vertex -8.100000381469727 -72.5 -21.858577728271484
		endloop
	endfacet
	facet normal 0.7071066125991736 0 -0.7071069497738813
		outer loop
			vertex -7.099999904632568 -2.700000047683716 -20.858577728271484
			vertex -8.100000381469727 -72.5 -21.858577728271484
			vertex -8.100000381469727 72.5 -21.858577728271484
		endloop
	endfacet
	facet normal 0.7071067811865476 0 -0.7071067811865476
		outer loop
			vertex -6.349999904632568 -2.700000047683716 -20.108577728271484
			vertex -6.349999904632568 -7.300000190734863 -20.108577728271484
			vertex -7.099999904632568 -7.300000190734863 -20.858577728271484
		endloop
	endfacet
	facet normal 0.7071066125991736 0 -0.7071069497738813
		outer loop
			vertex -7.099999904632568 -7.300000190734863 -20.858577728271484
			vertex -7.099999904632568 -12.699999809265137 -20.858577728271484
			vertex -8.100000381469727 -72.5 -21.858577728271484
		endloop
	endfacet
	facet normal 0.7071066125991736 0 -0.7071069497738813
		outer loop
			vertex -8.100000381469727 -72.5 -21.858577728271484
			vertex -7.099999904632568 -12.699999809265137 -20.858577728271484
			vertex -7.099999904632568 -17.299999237060547 -20.858577728271484
		endloop
	endfacet
	facet normal 0.7071066125991736 0 -0.7071069497738812
		outer loop
			vertex -8.100000381469727 -72.5 -21.858577728271484
			vertex -7.099999904632568 -17.299999237060547 -20.858577728271484
			vertex -7.099999904632568 -22.700000762939453 -20.858577728271484
		endloop
	endfacet
	facet normal 0.7071067811865476 0 -0.7071067811865476
		outer loop
			vertex -7.099999904632568 -12.699999809265137 -20.858577728271484
			vertex -6.349999904632568 -12.699999809265137 -20.108577728271484
			vertex -7.099999904632568 -17.299999237060547 -20.858577728271484
		endloop
	endfacet
	facet normal 0.7071067811865476 0 -0.7071067811865476
		outer loop
			vertex -7.099999904632568 -17.299999237060547 -20.858577728271484
			vertex -6.349999904632568 -12.699999809265137 -20.108577728271484
			vertex -6.349999904632568 -17.299999237060547 -20.108577728271484
		endloop
	endfacet
	facet normal 0.7071066125991736 0 -0.7071069497738813
		outer loop
			vertex -8.100000381469727 -72.5 -21.858577728271484
			vertex -7.099999904632568 -22.700000762939453 -20.858577728271484
			vertex -7.099999904632568 -27.299999237060547 -20.858577728271484
		endloop
	endfacet
	facet normal 0.7071067811865476 0 -0.7071067811865476
		outer loop
			vertex -7.099999904632568 -27.299999237060547 -20.858577728271484
			vertex -7.099999904632568 -22.700000762939453 -20.858577728271484
			vertex -6.349999904632568 -22.700000762939453 -20.108577728271484
		endloop
	endfacet
	facet normal 0.7071067811865476 0 -0.7071067811865476
		outer loop
			vertex -7.099999904632568 -27.299999237060547 -20.858577728271484
			vertex -6.349999904632568 -22.700000762939453 -20.108577728271484
			vertex -6.349999904632568 -27.299999237060547 -20.108577728271484
		endloop
	endfacet
	facet normal 0.7071066125991736 0 -0.7071069497738812
		outer loop
			vertex -7.099999904632568 -27.299999237060547 -20.858577728271484
			vertex -7.099999904632568 -32.70000076293945 -20.858577728271484
			vertex -8.100000381469727 -72.5 -21.858577728271484
		endloop
	endfacet
	facet normal 0.7071066125991736 0 -0.7071069497738813
		outer loop
			vertex -8.100000381469727 -72.5 -21.858577728271484
			vertex -7.099999904632568 -32.70000076293945 -20.858577728271484
			vertex -7.099999904632568 -37.29999923706055 -20.858577728271484
		endloop
	endfacet
	facet normal 0.7071066125991736 0 -0.7071069497738812
		outer loop
			vertex -8.100000381469727 -72.5 -21.858577728271484
			vertex -7.099999904632568 -37.29999923706055 -20.858577728271484
			vertex -7.099999904632568 -42.70000076293945 -20.858577728271484
		endloop
	endfacet
	facet normal 0.7071067811865476 0 -0.7071067811865476
		outer loop
			vertex -7.099999904632568 -32.70000076293945 -20.858577728271484
			vertex -6.349999904632568 -32.70000076293945 -20.108577728271484
			vertex -7.099999904632568 -37.29999923706055 -20.858577728271484
		endloop
	endfacet
	facet normal 0.7071067811865476 0 -0.7071067811865476
		outer loop
			vertex -7.099999904632568 -37.29999923706055 -20.858577728271484
			vertex -6.349999904632568 -32.70000076293945 -20.108577728271484
			vertex -6.349999904632568 -37.29999923706055 -20.108577728271484
		endloop
	endfacet
	facet normal 0.7071066125991736 0 -0.7071069497738813
		outer loop
			vertex -8.100000381469727 -72.5 -21.858577728271484
			vertex -7.099999904632568 -42.70000076293945 -20.858577728271484
			vertex -7.099999904632568 -47.29999923706055 -20.858577728271484
		endloop
	endfacet
	facet normal 0.7071067811865476 0 -0.7071067811865476
		outer loop
			vertex -7.099999904632568 -47.29999923706055 -20.858577728271484
			vertex -7.099999904632568 -42.70000076293945 -20.858577728271484
			vertex -6.349999904632568 -42.70000076293945 -20.108577728271484
		endloop
	endfacet
	facet normal 0.7071067811865476 0 -0.7071067811865476
		outer loop
			vertex -7.099999904632568 -47.29999923706055 -20.858577728271484
			vertex -6.349999904632568 -42.70000076293945 -20.108577728271484
			vertex -6.349999904632568 -47.29999923706055 -20.108577728271484
		endloop
	endfacet
	facet normal 0.7071066125991736 0 -0.7071069497738812
		outer loop
			vertex -7.099999904632568 -47.29999923706055 -20.858577728271484
			vertex -7.099999904632568 -52.70000076293945 -20.858577728271484
			vertex -8.100000381469727 -72.5 -21.858577728271484
		endloop
	endfacet
	facet normal 0.7071066125991736 0 -0.7071069497738813
		outer loop
			vertex -8.100000381469727 -72.5 -21.858577728271484
			vertex -7.099999904632568 -52.70000076293945 -20.858577728271484
			vertex -7.099999904632568 -57.29999923706055 -20.858577728271484
		endloop
	endfacet
	facet normal 0.7071066125991736 0 -0.7071069497738812
		outer loop
			vertex -8.100000381469727 -72.5 -21.858577728271484
			vertex -7.099999904632568 -57.29999923706055 -20.858577728271484
			vertex -7.099999904632568 -62.70000076293945 -20.858577728271484
		endloop
	endfacet
	facet normal 0.7071067811865476 0 -0.7071067811865476
		outer loop
			vertex -7.099999904632568 -52.70000076293945 -20.858577728271484
			vertex -6.349999904632568 -52.70000076293945 -20.108577728271484
			vertex -7.099999904632568 -57.29999923706055 -20.858577728271484
		endloop
	endfacet
	facet normal 0.7071067811865476 0 -0.7071067811865476
		outer loop
			vertex -7.099999904632568 -57.29999923706055 -20.858577728271484
			vertex -6.349999904632568 -52.70000076293945 -20.108577728271484
			vertex -6.349999904632568 -57.29999923706055 -20.108577728271484
		endloop
	endfacet
	facet normal 0.7071066125991736 0 -0.7071069497738813
		outer loop
			vertex -8.100000381469727 -72.5 -21.858577728271484
			vertex -7.099999904632568 -62.70000076293945 -20.858577728271484
			vertex -7.099999904632568 -67.30000305175781 -20.858577728271484
		endloop
	endfacet
	facet normal 0.7071067811865476 0 -0.7071067811865476
		outer loop
			vertex -7.099999904632568 -67.30000305175781 -20.858577728271484
			vertex -7.099999904632568 -62.70000076293945 -20.858577728271484
			vertex -6.349999904632568 -62.70000076293945 -20.108577728271484
		endloop
	endfacet
	facet normal 0.7071067811865476 0 -0.7071067811865476
		outer loop
			vertex -7.099999904632568 -67.30000305175781 -20.858577728271484
			vertex -6.349999904632568 -62.70000076293945 -20.108577728271484
			vertex -6.349999904632568 -67.30000305175781 -20.108577728271484
		endloop
	endfacet
	facet normal 0.7071066125991736 0 -0.7071069497738813
		outer loop
			vertex -7.099999904632568 -67.30000305175781 -20.858577728271484
			vertex -7.099999904632568 -72.5 -20.858577728271484
			vertex -8.100000381469727 -72.5 -21.858577728271484
		endloop
	endfacet
	facet normal 1 0 0
		outer loop
			vertex -8.100000381469727 72.5 -23
			vertex -8.100000381469727 72.5 -21.858577728271484
			vertex -8.100000381469727 -72.5 -23
		endloop
	endfacet
	facet normal 1 0 0
		outer loop
			vertex -8.100000381469727 -72.5 -23
			vertex -8.100000381469727 72.5 -21.858577728271484
			vertex -8.100000381469727 -72.5 -21.858577728271484
		endloop
	endfacet
	facet normal 0 0 1
		outer loop
			vertex 8.100000381469727 72.5 -23
			vertex -8.100000381469727 72.5 -23
			vertex 8.100000381469727 -72.5 -23
		endloop
	endfacet
	facet normal 0 0 1
		outer loop
			vertex 8.100000381469727 -72.5 -23
			vertex -8.100000381469727 72.5 -23
			vertex -8.100000381469727 -72.5 -23
		endloop
	endfacet
	facet normal -1 0 0
		outer loop
			vertex 8.100000381469727 72.5 -21.858577728271484
			vertex 8.100000381469727 72.5 -23
			vertex 8.100000381469727 -72.5 -21.858577728271484
		endloop
	endfacet
	facet normal -1 0 0
		outer loop
			vertex 8.100000381469727 -72.5 -21.858577728271484
			vertex 8.100000381469727 72.5 -23
			vertex 8.100000381469727 -72.5 -23
		endloop
	endfacet
	facet normal -0.7071066125991736 0 -0.7071069497738813
		outer loop
			vertex 7.099999904632568 72.5 -20.858577728271484
			vertex 8.100000381469727 72.5 -21.858577728271484
			vertex 7.099999904632568 67.30000305175781 -20.858577728271484
		endloop
	endfacet
	facet normal -0.7071066125991736 0 -0.7071069497738813
		outer loop
			vertex 7.099999904632568 67.30000305175781 -20.858577728271484
			vertex 8.100000381469727 72.5 -21.858577728271484
			vertex 7.099999904632568 62.70000076293945 -20.858577728271484
		endloop
	endfacet
	facet normal -0.7071067811865476 0 -0.7071067811865476
		outer loop
			vertex 7.099999904632568 67.30000305175781 -20.858577728271484
			vertex 7.099999904632568 62.70000076293945 -20.858577728271484
			vertex 6.349999904632568 62.70000076293945 -20.108577728271484
		endloop
	endfacet
	facet normal -0.7071066125991736 0 -0.7071069497738813
		outer loop
			vertex 8.100000381469727 -72.5 -21.858577728271484
			vertex 7.099999904632568 -2.700000047683716 -20.858577728271484
			vertex 8.100000381469727 72.5 -21.858577728271484
		endloop
	endfacet
	facet normal -0.7071066125991736 0 -0.7071069497738813
		outer loop
			vertex 8.100000381469727 72.5 -21.858577728271484
			vertex 7.099999904632568 -2.700000047683716 -20.858577728271484
			vertex 7.099999904632568 2.700000047683716 -20.858577728271484
		endloop
	endfacet
	facet normal -0.7071066125991736 0 -0.7071069497738813
		outer loop
			vertex 8.100000381469727 72.5 -21.858577728271484
			vertex 7.099999904632568 2.700000047683716 -20.858577728271484
			vertex 7.099999904632568 7.300000190734863 -20.858577728271484
		endloop
	endfacet
	facet normal -0.7071067811865476 0 -0.7071067811865476
		outer loop
			vertex 7.099999904632568 7.300000190734863 -20.858577728271484
			vertex 7.099999904632568 2.700000047683716 -20.858577728271484
			vertex 6.349999904632568 2.700000047683716 -20.108577728271484
		endloop
	endfacet
	facet normal -0.7071067811865476 0 -0.7071067811865476
		outer loop
			vertex 7.099999904632568 7.300000190734863 -20.858577728271484
			vertex 6.349999904632568 2.700000047683716 -20.108577728271484
			vertex 6.349999904632568 7.300000190734863 -20.108577728271484
		endloop
	endfacet
	facet normal -0.7071066125991736 0 -0.7071069497738813
		outer loop
			vertex 7.099999904632568 -72.5 -20.858577728271484
			vertex 7.099999904632568 -67.30000305175781 -20.858577728271484
			vertex 8.100000381469727 -72.5 -21.858577728271484
		endloop
	endfacet
	facet normal -0.7071066125991736 0 -0.7071069497738813
		outer loop
			vertex 8.100000381469727 -72.5 -21.858577728271484
			vertex 7.099999904632568 -67.30000305175781 -20.858577728271484
			vertex 7.099999904632568 -62.70000076293945 -20.858577728271484
		endloop
	endfacet
	facet normal -0.7071066125991736 0 -0.7071069497738812
		outer loop
			vertex 8.100000381469727 -72.5 -21.858577728271484
			vertex 7.099999904632568 -62.70000076293945 -20.858577728271484
			vertex 7.099999904632568 -57.29999923706055 -20.858577728271484
		endloop
	endfacet
	facet normal -0.7071067811865476 0 -0.7071067811865476
		outer loop
			vertex 7.099999904632568 -67.30000305175781 -20.858577728271484
			vertex 6.349999904632568 -67.30000305175781 -20.108577728271484
			vertex 7.099999904632568 -62.70000076293945 -20.858577728271484
		endloop
	endfacet
	facet normal -0.7071067811865476 0 -0.7071067811865476
		outer loop
			vertex 7.099999904632568 -62.70000076293945 -20.858577728271484
			vertex 6.349999904632568 -67.30000305175781 -20.108577728271484
			vertex 6.349999904632568 -62.70000076293945 -20.108577728271484
		endloop
	endfacet
	facet normal -0.7071066125991736 0 -0.7071069497738813
		outer loop
			vertex 8.100000381469727 -72.5 -21.858577728271484
			vertex 7.099999904632568 -57.29999923706055 -20.858577728271484
			vertex 7.099999904632568 -52.70000076293945 -20.858577728271484
		endloop
	endfacet
	facet normal -0.7071067811865476 0 -0.7071067811865476
		outer loop
			vertex 7.099999904632568 -52.70000076293945 -20.858577728271484
			vertex 7.099999904632568 -57.29999923706055 -20.858577728271484
			vertex 6.349999904632568 -57.29999923706055 -20.108577728271484
		endloop
	endfacet
	facet normal -0.7071067811865476 0 -0.7071067811865476
		outer loop
			vertex 7.099999904632568 -52.70000076293945 -20.858577728271484
			vertex 6.349999904632568 -57.29999923706055 -20.108577728271484
			vertex 6.349999904632568 -52.70000076293945 -20.108577728271484
		endloop
	endfacet
	facet normal -0.7071066125991736 0 -0.7071069497738812
		outer loop
			vertex 7.099999904632568 -52.70000076293945 -20.858577728271484
			vertex 7.099999904632568 -47.29999923706055 -20.858577728271484
			vertex 8.100000381469727 -72.5 -21.858577728271484
		endloop
	endfacet
	facet normal -0.7071066125991736 0 -0.7071069497738813
		outer loop
			vertex 8.100000381469727 -72.5 -21.858577728271484
			vertex 7.099999904632568 -47.29999923706055 -20.858577728271484
			vertex 7.099999904632568 -42.70000076293945 -20.858577728271484
		endloop
	endfacet
	facet normal -0.7071066125991736 0 -0.7071069497738812
		outer loop
			vertex 8.100000381469727 -72.5 -21.858577728271484
			vertex 7.099999904632568 -42.70000076293945 -20.858577728271484
			vertex 7.099999904632568 -37.29999923706055 -20.858577728271484
		endloop
	endfacet
	facet normal -0.7071067811865476 0 -0.7071067811865476
		outer loop
			vertex 7.099999904632568 -47.29999923706055 -20.858577728271484
			vertex 6.349999904632568 -47.29999923706055 -20.108577728271484
			vertex 7.099999904632568 -42.70000076293945 -20.858577728271484
		endloop
	endfacet
	facet normal -0.7071067811865476 0 -0.7071067811865476
		outer loop
			vertex 7.099999904632568 -42.70000076293945 -20.858577728271484
			vertex 6.349999904632568 -47.29999923706055 -20.108577728271484
			vertex 6.349999904632568 -42.70000076293945 -20.108577728271484
		endloop
	endfacet
	facet normal -0.7071066125991736 0 -0.7071069497738813
		outer loop
			vertex 8.100000381469727 -72.5 -21.858577728271484
			vertex 7.099999904632568 -37.29999923706055 -20.858577728271484
			vertex 7.099999904632568 -32.70000076293945 -20.858577728271484
		endloop
	endfacet
	facet normal -0.7071067811865476 0 -0.7071067811865476
		outer loop
			vertex 7.099999904632568 -32.70000076293945 -20.858577728271484
			vertex 7.099999904632568 -37.29999923706055 -20.858577728271484
			vertex 6.349999904632568 -37.29999923706055 -20.108577728271484
		endloop
	endfacet
	facet normal -0.7071067811865476 0 -0.7071067811865476
		outer loop
			vertex 7.099999904632568 -32.70000076293945 -20.858577728271484
			vertex 6.349999904632568 -37.29999923706055 -20.108577728271484
			vertex 6.349999904632568 -32.70000076293945 -20.108577728271484
		endloop
	endfacet
	facet normal -0.7071066125991736 0 -0.7071069497738812
		outer loop
			vertex 7.099999904632568 -32.70000076293945 -20.858577728271484
			vertex 7.099999904632568 -27.299999237060547 -20.858577728271484
			vertex 8.100000381469727 -72.5 -21.858577728271484
		endloop
	endfacet
	facet normal -0.7071066125991736 0 -0.7071069497738813
		outer loop
			vertex 8.100000381469727 -72.5 -21.858577728271484
			vertex 7.099999904632568 -27.299999237060547 -20.858577728271484
			vertex 7.099999904632568 -22.700000762939453 -20.858577728271484
		endloop
	endfacet
	facet normal -0.7071066125991736 0 -0.7071069497738812
		outer loop
			vertex 8.100000381469727 -72.5 -21.858577728271484
			vertex 7.099999904632568 -22.700000762939453 -20.858577728271484
			vertex 7.099999904632568 -17.299999237060547 -20.858577728271484
		endloop
	endfacet
	facet normal -0.7071067811865476 0 -0.7071067811865476
		outer loop
			vertex 7.099999904632568 -27.299999237060547 -20.858577728271484
			vertex 6.349999904632568 -27.299999237060547 -20.108577728271484
			vertex 7.099999904632568 -22.700000762939453 -20.858577728271484
		endloop
	endfacet
	facet normal -0.7071067811865476 0 -0.7071067811865476
		outer loop
			vertex 7.099999904632568 -22.700000762939453 -20.858577728271484
			vertex 6.349999904632568 -27.299999237060547 -20.108577728271484
			vertex 6.349999904632568 -22.700000762939453 -20.108577728271484
		endloop
	endfacet
	facet normal -0.7071066125991736 0 -0.7071069497738813
		outer loop
			vertex 8.100000381469727 -72.5 -21.858577728271484
			vertex 7.099999904632568 -17.299999237060547 -20.858577728271484
			vertex 7.099999904632568 -12.699999809265137 -20.858577728271484
		endloop
	endfacet
	facet normal -0.7071067811865476 0 -0.7071067811865476
		outer loop
			vertex 7.099999904632568 -12.699999809265137 -20.858577728271484
			vertex 7.099999904632568 -17.299999237060547 -20.858577728271484
			vertex 6.349999904632568 -17.299999237060547 -20.108577728271484
		endloop
	endfacet
	facet normal -0.7071067811865476 0 -0.7071067811865476
		outer loop
			vertex 7.099999904632568 -12.699999809265137 -20.858577728271484
			vertex 6.349999904632568 -17.299999237060547 -20.108577728271484
			vertex 6.349999904632568 -12.699999809265137 -20.108577728271484
		endloop
	endfacet
	facet normal -0.7071066125991736 0 -0.7071069497738813
		outer loop
			vertex 7.099999904632568 -12.699999809265137 -20.858577728271484
			vertex 7.099999904632568 -7.300000190734863 -20.858577728271484
			vertex 8.100000381469727 -72.5 -21.858577728271484
		endloop
	endfacet
	facet normal -0.7071066125991736 0 -0.7071069497738813
		outer loop
			vertex 8.100000381469727 -72.5 -21.858577728271484
			vertex 7.099999904632568 -7.300000190734863 -20.858577728271484
			vertex 7.099999904632568 -2.700000047683716 -20.858577728271484
		endloop
	endfacet
	facet normal -0.7071067811865476 0 -0.7071067811865476
		outer loop
			vertex 7.099999904632568 -7.300000190734863 -20.858577728271484
			vertex 6.349999904632568 -7.300000190734863 -20.108577728271484
			vertex 7.099999904632568 -2.700000047683716 -20.858577728271484
		endloop
	endfacet
	facet normal -0.7071067811865476 0 -0.7071067811865476
		outer loop
			vertex 7.099999904632568 -2.700000047683716 -20.858577728271484
			vertex 6.349999904632568 -7.300000190734863 -20.108577728271484
			vertex 6.349999904632568 -2.700000047683716 -20.108577728271484
		endloop
	endfacet
	facet normal -0.7071066125991736 0 -0.7071069497738813
		outer loop
			vertex 7.099999904632568 7.300000190734863 -20.858577728271484
			vertex 7.099999904632568 12.699999809265137 -20.858577728271484
			vertex 8.100000381469727 72.5 -21.858577728271484
		endloop
	endfacet
	facet normal -0.7071066125991736 0 -0.7071069497738813
		outer loop
			vertex 8.100000381469727 72.5 -21.858577728271484
			vertex 7.099999904632568 12.699999809265137 -20.858577728271484
			vertex 7.099999904632568 17.299999237060547 -20.858577728271484
		endloop
	endfacet
	facet normal -0.7071066125991736 0 -0.7071069497738812
		outer loop
			vertex 8.100000381469727 72.5 -21.858577728271484
			vertex 7.099999904632568 17.299999237060547 -20.858577728271484
			vertex 7.099999904632568 22.700000762939453 -20.858577728271484
		endloop
	endfacet
	facet normal -0.7071067811865476 0 -0.7071067811865476
		outer loop
			vertex 7.099999904632568 12.699999809265137 -20.858577728271484
			vertex 6.349999904632568 12.699999809265137 -20.108577728271484
			vertex 7.099999904632568 17.299999237060547 -20.858577728271484
		endloop
	endfacet
	facet normal -0.7071067811865476 0 -0.7071067811865476
		outer loop
			vertex 7.099999904632568 17.299999237060547 -20.858577728271484
			vertex 6.349999904632568 12.699999809265137 -20.108577728271484
			vertex 6.349999904632568 17.299999237060547 -20.108577728271484
		endloop
	endfacet
	facet normal -0.7071066125991736 0 -0.7071069497738813
		outer loop
			vertex 8.100000381469727 72.5 -21.858577728271484
			vertex 7.099999904632568 22.700000762939453 -20.858577728271484
			vertex 7.099999904632568 27.299999237060547 -20.858577728271484
		endloop
	endfacet
	facet normal -0.7071067811865476 0 -0.7071067811865476
		outer loop
			vertex 7.099999904632568 27.299999237060547 -20.858577728271484
			vertex 7.099999904632568 22.700000762939453 -20.858577728271484
			vertex 6.349999904632568 22.700000762939453 -20.108577728271484
		endloop
	endfacet
	facet normal -0.7071067811865476 0 -0.7071067811865476
		outer loop
			vertex 7.099999904632568 27.299999237060547 -20.858577728271484
			vertex 6.349999904632568 22.700000762939453 -20.108577728271484
			vertex 6.349999904632568 27.299999237060547 -20.108577728271484
		endloop
	endfacet
	facet normal -0.7071066125991736 0 -0.7071069497738812
		outer loop
			vertex 7.099999904632568 27.299999237060547 -20.858577728271484
			vertex 7.099999904632568 32.70000076293945 -20.858577728271484
			vertex 8.100000381469727 72.5 -21.858577728271484
		endloop
	endfacet
	facet normal -0.7071066125991736 0 -0.7071069497738813
		outer loop
			vertex 8.100000381469727 72.5 -21.858577728271484
			vertex 7.099999904632568 32.70000076293945 -20.858577728271484
			vertex 7.099999904632568 37.29999923706055 -20.858577728271484
		endloop
	endfacet
	facet normal -0.7071066125991736 0 -0.7071069497738812
		outer loop
			vertex 8.100000381469727 72.5 -21.858577728271484
			vertex 7.099999904632568 37.29999923706055 -20.858577728271484
			vertex 7.099999904632568 42.70000076293945 -20.858577728271484
		endloop
	endfacet
	facet normal -0.7071067811865476 0 -0.7071067811865476
		outer loop
			vertex 7.099999904632568 32.70000076293945 -20.858577728271484
			vertex 6.349999904632568 32.70000076293945 -20.108577728271484
			vertex 7.099999904632568 37.29999923706055 -20.858577728271484
		endloop
	endfacet
	facet normal -0.7071067811865476 0 -0.7071067811865476
		outer loop
			vertex 7.099999904632568 37.29999923706055 -20.858577728271484
			vertex 6.349999904632568 32.70000076293945 -20.108577728271484
			vertex 6.349999904632568 37.29999923706055 -20.108577728271484
		endloop
	endfacet
	facet normal -0.7071066125991736 0 -0.7071069497738813
		outer loop
			vertex 8.100000381469727 72.5 -21.858577728271484
			vertex 7.099999904632568 42.70000076293945 -20.858577728271484
			vertex 7.099999904632568 47.29999923706055 -20.858577728271484
		endloop
	endfacet
	facet normal -0.7071067811865476 0 -0.7071067811865476
		outer loop
			vertex 7.099999904632568 47.29999923706055 -20.858577728271484
			vertex 7.099999904632568 42.70000076293945 -20.858577728271484
			vertex 6.349999904632568 42.70000076293945 -20.108577728271484
		endloop
	endfacet
	facet normal -0.7071067811865476 0 -0.7071067811865476
		outer loop
			vertex 7.099999904632568 47.29999923706055 -20.858577728271484
			vertex 6.349999904632568 42.70000076293945 -20.108577728271484
			vertex 6.349999904632568 47.29999923706055 -20.108577728271484
		endloop
	endfacet
	facet normal -0.7071066125991736 0 -0.7071069497738812
		outer loop
			vertex 7.099999904632568 47.29999923706055 -20.858577728271484
			vertex 7.099999904632568 52.70000076293945 -20.858577728271484
			vertex 8.100000381469727 72.5 -21.858577728271484
		endloop
	endfacet
	facet normal -0.7071066125991736 0 -0.7071069497738813
		outer loop
			vertex 8.100000381469727 72.5 -21.858577728271484
			vertex 7.099999904632568 52.70000076293945 -20.858577728271484
			vertex 7.099999904632568 57.29999923706055 -20.858577728271484
		endloop
	endfacet
	facet normal -0.7071066125991736 0 -0.7071069497738812
		outer loop
			vertex 8.100000381469727 72.5 -21.858577728271484
			vertex 7.099999904632568 57.29999923706055 -20.858577728271484
			vertex 7.099999904632568 62.70000076293945 -20.858577728271484
		endloop
	endfacet
	facet normal -0.7071067811865476 0 -0.7071067811865476
		outer loop
			vertex 7.099999904632568 52.70000076293945 -20.858577728271484
			vertex 6.349999904632568 52.70000076293945 -20.108577728271484
			vertex 7.099999904632568 57.29999923706055 -20.858577728271484
		endloop
	endfacet
	facet normal -0.7071067811865476 0 -0.7071067811865476
		outer loop
			vertex 7.099999904632568 57.29999923706055 -20.858577728271484
			vertex 6.349999904632568 52.70000076293945 -20.108577728271484
			vertex 6.349999904632568 57.29999923706055 -20.108577728271484
		endloop
	endfacet
	facet normal -0.7071067811865476 0 -0.7071067811865476
		outer loop
			vertex 6.349999904632568 62.70000076293945 -20.108577728271484
			vertex 6.349999904632568 67.30000305175781 -20.108577728271484
			vertex 7.099999904632568 67.30000305175781 -20.858577728271484
		endloop
	endfacet
	facet normal -1 0 0
		outer loop
			vertex 7.099999904632568 -67.30000305175781 -19.941421508789062
			vertex 7.099999904632568 -67.30000305175781 -20.858577728271484
			vertex 7.099999904632568 -72.5 -19.941421508789062
		endloop
	endfacet
	facet normal -1 0 0
		outer loop
			vertex 7.099999904632568 -72.5 -19.941421508789062
			vertex 7.099999904632568 -67.30000305175781 -20.858577728271484
			vertex 7.099999904632568 -72.5 -20.858577728271484
		endloop
	endfacet
	facet normal -0.7071066125991736 0 0.7071069497738813
		outer loop
			vertex 8.100000381469727 -67.30000305175781 -18.941421508789062
			vertex 7.099999904632568 -67.30000305175781 -19.941421508789062
			vertex 8.100000381469727 -72.5 -18.941421508789062
		endloop
	endfacet
	facet normal -0.7071066125991736 0 0.7071069497738813
		outer loop
			vertex 8.100000381469727 -72.5 -18.941421508789062
			vertex 7.099999904632568 -67.30000305175781 -19.941421508789062
			vertex 7.099999904632568 -72.5 -19.941421508789062
		endloop
	endfacet
	facet normal 0 0 1
		outer loop
			vertex 8.100000381469727 72.5 -18.941421508789062
			vertex 8.100000381469727 67.30000305175781 -18.941421508789062
			vertex 10.100000381469727 72.5 -18.941421508789062
		endloop
	endfacet
	facet normal 0 0 1
		outer loop
			vertex 10.100000381469727 72.5 -18.941421508789062
			vertex 8.100000381469727 67.30000305175781 -18.941421508789062
			vertex 8.100000381469727 62.70000076293945 -18.941421508789062
		endloop
	endfacet
	facet normal 0 0 1
		outer loop
			vertex 10.100000381469727 72.5 -18.941421508789062
			vertex 8.100000381469727 62.70000076293945 -18.941421508789062
			vertex 8.100000381469727 57.29999923706055 -18.941421508789062
		endloop
	endfacet
	facet normal 0 0 1
		outer loop
			vertex 8.100000381469727 67.30000305175781 -18.941421508789062
			vertex 7.017157077789307 67.30000305175781 -18.941421508789062
			vertex 8.100000381469727 62.70000076293945 -18.941421508789062
		endloop
	endfacet
	facet normal 0 0 1
		outer loop
			vertex 8.100000381469727 62.70000076293945 -18.941421508789062
			vertex 7.017157077789307 67.30000305175781 -18.941421508789062
			vertex 7.017157077789307 62.70000076293945 -18.941421508789062
		endloop
	endfacet
	facet normal 0 0 1
		outer loop
			vertex 10.100000381469727 72.5 -18.941421508789062
			vertex 8.100000381469727 57.29999923706055 -18.941421508789062
			vertex 8.100000381469727 52.70000076293945 -18.941421508789062
		endloop
	endfacet
	facet normal 0 0 1
		outer loop
			vertex 8.100000381469727 52.70000076293945 -18.941421508789062
			vertex 8.100000381469727 57.29999923706055 -18.941421508789062
			vertex 7.017157077789307 57.29999923706055 -18.941421508789062
		endloop
	endfacet
	facet normal 0 0 1
		outer loop
			vertex 8.100000381469727 52.70000076293945 -18.941421508789062
			vertex 7.017157077789307 57.29999923706055 -18.941421508789062
			vertex 7.017157077789307 52.70000076293945 -18.941421508789062
		endloop
	endfacet
	facet normal 0 0 1
		outer loop
			vertex 8.100000381469727 52.70000076293945 -18.941421508789062
			vertex 8.100000381469727 47.29999923706055 -18.941421508789062
			vertex 10.100000381469727 72.5 -18.941421508789062
		endloop
	endfacet
	facet normal 0 0 1
		outer loop
			vertex 10.100000381469727 72.5 -18.941421508789062
			vertex 8.100000381469727 47.29999923706055 -18.941421508789062
			vertex 8.100000381469727 42.70000076293945 -18.941421508789062
		endloop
	endfacet
	facet normal 0 0 1
		outer loop
			vertex 10.100000381469727 72.5 -18.941421508789062
			vertex 8.100000381469727 42.70000076293945 -18.941421508789062
			vertex 8.100000381469727 37.29999923706055 -18.941421508789062
		endloop
	endfacet
	facet normal 0 0 1
		outer loop
			vertex 8.100000381469727 47.29999923706055 -18.941421508789062
			vertex 7.017157077789307 47.29999923706055 -18.941421508789062
			vertex 8.100000381469727 42.70000076293945 -18.941421508789062
		endloop
	endfacet
	facet normal 0 0 1
		outer loop
			vertex 8.100000381469727 42.70000076293945 -18.941421508789062
			vertex 7.017157077789307 47.29999923706055 -18.941421508789062
			vertex 7.017157077789307 42.70000076293945 -18.941421508789062
		endloop
	endfacet
	facet normal 0 0 1
		outer loop
			vertex 10.100000381469727 72.5 -18.941421508789062
			vertex 8.100000381469727 37.29999923706055 -18.941421508789062
			vertex 8.100000381469727 32.70000076293945 -18.941421508789062
		endloop
	endfacet
	facet normal 0 0 1
		outer loop
			vertex 8.100000381469727 32.70000076293945 -18.941421508789062
			vertex 8.100000381469727 37.29999923706055 -18.941421508789062
			vertex 7.017157077789307 37.29999923706055 -18.941421508789062
		endloop
	endfacet
	facet normal 0 0 1
		outer loop
			vertex 8.100000381469727 32.70000076293945 -18.941421508789062
			vertex 7.017157077789307 37.29999923706055 -18.941421508789062
			vertex 7.017157077789307 32.70000076293945 -18.941421508789062
		endloop
	endfacet
	facet normal 0 0 1
		outer loop
			vertex 8.100000381469727 32.70000076293945 -18.941421508789062
			vertex 8.100000381469727 27.299999237060547 -18.941421508789062
			vertex 10.100000381469727 72.5 -18.941421508789062
		endloop
	endfacet
	facet normal 0 0 1
		outer loop
			vertex 10.100000381469727 72.5 -18.941421508789062
			vertex 8.100000381469727 27.299999237060547 -18.941421508789062
			vertex 8.100000381469727 22.700000762939453 -18.941421508789062
		endloop
	endfacet
	facet normal 0 0 1
		outer loop
			vertex 10.100000381469727 72.5 -18.941421508789062
			vertex 8.100000381469727 22.700000762939453 -18.941421508789062
			vertex 8.100000381469727 17.299999237060547 -18.941421508789062
		endloop
	endfacet
	facet normal 0 0 1
		outer loop
			vertex 8.100000381469727 27.299999237060547 -18.941421508789062
			vertex 7.017157077789307 27.299999237060547 -18.941421508789062
			vertex 8.100000381469727 22.700000762939453 -18.941421508789062
		endloop
	endfacet
	facet normal 0 0 1
		outer loop
			vertex 8.100000381469727 22.700000762939453 -18.941421508789062
			vertex 7.017157077789307 27.299999237060547 -18.941421508789062
			vertex 7.017157077789307 22.700000762939453 -18.941421508789062
		endloop
	endfacet
	facet normal 0 0 1
		outer loop
			vertex 10.100000381469727 72.5 -18.941421508789062
			vertex 8.100000381469727 17.299999237060547 -18.941421508789062
			vertex 8.100000381469727 12.699999809265137 -18.941421508789062
		endloop
	endfacet
	facet normal 0 0 1
		outer loop
			vertex 8.100000381469727 12.699999809265137 -18.941421508789062
			vertex 8.100000381469727 17.299999237060547 -18.941421508789062
			vertex 7.017157077789307 17.299999237060547 -18.941421508789062
		endloop
	endfacet
	facet normal 0 0 1
		outer loop
			vertex 8.100000381469727 12.699999809265137 -18.941421508789062
			vertex 7.017157077789307 17.299999237060547 -18.941421508789062
			vertex 7.017157077789307 12.699999809265137 -18.941421508789062
		endloop
	endfacet
	facet normal 0 0 1
		outer loop
			vertex 8.100000381469727 12.699999809265137 -18.941421508789062
			vertex 8.100000381469727 7.300000190734863 -18.941421508789062
			vertex 10.100000381469727 72.5 -18.941421508789062
		endloop
	endfacet
	facet normal 0 0 1
		outer loop
			vertex 10.100000381469727 72.5 -18.941421508789062
			vertex 8.100000381469727 7.300000190734863 -18.941421508789062
			vertex 8.100000381469727 2.700000047683716 -18.941421508789062
		endloop
	endfacet
	facet normal 0 0 1
		outer loop
			vertex 10.100000381469727 72.5 -18.941421508789062
			vertex 8.100000381469727 2.700000047683716 -18.941421508789062
			vertex 8.100000381469727 -2.700000047683716 -18.941421508789062
		endloop
	endfacet
	facet normal 0 0 1
		outer loop
			vertex 8.100000381469727 7.300000190734863 -18.941421508789062
			vertex 7.017157077789307 7.300000190734863 -18.941421508789062
			vertex 8.100000381469727 2.700000047683716 -18.941421508789062
		endloop
	endfacet
	facet normal 0 0 1
		outer loop
			vertex 8.100000381469727 2.700000047683716 -18.941421508789062
			vertex 7.017157077789307 7.300000190734863 -18.941421508789062
			vertex 7.017157077789307 2.700000047683716 -18.941421508789062
		endloop
	endfacet
	facet normal 0 0 1
		outer loop
			vertex 7.017157077789307 -2.700000047683716 -18.941421508789062
			vertex 8.100000381469727 -7.300000190734863 -18.941421508789062
			vertex 8.100000381469727 -2.700000047683716 -18.941421508789062
		endloop
	endfacet
	facet normal 0 0 1
		outer loop
			vertex 8.100000381469727 -2.700000047683716 -18.941421508789062
			vertex 8.100000381469727 -7.300000190734863 -18.941421508789062
			vertex 10.100000381469727 -72.5 -18.941421508789062
		endloop
	endfacet
	facet normal 0 0 1
		outer loop
			vertex 8.100000381469727 -2.700000047683716 -18.941421508789062
			vertex 10.100000381469727 -72.5 -18.941421508789062
			vertex 10.100000381469727 72.5 -18.941421508789062
		endloop
	endfacet
	facet normal 0 0 1
		outer loop
			vertex 7.017157077789307 -2.700000047683716 -18.941421508789062
			vertex 7.017157077789307 -7.300000190734863 -18.941421508789062
			vertex 8.100000381469727 -7.300000190734863 -18.941421508789062
		endloop
	endfacet
	facet normal 0 0 1
		outer loop
			vertex 8.100000381469727 -7.300000190734863 -18.941421508789062
			vertex 8.100000381469727 -12.699999809265137 -18.941421508789062
			vertex 10.100000381469727 -72.5 -18.941421508789062
		endloop
	endfacet
	facet normal 0 0 1
		outer loop
			vertex 10.100000381469727 -72.5 -18.941421508789062
			vertex 8.100000381469727 -12.699999809265137 -18.941421508789062
			vertex 8.100000381469727 -17.299999237060547 -18.941421508789062
		endloop
	endfacet
	facet normal 0 0 1
		outer loop
			vertex 10.100000381469727 -72.5 -18.941421508789062
			vertex 8.100000381469727 -17.299999237060547 -18.941421508789062
			vertex 8.100000381469727 -22.700000762939453 -18.941421508789062
		endloop
	endfacet
	facet normal 0 0 1
		outer loop
			vertex 8.100000381469727 -12.699999809265137 -18.941421508789062
			vertex 7.017157077789307 -12.699999809265137 -18.941421508789062
			vertex 8.100000381469727 -17.299999237060547 -18.941421508789062
		endloop
	endfacet
	facet normal 0 0 1
		outer loop
			vertex 8.100000381469727 -17.299999237060547 -18.941421508789062
			vertex 7.017157077789307 -12.699999809265137 -18.941421508789062
			vertex 7.017157077789307 -17.299999237060547 -18.941421508789062
		endloop
	endfacet
	facet normal 0 0 1
		outer loop
			vertex 10.100000381469727 -72.5 -18.941421508789062
			vertex 8.100000381469727 -22.700000762939453 -18.941421508789062
			vertex 8.100000381469727 -27.299999237060547 -18.941421508789062
		endloop
	endfacet
	facet normal 0 0 1
		outer loop
			vertex 8.100000381469727 -27.299999237060547 -18.941421508789062
			vertex 8.100000381469727 -22.700000762939453 -18.941421508789062
			vertex 7.017157077789307 -22.700000762939453 -18.941421508789062
		endloop
	endfacet
	facet normal 0 0 1
		outer loop
			vertex 8.100000381469727 -27.299999237060547 -18.941421508789062
			vertex 7.017157077789307 -22.700000762939453 -18.941421508789062
			vertex 7.017157077789307 -27.299999237060547 -18.941421508789062
		endloop
	endfacet
	facet normal 0 0 1
		outer loop
			vertex 8.100000381469727 -27.299999237060547 -18.941421508789062
			vertex 8.100000381469727 -32.70000076293945 -18.941421508789062
			vertex 10.100000381469727 -72.5 -18.941421508789062
		endloop
	endfacet
	facet normal 0 0 1
		outer loop
			vertex 10.100000381469727 -72.5 -18.941421508789062
			vertex 8.100000381469727 -32.70000076293945 -18.941421508789062
			vertex 8.100000381469727 -37.29999923706055 -18.941421508789062
		endloop
	endfacet
	facet normal 0 0 1
		outer loop
			vertex 10.100000381469727 -72.5 -18.941421508789062
			vertex 8.100000381469727 -37.29999923706055 -18.941421508789062
			vertex 8.100000381469727 -42.70000076293945 -18.941421508789062
		endloop
	endfacet
	facet normal 0 0 1
		outer loop
			vertex 8.100000381469727 -32.70000076293945 -18.941421508789062
			vertex 7.017157077789307 -32.70000076293945 -18.941421508789062
			vertex 8.100000381469727 -37.29999923706055 -18.941421508789062
		endloop
	endfacet
	facet normal 0 0 1
		outer loop
			vertex 8.100000381469727 -37.29999923706055 -18.941421508789062
			vertex 7.017157077789307 -32.70000076293945 -18.941421508789062
			vertex 7.017157077789307 -37.29999923706055 -18.941421508789062
		endloop
	endfacet
	facet normal 0 0 1
		outer loop
			vertex 10.100000381469727 -72.5 -18.941421508789062
			vertex 8.100000381469727 -42.70000076293945 -18.941421508789062
			vertex 8.100000381469727 -47.29999923706055 -18.941421508789062
		endloop
	endfacet
	facet normal 0 0 1
		outer loop
			vertex 8.100000381469727 -47.29999923706055 -18.941421508789062
			vertex 8.100000381469727 -42.70000076293945 -18.941421508789062
			vertex 7.017157077789307 -42.70000076293945 -18.941421508789062
		endloop
	endfacet
	facet normal 0 0 1
		outer loop
			vertex 8.100000381469727 -47.29999923706055 -18.941421508789062
			vertex 7.017157077789307 -42.70000076293945 -18.941421508789062
			vertex 7.017157077789307 -47.29999923706055 -18.941421508789062
		endloop
	endfacet
	facet normal 0 0 1
		outer loop
			vertex 8.100000381469727 -47.29999923706055 -18.941421508789062
			vertex 8.100000381469727 -52.70000076293945 -18.941421508789062
			vertex 10.100000381469727 -72.5 -18.941421508789062
		endloop
	endfacet
	facet normal 0 0 1
		outer loop
			vertex 10.100000381469727 -72.5 -18.941421508789062
			vertex 8.100000381469727 -52.70000076293945 -18.941421508789062
			vertex 8.100000381469727 -57.29999923706055 -18.941421508789062
		endloop
	endfacet
	facet normal 0 0 1
		outer loop
			vertex 10.100000381469727 -72.5 -18.941421508789062
			vertex 8.100000381469727 -57.29999923706055 -18.941421508789062
			vertex 8.100000381469727 -62.70000076293945 -18.941421508789062
		endloop
	endfacet
	facet normal 0 0 1
		outer loop
			vertex 8.100000381469727 -52.70000076293945 -18.941421508789062
			vertex 7.017157077789307 -52.70000076293945 -18.941421508789062
			vertex 8.100000381469727 -57.29999923706055 -18.941421508789062
		endloop
	endfacet
	facet normal 0 0 1
		outer loop
			vertex 8.100000381469727 -57.29999923706055 -18.941421508789062
			vertex 7.017157077789307 -52.70000076293945 -18.941421508789062
			vertex 7.017157077789307 -57.29999923706055 -18.941421508789062
		endloop
	endfacet
	facet normal 0 0 1
		outer loop
			vertex 10.100000381469727 -72.5 -18.941421508789062
			vertex 8.100000381469727 -62.70000076293945 -18.941421508789062
			vertex 8.100000381469727 -67.30000305175781 -18.941421508789062
		endloop
	endfacet
	facet normal 0 0 1
		outer loop
			vertex 8.100000381469727 -67.30000305175781 -18.941421508789062
			vertex 8.100000381469727 -62.70000076293945 -18.941421508789062
			vertex 7.017157077789307 -62.70000076293945 -18.941421508789062
		endloop
	endfacet
	facet normal 0 0 1
		outer loop
			vertex 8.100000381469727 -67.30000305175781 -18.941421508789062
			vertex 7.017157077789307 -62.70000076293945 -18.941421508789062
			vertex 7.017157077789307 -67.30000305175781 -18.941421508789062
		endloop
	endfacet
	facet normal 0 0 1
		outer loop
			vertex 8.100000381469727 -67.30000305175781 -18.941421508789062
			vertex 8.100000381469727 -72.5 -18.941421508789062
			vertex 10.100000381469727 -72.5 -18.941421508789062
		endloop
	endfacet
	facet normal 1 0 0
		outer loop
			vertex 10.100000381469727 -72.5 -18.941421508789062
			vertex 10.100000381469727 -72.5 -24.5
			vertex 10.100000381469727 72.5 -18.941421508789062
		endloop
	endfacet
	facet normal 1 0 0
		outer loop
			vertex 10.100000381469727 72.5 -18.941421508789062
			vertex 10.100000381469727 -72.5 -24.5
			vertex 10.100000381469727 72.5 -24.5
		endloop
	endfacet
	facet normal 1 0 0
		outer loop
			vertex -6.349999904632568 67.30000305175781 -20.108577728271484
			vertex -6.349999904632568 67.30000305175781 -19.608577728271484
			vertex -6.349999904632568 62.70000076293945 -20.108577728271484
		endloop
	endfacet
	facet normal 1 0 0
		outer loop
			vertex -6.349999904632568 62.70000076293945 -20.108577728271484
			vertex -6.349999904632568 67.30000305175781 -19.608577728271484
			vertex -6.349999904632568 62.70000076293945 -19.608577728271484
		endloop
	endfacet
	facet normal 0.7071062757956695 0 0.7071072865770645
		outer loop
			vertex -6.349999904632568 67.30000305175781 -19.608577728271484
			vertex -7.017157077789307 67.30000305175781 -18.941421508789062
			vertex -6.349999904632568 62.70000076293945 -19.608577728271484
		endloop
	endfacet
	facet normal 0.7071062757956695 0 0.7071072865770645
		outer loop
			vertex -6.349999904632568 62.70000076293945 -19.608577728271484
			vertex -7.017157077789307 67.30000305175781 -18.941421508789062
			vertex -7.017157077789307 62.70000076293945 -18.941421508789062
		endloop
	endfacet
	facet normal 0 -1 0
		outer loop
			vertex -7.099999904632568 62.70000076293945 -20.858577728271484
			vertex -6.349999904632568 62.70000076293945 -20.108577728271484
			vertex -7.099999904632568 62.70000076293945 -19.941421508789062
		endloop
	endfacet
	facet normal 0 -1 0
		outer loop
			vertex -7.099999904632568 62.70000076293945 -19.941421508789062
			vertex -6.349999904632568 62.70000076293945 -20.108577728271484
			vertex -6.349999904632568 62.70000076293945 -19.608577728271484
		endloop
	endfacet
	facet normal 0 -1 0
		outer loop
			vertex -7.099999904632568 62.70000076293945 -19.941421508789062
			vertex -6.349999904632568 62.70000076293945 -19.608577728271484
			vertex -7.017157077789307 62.70000076293945 -18.941421508789062
		endloop
	endfacet
	facet normal 0 -1 0
		outer loop
			vertex -7.017157077789307 62.70000076293945 -18.941421508789062
			vertex -8.100000381469727 62.70000076293945 -18.941421508789062
			vertex -7.099999904632568 62.70000076293945 -19.941421508789062
		endloop
	endfacet
	facet normal 0 1 0
		outer loop
			vertex -7.099999904632568 67.30000305175781 -20.858577728271484
			vertex -7.099999904632568 67.30000305175781 -19.941421508789062
			vertex -6.349999904632568 67.30000305175781 -20.108577728271484
		endloop
	endfacet
	facet normal 0 1 0
		outer loop
			vertex -6.349999904632568 67.30000305175781 -20.108577728271484
			vertex -7.099999904632568 67.30000305175781 -19.941421508789062
			vertex -6.349999904632568 67.30000305175781 -19.608577728271484
		endloop
	endfacet
	facet normal 0 1 0
		outer loop
			vertex -6.349999904632568 67.30000305175781 -19.608577728271484
			vertex -7.099999904632568 67.30000305175781 -19.941421508789062
			vertex -7.017157077789307 67.30000305175781 -18.941421508789062
		endloop
	endfacet
	facet normal 0 1 0
		outer loop
			vertex -7.017157077789307 67.30000305175781 -18.941421508789062
			vertex -7.099999904632568 67.30000305175781 -19.941421508789062
			vertex -8.100000381469727 67.30000305175781 -18.941421508789062
		endloop
	endfacet
	facet normal -0.7071062757956695 0 0.7071072865770645
		outer loop
			vertex 7.017157077789307 67.30000305175781 -18.941421508789062
			vertex 6.349999904632568 67.30000305175781 -19.608577728271484
			vertex 7.017157077789307 62.70000076293945 -18.941421508789062
		endloop
	endfacet
	facet normal -0.7071062757956695 0 0.7071072865770645
		outer loop
			vertex 7.017157077789307 62.70000076293945 -18.941421508789062
			vertex 6.349999904632568 67.30000305175781 -19.608577728271484
			vertex 6.349999904632568 62.70000076293945 -19.608577728271484
		endloop
	endfacet
	facet normal -1 0 0
		outer loop
			vertex 6.349999904632568 67.30000305175781 -19.608577728271484
			vertex 6.349999904632568 67.30000305175781 -20.108577728271484
			vertex 6.349999904632568 62.70000076293945 -19.608577728271484
		endloop
	endfacet
	facet normal -1 0 0
		outer loop
			vertex 6.349999904632568 62.70000076293945 -19.608577728271484
			vertex 6.349999904632568 67.30000305175781 -20.108577728271484
			vertex 6.349999904632568 62.70000076293945 -20.108577728271484
		endloop
	endfacet
	facet normal 0 -1 0
		outer loop
			vertex 8.100000381469727 62.70000076293945 -18.941421508789062
			vertex 7.017157077789307 62.70000076293945 -18.941421508789062
			vertex 7.099999904632568 62.70000076293945 -19.941421508789062
		endloop
	endfacet
	facet normal 0 -1 0
		outer loop
			vertex 7.099999904632568 62.70000076293945 -19.941421508789062
			vertex 7.017157077789307 62.70000076293945 -18.941421508789062
			vertex 6.349999904632568 62.70000076293945 -19.608577728271484
		endloop
	endfacet
	facet normal 0 -1 0
		outer loop
			vertex 7.099999904632568 62.70000076293945 -19.941421508789062
			vertex 6.349999904632568 62.70000076293945 -19.608577728271484
			vertex 6.349999904632568 62.70000076293945 -20.108577728271484
		endloop
	endfacet
	facet normal 0 -1 0
		outer loop
			vertex 6.349999904632568 62.70000076293945 -20.108577728271484
			vertex 7.099999904632568 62.70000076293945 -20.858577728271484
			vertex 7.099999904632568 62.70000076293945 -19.941421508789062
		endloop
	endfacet
	facet normal 0 1 0
		outer loop
			vertex 6.349999904632568 67.30000305175781 -20.108577728271484
			vertex 6.349999904632568 67.30000305175781 -19.608577728271484
			vertex 7.099999904632568 67.30000305175781 -19.941421508789062
		endloop
	endfacet
	facet normal 0 1 0
		outer loop
			vertex 7.099999904632568 67.30000305175781 -19.941421508789062
			vertex 6.349999904632568 67.30000305175781 -19.608577728271484
			vertex 7.017157077789307 67.30000305175781 -18.941421508789062
		endloop
	endfacet
	facet normal 0 1 0
		outer loop
			vertex 7.099999904632568 67.30000305175781 -19.941421508789062
			vertex 7.017157077789307 67.30000305175781 -18.941421508789062
			vertex 8.100000381469727 67.30000305175781 -18.941421508789062
		endloop
	endfacet
	facet normal 0 1 0
		outer loop
			vertex 7.099999904632568 67.30000305175781 -19.941421508789062
			vertex 7.099999904632568 67.30000305175781 -20.858577728271484
			vertex 6.349999904632568 67.30000305175781 -20.108577728271484
		endloop
	endfacet
	facet normal 1 0 0
		outer loop
			vertex -6.349999904632568 57.29999923706055 -20.108577728271484
			vertex -6.349999904632568 57.29999923706055 -19.608577728271484
			vertex -6.349999904632568 52.70000076293945 -20.108577728271484
		endloop
	endfacet
	facet normal 1 0 0
		outer loop
			vertex -6.349999904632568 52.70000076293945 -20.108577728271484
			vertex -6.349999904632568 57.29999923706055 -19.608577728271484
			vertex -6.349999904632568 52.70000076293945 -19.608577728271484
		endloop
	endfacet
	facet normal 0.7071062757956694 0 0.7071072865770645
		outer loop
			vertex -6.349999904632568 57.29999923706055 -19.608577728271484
			vertex -7.017157077789307 57.29999923706055 -18.941421508789062
			vertex -6.349999904632568 52.70000076293945 -19.608577728271484
		endloop
	endfacet
	facet normal 0.7071062757956694 0 0.7071072865770645
		outer loop
			vertex -6.349999904632568 52.70000076293945 -19.608577728271484
			vertex -7.017157077789307 57.29999923706055 -18.941421508789062
			vertex -7.017157077789307 52.70000076293945 -18.941421508789062
		endloop
	endfacet
	facet normal 0 -1 0
		outer loop
			vertex -7.099999904632568 52.70000076293945 -20.858577728271484
			vertex -6.349999904632568 52.70000076293945 -20.108577728271484
			vertex -7.099999904632568 52.70000076293945 -19.941421508789062
		endloop
	endfacet
	facet normal 0 -1 0
		outer loop
			vertex -7.099999904632568 52.70000076293945 -19.941421508789062
			vertex -6.349999904632568 52.70000076293945 -20.108577728271484
			vertex -6.349999904632568 52.70000076293945 -19.608577728271484
		endloop
	endfacet
	facet normal 0 -1 0
		outer loop
			vertex -7.099999904632568 52.70000076293945 -19.941421508789062
			vertex -6.349999904632568 52.70000076293945 -19.608577728271484
			vertex -7.017157077789307 52.70000076293945 -18.941421508789062
		endloop
	endfacet
	facet normal 0 -1 0
		outer loop
			vertex -7.017157077789307 52.70000076293945 -18.941421508789062
			vertex -8.100000381469727 52.70000076293945 -18.941421508789062
			vertex -7.099999904632568 52.70000076293945 -19.941421508789062
		endloop
	endfacet
	facet normal 0 1 0
		outer loop
			vertex -7.099999904632568 57.29999923706055 -20.858577728271484
			vertex -7.099999904632568 57.29999923706055 -19.941421508789062
			vertex -6.349999904632568 57.29999923706055 -20.108577728271484
		endloop
	endfacet
	facet normal 0 1 0
		outer loop
			vertex -6.349999904632568 57.29999923706055 -20.108577728271484
			vertex -7.099999904632568 57.29999923706055 -19.941421508789062
			vertex -6.349999904632568 57.29999923706055 -19.608577728271484
		endloop
	endfacet
	facet normal 0 1 0
		outer loop
			vertex -6.349999904632568 57.29999923706055 -19.608577728271484
			vertex -7.099999904632568 57.29999923706055 -19.941421508789062
			vertex -7.017157077789307 57.29999923706055 -18.941421508789062
		endloop
	endfacet
	facet normal 0 1 0
		outer loop
			vertex -7.017157077789307 57.29999923706055 -18.941421508789062
			vertex -7.099999904632568 57.29999923706055 -19.941421508789062
			vertex -8.100000381469727 57.29999923706055 -18.941421508789062
		endloop
	endfacet
	facet normal -0.7071062757956694 0 0.7071072865770645
		outer loop
			vertex 7.017157077789307 57.29999923706055 -18.941421508789062
			vertex 6.349999904632568 57.29999923706055 -19.608577728271484
			vertex 7.017157077789307 52.70000076293945 -18.941421508789062
		endloop
	endfacet
	facet normal -0.7071062757956694 0 0.7071072865770645
		outer loop
			vertex 7.017157077789307 52.70000076293945 -18.941421508789062
			vertex 6.349999904632568 57.29999923706055 -19.608577728271484
			vertex 6.349999904632568 52.70000076293945 -19.608577728271484
		endloop
	endfacet
	facet normal -1 0 0
		outer loop
			vertex 6.349999904632568 57.29999923706055 -19.608577728271484
			vertex 6.349999904632568 57.29999923706055 -20.108577728271484
			vertex 6.349999904632568 52.70000076293945 -19.608577728271484
		endloop
	endfacet
	facet normal -1 0 0
		outer loop
			vertex 6.349999904632568 52.70000076293945 -19.608577728271484
			vertex 6.349999904632568 57.29999923706055 -20.108577728271484
			vertex 6.349999904632568 52.70000076293945 -20.108577728271484
		endloop
	endfacet
	facet normal 0 -1 0
		outer loop
			vertex 8.100000381469727 52.70000076293945 -18.941421508789062
			vertex 7.017157077789307 52.70000076293945 -18.941421508789062
			vertex 7.099999904632568 52.70000076293945 -19.941421508789062
		endloop
	endfacet
	facet normal 0 -1 0
		outer loop
			vertex 7.099999904632568 52.70000076293945 -19.941421508789062
			vertex 7.017157077789307 52.70000076293945 -18.941421508789062
			vertex 6.349999904632568 52.70000076293945 -19.608577728271484
		endloop
	endfacet
	facet normal 0 -1 0
		outer loop
			vertex 7.099999904632568 52.70000076293945 -19.941421508789062
			vertex 6.349999904632568 52.70000076293945 -19.608577728271484
			vertex 6.349999904632568 52.70000076293945 -20.108577728271484
		endloop
	endfacet
	facet normal 0 -1 0
		outer loop
			vertex 6.349999904632568 52.70000076293945 -20.108577728271484
			vertex 7.099999904632568 52.70000076293945 -20.858577728271484
			vertex 7.099999904632568 52.70000076293945 -19.941421508789062
		endloop
	endfacet
	facet normal 0 1 0
		outer loop
			vertex 6.349999904632568 57.29999923706055 -20.108577728271484
			vertex 6.349999904632568 57.29999923706055 -19.608577728271484
			vertex 7.099999904632568 57.29999923706055 -19.941421508789062
		endloop
	endfacet
	facet normal 0 1 0
		outer loop
			vertex 7.099999904632568 57.29999923706055 -19.941421508789062
			vertex 6.349999904632568 57.29999923706055 -19.608577728271484
			vertex 7.017157077789307 57.29999923706055 -18.941421508789062
		endloop
	endfacet
	facet normal 0 1 0
		outer loop
			vertex 7.099999904632568 57.29999923706055 -19.941421508789062
			vertex 7.017157077789307 57.29999923706055 -18.941421508789062
			vertex 8.100000381469727 57.29999923706055 -18.941421508789062
		endloop
	endfacet
	facet normal 0 1 0
		outer loop
			vertex 7.099999904632568 57.29999923706055 -19.941421508789062
			vertex 7.099999904632568 57.29999923706055 -20.858577728271484
			vertex 6.349999904632568 57.29999923706055 -20.108577728271484
		endloop
	endfacet
	facet normal 1 0 0
		outer loop
			vertex -6.349999904632568 47.29999923706055 -20.108577728271484
			vertex -6.349999904632568 47.29999923706055 -19.608577728271484
			vertex -6.349999904632568 42.70000076293945 -20.108577728271484
		endloop
	endfacet
	facet normal 1 0 0
		outer loop
			vertex -6.349999904632568 42.70000076293945 -20.108577728271484
			vertex -6.349999904632568 47.29999923706055 -19.608577728271484
			vertex -6.349999904632568 42.70000076293945 -19.608577728271484
		endloop
	endfacet
	facet normal 0.7071062757956694 0 0.7071072865770645
		outer loop
			vertex -6.349999904632568 47.29999923706055 -19.608577728271484
			vertex -7.017157077789307 47.29999923706055 -18.941421508789062
			vertex -6.349999904632568 42.70000076293945 -19.608577728271484
		endloop
	endfacet
	facet normal 0.7071062757956694 0 0.7071072865770645
		outer loop
			vertex -6.349999904632568 42.70000076293945 -19.608577728271484
			vertex -7.017157077789307 47.29999923706055 -18.941421508789062
			vertex -7.017157077789307 42.70000076293945 -18.941421508789062
		endloop
	endfacet
	facet normal 0 -1 0
		outer loop
			vertex -7.099999904632568 42.70000076293945 -20.858577728271484
			vertex -6.349999904632568 42.70000076293945 -20.108577728271484
			vertex -7.099999904632568 42.70000076293945 -19.941421508789062
		endloop
	endfacet
	facet normal 0 -1 0
		outer loop
			vertex -7.099999904632568 42.70000076293945 -19.941421508789062
			vertex -6.349999904632568 42.70000076293945 -20.108577728271484
			vertex -6.349999904632568 42.70000076293945 -19.608577728271484
		endloop
	endfacet
	facet normal 0 -1 0
		outer loop
			vertex -7.099999904632568 42.70000076293945 -19.941421508789062
			vertex -6.349999904632568 42.70000076293945 -19.608577728271484
			vertex -7.017157077789307 42.70000076293945 -18.941421508789062
		endloop
	endfacet
	facet normal 0 -1 0
		outer loop
			vertex -7.017157077789307 42.70000076293945 -18.941421508789062
			vertex -8.100000381469727 42.70000076293945 -18.941421508789062
			vertex -7.099999904632568 42.70000076293945 -19.941421508789062
		endloop
	endfacet
	facet normal 0 1 0
		outer loop
			vertex -7.099999904632568 47.29999923706055 -20.858577728271484
			vertex -7.099999904632568 47.29999923706055 -19.941421508789062
			vertex -6.349999904632568 47.29999923706055 -20.108577728271484
		endloop
	endfacet
	facet normal 0 1 0
		outer loop
			vertex -6.349999904632568 47.29999923706055 -20.108577728271484
			vertex -7.099999904632568 47.29999923706055 -19.941421508789062
			vertex -6.349999904632568 47.29999923706055 -19.608577728271484
		endloop
	endfacet
	facet normal 0 1 0
		outer loop
			vertex -6.349999904632568 47.29999923706055 -19.608577728271484
			vertex -7.099999904632568 47.29999923706055 -19.941421508789062
			vertex -7.017157077789307 47.29999923706055 -18.941421508789062
		endloop
	endfacet
	facet normal 0 1 0
		outer loop
			vertex -7.017157077789307 47.29999923706055 -18.941421508789062
			vertex -7.099999904632568 47.29999923706055 -19.941421508789062
			vertex -8.100000381469727 47.29999923706055 -18.941421508789062
		endloop
	endfacet
	facet normal -0.7071062757956694 0 0.7071072865770645
		outer loop
			vertex 7.017157077789307 47.29999923706055 -18.941421508789062
			vertex 6.349999904632568 47.29999923706055 -19.608577728271484
			vertex 7.017157077789307 42.70000076293945 -18.941421508789062
		endloop
	endfacet
	facet normal -0.7071062757956694 0 0.7071072865770645
		outer loop
			vertex 7.017157077789307 42.70000076293945 -18.941421508789062
			vertex 6.349999904632568 47.29999923706055 -19.608577728271484
			vertex 6.349999904632568 42.70000076293945 -19.608577728271484
		endloop
	endfacet
	facet normal -1 0 0
		outer loop
			vertex 6.349999904632568 47.29999923706055 -19.608577728271484
			vertex 6.349999904632568 47.29999923706055 -20.108577728271484
			vertex 6.349999904632568 42.70000076293945 -19.608577728271484
		endloop
	endfacet
	facet normal -1 0 0
		outer loop
			vertex 6.349999904632568 42.70000076293945 -19.608577728271484
			vertex 6.349999904632568 47.29999923706055 -20.108577728271484
			vertex 6.349999904632568 42.70000076293945 -20.108577728271484
		endloop
	endfacet
	facet normal 0 -1 0
		outer loop
			vertex 8.100000381469727 42.70000076293945 -18.941421508789062
			vertex 7.017157077789307 42.70000076293945 -18.941421508789062
			vertex 7.099999904632568 42.70000076293945 -19.941421508789062
		endloop
	endfacet
	facet normal 0 -1 0
		outer loop
			vertex 7.099999904632568 42.70000076293945 -19.941421508789062
			vertex 7.017157077789307 42.70000076293945 -18.941421508789062
			vertex 6.349999904632568 42.70000076293945 -19.608577728271484
		endloop
	endfacet
	facet normal 0 -1 0
		outer loop
			vertex 7.099999904632568 42.70000076293945 -19.941421508789062
			vertex 6.349999904632568 42.70000076293945 -19.608577728271484
			vertex 6.349999904632568 42.70000076293945 -20.108577728271484
		endloop
	endfacet
	facet normal 0 -1 0
		outer loop
			vertex 6.349999904632568 42.70000076293945 -20.108577728271484
			vertex 7.099999904632568 42.70000076293945 -20.858577728271484
			vertex 7.099999904632568 42.70000076293945 -19.941421508789062
		endloop
	endfacet
	facet normal 0 1 0
		outer loop
			vertex 6.349999904632568 47.29999923706055 -20.108577728271484
			vertex 6.349999904632568 47.29999923706055 -19.608577728271484
			vertex 7.099999904632568 47.29999923706055 -19.941421508789062
		endloop
	endfacet
	facet normal 0 1 0
		outer loop
			vertex 7.099999904632568 47.29999923706055 -19.941421508789062
			vertex 6.349999904632568 47.29999923706055 -19.608577728271484
			vertex 7.017157077789307 47.29999923706055 -18.941421508789062
		endloop
	endfacet
	facet normal 0 1 0
		outer loop
			vertex 7.099999904632568 47.29999923706055 -19.941421508789062
			vertex 7.017157077789307 47.29999923706055 -18.941421508789062
			vertex 8.100000381469727 47.29999923706055 -18.941421508789062
		endloop
	endfacet
	facet normal 0 1 0
		outer loop
			vertex 7.099999904632568 47.29999923706055 -19.941421508789062
			vertex 7.099999904632568 47.29999923706055 -20.858577728271484
			vertex 6.349999904632568 47.29999923706055 -20.108577728271484
		endloop
	endfacet
	facet normal 1 0 0
		outer loop
			vertex -6.349999904632568 37.29999923706055 -20.108577728271484
			vertex -6.349999904632568 37.29999923706055 -19.608577728271484
			vertex -6.349999904632568 32.70000076293945 -20.108577728271484
		endloop
	endfacet
	facet normal 1 0 0
		outer loop
			vertex -6.349999904632568 32.70000076293945 -20.108577728271484
			vertex -6.349999904632568 37.29999923706055 -19.608577728271484
			vertex -6.349999904632568 32.70000076293945 -19.608577728271484
		endloop
	endfacet
	facet normal 0.7071062757956694 0 0.7071072865770645
		outer loop
			vertex -6.349999904632568 37.29999923706055 -19.608577728271484
			vertex -7.017157077789307 37.29999923706055 -18.941421508789062
			vertex -6.349999904632568 32.70000076293945 -19.608577728271484
		endloop
	endfacet
	facet normal 0.7071062757956694 0 0.7071072865770645
		outer loop
			vertex -6.349999904632568 32.70000076293945 -19.608577728271484
			vertex -7.017157077789307 37.29999923706055 -18.941421508789062
			vertex -7.017157077789307 32.70000076293945 -18.941421508789062
		endloop
	endfacet
	facet normal 0 -1 0
		outer loop
			vertex -7.099999904632568 32.70000076293945 -20.858577728271484
			vertex -6.349999904632568 32.70000076293945 -20.108577728271484
			vertex -7.099999904632568 32.70000076293945 -19.941421508789062
		endloop
	endfacet
	facet normal 0 -1 0
		outer loop
			vertex -7.099999904632568 32.70000076293945 -19.941421508789062
			vertex -6.349999904632568 32.70000076293945 -20.108577728271484
			vertex -6.349999904632568 32.70000076293945 -19.608577728271484
		endloop
	endfacet
	facet normal 0 -1 0
		outer loop
			vertex -7.099999904632568 32.70000076293945 -19.941421508789062
			vertex -6.349999904632568 32.70000076293945 -19.608577728271484
			vertex -7.017157077789307 32.70000076293945 -18.941421508789062
		endloop
	endfacet
	facet normal 0 -1 0
		outer loop
			vertex -7.017157077789307 32.70000076293945 -18.941421508789062
			vertex -8.100000381469727 32.70000076293945 -18.941421508789062
			vertex -7.099999904632568 32.70000076293945 -19.941421508789062
		endloop
	endfacet
	facet normal 0 1 0
		outer loop
			vertex -7.099999904632568 37.29999923706055 -20.858577728271484
			vertex -7.099999904632568 37.29999923706055 -19.941421508789062
			vertex -6.349999904632568 37.29999923706055 -20.108577728271484
		endloop
	endfacet
	facet normal 0 1 0
		outer loop
			vertex -6.349999904632568 37.29999923706055 -20.108577728271484
			vertex -7.099999904632568 37.29999923706055 -19.941421508789062
			vertex -6.349999904632568 37.29999923706055 -19.608577728271484
		endloop
	endfacet
	facet normal 0 1 0
		outer loop
			vertex -6.349999904632568 37.29999923706055 -19.608577728271484
			vertex -7.099999904632568 37.29999923706055 -19.941421508789062
			vertex -7.017157077789307 37.29999923706055 -18.941421508789062
		endloop
	endfacet
	facet normal 0 1 0
		outer loop
			vertex -7.017157077789307 37.29999923706055 -18.941421508789062
			vertex -7.099999904632568 37.29999923706055 -19.941421508789062
			vertex -8.100000381469727 37.29999923706055 -18.941421508789062
		endloop
	endfacet
	facet normal -0.7071062757956694 0 0.7071072865770645
		outer loop
			vertex 7.017157077789307 37.29999923706055 -18.941421508789062
			vertex 6.349999904632568 37.29999923706055 -19.608577728271484
			vertex 7.017157077789307 32.70000076293945 -18.941421508789062
		endloop
	endfacet
	facet normal -0.7071062757956694 0 0.7071072865770645
		outer loop
			vertex 7.017157077789307 32.70000076293945 -18.941421508789062
			vertex 6.349999904632568 37.29999923706055 -19.608577728271484
			vertex 6.349999904632568 32.70000076293945 -19.608577728271484
		endloop
	endfacet
	facet normal -1 0 0
		outer loop
			vertex 6.349999904632568 37.29999923706055 -19.608577728271484
			vertex 6.349999904632568 37.29999923706055 -20.108577728271484
			vertex 6.349999904632568 32.70000076293945 -19.608577728271484
		endloop
	endfacet
	facet normal -1 0 0
		outer loop
			vertex 6.349999904632568 32.70000076293945 -19.608577728271484
			vertex 6.349999904632568 37.29999923706055 -20.108577728271484
			vertex 6.349999904632568 32.70000076293945 -20.108577728271484
		endloop
	endfacet
	facet normal 0 -1 0
		outer loop
			vertex 8.100000381469727 32.70000076293945 -18.941421508789062
			vertex 7.017157077789307 32.70000076293945 -18.941421508789062
			vertex 7.099999904632568 32.70000076293945 -19.941421508789062
		endloop
	endfacet
	facet normal 0 -1 0
		outer loop
			vertex 7.099999904632568 32.70000076293945 -19.941421508789062
			vertex 7.017157077789307 32.70000076293945 -18.941421508789062
			vertex 6.349999904632568 32.70000076293945 -19.608577728271484
		endloop
	endfacet
	facet normal 0 -1 0
		outer loop
			vertex 7.099999904632568 32.70000076293945 -19.941421508789062
			vertex 6.349999904632568 32.70000076293945 -19.608577728271484
			vertex 6.349999904632568 32.70000076293945 -20.108577728271484
		endloop
	endfacet
	facet normal 0 -1 0
		outer loop
			vertex 6.349999904632568 32.70000076293945 -20.108577728271484
			vertex 7.099999904632568 32.70000076293945 -20.858577728271484
			vertex 7.099999904632568 32.70000076293945 -19.941421508789062
		endloop
	endfacet
	facet normal 0 1 0
		outer loop
			vertex 6.349999904632568 37.29999923706055 -20.108577728271484
			vertex 6.349999904632568 37.29999923706055 -19.608577728271484
			vertex 7.099999904632568 37.29999923706055 -19.941421508789062
		endloop
	endfacet
	facet normal 0 1 0
		outer loop
			vertex 7.099999904632568 37.29999923706055 -19.941421508789062
			vertex 6.349999904632568 37.29999923706055 -19.608577728271484
			vertex 7.017157077789307 37.29999923706055 -18.941421508789062
		endloop
	endfacet
	facet normal 0 1 0
		outer loop
			vertex 7.099999904632568 37.29999923706055 -19.941421508789062
			vertex 7.017157077789307 37.29999923706055 -18.941421508789062
			vertex 8.100000381469727 37.29999923706055 -18.941421508789062
		endloop
	endfacet
	facet normal 0 1 0
		outer loop
			vertex 7.099999904632568 37.29999923706055 -19.941421508789062
			vertex 7.099999904632568 37.29999923706055 -20.858577728271484
			vertex 6.349999904632568 37.29999923706055 -20.108577728271484
		endloop
	endfacet
	facet normal 1 0 0
		outer loop
			vertex -6.349999904632568 27.299999237060547 -20.108577728271484
			vertex -6.349999904632568 27.299999237060547 -19.608577728271484
			vertex -6.349999904632568 22.700000762939453 -20.108577728271484
		endloop
	endfacet
	facet normal 1 0 0
		outer loop
			vertex -6.349999904632568 22.700000762939453 -20.108577728271484
			vertex -6.349999904632568 27.299999237060547 -19.608577728271484
			vertex -6.349999904632568 22.700000762939453 -19.608577728271484
		endloop
	endfacet
	facet normal 0.7071062757956694 0 0.7071072865770645
		outer loop
			vertex -6.349999904632568 27.299999237060547 -19.608577728271484
			vertex -7.017157077789307 27.299999237060547 -18.941421508789062
			vertex -6.349999904632568 22.700000762939453 -19.608577728271484
		endloop
	endfacet
	facet normal 0.7071062757956694 0 0.7071072865770645
		outer loop
			vertex -6.349999904632568 22.700000762939453 -19.608577728271484
			vertex -7.017157077789307 27.299999237060547 -18.941421508789062
			vertex -7.017157077789307 22.700000762939453 -18.941421508789062
		endloop
	endfacet
	facet normal 0 -1 0
		outer loop
			vertex -7.099999904632568 22.700000762939453 -20.858577728271484
			vertex -6.349999904632568 22.700000762939453 -20.108577728271484
			vertex -7.099999904632568 22.700000762939453 -19.941421508789062
		endloop
	endfacet
	facet normal 0 -1 0
		outer loop
			vertex -7.099999904632568 22.700000762939453 -19.941421508789062
			vertex -6.349999904632568 22.700000762939453 -20.108577728271484
			vertex -6.349999904632568 22.700000762939453 -19.608577728271484
		endloop
	endfacet
	facet normal 0 -1 0
		outer loop
			vertex -7.099999904632568 22.700000762939453 -19.941421508789062
			vertex -6.349999904632568 22.700000762939453 -19.608577728271484
			vertex -7.017157077789307 22.700000762939453 -18.941421508789062
		endloop
	endfacet
	facet normal 0 -1 0
		outer loop
			vertex -7.017157077789307 22.700000762939453 -18.941421508789062
			vertex -8.100000381469727 22.700000762939453 -18.941421508789062
			vertex -7.099999904632568 22.700000762939453 -19.941421508789062
		endloop
	endfacet
	facet normal 0 1 0
		outer loop
			vertex -7.099999904632568 27.299999237060547 -20.858577728271484
			vertex -7.099999904632568 27.299999237060547 -19.941421508789062
			vertex -6.349999904632568 27.299999237060547 -20.108577728271484
		endloop
	endfacet
	facet normal 0 1 0
		outer loop
			vertex -6.349999904632568 27.299999237060547 -20.108577728271484
			vertex -7.099999904632568 27.299999237060547 -19.941421508789062
			vertex -6.349999904632568 27.299999237060547 -19.608577728271484
		endloop
	endfacet
	facet normal 0 1 0
		outer loop
			vertex -6.349999904632568 27.299999237060547 -19.608577728271484
			vertex -7.099999904632568 27.299999237060547 -19.941421508789062
			vertex -7.017157077789307 27.299999237060547 -18.941421508789062
		endloop
	endfacet
	facet normal 0 1 0
		outer loop
			vertex -7.017157077789307 27.299999237060547 -18.941421508789062
			vertex -7.099999904632568 27.299999237060547 -19.941421508789062
			vertex -8.100000381469727 27.299999237060547 -18.941421508789062
		endloop
	endfacet
	facet normal -0.7071062757956694 0 0.7071072865770645
		outer loop
			vertex 7.017157077789307 27.299999237060547 -18.941421508789062
			vertex 6.349999904632568 27.299999237060547 -19.608577728271484
			vertex 7.017157077789307 22.700000762939453 -18.941421508789062
		endloop
	endfacet
	facet normal -0.7071062757956694 0 0.7071072865770645
		outer loop
			vertex 7.017157077789307 22.700000762939453 -18.941421508789062
			vertex 6.349999904632568 27.299999237060547 -19.608577728271484
			vertex 6.349999904632568 22.700000762939453 -19.608577728271484
		endloop
	endfacet
	facet normal -1 0 0
		outer loop
			vertex 6.349999904632568 27.299999237060547 -19.608577728271484
			vertex 6.349999904632568 27.299999237060547 -20.108577728271484
			vertex 6.349999904632568 22.700000762939453 -19.608577728271484
		endloop
	endfacet
	facet normal -1 0 0
		outer loop
			vertex 6.349999904632568 22.700000762939453 -19.608577728271484
			vertex 6.349999904632568 27.299999237060547 -20.108577728271484
			vertex 6.349999904632568 22.700000762939453 -20.108577728271484
		endloop
	endfacet
	facet normal 0 -1 0
		outer loop
			vertex 8.100000381469727 22.700000762939453 -18.941421508789062
			vertex 7.017157077789307 22.700000762939453 -18.941421508789062
			vertex 7.099999904632568 22.700000762939453 -19.941421508789062
		endloop
	endfacet
	facet normal 0 -1 0
		outer loop
			vertex 7.099999904632568 22.700000762939453 -19.941421508789062
			vertex 7.017157077789307 22.700000762939453 -18.941421508789062
			vertex 6.349999904632568 22.700000762939453 -19.608577728271484
		endloop
	endfacet
	facet normal 0 -1 0
		outer loop
			vertex 7.099999904632568 22.700000762939453 -19.941421508789062
			vertex 6.349999904632568 22.700000762939453 -19.608577728271484
			vertex 6.349999904632568 22.700000762939453 -20.108577728271484
		endloop
	endfacet
	facet normal 0 -1 0
		outer loop
			vertex 6.349999904632568 22.700000762939453 -20.108577728271484
			vertex 7.099999904632568 22.700000762939453 -20.858577728271484
			vertex 7.099999904632568 22.700000762939453 -19.941421508789062
		endloop
	endfacet
	facet normal 0 1 0
		outer loop
			vertex 6.349999904632568 27.299999237060547 -20.108577728271484
			vertex 6.349999904632568 27.299999237060547 -19.608577728271484
			vertex 7.099999904632568 27.299999237060547 -19.941421508789062
		endloop
	endfacet
	facet normal 0 1 0
		outer loop
			vertex 7.099999904632568 27.299999237060547 -19.941421508789062
			vertex 6.349999904632568 27.299999237060547 -19.608577728271484
			vertex 7.017157077789307 27.299999237060547 -18.941421508789062
		endloop
	endfacet
	facet normal 0 1 0
		outer loop
			vertex 7.099999904632568 27.299999237060547 -19.941421508789062
			vertex 7.017157077789307 27.299999237060547 -18.941421508789062
			vertex 8.100000381469727 27.299999237060547 -18.941421508789062
		endloop
	endfacet
	facet normal 0 1 0
		outer loop
			vertex 7.099999904632568 27.299999237060547 -19.941421508789062
			vertex 7.099999904632568 27.299999237060547 -20.858577728271484
			vertex 6.349999904632568 27.299999237060547 -20.108577728271484
		endloop
	endfacet
	facet normal 1 0 0
		outer loop
			vertex -6.349999904632568 17.299999237060547 -20.108577728271484
			vertex -6.349999904632568 17.299999237060547 -19.608577728271484
			vertex -6.349999904632568 12.699999809265137 -20.108577728271484
		endloop
	endfacet
	facet normal 1 0 0
		outer loop
			vertex -6.349999904632568 12.699999809265137 -20.108577728271484
			vertex -6.349999904632568 17.299999237060547 -19.608577728271484
			vertex -6.349999904632568 12.699999809265137 -19.608577728271484
		endloop
	endfacet
	facet normal 0.7071062757956695 0 0.7071072865770645
		outer loop
			vertex -6.349999904632568 17.299999237060547 -19.608577728271484
			vertex -7.017157077789307 17.299999237060547 -18.941421508789062
			vertex -6.349999904632568 12.699999809265137 -19.608577728271484
		endloop
	endfacet
	facet normal 0.7071062757956695 0 0.7071072865770645
		outer loop
			vertex -6.349999904632568 12.699999809265137 -19.608577728271484
			vertex -7.017157077789307 17.299999237060547 -18.941421508789062
			vertex -7.017157077789307 12.699999809265137 -18.941421508789062
		endloop
	endfacet
	facet normal 0 -1 0
		outer loop
			vertex -7.099999904632568 12.699999809265137 -20.858577728271484
			vertex -6.349999904632568 12.699999809265137 -20.108577728271484
			vertex -7.099999904632568 12.699999809265137 -19.941421508789062
		endloop
	endfacet
	facet normal 0 -1 0
		outer loop
			vertex -7.099999904632568 12.699999809265137 -19.941421508789062
			vertex -6.349999904632568 12.699999809265137 -20.108577728271484
			vertex -6.349999904632568 12.699999809265137 -19.608577728271484
		endloop
	endfacet
	facet normal 0 -1 0
		outer loop
			vertex -7.099999904632568 12.699999809265137 -19.941421508789062
			vertex -6.349999904632568 12.699999809265137 -19.608577728271484
			vertex -7.017157077789307 12.699999809265137 -18.941421508789062
		endloop
	endfacet
	facet normal 0 -1 0
		outer loop
			vertex -7.017157077789307 12.699999809265137 -18.941421508789062
			vertex -8.100000381469727 12.699999809265137 -18.941421508789062
			vertex -7.099999904632568 12.699999809265137 -19.941421508789062
		endloop
	endfacet
	facet normal 0 1 0
		outer loop
			vertex -7.099999904632568 17.299999237060547 -20.858577728271484
			vertex -7.099999904632568 17.299999237060547 -19.941421508789062
			vertex -6.349999904632568 17.299999237060547 -20.108577728271484
		endloop
	endfacet
	facet normal 0 1 0
		outer loop
			vertex -6.349999904632568 17.299999237060547 -20.108577728271484
			vertex -7.099999904632568 17.299999237060547 -19.941421508789062
			vertex -6.349999904632568 17.299999237060547 -19.608577728271484
		endloop
	endfacet
	facet normal 0 1 0
		outer loop
			vertex -6.349999904632568 17.299999237060547 -19.608577728271484
			vertex -7.099999904632568 17.299999237060547 -19.941421508789062
			vertex -7.017157077789307 17.299999237060547 -18.941421508789062
		endloop
	endfacet
	facet normal 0 1 0
		outer loop
			vertex -7.017157077789307 17.299999237060547 -18.941421508789062
			vertex -7.099999904632568 17.299999237060547 -19.941421508789062
			vertex -8.100000381469727 17.299999237060547 -18.941421508789062
		endloop
	endfacet
	facet normal -0.7071062757956695 0 0.7071072865770645
		outer loop
			vertex 7.017157077789307 17.299999237060547 -18.941421508789062
			vertex 6.349999904632568 17.299999237060547 -19.608577728271484
			vertex 7.017157077789307 12.699999809265137 -18.941421508789062
		endloop
	endfacet
	facet normal -0.7071062757956695 0 0.7071072865770645
		outer loop
			vertex 7.017157077789307 12.699999809265137 -18.941421508789062
			vertex 6.349999904632568 17.299999237060547 -19.608577728271484
			vertex 6.349999904632568 12.699999809265137 -19.608577728271484
		endloop
	endfacet
	facet normal -1 0 0
		outer loop
			vertex 6.349999904632568 17.299999237060547 -19.608577728271484
			vertex 6.349999904632568 17.299999237060547 -20.108577728271484
			vertex 6.349999904632568 12.699999809265137 -19.608577728271484
		endloop
	endfacet
	facet normal -1 0 0
		outer loop
			vertex 6.349999904632568 12.699999809265137 -19.608577728271484
			vertex 6.349999904632568 17.299999237060547 -20.108577728271484
			vertex 6.349999904632568 12.699999809265137 -20.108577728271484
		endloop
	endfacet
	facet normal 0 -1 0
		outer loop
			vertex 8.100000381469727 12.699999809265137 -18.941421508789062
			vertex 7.017157077789307 12.699999809265137 -18.941421508789062
			vertex 7.099999904632568 12.699999809265137 -19.941421508789062
		endloop
	endfacet
	facet normal 0 -1 0
		outer loop
			vertex 7.099999904632568 12.699999809265137 -19.941421508789062
			vertex 7.017157077789307 12.699999809265137 -18.941421508789062
			vertex 6.349999904632568 12.699999809265137 -19.608577728271484
		endloop
	endfacet
	facet normal 0 -1 0
		outer loop
			vertex 7.099999904632568 12.699999809265137 -19.941421508789062
			vertex 6.349999904632568 12.699999809265137 -19.608577728271484
			vertex 6.349999904632568 12.699999809265137 -20.108577728271484
		endloop
	endfacet
	facet normal 0 -1 0
		outer loop
			vertex 6.349999904632568 12.699999809265137 -20.108577728271484
			vertex 7.099999904632568 12.699999809265137 -20.858577728271484
			vertex 7.099999904632568 12.699999809265137 -19.941421508789062
		endloop
	endfacet
	facet normal 0 1 0
		outer loop
			vertex 6.349999904632568 17.299999237060547 -20.108577728271484
			vertex 6.349999904632568 17.299999237060547 -19.608577728271484
			vertex 7.099999904632568 17.299999237060547 -19.941421508789062
		endloop
	endfacet
	facet normal 0 1 0
		outer loop
			vertex 7.099999904632568 17.299999237060547 -19.941421508789062
			vertex 6.349999904632568 17.299999237060547 -19.608577728271484
			vertex 7.017157077789307 17.299999237060547 -18.941421508789062
		endloop
	endfacet
	facet normal 0 1 0
		outer loop
			vertex 7.099999904632568 17.299999237060547 -19.941421508789062
			vertex 7.017157077789307 17.299999237060547 -18.941421508789062
			vertex 8.100000381469727 17.299999237060547 -18.941421508789062
		endloop
	endfacet
	facet normal 0 1 0
		outer loop
			vertex 7.099999904632568 17.299999237060547 -19.941421508789062
			vertex 7.099999904632568 17.299999237060547 -20.858577728271484
			vertex 6.349999904632568 17.299999237060547 -20.108577728271484
		endloop
	endfacet
	facet normal 1 0 0
		outer loop
			vertex -6.349999904632568 7.300000190734863 -20.108577728271484
			vertex -6.349999904632568 7.300000190734863 -19.608577728271484
			vertex -6.349999904632568 2.700000047683716 -20.108577728271484
		endloop
	endfacet
	facet normal 1 0 0
		outer loop
			vertex -6.349999904632568 2.700000047683716 -20.108577728271484
			vertex -6.349999904632568 7.300000190734863 -19.608577728271484
			vertex -6.349999904632568 2.700000047683716 -19.608577728271484
		endloop
	endfacet
	facet normal 0.7071062757956694 0 0.7071072865770645
		outer loop
			vertex -6.349999904632568 7.300000190734863 -19.608577728271484
			vertex -7.017157077789307 7.300000190734863 -18.941421508789062
			vertex -6.349999904632568 2.700000047683716 -19.608577728271484
		endloop
	endfacet
	facet normal 0.7071062757956694 0 0.7071072865770645
		outer loop
			vertex -6.349999904632568 2.700000047683716 -19.608577728271484
			vertex -7.017157077789307 7.300000190734863 -18.941421508789062
			vertex -7.017157077789307 2.700000047683716 -18.941421508789062
		endloop
	endfacet
	facet normal 0 -1 0
		outer loop
			vertex -7.099999904632568 2.700000047683716 -20.858577728271484
			vertex -6.349999904632568 2.700000047683716 -20.108577728271484
			vertex -7.099999904632568 2.700000047683716 -19.941421508789062
		endloop
	endfacet
	facet normal 0 -1 0
		outer loop
			vertex -7.099999904632568 2.700000047683716 -19.941421508789062
			vertex -6.349999904632568 2.700000047683716 -20.108577728271484
			vertex -6.349999904632568 2.700000047683716 -19.608577728271484
		endloop
	endfacet
	facet normal 0 -1 0
		outer loop
			vertex -7.099999904632568 2.700000047683716 -19.941421508789062
			vertex -6.349999904632568 2.700000047683716 -19.608577728271484
			vertex -7.017157077789307 2.700000047683716 -18.941421508789062
		endloop
	endfacet
	facet normal 0 -1 0
		outer loop
			vertex -7.017157077789307 2.700000047683716 -18.941421508789062
			vertex -8.100000381469727 2.700000047683716 -18.941421508789062
			vertex -7.099999904632568 2.700000047683716 -19.941421508789062
		endloop
	endfacet
	facet normal 0 1 0
		outer loop
			vertex -7.099999904632568 7.300000190734863 -20.858577728271484
			vertex -7.099999904632568 7.300000190734863 -19.941421508789062
			vertex -6.349999904632568 7.300000190734863 -20.108577728271484
		endloop
	endfacet
	facet normal 0 1 0
		outer loop
			vertex -6.349999904632568 7.300000190734863 -20.108577728271484
			vertex -7.099999904632568 7.300000190734863 -19.941421508789062
			vertex -6.349999904632568 7.300000190734863 -19.608577728271484
		endloop
	endfacet
	facet normal 0 1 0
		outer loop
			vertex -6.349999904632568 7.300000190734863 -19.608577728271484
			vertex -7.099999904632568 7.300000190734863 -19.941421508789062
			vertex -7.017157077789307 7.300000190734863 -18.941421508789062
		endloop
	endfacet
	facet normal 0 1 0
		outer loop
			vertex -7.017157077789307 7.300000190734863 -18.941421508789062
			vertex -7.099999904632568 7.300000190734863 -19.941421508789062
			vertex -8.100000381469727 7.300000190734863 -18.941421508789062
		endloop
	endfacet
	facet normal -0.7071062757956694 0 0.7071072865770645
		outer loop
			vertex 7.017157077789307 7.300000190734863 -18.941421508789062
			vertex 6.349999904632568 7.300000190734863 -19.608577728271484
			vertex 7.017157077789307 2.700000047683716 -18.941421508789062
		endloop
	endfacet
	facet normal -0.7071062757956694 0 0.7071072865770645
		outer loop
			vertex 7.017157077789307 2.700000047683716 -18.941421508789062
			vertex 6.349999904632568 7.300000190734863 -19.608577728271484
			vertex 6.349999904632568 2.700000047683716 -19.608577728271484
		endloop
	endfacet
	facet normal -1 0 0
		outer loop
			vertex 6.349999904632568 7.300000190734863 -19.608577728271484
			vertex 6.349999904632568 7.300000190734863 -20.108577728271484
			vertex 6.349999904632568 2.700000047683716 -19.608577728271484
		endloop
	endfacet
	facet normal -1 0 0
		outer loop
			vertex 6.349999904632568 2.700000047683716 -19.608577728271484
			vertex 6.349999904632568 7.300000190734863 -20.108577728271484
			vertex 6.349999904632568 2.700000047683716 -20.108577728271484
		endloop
	endfacet
	facet normal 0 -1 0
		outer loop
			vertex 8.100000381469727 2.700000047683716 -18.941421508789062
			vertex 7.017157077789307 2.700000047683716 -18.941421508789062
			vertex 7.099999904632568 2.700000047683716 -19.941421508789062
		endloop
	endfacet
	facet normal 0 -1 0
		outer loop
			vertex 7.099999904632568 2.700000047683716 -19.941421508789062
			vertex 7.017157077789307 2.700000047683716 -18.941421508789062
			vertex 6.349999904632568 2.700000047683716 -19.608577728271484
		endloop
	endfacet
	facet normal 0 -1 0
		outer loop
			vertex 7.099999904632568 2.700000047683716 -19.941421508789062
			vertex 6.349999904632568 2.700000047683716 -19.608577728271484
			vertex 6.349999904632568 2.700000047683716 -20.108577728271484
		endloop
	endfacet
	facet normal 0 -1 0
		outer loop
			vertex 6.349999904632568 2.700000047683716 -20.108577728271484
			vertex 7.099999904632568 2.700000047683716 -20.858577728271484
			vertex 7.099999904632568 2.700000047683716 -19.941421508789062
		endloop
	endfacet
	facet normal 0 1 0
		outer loop
			vertex 6.349999904632568 7.300000190734863 -20.108577728271484
			vertex 6.349999904632568 7.300000190734863 -19.608577728271484
			vertex 7.099999904632568 7.300000190734863 -19.941421508789062
		endloop
	endfacet
	facet normal 0 1 0
		outer loop
			vertex 7.099999904632568 7.300000190734863 -19.941421508789062
			vertex 6.349999904632568 7.300000190734863 -19.608577728271484
			vertex 7.017157077789307 7.300000190734863 -18.941421508789062
		endloop
	endfacet
	facet normal 0 1 0
		outer loop
			vertex 7.099999904632568 7.300000190734863 -19.941421508789062
			vertex 7.017157077789307 7.300000190734863 -18.941421508789062
			vertex 8.100000381469727 7.300000190734863 -18.941421508789062
		endloop
	endfacet
	facet normal 0 1 0
		outer loop
			vertex 7.099999904632568 7.300000190734863 -19.941421508789062
			vertex 7.099999904632568 7.300000190734863 -20.858577728271484
			vertex 6.349999904632568 7.300000190734863 -20.108577728271484
		endloop
	endfacet
	facet normal 1 0 0
		outer loop
			vertex -6.349999904632568 -2.700000047683716 -20.108577728271484
			vertex -6.349999904632568 -2.700000047683716 -19.608577728271484
			vertex -6.349999904632568 -7.300000190734863 -20.108577728271484
		endloop
	endfacet
	facet normal 1 0 0
		outer loop
			vertex -6.349999904632568 -7.300000190734863 -20.108577728271484
			vertex -6.349999904632568 -2.700000047683716 -19.608577728271484
			vertex -6.349999904632568 -7.300000190734863 -19.608577728271484
		endloop
	endfacet
	facet normal 0.7071062757956694 0 0.7071072865770645
		outer loop
			vertex -6.349999904632568 -2.700000047683716 -19.608577728271484
			vertex -7.017157077789307 -2.700000047683716 -18.941421508789062
			vertex -6.349999904632568 -7.300000190734863 -19.608577728271484
		endloop
	endfacet
	facet normal 0.7071062757956694 0 0.7071072865770645
		outer loop
			vertex -6.349999904632568 -7.300000190734863 -19.608577728271484
			vertex -7.017157077789307 -2.700000047683716 -18.941421508789062
			vertex -7.017157077789307 -7.300000190734863 -18.941421508789062
		endloop
	endfacet
	facet normal 0 -1 0
		outer loop
			vertex -7.099999904632568 -7.300000190734863 -20.858577728271484
			vertex -6.349999904632568 -7.300000190734863 -20.108577728271484
			vertex -7.099999904632568 -7.300000190734863 -19.941421508789062
		endloop
	endfacet
	facet normal 0 -1 0
		outer loop
			vertex -7.099999904632568 -7.300000190734863 -19.941421508789062
			vertex -6.349999904632568 -7.300000190734863 -20.108577728271484
			vertex -6.349999904632568 -7.300000190734863 -19.608577728271484
		endloop
	endfacet
	facet normal 0 -1 0
		outer loop
			vertex -7.099999904632568 -7.300000190734863 -19.941421508789062
			vertex -6.349999904632568 -7.300000190734863 -19.608577728271484
			vertex -7.017157077789307 -7.300000190734863 -18.941421508789062
		endloop
	endfacet
	facet normal 0 -1 0
		outer loop
			vertex -7.017157077789307 -7.300000190734863 -18.941421508789062
			vertex -8.100000381469727 -7.300000190734863 -18.941421508789062
			vertex -7.099999904632568 -7.300000190734863 -19.941421508789062
		endloop
	endfacet
	facet normal 0 1 0
		outer loop
			vertex -7.099999904632568 -2.700000047683716 -20.858577728271484
			vertex -7.099999904632568 -2.700000047683716 -19.941421508789062
			vertex -6.349999904632568 -2.700000047683716 -20.108577728271484
		endloop
	endfacet
	facet normal 0 1 0
		outer loop
			vertex -6.349999904632568 -2.700000047683716 -20.108577728271484
			vertex -7.099999904632568 -2.700000047683716 -19.941421508789062
			vertex -6.349999904632568 -2.700000047683716 -19.608577728271484
		endloop
	endfacet
	facet normal 0 1 0
		outer loop
			vertex -6.349999904632568 -2.700000047683716 -19.608577728271484
			vertex -7.099999904632568 -2.700000047683716 -19.941421508789062
			vertex -7.017157077789307 -2.700000047683716 -18.941421508789062
		endloop
	endfacet
	facet normal 0 1 0
		outer loop
			vertex -7.017157077789307 -2.700000047683716 -18.941421508789062
			vertex -7.099999904632568 -2.700000047683716 -19.941421508789062
			vertex -8.100000381469727 -2.700000047683716 -18.941421508789062
		endloop
	endfacet
	facet normal -0.7071062757956694 0 0.7071072865770645
		outer loop
			vertex 7.017157077789307 -2.700000047683716 -18.941421508789062
			vertex 6.349999904632568 -2.700000047683716 -19.608577728271484
			vertex 7.017157077789307 -7.300000190734863 -18.941421508789062
		endloop
	endfacet
	facet normal -0.7071062757956694 0 0.7071072865770645
		outer loop
			vertex 7.017157077789307 -7.300000190734863 -18.941421508789062
			vertex 6.349999904632568 -2.700000047683716 -19.608577728271484
			vertex 6.349999904632568 -7.300000190734863 -19.608577728271484
		endloop
	endfacet
	facet normal -1 0 0
		outer loop
			vertex 6.349999904632568 -2.700000047683716 -19.608577728271484
			vertex 6.349999904632568 -2.700000047683716 -20.108577728271484
			vertex 6.349999904632568 -7.300000190734863 -19.608577728271484
		endloop
	endfacet
	facet normal -1 0 0
		outer loop
			vertex 6.349999904632568 -7.300000190734863 -19.608577728271484
			vertex 6.349999904632568 -2.700000047683716 -20.108577728271484
			vertex 6.349999904632568 -7.300000190734863 -20.108577728271484
		endloop
	endfacet
	facet normal 0 -1 0
		outer loop
			vertex 8.100000381469727 -7.300000190734863 -18.941421508789062
			vertex 7.017157077789307 -7.300000190734863 -18.941421508789062
			vertex 7.099999904632568 -7.300000190734863 -19.941421508789062
		endloop
	endfacet
	facet normal 0 -1 0
		outer loop
			vertex 7.099999904632568 -7.300000190734863 -19.941421508789062
			vertex 7.017157077789307 -7.300000190734863 -18.941421508789062
			vertex 6.349999904632568 -7.300000190734863 -19.608577728271484
		endloop
	endfacet
	facet normal 0 -1 0
		outer loop
			vertex 7.099999904632568 -7.300000190734863 -19.941421508789062
			vertex 6.349999904632568 -7.300000190734863 -19.608577728271484
			vertex 6.349999904632568 -7.300000190734863 -20.108577728271484
		endloop
	endfacet
	facet normal 0 -1 0
		outer loop
			vertex 6.349999904632568 -7.300000190734863 -20.108577728271484
			vertex 7.099999904632568 -7.300000190734863 -20.858577728271484
			vertex 7.099999904632568 -7.300000190734863 -19.941421508789062
		endloop
	endfacet
	facet normal 0 1 0
		outer loop
			vertex 6.349999904632568 -2.700000047683716 -20.108577728271484
			vertex 6.349999904632568 -2.700000047683716 -19.608577728271484
			vertex 7.099999904632568 -2.700000047683716 -19.941421508789062
		endloop
	endfacet
	facet normal 0 1 0
		outer loop
			vertex 7.099999904632568 -2.700000047683716 -19.941421508789062
			vertex 6.349999904632568 -2.700000047683716 -19.608577728271484
			vertex 7.017157077789307 -2.700000047683716 -18.941421508789062
		endloop
	endfacet
	facet normal 0 1 0
		outer loop
			vertex 7.099999904632568 -2.700000047683716 -19.941421508789062
			vertex 7.017157077789307 -2.700000047683716 -18.941421508789062
			vertex 8.100000381469727 -2.700000047683716 -18.941421508789062
		endloop
	endfacet
	facet normal 0 1 0
		outer loop
			vertex 7.099999904632568 -2.700000047683716 -19.941421508789062
			vertex 7.099999904632568 -2.700000047683716 -20.858577728271484
			vertex 6.349999904632568 -2.700000047683716 -20.108577728271484
		endloop
	endfacet
	facet normal 1 0 0
		outer loop
			vertex -6.349999904632568 -12.699999809265137 -20.108577728271484
			vertex -6.349999904632568 -12.699999809265137 -19.608577728271484
			vertex -6.349999904632568 -17.299999237060547 -20.108577728271484
		endloop
	endfacet
	facet normal 1 0 0
		outer loop
			vertex -6.349999904632568 -17.299999237060547 -20.108577728271484
			vertex -6.349999904632568 -12.699999809265137 -19.608577728271484
			vertex -6.349999904632568 -17.299999237060547 -19.608577728271484
		endloop
	endfacet
	facet normal 0.7071062757956695 0 0.7071072865770645
		outer loop
			vertex -6.349999904632568 -12.699999809265137 -19.608577728271484
			vertex -7.017157077789307 -12.699999809265137 -18.941421508789062
			vertex -6.349999904632568 -17.299999237060547 -19.608577728271484
		endloop
	endfacet
	facet normal 0.7071062757956695 0 0.7071072865770645
		outer loop
			vertex -6.349999904632568 -17.299999237060547 -19.608577728271484
			vertex -7.017157077789307 -12.699999809265137 -18.941421508789062
			vertex -7.017157077789307 -17.299999237060547 -18.941421508789062
		endloop
	endfacet
	facet normal 0 -1 0
		outer loop
			vertex -7.099999904632568 -17.299999237060547 -20.858577728271484
			vertex -6.349999904632568 -17.299999237060547 -20.108577728271484
			vertex -7.099999904632568 -17.299999237060547 -19.941421508789062
		endloop
	endfacet
	facet normal 0 -1 0
		outer loop
			vertex -7.099999904632568 -17.299999237060547 -19.941421508789062
			vertex -6.349999904632568 -17.299999237060547 -20.108577728271484
			vertex -6.349999904632568 -17.299999237060547 -19.608577728271484
		endloop
	endfacet
	facet normal 0 -1 0
		outer loop
			vertex -7.099999904632568 -17.299999237060547 -19.941421508789062
			vertex -6.349999904632568 -17.299999237060547 -19.608577728271484
			vertex -7.017157077789307 -17.299999237060547 -18.941421508789062
		endloop
	endfacet
	facet normal 0 -1 0
		outer loop
			vertex -7.017157077789307 -17.299999237060547 -18.941421508789062
			vertex -8.100000381469727 -17.299999237060547 -18.941421508789062
			vertex -7.099999904632568 -17.299999237060547 -19.941421508789062
		endloop
	endfacet
	facet normal 0 1 0
		outer loop
			vertex -7.099999904632568 -12.699999809265137 -20.858577728271484
			vertex -7.099999904632568 -12.699999809265137 -19.941421508789062
			vertex -6.349999904632568 -12.699999809265137 -20.108577728271484
		endloop
	endfacet
	facet normal 0 1 0
		outer loop
			vertex -6.349999904632568 -12.699999809265137 -20.108577728271484
			vertex -7.099999904632568 -12.699999809265137 -19.941421508789062
			vertex -6.349999904632568 -12.699999809265137 -19.608577728271484
		endloop
	endfacet
	facet normal 0 1 0
		outer loop
			vertex -6.349999904632568 -12.699999809265137 -19.608577728271484
			vertex -7.099999904632568 -12.699999809265137 -19.941421508789062
			vertex -7.017157077789307 -12.699999809265137 -18.941421508789062
		endloop
	endfacet
	facet normal 0 1 0
		outer loop
			vertex -7.017157077789307 -12.699999809265137 -18.941421508789062
			vertex -7.099999904632568 -12.699999809265137 -19.941421508789062
			vertex -8.100000381469727 -12.699999809265137 -18.941421508789062
		endloop
	endfacet
	facet normal -0.7071062757956695 0 0.7071072865770645
		outer loop
			vertex 7.017157077789307 -12.699999809265137 -18.941421508789062
			vertex 6.349999904632568 -12.699999809265137 -19.608577728271484
			vertex 7.017157077789307 -17.299999237060547 -18.941421508789062
		endloop
	endfacet
	facet normal -0.7071062757956695 0 0.7071072865770645
		outer loop
			vertex 7.017157077789307 -17.299999237060547 -18.941421508789062
			vertex 6.349999904632568 -12.699999809265137 -19.608577728271484
			vertex 6.349999904632568 -17.299999237060547 -19.608577728271484
		endloop
	endfacet
	facet normal -1 0 0
		outer loop
			vertex 6.349999904632568 -12.699999809265137 -19.608577728271484
			vertex 6.349999904632568 -12.699999809265137 -20.108577728271484
			vertex 6.349999904632568 -17.299999237060547 -19.608577728271484
		endloop
	endfacet
	facet normal -1 0 0
		outer loop
			vertex 6.349999904632568 -17.299999237060547 -19.608577728271484
			vertex 6.349999904632568 -12.699999809265137 -20.108577728271484
			vertex 6.349999904632568 -17.299999237060547 -20.108577728271484
		endloop
	endfacet
	facet normal 0 -1 0
		outer loop
			vertex 8.100000381469727 -17.299999237060547 -18.941421508789062
			vertex 7.017157077789307 -17.299999237060547 -18.941421508789062
			vertex 7.099999904632568 -17.299999237060547 -19.941421508789062
		endloop
	endfacet
	facet normal 0 -1 0
		outer loop
			vertex 7.099999904632568 -17.299999237060547 -19.941421508789062
			vertex 7.017157077789307 -17.299999237060547 -18.941421508789062
			vertex 6.349999904632568 -17.299999237060547 -19.608577728271484
		endloop
	endfacet
	facet normal 0 -1 0
		outer loop
			vertex 7.099999904632568 -17.299999237060547 -19.941421508789062
			vertex 6.349999904632568 -17.299999237060547 -19.608577728271484
			vertex 6.349999904632568 -17.299999237060547 -20.108577728271484
		endloop
	endfacet
	facet normal 0 -1 0
		outer loop
			vertex 6.349999904632568 -17.299999237060547 -20.108577728271484
			vertex 7.099999904632568 -17.299999237060547 -20.858577728271484
			vertex 7.099999904632568 -17.299999237060547 -19.941421508789062
		endloop
	endfacet
	facet normal 0 1 0
		outer loop
			vertex 6.349999904632568 -12.699999809265137 -20.108577728271484
			vertex 6.349999904632568 -12.699999809265137 -19.608577728271484
			vertex 7.099999904632568 -12.699999809265137 -19.941421508789062
		endloop
	endfacet
	facet normal 0 1 0
		outer loop
			vertex 7.099999904632568 -12.699999809265137 -19.941421508789062
			vertex 6.349999904632568 -12.699999809265137 -19.608577728271484
			vertex 7.017157077789307 -12.699999809265137 -18.941421508789062
		endloop
	endfacet
	facet normal 0 1 0
		outer loop
			vertex 7.099999904632568 -12.699999809265137 -19.941421508789062
			vertex 7.017157077789307 -12.699999809265137 -18.941421508789062
			vertex 8.100000381469727 -12.699999809265137 -18.941421508789062
		endloop
	endfacet
	facet normal 0 1 0
		outer loop
			vertex 7.099999904632568 -12.699999809265137 -19.941421508789062
			vertex 7.099999904632568 -12.699999809265137 -20.858577728271484
			vertex 6.349999904632568 -12.699999809265137 -20.108577728271484
		endloop
	endfacet
	facet normal 1 0 0
		outer loop
			vertex -6.349999904632568 -22.700000762939453 -20.108577728271484
			vertex -6.349999904632568 -22.700000762939453 -19.608577728271484
			vertex -6.349999904632568 -27.299999237060547 -20.108577728271484
		endloop
	endfacet
	facet normal 1 0 0
		outer loop
			vertex -6.349999904632568 -27.299999237060547 -20.108577728271484
			vertex -6.349999904632568 -22.700000762939453 -19.608577728271484
			vertex -6.349999904632568 -27.299999237060547 -19.608577728271484
		endloop
	endfacet
	facet normal 0.7071062757956694 0 0.7071072865770645
		outer loop
			vertex -6.349999904632568 -22.700000762939453 -19.608577728271484
			vertex -7.017157077789307 -22.700000762939453 -18.941421508789062
			vertex -6.349999904632568 -27.299999237060547 -19.608577728271484
		endloop
	endfacet
	facet normal 0.7071062757956694 0 0.7071072865770645
		outer loop
			vertex -6.349999904632568 -27.299999237060547 -19.608577728271484
			vertex -7.017157077789307 -22.700000762939453 -18.941421508789062
			vertex -7.017157077789307 -27.299999237060547 -18.941421508789062
		endloop
	endfacet
	facet normal 0 -1 0
		outer loop
			vertex -7.099999904632568 -27.299999237060547 -20.858577728271484
			vertex -6.349999904632568 -27.299999237060547 -20.108577728271484
			vertex -7.099999904632568 -27.299999237060547 -19.941421508789062
		endloop
	endfacet
	facet normal 0 -1 0
		outer loop
			vertex -7.099999904632568 -27.299999237060547 -19.941421508789062
			vertex -6.349999904632568 -27.299999237060547 -20.108577728271484
			vertex -6.349999904632568 -27.299999237060547 -19.608577728271484
		endloop
	endfacet
	facet normal 0 -1 0
		outer loop
			vertex -7.099999904632568 -27.299999237060547 -19.941421508789062
			vertex -6.349999904632568 -27.299999237060547 -19.608577728271484
			vertex -7.017157077789307 -27.299999237060547 -18.941421508789062
		endloop
	endfacet
	facet normal 0 -1 0
		outer loop
			vertex -7.017157077789307 -27.299999237060547 -18.941421508789062
			vertex -8.100000381469727 -27.299999237060547 -18.941421508789062
			vertex -7.099999904632568 -27.299999237060547 -19.941421508789062
		endloop
	endfacet
	facet normal 0 1 0
		outer loop
			vertex -7.099999904632568 -22.700000762939453 -20.858577728271484
			vertex -7.099999904632568 -22.700000762939453 -19.941421508789062
			vertex -6.349999904632568 -22.700000762939453 -20.108577728271484
		endloop
	endfacet
	facet normal 0 1 0
		outer loop
			vertex -6.349999904632568 -22.700000762939453 -20.108577728271484
			vertex -7.099999904632568 -22.700000762939453 -19.941421508789062
			vertex -6.349999904632568 -22.700000762939453 -19.608577728271484
		endloop
	endfacet
	facet normal 0 1 0
		outer loop
			vertex -6.349999904632568 -22.700000762939453 -19.608577728271484
			vertex -7.099999904632568 -22.700000762939453 -19.941421508789062
			vertex -7.017157077789307 -22.700000762939453 -18.941421508789062
		endloop
	endfacet
	facet normal 0 1 0
		outer loop
			vertex -7.017157077789307 -22.700000762939453 -18.941421508789062
			vertex -7.099999904632568 -22.700000762939453 -19.941421508789062
			vertex -8.100000381469727 -22.700000762939453 -18.941421508789062
		endloop
	endfacet
	facet normal -0.7071062757956694 0 0.7071072865770645
		outer loop
			vertex 7.017157077789307 -22.700000762939453 -18.941421508789062
			vertex 6.349999904632568 -22.700000762939453 -19.608577728271484
			vertex 7.017157077789307 -27.299999237060547 -18.941421508789062
		endloop
	endfacet
	facet normal -0.7071062757956694 0 0.7071072865770645
		outer loop
			vertex 7.017157077789307 -27.299999237060547 -18.941421508789062
			vertex 6.349999904632568 -22.700000762939453 -19.608577728271484
			vertex 6.349999904632568 -27.299999237060547 -19.608577728271484
		endloop
	endfacet
	facet normal -1 0 0
		outer loop
			vertex 6.349999904632568 -22.700000762939453 -19.608577728271484
			vertex 6.349999904632568 -22.700000762939453 -20.108577728271484
			vertex 6.349999904632568 -27.299999237060547 -19.608577728271484
		endloop
	endfacet
	facet normal -1 0 0
		outer loop
			vertex 6.349999904632568 -27.299999237060547 -19.608577728271484
			vertex 6.349999904632568 -22.700000762939453 -20.108577728271484
			vertex 6.349999904632568 -27.299999237060547 -20.108577728271484
		endloop
	endfacet
	facet normal 0 -1 0
		outer loop
			vertex 8.100000381469727 -27.299999237060547 -18.941421508789062
			vertex 7.017157077789307 -27.299999237060547 -18.941421508789062
			vertex 7.099999904632568 -27.299999237060547 -19.941421508789062
		endloop
	endfacet
	facet normal 0 -1 0
		outer loop
			vertex 7.099999904632568 -27.299999237060547 -19.941421508789062
			vertex 7.017157077789307 -27.299999237060547 -18.941421508789062
			vertex 6.349999904632568 -27.299999237060547 -19.608577728271484
		endloop
	endfacet
	facet normal 0 -1 0
		outer loop
			vertex 7.099999904632568 -27.299999237060547 -19.941421508789062
			vertex 6.349999904632568 -27.299999237060547 -19.608577728271484
			vertex 6.349999904632568 -27.299999237060547 -20.108577728271484
		endloop
	endfacet
	facet normal 0 -1 0
		outer loop
			vertex 6.349999904632568 -27.299999237060547 -20.108577728271484
			vertex 7.099999904632568 -27.299999237060547 -20.858577728271484
			vertex 7.099999904632568 -27.299999237060547 -19.941421508789062
		endloop
	endfacet
	facet normal 0 1 0
		outer loop
			vertex 6.349999904632568 -22.700000762939453 -20.108577728271484
			vertex 6.349999904632568 -22.700000762939453 -19.608577728271484
			vertex 7.099999904632568 -22.700000762939453 -19.941421508789062
		endloop
	endfacet
	facet normal 0 1 0
		outer loop
			vertex 7.099999904632568 -22.700000762939453 -19.941421508789062
			vertex 6.349999904632568 -22.700000762939453 -19.608577728271484
			vertex 7.017157077789307 -22.700000762939453 -18.941421508789062
		endloop
	endfacet
	facet normal 0 1 0
		outer loop
			vertex 7.099999904632568 -22.700000762939453 -19.941421508789062
			vertex 7.017157077789307 -22.700000762939453 -18.941421508789062
			vertex 8.100000381469727 -22.700000762939453 -18.941421508789062
		endloop
	endfacet
	facet normal 0 1 0
		outer loop
			vertex 7.099999904632568 -22.700000762939453 -19.941421508789062
			vertex 7.099999904632568 -22.700000762939453 -20.858577728271484
			vertex 6.349999904632568 -22.700000762939453 -20.108577728271484
		endloop
	endfacet
	facet normal 1 0 0
		outer loop
			vertex -6.349999904632568 -32.70000076293945 -20.108577728271484
			vertex -6.349999904632568 -32.70000076293945 -19.608577728271484
			vertex -6.349999904632568 -37.29999923706055 -20.108577728271484
		endloop
	endfacet
	facet normal 1 0 0
		outer loop
			vertex -6.349999904632568 -37.29999923706055 -20.108577728271484
			vertex -6.349999904632568 -32.70000076293945 -19.608577728271484
			vertex -6.349999904632568 -37.29999923706055 -19.608577728271484
		endloop
	endfacet
	facet normal 0.7071062757956694 0 0.7071072865770645
		outer loop
			vertex -6.349999904632568 -32.70000076293945 -19.608577728271484
			vertex -7.017157077789307 -32.70000076293945 -18.941421508789062
			vertex -6.349999904632568 -37.29999923706055 -19.608577728271484
		endloop
	endfacet
	facet normal 0.7071062757956694 0 0.7071072865770645
		outer loop
			vertex -6.349999904632568 -37.29999923706055 -19.608577728271484
			vertex -7.017157077789307 -32.70000076293945 -18.941421508789062
			vertex -7.017157077789307 -37.29999923706055 -18.941421508789062
		endloop
	endfacet
	facet normal 0 -1 0
		outer loop
			vertex -7.099999904632568 -37.29999923706055 -20.858577728271484
			vertex -6.349999904632568 -37.29999923706055 -20.108577728271484
			vertex -7.099999904632568 -37.29999923706055 -19.941421508789062
		endloop
	endfacet
	facet normal 0 -1 0
		outer loop
			vertex -7.099999904632568 -37.29999923706055 -19.941421508789062
			vertex -6.349999904632568 -37.29999923706055 -20.108577728271484
			vertex -6.349999904632568 -37.29999923706055 -19.608577728271484
		endloop
	endfacet
	facet normal 0 -1 0
		outer loop
			vertex -7.099999904632568 -37.29999923706055 -19.941421508789062
			vertex -6.349999904632568 -37.29999923706055 -19.608577728271484
			vertex -7.017157077789307 -37.29999923706055 -18.941421508789062
		endloop
	endfacet
	facet normal 0 -1 0
		outer loop
			vertex -7.017157077789307 -37.29999923706055 -18.941421508789062
			vertex -8.100000381469727 -37.29999923706055 -18.941421508789062
			vertex -7.099999904632568 -37.29999923706055 -19.941421508789062
		endloop
	endfacet
	facet normal 0 1 0
		outer loop
			vertex -7.099999904632568 -32.70000076293945 -20.858577728271484
			vertex -7.099999904632568 -32.70000076293945 -19.941421508789062
			vertex -6.349999904632568 -32.70000076293945 -20.108577728271484
		endloop
	endfacet
	facet normal 0 1 0
		outer loop
			vertex -6.349999904632568 -32.70000076293945 -20.108577728271484
			vertex -7.099999904632568 -32.70000076293945 -19.941421508789062
			vertex -6.349999904632568 -32.70000076293945 -19.608577728271484
		endloop
	endfacet
	facet normal 0 1 0
		outer loop
			vertex -6.349999904632568 -32.70000076293945 -19.608577728271484
			vertex -7.099999904632568 -32.70000076293945 -19.941421508789062
			vertex -7.017157077789307 -32.70000076293945 -18.941421508789062
		endloop
	endfacet
	facet normal 0 1 0
		outer loop
			vertex -7.017157077789307 -32.70000076293945 -18.941421508789062
			vertex -7.099999904632568 -32.70000076293945 -19.941421508789062
			vertex -8.100000381469727 -32.70000076293945 -18.941421508789062
		endloop
	endfacet
	facet normal -0.7071062757956694 0 0.7071072865770645
		outer loop
			vertex 7.017157077789307 -32.70000076293945 -18.941421508789062
			vertex 6.349999904632568 -32.70000076293945 -19.608577728271484
			vertex 7.017157077789307 -37.29999923706055 -18.941421508789062
		endloop
	endfacet
	facet normal -0.7071062757956694 0 0.7071072865770645
		outer loop
			vertex 7.017157077789307 -37.29999923706055 -18.941421508789062
			vertex 6.349999904632568 -32.70000076293945 -19.608577728271484
			vertex 6.349999904632568 -37.29999923706055 -19.608577728271484
		endloop
	endfacet
	facet normal -1 0 0
		outer loop
			vertex 6.349999904632568 -32.70000076293945 -19.608577728271484
			vertex 6.349999904632568 -32.70000076293945 -20.108577728271484
			vertex 6.349999904632568 -37.29999923706055 -19.608577728271484
		endloop
	endfacet
	facet normal -1 0 0
		outer loop
			vertex 6.349999904632568 -37.29999923706055 -19.608577728271484
			vertex 6.349999904632568 -32.70000076293945 -20.108577728271484
			vertex 6.349999904632568 -37.29999923706055 -20.108577728271484
		endloop
	endfacet
	facet normal 0 -1 0
		outer loop
			vertex 8.100000381469727 -37.29999923706055 -18.941421508789062
			vertex 7.017157077789307 -37.29999923706055 -18.941421508789062
			vertex 7.099999904632568 -37.29999923706055 -19.941421508789062
		endloop
	endfacet
	facet normal 0 -1 0
		outer loop
			vertex 7.099999904632568 -37.29999923706055 -19.941421508789062
			vertex 7.017157077789307 -37.29999923706055 -18.941421508789062
			vertex 6.349999904632568 -37.29999923706055 -19.608577728271484
		endloop
	endfacet
	facet normal 0 -1 0
		outer loop
			vertex 7.099999904632568 -37.29999923706055 -19.941421508789062
			vertex 6.349999904632568 -37.29999923706055 -19.608577728271484
			vertex 6.349999904632568 -37.29999923706055 -20.108577728271484
		endloop
	endfacet
	facet normal 0 -1 0
		outer loop
			vertex 6.349999904632568 -37.29999923706055 -20.108577728271484
			vertex 7.099999904632568 -37.29999923706055 -20.858577728271484
			vertex 7.099999904632568 -37.29999923706055 -19.941421508789062
		endloop
	endfacet
	facet normal 0 1 0
		outer loop
			vertex 6.349999904632568 -32.70000076293945 -20.108577728271484
			vertex 6.349999904632568 -32.70000076293945 -19.608577728271484
			vertex 7.099999904632568 -32.70000076293945 -19.941421508789062
		endloop
	endfacet
	facet normal 0 1 0
		outer loop
			vertex 7.099999904632568 -32.70000076293945 -19.941421508789062
			vertex 6.349999904632568 -32.70000076293945 -19.608577728271484
			vertex 7.017157077789307 -32.70000076293945 -18.941421508789062
		endloop
	endfacet
	facet normal 0 1 0
		outer loop
			vertex 7.099999904632568 -32.70000076293945 -19.941421508789062
			vertex 7.017157077789307 -32.70000076293945 -18.941421508789062
			vertex 8.100000381469727 -32.70000076293945 -18.941421508789062
		endloop
	endfacet
	facet normal 0 1 0
		outer loop
			vertex 7.099999904632568 -32.70000076293945 -19.941421508789062
			vertex 7.099999904632568 -32.70000076293945 -20.858577728271484
			vertex 6.349999904632568 -32.70000076293945 -20.108577728271484
		endloop
	endfacet
	facet normal 1 0 0
		outer loop
			vertex -6.349999904632568 -42.70000076293945 -20.108577728271484
			vertex -6.349999904632568 -42.70000076293945 -19.608577728271484
			vertex -6.349999904632568 -47.29999923706055 -20.108577728271484
		endloop
	endfacet
	facet normal 1 0 0
		outer loop
			vertex -6.349999904632568 -47.29999923706055 -20.108577728271484
			vertex -6.349999904632568 -42.70000076293945 -19.608577728271484
			vertex -6.349999904632568 -47.29999923706055 -19.608577728271484
		endloop
	endfacet
	facet normal 0.7071062757956694 0 0.7071072865770645
		outer loop
			vertex -6.349999904632568 -42.70000076293945 -19.608577728271484
			vertex -7.017157077789307 -42.70000076293945 -18.941421508789062
			vertex -6.349999904632568 -47.29999923706055 -19.608577728271484
		endloop
	endfacet
	facet normal 0.7071062757956694 0 0.7071072865770645
		outer loop
			vertex -6.349999904632568 -47.29999923706055 -19.608577728271484
			vertex -7.017157077789307 -42.70000076293945 -18.941421508789062
			vertex -7.017157077789307 -47.29999923706055 -18.941421508789062
		endloop
	endfacet
	facet normal 0 -1 0
		outer loop
			vertex -7.099999904632568 -47.29999923706055 -20.858577728271484
			vertex -6.349999904632568 -47.29999923706055 -20.108577728271484
			vertex -7.099999904632568 -47.29999923706055 -19.941421508789062
		endloop
	endfacet
	facet normal 0 -1 0
		outer loop
			vertex -7.099999904632568 -47.29999923706055 -19.941421508789062
			vertex -6.349999904632568 -47.29999923706055 -20.108577728271484
			vertex -6.349999904632568 -47.29999923706055 -19.608577728271484
		endloop
	endfacet
	facet normal 0 -1 0
		outer loop
			vertex -7.099999904632568 -47.29999923706055 -19.941421508789062
			vertex -6.349999904632568 -47.29999923706055 -19.608577728271484
			vertex -7.017157077789307 -47.29999923706055 -18.941421508789062
		endloop
	endfacet
	facet normal 0 -1 0
		outer loop
			vertex -7.017157077789307 -47.29999923706055 -18.941421508789062
			vertex -8.100000381469727 -47.29999923706055 -18.941421508789062
			vertex -7.099999904632568 -47.29999923706055 -19.941421508789062
		endloop
	endfacet
	facet normal 0 1 0
		outer loop
			vertex -7.099999904632568 -42.70000076293945 -20.858577728271484
			vertex -7.099999904632568 -42.70000076293945 -19.941421508789062
			vertex -6.349999904632568 -42.70000076293945 -20.108577728271484
		endloop
	endfacet
	facet normal 0 1 0
		outer loop
			vertex -6.349999904632568 -42.70000076293945 -20.108577728271484
			vertex -7.099999904632568 -42.70000076293945 -19.941421508789062
			vertex -6.349999904632568 -42.70000076293945 -19.608577728271484
		endloop
	endfacet
	facet normal 0 1 0
		outer loop
			vertex -6.349999904632568 -42.70000076293945 -19.608577728271484
			vertex -7.099999904632568 -42.70000076293945 -19.941421508789062
			vertex -7.017157077789307 -42.70000076293945 -18.941421508789062
		endloop
	endfacet
	facet normal 0 1 0
		outer loop
			vertex -7.017157077789307 -42.70000076293945 -18.941421508789062
			vertex -7.099999904632568 -42.70000076293945 -19.941421508789062
			vertex -8.100000381469727 -42.70000076293945 -18.941421508789062
		endloop
	endfacet
	facet normal -0.7071062757956694 0 0.7071072865770645
		outer loop
			vertex 7.017157077789307 -42.70000076293945 -18.941421508789062
			vertex 6.349999904632568 -42.70000076293945 -19.608577728271484
			vertex 7.017157077789307 -47.29999923706055 -18.941421508789062
		endloop
	endfacet
	facet normal -0.7071062757956694 0 0.7071072865770645
		outer loop
			vertex 7.017157077789307 -47.29999923706055 -18.941421508789062
			vertex 6.349999904632568 -42.70000076293945 -19.608577728271484
			vertex 6.349999904632568 -47.29999923706055 -19.608577728271484
		endloop
	endfacet
	facet normal -1 0 0
		outer loop
			vertex 6.349999904632568 -42.70000076293945 -19.608577728271484
			vertex 6.349999904632568 -42.70000076293945 -20.108577728271484
			vertex 6.349999904632568 -47.29999923706055 -19.608577728271484
		endloop
	endfacet
	facet normal -1 0 0
		outer loop
			vertex 6.349999904632568 -47.29999923706055 -19.608577728271484
			vertex 6.349999904632568 -42.70000076293945 -20.108577728271484
			vertex 6.349999904632568 -47.29999923706055 -20.108577728271484
		endloop
	endfacet
	facet normal 0 -1 0
		outer loop
			vertex 8.100000381469727 -47.29999923706055 -18.941421508789062
			vertex 7.017157077789307 -47.29999923706055 -18.941421508789062
			vertex 7.099999904632568 -47.29999923706055 -19.941421508789062
		endloop
	endfacet
	facet normal 0 -1 0
		outer loop
			vertex 7.099999904632568 -47.29999923706055 -19.941421508789062
			vertex 7.017157077789307 -47.29999923706055 -18.941421508789062
			vertex 6.349999904632568 -47.29999923706055 -19.608577728271484
		endloop
	endfacet
	facet normal 0 -1 0
		outer loop
			vertex 7.099999904632568 -47.29999923706055 -19.941421508789062
			vertex 6.349999904632568 -47.29999923706055 -19.608577728271484
			vertex 6.349999904632568 -47.29999923706055 -20.108577728271484
		endloop
	endfacet
	facet normal 0 -1 0
		outer loop
			vertex 6.349999904632568 -47.29999923706055 -20.108577728271484
			vertex 7.099999904632568 -47.29999923706055 -20.858577728271484
			vertex 7.099999904632568 -47.29999923706055 -19.941421508789062
		endloop
	endfacet
	facet normal 0 1 0
		outer loop
			vertex 6.349999904632568 -42.70000076293945 -20.108577728271484
			vertex 6.349999904632568 -42.70000076293945 -19.608577728271484
			vertex 7.099999904632568 -42.70000076293945 -19.941421508789062
		endloop
	endfacet
	facet normal 0 1 0
		outer loop
			vertex 7.099999904632568 -42.70000076293945 -19.941421508789062
			vertex 6.349999904632568 -42.70000076293945 -19.608577728271484
			vertex 7.017157077789307 -42.70000076293945 -18.941421508789062
		endloop
	endfacet
	facet normal 0 1 0
		outer loop
			vertex 7.099999904632568 -42.70000076293945 -19.941421508789062
			vertex 7.017157077789307 -42.70000076293945 -18.941421508789062
			vertex 8.100000381469727 -42.70000076293945 -18.941421508789062
		endloop
	endfacet
	facet normal 0 1 0
		outer loop
			vertex 7.099999904632568 -42.70000076293945 -19.941421508789062
			vertex 7.099999904632568 -42.70000076293945 -20.858577728271484
			vertex 6.349999904632568 -42.70000076293945 -20.108577728271484
		endloop
	endfacet
	facet normal 1 0 0
		outer loop
			vertex -6.349999904632568 -52.70000076293945 -20.108577728271484
			vertex -6.349999904632568 -52.70000076293945 -19.608577728271484
			vertex -6.349999904632568 -57.29999923706055 -20.108577728271484
		endloop
	endfacet
	facet normal 1 0 0
		outer loop
			vertex -6.349999904632568 -57.29999923706055 -20.108577728271484
			vertex -6.349999904632568 -52.70000076293945 -19.608577728271484
			vertex -6.349999904632568 -57.29999923706055 -19.608577728271484
		endloop
	endfacet
	facet normal 0.7071062757956694 0 0.7071072865770645
		outer loop
			vertex -6.349999904632568 -52.70000076293945 -19.608577728271484
			vertex -7.017157077789307 -52.70000076293945 -18.941421508789062
			vertex -6.349999904632568 -57.29999923706055 -19.608577728271484
		endloop
	endfacet
	facet normal 0.7071062757956694 0 0.7071072865770645
		outer loop
			vertex -6.349999904632568 -57.29999923706055 -19.608577728271484
			vertex -7.017157077789307 -52.70000076293945 -18.941421508789062
			vertex -7.017157077789307 -57.29999923706055 -18.941421508789062
		endloop
	endfacet
	facet normal 0 -1 0
		outer loop
			vertex -7.099999904632568 -57.29999923706055 -20.858577728271484
			vertex -6.349999904632568 -57.29999923706055 -20.108577728271484
			vertex -7.099999904632568 -57.29999923706055 -19.941421508789062
		endloop
	endfacet
	facet normal 0 -1 0
		outer loop
			vertex -7.099999904632568 -57.29999923706055 -19.941421508789062
			vertex -6.349999904632568 -57.29999923706055 -20.108577728271484
			vertex -6.349999904632568 -57.29999923706055 -19.608577728271484
		endloop
	endfacet
	facet normal 0 -1 0
		outer loop
			vertex -7.099999904632568 -57.29999923706055 -19.941421508789062
			vertex -6.349999904632568 -57.29999923706055 -19.608577728271484
			vertex -7.017157077789307 -57.29999923706055 -18.941421508789062
		endloop
	endfacet
	facet normal 0 -1 0
		outer loop
			vertex -7.017157077789307 -57.29999923706055 -18.941421508789062
			vertex -8.100000381469727 -57.29999923706055 -18.941421508789062
			vertex -7.099999904632568 -57.29999923706055 -19.941421508789062
		endloop
	endfacet
	facet normal 0 1 0
		outer loop
			vertex -7.099999904632568 -52.70000076293945 -20.858577728271484
			vertex -7.099999904632568 -52.70000076293945 -19.941421508789062
			vertex -6.349999904632568 -52.70000076293945 -20.108577728271484
		endloop
	endfacet
	facet normal 0 1 0
		outer loop
			vertex -6.349999904632568 -52.70000076293945 -20.108577728271484
			vertex -7.099999904632568 -52.70000076293945 -19.941421508789062
			vertex -6.349999904632568 -52.70000076293945 -19.608577728271484
		endloop
	endfacet
	facet normal 0 1 0
		outer loop
			vertex -6.349999904632568 -52.70000076293945 -19.608577728271484
			vertex -7.099999904632568 -52.70000076293945 -19.941421508789062
			vertex -7.017157077789307 -52.70000076293945 -18.941421508789062
		endloop
	endfacet
	facet normal 0 1 0
		outer loop
			vertex -7.017157077789307 -52.70000076293945 -18.941421508789062
			vertex -7.099999904632568 -52.70000076293945 -19.941421508789062
			vertex -8.100000381469727 -52.70000076293945 -18.941421508789062
		endloop
	endfacet
	facet normal -0.7071062757956694 0 0.7071072865770645
		outer loop
			vertex 7.017157077789307 -52.70000076293945 -18.941421508789062
			vertex 6.349999904632568 -52.70000076293945 -19.608577728271484
			vertex 7.017157077789307 -57.29999923706055 -18.941421508789062
		endloop
	endfacet
	facet normal -0.7071062757956694 0 0.7071072865770645
		outer loop
			vertex 7.017157077789307 -57.29999923706055 -18.941421508789062
			vertex 6.349999904632568 -52.70000076293945 -19.608577728271484
			vertex 6.349999904632568 -57.29999923706055 -19.608577728271484
		endloop
	endfacet
	facet normal -1 0 0
		outer loop
			vertex 6.349999904632568 -52.70000076293945 -19.608577728271484
			vertex 6.349999904632568 -52.70000076293945 -20.108577728271484
			vertex 6.349999904632568 -57.29999923706055 -19.608577728271484
		endloop
	endfacet
	facet normal -1 0 0
		outer loop
			vertex 6.349999904632568 -57.29999923706055 -19.608577728271484
			vertex 6.349999904632568 -52.70000076293945 -20.108577728271484
			vertex 6.349999904632568 -57.29999923706055 -20.108577728271484
		endloop
	endfacet
	facet normal 0 -1 0
		outer loop
			vertex 8.100000381469727 -57.29999923706055 -18.941421508789062
			vertex 7.017157077789307 -57.29999923706055 -18.941421508789062
			vertex 7.099999904632568 -57.29999923706055 -19.941421508789062
		endloop
	endfacet
	facet normal 0 -1 0
		outer loop
			vertex 7.099999904632568 -57.29999923706055 -19.941421508789062
			vertex 7.017157077789307 -57.29999923706055 -18.941421508789062
			vertex 6.349999904632568 -57.29999923706055 -19.608577728271484
		endloop
	endfacet
	facet normal 0 -1 0
		outer loop
			vertex 7.099999904632568 -57.29999923706055 -19.941421508789062
			vertex 6.349999904632568 -57.29999923706055 -19.608577728271484
			vertex 6.349999904632568 -57.29999923706055 -20.108577728271484
		endloop
	endfacet
	facet normal 0 -1 0
		outer loop
			vertex 6.349999904632568 -57.29999923706055 -20.108577728271484
			vertex 7.099999904632568 -57.29999923706055 -20.858577728271484
			vertex 7.099999904632568 -57.29999923706055 -19.941421508789062
		endloop
	endfacet
	facet normal 0 1 0
		outer loop
			vertex 6.349999904632568 -52.70000076293945 -20.108577728271484
			vertex 6.349999904632568 -52.70000076293945 -19.608577728271484
			vertex 7.099999904632568 -52.70000076293945 -19.941421508789062
		endloop
	endfacet
	facet normal 0 1 0
		outer loop
			vertex 7.099999904632568 -52.70000076293945 -19.941421508789062
			vertex 6.349999904632568 -52.70000076293945 -19.608577728271484
			vertex 7.017157077789307 -52.70000076293945 -18.941421508789062
		endloop
	endfacet
	facet normal 0 1 0
		outer loop
			vertex 7.099999904632568 -52.70000076293945 -19.941421508789062
			vertex 7.017157077789307 -52.70000076293945 -18.941421508789062
			vertex 8.100000381469727 -52.70000076293945 -18.941421508789062
		endloop
	endfacet
	facet normal 0 1 0
		outer loop
			vertex 7.099999904632568 -52.70000076293945 -19.941421508789062
			vertex 7.099999904632568 -52.70000076293945 -20.858577728271484
			vertex 6.349999904632568 -52.70000076293945 -20.108577728271484
		endloop
	endfacet
	facet normal 1 0 0
		outer loop
			vertex -6.349999904632568 -62.70000076293945 -20.108577728271484
			vertex -6.349999904632568 -62.70000076293945 -19.608577728271484
			vertex -6.349999904632568 -67.30000305175781 -20.108577728271484
		endloop
	endfacet
	facet normal 1 0 0
		outer loop
			vertex -6.349999904632568 -67.30000305175781 -20.108577728271484
			vertex -6.349999904632568 -62.70000076293945 -19.608577728271484
			vertex -6.349999904632568 -67.30000305175781 -19.608577728271484
		endloop
	endfacet
	facet normal 0.7071062757956695 0 0.7071072865770645
		outer loop
			vertex -6.349999904632568 -62.70000076293945 -19.608577728271484
			vertex -7.017157077789307 -62.70000076293945 -18.941421508789062
			vertex -6.349999904632568 -67.30000305175781 -19.608577728271484
		endloop
	endfacet
	facet normal 0.7071062757956695 0 0.7071072865770645
		outer loop
			vertex -6.349999904632568 -67.30000305175781 -19.608577728271484
			vertex -7.017157077789307 -62.70000076293945 -18.941421508789062
			vertex -7.017157077789307 -67.30000305175781 -18.941421508789062
		endloop
	endfacet
	facet normal 0 -1 0
		outer loop
			vertex -7.099999904632568 -67.30000305175781 -20.858577728271484
			vertex -6.349999904632568 -67.30000305175781 -20.108577728271484
			vertex -7.099999904632568 -67.30000305175781 -19.941421508789062
		endloop
	endfacet
	facet normal 0 -1 0
		outer loop
			vertex -7.099999904632568 -67.30000305175781 -19.941421508789062
			vertex -6.349999904632568 -67.30000305175781 -20.108577728271484
			vertex -6.349999904632568 -67.30000305175781 -19.608577728271484
		endloop
	endfacet
	facet normal 0 -1 0
		outer loop
			vertex -7.099999904632568 -67.30000305175781 -19.941421508789062
			vertex -6.349999904632568 -67.30000305175781 -19.608577728271484
			vertex -7.017157077789307 -67.30000305175781 -18.941421508789062
		endloop
	endfacet
	facet normal 0 -1 0
		outer loop
			vertex -7.017157077789307 -67.30000305175781 -18.941421508789062
			vertex -8.100000381469727 -67.30000305175781 -18.941421508789062
			vertex -7.099999904632568 -67.30000305175781 -19.941421508789062
		endloop
	endfacet
	facet normal 0 1 0
		outer loop
			vertex -7.099999904632568 -62.70000076293945 -20.858577728271484
			vertex -7.099999904632568 -62.70000076293945 -19.941421508789062
			vertex -6.349999904632568 -62.70000076293945 -20.108577728271484
		endloop
	endfacet
	facet normal 0 1 0
		outer loop
			vertex -6.349999904632568 -62.70000076293945 -20.108577728271484
			vertex -7.099999904632568 -62.70000076293945 -19.941421508789062
			vertex -6.349999904632568 -62.70000076293945 -19.608577728271484
		endloop
	endfacet
	facet normal 0 1 0
		outer loop
			vertex -6.349999904632568 -62.70000076293945 -19.608577728271484
			vertex -7.099999904632568 -62.70000076293945 -19.941421508789062
			vertex -7.017157077789307 -62.70000076293945 -18.941421508789062
		endloop
	endfacet
	facet normal 0 1 0
		outer loop
			vertex -7.017157077789307 -62.70000076293945 -18.941421508789062
			vertex -7.099999904632568 -62.70000076293945 -19.941421508789062
			vertex -8.100000381469727 -62.70000076293945 -18.941421508789062
		endloop
	endfacet
	facet normal -0.7071062757956695 0 0.7071072865770645
		outer loop
			vertex 7.017157077789307 -62.70000076293945 -18.941421508789062
			vertex 6.349999904632568 -62.70000076293945 -19.608577728271484
			vertex 7.017157077789307 -67.30000305175781 -18.941421508789062
		endloop
	endfacet
	facet normal -0.7071062757956695 0 0.7071072865770645
		outer loop
			vertex 7.017157077789307 -67.30000305175781 -18.941421508789062
			vertex 6.349999904632568 -62.70000076293945 -19.608577728271484
			vertex 6.349999904632568 -67.30000305175781 -19.608577728271484
		endloop
	endfacet
	facet normal -1 0 0
		outer loop
			vertex 6.349999904632568 -62.70000076293945 -19.608577728271484
			vertex 6.349999904632568 -62.70000076293945 -20.108577728271484
			vertex 6.349999904632568 -67.30000305175781 -19.608577728271484
		endloop
	endfacet
	facet normal -1 0 0
		outer loop
			vertex 6.349999904632568 -67.30000305175781 -19.608577728271484
			vertex 6.349999904632568 -62.70000076293945 -20.108577728271484
			vertex 6.349999904632568 -67.30000305175781 -20.108577728271484
		endloop
	endfacet
	facet normal 0 -1 0
		outer loop
			vertex 8.100000381469727 -67.30000305175781 -18.941421508789062
			vertex 7.017157077789307 -67.30000305175781 -18.941421508789062
			vertex 7.099999904632568 -67.30000305175781 -19.941421508789062
		endloop
	endfacet
	facet normal 0 -1 0
		outer loop
			vertex 7.099999904632568 -67.30000305175781 -19.941421508789062
			vertex 7.017157077789307 -67.30000305175781 -18.941421508789062
			vertex 6.349999904632568 -67.30000305175781 -19.608577728271484
		endloop
	endfacet
	facet normal 0 -1 0
		outer loop
			vertex 7.099999904632568 -67.30000305175781 -19.941421508789062
			vertex 6.349999904632568 -67.30000305175781 -19.608577728271484
			vertex 6.349999904632568 -67.30000305175781 -20.108577728271484
		endloop
	endfacet
	facet normal 0 -1 0
		outer loop
			vertex 6.349999904632568 -67.30000305175781 -20.108577728271484
			vertex 7.099999904632568 -67.30000305175781 -20.858577728271484
			vertex 7.099999904632568 -67.30000305175781 -19.941421508789062
		endloop
	endfacet
	facet normal 0 1 0
		outer loop
			vertex 6.349999904632568 -62.70000076293945 -20.108577728271484
			vertex 6.349999904632568 -62.70000076293945 -19.608577728271484
			vertex 7.099999904632568 -62.70000076293945 -19.941421508789062
		endloop
	endfacet
	facet normal 0 1 0
		outer loop
			vertex 7.099999904632568 -62.70000076293945 -19.941421508789062
			vertex 6.349999904632568 -62.70000076293945 -19.608577728271484
			vertex 7.017157077789307 -62.70000076293945 -18.941421508789062
		endloop
	endfacet
	facet normal 0 1 0
		outer loop
			vertex 7.099999904632568 -62.70000076293945 -19.941421508789062
			vertex 7.017157077789307 -62.70000076293945 -18.941421508789062
			vertex 8.100000381469727 -62.70000076293945 -18.941421508789062
		endloop
	endfacet
	facet normal 0 1 0
		outer loop
			vertex 7.099999904632568 -62.70000076293945 -19.941421508789062
			vertex 7.099999904632568 -62.70000076293945 -20.858577728271484
			vertex 6.349999904632568 -62.70000076293945 -20.108577728271484
		endloop
	endfacet
endsolid exported
