solid exported
	facet normal 0 -1 0
		outer loop
			vertex 0.010099999606609344 -0.08250000327825546 -0.02449999935925007
			vertex 0.008100000210106373 -0.08250000327825546 -0.023000000044703484
			vertex 0.009600000455975533 -0.08250000327825546 -0.02500000037252903
		endloop
	endfacet
	facet normal 0 -1 0
		outer loop
			vertex 0.009600000455975533 -0.08250000327825546 -0.02500000037252903
			vertex 0.008100000210106373 -0.08250000327825546 -0.023000000044703484
			vertex -0.008100000210106373 -0.08250000327825546 -0.023000000044703484
		endloop
	endfacet
	facet normal 0 -1 0
		outer loop
			vertex 0.009600000455975533 -0.08250000327825546 -0.02500000037252903
			vertex -0.008100000210106373 -0.08250000327825546 -0.023000000044703484
			vertex -0.009600000455975533 -0.08250000327825546 -0.02500000037252903
		endloop
	endfacet
	facet normal 0 -1 0
		outer loop
			vertex -0.009600000455975533 -0.08250000327825546 -0.02500000037252903
			vertex -0.008100000210106373 -0.08250000327825546 -0.023000000044703484
			vertex -0.010099999606609344 -0.08250000327825546 -0.02449999935925007
		endloop
	endfacet
	facet normal 0 -1 0
		outer loop
			vertex -0.010099999606609344 -0.08250000327825546 -0.02449999935925007
			vertex -0.008100000210106373 -0.08250000327825546 -0.023000000044703484
			vertex -0.008100000210106373 -0.08250000327825546 -0.02185857854783535
		endloop
	endfacet
	facet normal 0 -1 0
		outer loop
			vertex -0.010099999606609344 -0.08250000327825546 -0.02449999935925007
			vertex -0.008100000210106373 -0.08250000327825546 -0.02185857854783535
			vertex -0.010099999606609344 -0.08250000327825546 -0.018941421061754227
		endloop
	endfacet
	facet normal 0 -1 0
		outer loop
			vertex -0.010099999606609344 -0.08250000327825546 -0.018941421061754227
			vertex -0.008100000210106373 -0.08250000327825546 -0.02185857854783535
			vertex -0.0071000000461936 -0.08250000327825546 -0.020858578383922577
		endloop
	endfacet
	facet normal 0 -1 0
		outer loop
			vertex -0.010099999606609344 -0.08250000327825546 -0.018941421061754227
			vertex -0.0071000000461936 -0.08250000327825546 -0.020858578383922577
			vertex -0.0071000000461936 -0.08250000327825546 -0.019941421225667
		endloop
	endfacet
	facet normal 0 -1 0
		outer loop
			vertex 0.008100000210106373 -0.08250000327825546 -0.023000000044703484
			vertex 0.010099999606609344 -0.08250000327825546 -0.02449999935925007
			vertex 0.008100000210106373 -0.08250000327825546 -0.02185857854783535
		endloop
	endfacet
	facet normal 0 -1 0
		outer loop
			vertex 0.008100000210106373 -0.08250000327825546 -0.02185857854783535
			vertex 0.010099999606609344 -0.08250000327825546 -0.02449999935925007
			vertex 0.010099999606609344 -0.08250000327825546 -0.018941421061754227
		endloop
	endfacet
	facet normal 0 -1 0
		outer loop
			vertex 0.008100000210106373 -0.08250000327825546 -0.02185857854783535
			vertex 0.010099999606609344 -0.08250000327825546 -0.018941421061754227
			vertex 0.0071000000461936 -0.08250000327825546 -0.020858578383922577
		endloop
	endfacet
	facet normal 0 -1 0
		outer loop
			vertex 0.0071000000461936 -0.08250000327825546 -0.020858578383922577
			vertex 0.010099999606609344 -0.08250000327825546 -0.018941421061754227
			vertex 0.0071000000461936 -0.08250000327825546 -0.019941421225667
		endloop
	endfacet
	facet normal 0 -1 0
		outer loop
			vertex 0.0071000000461936 -0.08250000327825546 -0.019941421225667
			vertex 0.010099999606609344 -0.08250000327825546 -0.018941421061754227
			vertex 0.008100000210106373 -0.08250000327825546 -0.018941421061754227
		endloop
	endfacet
	facet normal 0 -1 0
		outer loop
			vertex -0.0071000000461936 -0.08250000327825546 -0.019941421225667
			vertex -0.008100000210106373 -0.08250000327825546 -0.018941421061754227
			vertex -0.010099999606609344 -0.08250000327825546 -0.018941421061754227
		endloop
	endfacet
	facet normal 0 0 -1
		outer loop
			vertex 0.009600000455975533 -0.08250000327825546 -0.02500000037252903
			vertex -0.009600000455975533 -0.08250000327825546 -0.02500000037252903
			vertex 0.009600000455975533 0.08250000327825546 -0.02500000037252903
		endloop
	endfacet
	facet normal 0 0 -1
		outer loop
			vertex 0.009600000455975533 0.08250000327825546 -0.02500000037252903
			vertex -0.009600000455975533 -0.08250000327825546 -0.02500000037252903
			vertex -0.009600000455975533 0.08250000327825546 -0.02500000037252903
		endloop
	endfacet
	facet normal -0.707108098274121 0 -0.7071054640965209
		outer loop
			vertex -0.010099999606609344 -0.08250000327825546 -0.02449999935925007
			vertex -0.010099999606609344 0.08250000327825546 -0.02449999935925007
			vertex -0.009600000455975533 -0.08250000327825546 -0.02500000037252903
		endloop
	endfacet
	facet normal -0.707108098274121 0 -0.7071054640965209
		outer loop
			vertex -0.009600000455975533 -0.08250000327825546 -0.02500000037252903
			vertex -0.010099999606609344 0.08250000327825546 -0.02449999935925007
			vertex -0.009600000455975533 0.08250000327825546 -0.02500000037252903
		endloop
	endfacet
	facet normal 0 1 0
		outer loop
			vertex -0.010099999606609344 0.08250000327825546 -0.02449999935925007
			vertex -0.008100000210106373 0.08250000327825546 -0.023000000044703484
			vertex -0.009600000455975533 0.08250000327825546 -0.02500000037252903
		endloop
	endfacet
	facet normal 0 1 0
		outer loop
			vertex -0.009600000455975533 0.08250000327825546 -0.02500000037252903
			vertex -0.008100000210106373 0.08250000327825546 -0.023000000044703484
			vertex 0.008100000210106373 0.08250000327825546 -0.023000000044703484
		endloop
	endfacet
	facet normal 0 1 0
		outer loop
			vertex -0.009600000455975533 0.08250000327825546 -0.02500000037252903
			vertex 0.008100000210106373 0.08250000327825546 -0.023000000044703484
			vertex 0.009600000455975533 0.08250000327825546 -0.02500000037252903
		endloop
	endfacet
	facet normal 0 1 0
		outer loop
			vertex 0.009600000455975533 0.08250000327825546 -0.02500000037252903
			vertex 0.008100000210106373 0.08250000327825546 -0.023000000044703484
			vertex 0.010099999606609344 0.08250000327825546 -0.02449999935925007
		endloop
	endfacet
	facet normal 0 1 0
		outer loop
			vertex 0.010099999606609344 0.08250000327825546 -0.02449999935925007
			vertex 0.008100000210106373 0.08250000327825546 -0.023000000044703484
			vertex 0.008100000210106373 0.08250000327825546 -0.02185857854783535
		endloop
	endfacet
	facet normal 0 1 0
		outer loop
			vertex 0.010099999606609344 0.08250000327825546 -0.02449999935925007
			vertex 0.008100000210106373 0.08250000327825546 -0.02185857854783535
			vertex 0.010099999606609344 0.08250000327825546 -0.018941421061754227
		endloop
	endfacet
	facet normal 0 1 0
		outer loop
			vertex 0.010099999606609344 0.08250000327825546 -0.018941421061754227
			vertex 0.008100000210106373 0.08250000327825546 -0.02185857854783535
			vertex 0.0071000000461936 0.08250000327825546 -0.020858578383922577
		endloop
	endfacet
	facet normal 0 1 0
		outer loop
			vertex 0.010099999606609344 0.08250000327825546 -0.018941421061754227
			vertex 0.0071000000461936 0.08250000327825546 -0.020858578383922577
			vertex 0.0071000000461936 0.08250000327825546 -0.019941421225667
		endloop
	endfacet
	facet normal 0 1 0
		outer loop
			vertex -0.008100000210106373 0.08250000327825546 -0.023000000044703484
			vertex -0.010099999606609344 0.08250000327825546 -0.02449999935925007
			vertex -0.008100000210106373 0.08250000327825546 -0.02185857854783535
		endloop
	endfacet
	facet normal 0 1 0
		outer loop
			vertex -0.008100000210106373 0.08250000327825546 -0.02185857854783535
			vertex -0.010099999606609344 0.08250000327825546 -0.02449999935925007
			vertex -0.010099999606609344 0.08250000327825546 -0.018941421061754227
		endloop
	endfacet
	facet normal 0 1 0
		outer loop
			vertex -0.008100000210106373 0.08250000327825546 -0.02185857854783535
			vertex -0.010099999606609344 0.08250000327825546 -0.018941421061754227
			vertex -0.0071000000461936 0.08250000327825546 -0.020858578383922577
		endloop
	endfacet
	facet normal 0 1 0
		outer loop
			vertex -0.0071000000461936 0.08250000327825546 -0.020858578383922577
			vertex -0.010099999606609344 0.08250000327825546 -0.018941421061754227
			vertex -0.0071000000461936 0.08250000327825546 -0.019941421225667
		endloop
	endfacet
	facet normal 0 1 0
		outer loop
			vertex -0.0071000000461936 0.08250000327825546 -0.019941421225667
			vertex -0.010099999606609344 0.08250000327825546 -0.018941421061754227
			vertex -0.008100000210106373 0.08250000327825546 -0.018941421061754227
		endloop
	endfacet
	facet normal 0 1 0
		outer loop
			vertex 0.0071000000461936 0.08250000327825546 -0.019941421225667
			vertex 0.008100000210106373 0.08250000327825546 -0.018941421061754227
			vertex 0.010099999606609344 0.08250000327825546 -0.018941421061754227
		endloop
	endfacet
	facet normal 0.707108098274121 0 -0.7071054640965209
		outer loop
			vertex 0.009600000455975533 -0.08250000327825546 -0.02500000037252903
			vertex 0.009600000455975533 0.08250000327825546 -0.02500000037252903
			vertex 0.010099999606609344 -0.08250000327825546 -0.02449999935925007
		endloop
	endfacet
	facet normal 0.707108098274121 0 -0.7071054640965209
		outer loop
			vertex 0.010099999606609344 -0.08250000327825546 -0.02449999935925007
			vertex 0.009600000455975533 0.08250000327825546 -0.02500000037252903
			vertex 0.010099999606609344 0.08250000327825546 -0.02449999935925007
		endloop
	endfacet
	facet normal -1 0 0
		outer loop
			vertex 0.0071000000461936 -0.07270000129938126 -0.020858578383922577
			vertex 0.0071000000461936 -0.07270000129938126 -0.019941421225667
			vertex 0.0071000000461936 -0.06729999929666519 -0.020858578383922577
		endloop
	endfacet
	facet normal -1 0 0
		outer loop
			vertex 0.0071000000461936 -0.06729999929666519 -0.020858578383922577
			vertex 0.0071000000461936 -0.07270000129938126 -0.019941421225667
			vertex 0.0071000000461936 -0.06729999929666519 -0.019941421225667
		endloop
	endfacet
	facet normal -0.7071067811865476 0 0.7071067811865476
		outer loop
			vertex 0.0071000000461936 -0.07270000129938126 -0.019941421225667
			vertex 0.008100000210106373 -0.07270000129938126 -0.018941421061754227
			vertex 0.0071000000461936 -0.06729999929666519 -0.019941421225667
		endloop
	endfacet
	facet normal -0.7071067811865476 0 0.7071067811865476
		outer loop
			vertex 0.0071000000461936 -0.06729999929666519 -0.019941421225667
			vertex 0.008100000210106373 -0.07270000129938126 -0.018941421061754227
			vertex 0.008100000210106373 -0.06729999929666519 -0.018941421061754227
		endloop
	endfacet
	facet normal 0.7071067811865476 0 0.7071067811865476
		outer loop
			vertex -0.008100000210106373 -0.07270000129938126 -0.018941421061754227
			vertex -0.0071000000461936 -0.07270000129938126 -0.019941421225667
			vertex -0.008100000210106373 -0.06729999929666519 -0.018941421061754227
		endloop
	endfacet
	facet normal 0.7071067811865476 0 0.7071067811865476
		outer loop
			vertex -0.008100000210106373 -0.06729999929666519 -0.018941421061754227
			vertex -0.0071000000461936 -0.07270000129938126 -0.019941421225667
			vertex -0.0071000000461936 -0.06729999929666519 -0.019941421225667
		endloop
	endfacet
	facet normal 1 0 0
		outer loop
			vertex -0.0071000000461936 -0.07270000129938126 -0.019941421225667
			vertex -0.0071000000461936 -0.07270000129938126 -0.020858578383922577
			vertex -0.0071000000461936 -0.06729999929666519 -0.019941421225667
		endloop
	endfacet
	facet normal 1 0 0
		outer loop
			vertex -0.0071000000461936 -0.06729999929666519 -0.019941421225667
			vertex -0.0071000000461936 -0.07270000129938126 -0.020858578383922577
			vertex -0.0071000000461936 -0.06729999929666519 -0.020858578383922577
		endloop
	endfacet
	facet normal -1 0 0
		outer loop
			vertex 0.0071000000461936 -0.06270000338554382 -0.020858578383922577
			vertex 0.0071000000461936 -0.06270000338554382 -0.019941421225667
			vertex 0.0071000000461936 -0.05730000138282776 -0.020858578383922577
		endloop
	endfacet
	facet normal -1 0 0
		outer loop
			vertex 0.0071000000461936 -0.05730000138282776 -0.020858578383922577
			vertex 0.0071000000461936 -0.06270000338554382 -0.019941421225667
			vertex 0.0071000000461936 -0.05730000138282776 -0.019941421225667
		endloop
	endfacet
	facet normal -0.7071067811865476 0 0.7071067811865476
		outer loop
			vertex 0.0071000000461936 -0.06270000338554382 -0.019941421225667
			vertex 0.008100000210106373 -0.06270000338554382 -0.018941421061754227
			vertex 0.0071000000461936 -0.05730000138282776 -0.019941421225667
		endloop
	endfacet
	facet normal -0.7071067811865476 0 0.7071067811865476
		outer loop
			vertex 0.0071000000461936 -0.05730000138282776 -0.019941421225667
			vertex 0.008100000210106373 -0.06270000338554382 -0.018941421061754227
			vertex 0.008100000210106373 -0.05730000138282776 -0.018941421061754227
		endloop
	endfacet
	facet normal 0.7071067811865476 0 0.7071067811865476
		outer loop
			vertex -0.008100000210106373 -0.06270000338554382 -0.018941421061754227
			vertex -0.0071000000461936 -0.06270000338554382 -0.019941421225667
			vertex -0.008100000210106373 -0.05730000138282776 -0.018941421061754227
		endloop
	endfacet
	facet normal 0.7071067811865476 0 0.7071067811865476
		outer loop
			vertex -0.008100000210106373 -0.05730000138282776 -0.018941421061754227
			vertex -0.0071000000461936 -0.06270000338554382 -0.019941421225667
			vertex -0.0071000000461936 -0.05730000138282776 -0.019941421225667
		endloop
	endfacet
	facet normal 1 0 0
		outer loop
			vertex -0.0071000000461936 -0.06270000338554382 -0.019941421225667
			vertex -0.0071000000461936 -0.06270000338554382 -0.020858578383922577
			vertex -0.0071000000461936 -0.05730000138282776 -0.019941421225667
		endloop
	endfacet
	facet normal 1 0 0
		outer loop
			vertex -0.0071000000461936 -0.05730000138282776 -0.019941421225667
			vertex -0.0071000000461936 -0.06270000338554382 -0.020858578383922577
			vertex -0.0071000000461936 -0.05730000138282776 -0.020858578383922577
		endloop
	endfacet
	facet normal -1 0 0
		outer loop
			vertex 0.0071000000461936 -0.05270000174641609 -0.020858578383922577
			vertex 0.0071000000461936 -0.05270000174641609 -0.019941421225667
			vertex 0.0071000000461936 -0.04729999974370003 -0.020858578383922577
		endloop
	endfacet
	facet normal -1 0 0
		outer loop
			vertex 0.0071000000461936 -0.04729999974370003 -0.020858578383922577
			vertex 0.0071000000461936 -0.05270000174641609 -0.019941421225667
			vertex 0.0071000000461936 -0.04729999974370003 -0.019941421225667
		endloop
	endfacet
	facet normal -0.7071067811865476 0 0.7071067811865476
		outer loop
			vertex 0.0071000000461936 -0.05270000174641609 -0.019941421225667
			vertex 0.008100000210106373 -0.05270000174641609 -0.018941421061754227
			vertex 0.0071000000461936 -0.04729999974370003 -0.019941421225667
		endloop
	endfacet
	facet normal -0.7071067811865476 0 0.7071067811865476
		outer loop
			vertex 0.0071000000461936 -0.04729999974370003 -0.019941421225667
			vertex 0.008100000210106373 -0.05270000174641609 -0.018941421061754227
			vertex 0.008100000210106373 -0.04729999974370003 -0.018941421061754227
		endloop
	endfacet
	facet normal 0.7071067811865476 0 0.7071067811865476
		outer loop
			vertex -0.008100000210106373 -0.05270000174641609 -0.018941421061754227
			vertex -0.0071000000461936 -0.05270000174641609 -0.019941421225667
			vertex -0.008100000210106373 -0.04729999974370003 -0.018941421061754227
		endloop
	endfacet
	facet normal 0.7071067811865476 0 0.7071067811865476
		outer loop
			vertex -0.008100000210106373 -0.04729999974370003 -0.018941421061754227
			vertex -0.0071000000461936 -0.05270000174641609 -0.019941421225667
			vertex -0.0071000000461936 -0.04729999974370003 -0.019941421225667
		endloop
	endfacet
	facet normal 1 0 0
		outer loop
			vertex -0.0071000000461936 -0.05270000174641609 -0.019941421225667
			vertex -0.0071000000461936 -0.05270000174641609 -0.020858578383922577
			vertex -0.0071000000461936 -0.04729999974370003 -0.019941421225667
		endloop
	endfacet
	facet normal 1 0 0
		outer loop
			vertex -0.0071000000461936 -0.04729999974370003 -0.019941421225667
			vertex -0.0071000000461936 -0.05270000174641609 -0.020858578383922577
			vertex -0.0071000000461936 -0.04729999974370003 -0.020858578383922577
		endloop
	endfacet
	facet normal -1 0 0
		outer loop
			vertex 0.0071000000461936 -0.04270000010728836 -0.020858578383922577
			vertex 0.0071000000461936 -0.04270000010728836 -0.019941421225667
			vertex 0.0071000000461936 -0.037300001829862595 -0.020858578383922577
		endloop
	endfacet
	facet normal -1 0 0
		outer loop
			vertex 0.0071000000461936 -0.037300001829862595 -0.020858578383922577
			vertex 0.0071000000461936 -0.04270000010728836 -0.019941421225667
			vertex 0.0071000000461936 -0.037300001829862595 -0.019941421225667
		endloop
	endfacet
	facet normal -0.7071067811865476 0 0.7071067811865476
		outer loop
			vertex 0.0071000000461936 -0.04270000010728836 -0.019941421225667
			vertex 0.008100000210106373 -0.04270000010728836 -0.018941421061754227
			vertex 0.0071000000461936 -0.037300001829862595 -0.019941421225667
		endloop
	endfacet
	facet normal -0.7071067811865476 0 0.7071067811865476
		outer loop
			vertex 0.0071000000461936 -0.037300001829862595 -0.019941421225667
			vertex 0.008100000210106373 -0.04270000010728836 -0.018941421061754227
			vertex 0.008100000210106373 -0.037300001829862595 -0.018941421061754227
		endloop
	endfacet
	facet normal 0.7071067811865476 0 0.7071067811865476
		outer loop
			vertex -0.008100000210106373 -0.04270000010728836 -0.018941421061754227
			vertex -0.0071000000461936 -0.04270000010728836 -0.019941421225667
			vertex -0.008100000210106373 -0.037300001829862595 -0.018941421061754227
		endloop
	endfacet
	facet normal 0.7071067811865476 0 0.7071067811865476
		outer loop
			vertex -0.008100000210106373 -0.037300001829862595 -0.018941421061754227
			vertex -0.0071000000461936 -0.04270000010728836 -0.019941421225667
			vertex -0.0071000000461936 -0.037300001829862595 -0.019941421225667
		endloop
	endfacet
	facet normal 1 0 0
		outer loop
			vertex -0.0071000000461936 -0.04270000010728836 -0.019941421225667
			vertex -0.0071000000461936 -0.04270000010728836 -0.020858578383922577
			vertex -0.0071000000461936 -0.037300001829862595 -0.019941421225667
		endloop
	endfacet
	facet normal 1 0 0
		outer loop
			vertex -0.0071000000461936 -0.037300001829862595 -0.019941421225667
			vertex -0.0071000000461936 -0.04270000010728836 -0.020858578383922577
			vertex -0.0071000000461936 -0.037300001829862595 -0.020858578383922577
		endloop
	endfacet
	facet normal -1 0 0
		outer loop
			vertex 0.0071000000461936 -0.03269999846816063 -0.020858578383922577
			vertex 0.0071000000461936 -0.03269999846816063 -0.019941421225667
			vertex 0.0071000000461936 -0.027300000190734863 -0.020858578383922577
		endloop
	endfacet
	facet normal -1 0 0
		outer loop
			vertex 0.0071000000461936 -0.027300000190734863 -0.020858578383922577
			vertex 0.0071000000461936 -0.03269999846816063 -0.019941421225667
			vertex 0.0071000000461936 -0.027300000190734863 -0.019941421225667
		endloop
	endfacet
	facet normal -0.7071067811865476 0 0.7071067811865476
		outer loop
			vertex 0.0071000000461936 -0.03269999846816063 -0.019941421225667
			vertex 0.008100000210106373 -0.03269999846816063 -0.018941421061754227
			vertex 0.0071000000461936 -0.027300000190734863 -0.019941421225667
		endloop
	endfacet
	facet normal -0.7071067811865476 0 0.7071067811865476
		outer loop
			vertex 0.0071000000461936 -0.027300000190734863 -0.019941421225667
			vertex 0.008100000210106373 -0.03269999846816063 -0.018941421061754227
			vertex 0.008100000210106373 -0.027300000190734863 -0.018941421061754227
		endloop
	endfacet
	facet normal 0.7071067811865476 0 0.7071067811865476
		outer loop
			vertex -0.008100000210106373 -0.03269999846816063 -0.018941421061754227
			vertex -0.0071000000461936 -0.03269999846816063 -0.019941421225667
			vertex -0.008100000210106373 -0.027300000190734863 -0.018941421061754227
		endloop
	endfacet
	facet normal 0.7071067811865476 0 0.7071067811865476
		outer loop
			vertex -0.008100000210106373 -0.027300000190734863 -0.018941421061754227
			vertex -0.0071000000461936 -0.03269999846816063 -0.019941421225667
			vertex -0.0071000000461936 -0.027300000190734863 -0.019941421225667
		endloop
	endfacet
	facet normal 1 0 0
		outer loop
			vertex -0.0071000000461936 -0.03269999846816063 -0.019941421225667
			vertex -0.0071000000461936 -0.03269999846816063 -0.020858578383922577
			vertex -0.0071000000461936 -0.027300000190734863 -0.019941421225667
		endloop
	endfacet
	facet normal 1 0 0
		outer loop
			vertex -0.0071000000461936 -0.027300000190734863 -0.019941421225667
			vertex -0.0071000000461936 -0.03269999846816063 -0.020858578383922577
			vertex -0.0071000000461936 -0.027300000190734863 -0.020858578383922577
		endloop
	endfacet
	facet normal -1 0 0
		outer loop
			vertex 0.0071000000461936 -0.022700000554323196 -0.020858578383922577
			vertex 0.0071000000461936 -0.022700000554323196 -0.019941421225667
			vertex 0.0071000000461936 -0.01730000041425228 -0.020858578383922577
		endloop
	endfacet
	facet normal -1 0 0
		outer loop
			vertex 0.0071000000461936 -0.01730000041425228 -0.020858578383922577
			vertex 0.0071000000461936 -0.022700000554323196 -0.019941421225667
			vertex 0.0071000000461936 -0.01730000041425228 -0.019941421225667
		endloop
	endfacet
	facet normal -0.7071067811865476 0 0.7071067811865476
		outer loop
			vertex 0.0071000000461936 -0.022700000554323196 -0.019941421225667
			vertex 0.008100000210106373 -0.022700000554323196 -0.018941421061754227
			vertex 0.0071000000461936 -0.01730000041425228 -0.019941421225667
		endloop
	endfacet
	facet normal -0.7071067811865476 0 0.7071067811865476
		outer loop
			vertex 0.0071000000461936 -0.01730000041425228 -0.019941421225667
			vertex 0.008100000210106373 -0.022700000554323196 -0.018941421061754227
			vertex 0.008100000210106373 -0.01730000041425228 -0.018941421061754227
		endloop
	endfacet
	facet normal 0.7071067811865476 0 0.7071067811865476
		outer loop
			vertex -0.008100000210106373 -0.022700000554323196 -0.018941421061754227
			vertex -0.0071000000461936 -0.022700000554323196 -0.019941421225667
			vertex -0.008100000210106373 -0.01730000041425228 -0.018941421061754227
		endloop
	endfacet
	facet normal 0.7071067811865476 0 0.7071067811865476
		outer loop
			vertex -0.008100000210106373 -0.01730000041425228 -0.018941421061754227
			vertex -0.0071000000461936 -0.022700000554323196 -0.019941421225667
			vertex -0.0071000000461936 -0.01730000041425228 -0.019941421225667
		endloop
	endfacet
	facet normal 1 0 0
		outer loop
			vertex -0.0071000000461936 -0.022700000554323196 -0.019941421225667
			vertex -0.0071000000461936 -0.022700000554323196 -0.020858578383922577
			vertex -0.0071000000461936 -0.01730000041425228 -0.019941421225667
		endloop
	endfacet
	facet normal 1 0 0
		outer loop
			vertex -0.0071000000461936 -0.01730000041425228 -0.019941421225667
			vertex -0.0071000000461936 -0.022700000554323196 -0.020858578383922577
			vertex -0.0071000000461936 -0.01730000041425228 -0.020858578383922577
		endloop
	endfacet
	facet normal -1 0 0
		outer loop
			vertex 0.0071000000461936 -0.01269999984651804 -0.020858578383922577
			vertex 0.0071000000461936 -0.01269999984651804 -0.019941421225667
			vertex 0.0071000000461936 -0.007300000172108412 -0.020858578383922577
		endloop
	endfacet
	facet normal -1 0 0
		outer loop
			vertex 0.0071000000461936 -0.007300000172108412 -0.020858578383922577
			vertex 0.0071000000461936 -0.01269999984651804 -0.019941421225667
			vertex 0.0071000000461936 -0.007300000172108412 -0.019941421225667
		endloop
	endfacet
	facet normal -0.7071067811865476 0 0.7071067811865476
		outer loop
			vertex 0.0071000000461936 -0.01269999984651804 -0.019941421225667
			vertex 0.008100000210106373 -0.01269999984651804 -0.018941421061754227
			vertex 0.0071000000461936 -0.007300000172108412 -0.019941421225667
		endloop
	endfacet
	facet normal -0.7071067811865476 0 0.7071067811865476
		outer loop
			vertex 0.0071000000461936 -0.007300000172108412 -0.019941421225667
			vertex 0.008100000210106373 -0.01269999984651804 -0.018941421061754227
			vertex 0.008100000210106373 -0.007300000172108412 -0.018941421061754227
		endloop
	endfacet
	facet normal 0.7071067811865476 0 0.7071067811865476
		outer loop
			vertex -0.008100000210106373 -0.01269999984651804 -0.018941421061754227
			vertex -0.0071000000461936 -0.01269999984651804 -0.019941421225667
			vertex -0.008100000210106373 -0.007300000172108412 -0.018941421061754227
		endloop
	endfacet
	facet normal 0.7071067811865476 0 0.7071067811865476
		outer loop
			vertex -0.008100000210106373 -0.007300000172108412 -0.018941421061754227
			vertex -0.0071000000461936 -0.01269999984651804 -0.019941421225667
			vertex -0.0071000000461936 -0.007300000172108412 -0.019941421225667
		endloop
	endfacet
	facet normal 1 0 0
		outer loop
			vertex -0.0071000000461936 -0.01269999984651804 -0.019941421225667
			vertex -0.0071000000461936 -0.01269999984651804 -0.020858578383922577
			vertex -0.0071000000461936 -0.007300000172108412 -0.019941421225667
		endloop
	endfacet
	facet normal 1 0 0
		outer loop
			vertex -0.0071000000461936 -0.007300000172108412 -0.019941421225667
			vertex -0.0071000000461936 -0.01269999984651804 -0.020858578383922577
			vertex -0.0071000000461936 -0.007300000172108412 -0.020858578383922577
		endloop
	endfacet
	facet normal -1 0 0
		outer loop
			vertex 0.0071000000461936 -0.0027000000700354576 -0.020858578383922577
			vertex 0.0071000000461936 -0.0027000000700354576 -0.019941421225667
			vertex 0.0071000000461936 0.0027000000700354576 -0.020858578383922577
		endloop
	endfacet
	facet normal -1 0 0
		outer loop
			vertex 0.0071000000461936 0.0027000000700354576 -0.020858578383922577
			vertex 0.0071000000461936 -0.0027000000700354576 -0.019941421225667
			vertex 0.0071000000461936 0.0027000000700354576 -0.019941421225667
		endloop
	endfacet
	facet normal -0.7071067811865476 0 0.7071067811865476
		outer loop
			vertex 0.0071000000461936 -0.0027000000700354576 -0.019941421225667
			vertex 0.008100000210106373 -0.0027000000700354576 -0.018941421061754227
			vertex 0.0071000000461936 0.0027000000700354576 -0.019941421225667
		endloop
	endfacet
	facet normal -0.7071067811865476 0 0.7071067811865476
		outer loop
			vertex 0.0071000000461936 0.0027000000700354576 -0.019941421225667
			vertex 0.008100000210106373 -0.0027000000700354576 -0.018941421061754227
			vertex 0.008100000210106373 0.0027000000700354576 -0.018941421061754227
		endloop
	endfacet
	facet normal 0.7071067811865476 0 0.7071067811865476
		outer loop
			vertex -0.008100000210106373 -0.0027000000700354576 -0.018941421061754227
			vertex -0.0071000000461936 -0.0027000000700354576 -0.019941421225667
			vertex -0.008100000210106373 0.0027000000700354576 -0.018941421061754227
		endloop
	endfacet
	facet normal 0.7071067811865476 0 0.7071067811865476
		outer loop
			vertex -0.008100000210106373 0.0027000000700354576 -0.018941421061754227
			vertex -0.0071000000461936 -0.0027000000700354576 -0.019941421225667
			vertex -0.0071000000461936 0.0027000000700354576 -0.019941421225667
		endloop
	endfacet
	facet normal 1 0 0
		outer loop
			vertex -0.0071000000461936 -0.0027000000700354576 -0.019941421225667
			vertex -0.0071000000461936 -0.0027000000700354576 -0.020858578383922577
			vertex -0.0071000000461936 0.0027000000700354576 -0.019941421225667
		endloop
	endfacet
	facet normal 1 0 0
		outer loop
			vertex -0.0071000000461936 0.0027000000700354576 -0.019941421225667
			vertex -0.0071000000461936 -0.0027000000700354576 -0.020858578383922577
			vertex -0.0071000000461936 0.0027000000700354576 -0.020858578383922577
		endloop
	endfacet
	facet normal -1 0 0
		outer loop
			vertex 0.0071000000461936 0.007300000172108412 -0.020858578383922577
			vertex 0.0071000000461936 0.007300000172108412 -0.019941421225667
			vertex 0.0071000000461936 0.01269999984651804 -0.020858578383922577
		endloop
	endfacet
	facet normal -1 0 0
		outer loop
			vertex 0.0071000000461936 0.01269999984651804 -0.020858578383922577
			vertex 0.0071000000461936 0.007300000172108412 -0.019941421225667
			vertex 0.0071000000461936 0.01269999984651804 -0.019941421225667
		endloop
	endfacet
	facet normal -0.7071067811865476 0 0.7071067811865476
		outer loop
			vertex 0.0071000000461936 0.007300000172108412 -0.019941421225667
			vertex 0.008100000210106373 0.007300000172108412 -0.018941421061754227
			vertex 0.0071000000461936 0.01269999984651804 -0.019941421225667
		endloop
	endfacet
	facet normal -0.7071067811865476 0 0.7071067811865476
		outer loop
			vertex 0.0071000000461936 0.01269999984651804 -0.019941421225667
			vertex 0.008100000210106373 0.007300000172108412 -0.018941421061754227
			vertex 0.008100000210106373 0.01269999984651804 -0.018941421061754227
		endloop
	endfacet
	facet normal 0.7071067811865476 0 0.7071067811865476
		outer loop
			vertex -0.008100000210106373 0.007300000172108412 -0.018941421061754227
			vertex -0.0071000000461936 0.007300000172108412 -0.019941421225667
			vertex -0.008100000210106373 0.01269999984651804 -0.018941421061754227
		endloop
	endfacet
	facet normal 0.7071067811865476 0 0.7071067811865476
		outer loop
			vertex -0.008100000210106373 0.01269999984651804 -0.018941421061754227
			vertex -0.0071000000461936 0.007300000172108412 -0.019941421225667
			vertex -0.0071000000461936 0.01269999984651804 -0.019941421225667
		endloop
	endfacet
	facet normal 1 0 0
		outer loop
			vertex -0.0071000000461936 0.007300000172108412 -0.019941421225667
			vertex -0.0071000000461936 0.007300000172108412 -0.020858578383922577
			vertex -0.0071000000461936 0.01269999984651804 -0.019941421225667
		endloop
	endfacet
	facet normal 1 0 0
		outer loop
			vertex -0.0071000000461936 0.01269999984651804 -0.019941421225667
			vertex -0.0071000000461936 0.007300000172108412 -0.020858578383922577
			vertex -0.0071000000461936 0.01269999984651804 -0.020858578383922577
		endloop
	endfacet
	facet normal -1 0 0
		outer loop
			vertex 0.0071000000461936 0.01730000041425228 -0.020858578383922577
			vertex 0.0071000000461936 0.01730000041425228 -0.019941421225667
			vertex 0.0071000000461936 0.022700000554323196 -0.020858578383922577
		endloop
	endfacet
	facet normal -1 0 0
		outer loop
			vertex 0.0071000000461936 0.022700000554323196 -0.020858578383922577
			vertex 0.0071000000461936 0.01730000041425228 -0.019941421225667
			vertex 0.0071000000461936 0.022700000554323196 -0.019941421225667
		endloop
	endfacet
	facet normal -0.7071067811865476 0 0.7071067811865476
		outer loop
			vertex 0.0071000000461936 0.01730000041425228 -0.019941421225667
			vertex 0.008100000210106373 0.01730000041425228 -0.018941421061754227
			vertex 0.0071000000461936 0.022700000554323196 -0.019941421225667
		endloop
	endfacet
	facet normal -0.7071067811865476 0 0.7071067811865476
		outer loop
			vertex 0.0071000000461936 0.022700000554323196 -0.019941421225667
			vertex 0.008100000210106373 0.01730000041425228 -0.018941421061754227
			vertex 0.008100000210106373 0.022700000554323196 -0.018941421061754227
		endloop
	endfacet
	facet normal 0.7071067811865476 0 0.7071067811865476
		outer loop
			vertex -0.008100000210106373 0.01730000041425228 -0.018941421061754227
			vertex -0.0071000000461936 0.01730000041425228 -0.019941421225667
			vertex -0.008100000210106373 0.022700000554323196 -0.018941421061754227
		endloop
	endfacet
	facet normal 0.7071067811865476 0 0.7071067811865476
		outer loop
			vertex -0.008100000210106373 0.022700000554323196 -0.018941421061754227
			vertex -0.0071000000461936 0.01730000041425228 -0.019941421225667
			vertex -0.0071000000461936 0.022700000554323196 -0.019941421225667
		endloop
	endfacet
	facet normal 1 0 0
		outer loop
			vertex -0.0071000000461936 0.01730000041425228 -0.019941421225667
			vertex -0.0071000000461936 0.01730000041425228 -0.020858578383922577
			vertex -0.0071000000461936 0.022700000554323196 -0.019941421225667
		endloop
	endfacet
	facet normal 1 0 0
		outer loop
			vertex -0.0071000000461936 0.022700000554323196 -0.019941421225667
			vertex -0.0071000000461936 0.01730000041425228 -0.020858578383922577
			vertex -0.0071000000461936 0.022700000554323196 -0.020858578383922577
		endloop
	endfacet
	facet normal -1 0 0
		outer loop
			vertex 0.0071000000461936 0.027300000190734863 -0.020858578383922577
			vertex 0.0071000000461936 0.027300000190734863 -0.019941421225667
			vertex 0.0071000000461936 0.03269999846816063 -0.020858578383922577
		endloop
	endfacet
	facet normal -1 0 0
		outer loop
			vertex 0.0071000000461936 0.03269999846816063 -0.020858578383922577
			vertex 0.0071000000461936 0.027300000190734863 -0.019941421225667
			vertex 0.0071000000461936 0.03269999846816063 -0.019941421225667
		endloop
	endfacet
	facet normal -0.7071067811865476 0 0.7071067811865476
		outer loop
			vertex 0.0071000000461936 0.027300000190734863 -0.019941421225667
			vertex 0.008100000210106373 0.027300000190734863 -0.018941421061754227
			vertex 0.0071000000461936 0.03269999846816063 -0.019941421225667
		endloop
	endfacet
	facet normal -0.7071067811865476 0 0.7071067811865476
		outer loop
			vertex 0.0071000000461936 0.03269999846816063 -0.019941421225667
			vertex 0.008100000210106373 0.027300000190734863 -0.018941421061754227
			vertex 0.008100000210106373 0.03269999846816063 -0.018941421061754227
		endloop
	endfacet
	facet normal 0.7071067811865476 0 0.7071067811865476
		outer loop
			vertex -0.008100000210106373 0.027300000190734863 -0.018941421061754227
			vertex -0.0071000000461936 0.027300000190734863 -0.019941421225667
			vertex -0.008100000210106373 0.03269999846816063 -0.018941421061754227
		endloop
	endfacet
	facet normal 0.7071067811865476 0 0.7071067811865476
		outer loop
			vertex -0.008100000210106373 0.03269999846816063 -0.018941421061754227
			vertex -0.0071000000461936 0.027300000190734863 -0.019941421225667
			vertex -0.0071000000461936 0.03269999846816063 -0.019941421225667
		endloop
	endfacet
	facet normal 1 0 0
		outer loop
			vertex -0.0071000000461936 0.027300000190734863 -0.019941421225667
			vertex -0.0071000000461936 0.027300000190734863 -0.020858578383922577
			vertex -0.0071000000461936 0.03269999846816063 -0.019941421225667
		endloop
	endfacet
	facet normal 1 0 0
		outer loop
			vertex -0.0071000000461936 0.03269999846816063 -0.019941421225667
			vertex -0.0071000000461936 0.027300000190734863 -0.020858578383922577
			vertex -0.0071000000461936 0.03269999846816063 -0.020858578383922577
		endloop
	endfacet
	facet normal -1 0 0
		outer loop
			vertex 0.0071000000461936 0.037300001829862595 -0.020858578383922577
			vertex 0.0071000000461936 0.037300001829862595 -0.019941421225667
			vertex 0.0071000000461936 0.04270000010728836 -0.020858578383922577
		endloop
	endfacet
	facet normal -1 0 0
		outer loop
			vertex 0.0071000000461936 0.04270000010728836 -0.020858578383922577
			vertex 0.0071000000461936 0.037300001829862595 -0.019941421225667
			vertex 0.0071000000461936 0.04270000010728836 -0.019941421225667
		endloop
	endfacet
	facet normal -0.7071067811865476 0 0.7071067811865476
		outer loop
			vertex 0.0071000000461936 0.037300001829862595 -0.019941421225667
			vertex 0.008100000210106373 0.037300001829862595 -0.018941421061754227
			vertex 0.0071000000461936 0.04270000010728836 -0.019941421225667
		endloop
	endfacet
	facet normal -0.7071067811865476 0 0.7071067811865476
		outer loop
			vertex 0.0071000000461936 0.04270000010728836 -0.019941421225667
			vertex 0.008100000210106373 0.037300001829862595 -0.018941421061754227
			vertex 0.008100000210106373 0.04270000010728836 -0.018941421061754227
		endloop
	endfacet
	facet normal 0.7071067811865476 0 0.7071067811865476
		outer loop
			vertex -0.008100000210106373 0.037300001829862595 -0.018941421061754227
			vertex -0.0071000000461936 0.037300001829862595 -0.019941421225667
			vertex -0.008100000210106373 0.04270000010728836 -0.018941421061754227
		endloop
	endfacet
	facet normal 0.7071067811865476 0 0.7071067811865476
		outer loop
			vertex -0.008100000210106373 0.04270000010728836 -0.018941421061754227
			vertex -0.0071000000461936 0.037300001829862595 -0.019941421225667
			vertex -0.0071000000461936 0.04270000010728836 -0.019941421225667
		endloop
	endfacet
	facet normal 1 0 0
		outer loop
			vertex -0.0071000000461936 0.037300001829862595 -0.019941421225667
			vertex -0.0071000000461936 0.037300001829862595 -0.020858578383922577
			vertex -0.0071000000461936 0.04270000010728836 -0.019941421225667
		endloop
	endfacet
	facet normal 1 0 0
		outer loop
			vertex -0.0071000000461936 0.04270000010728836 -0.019941421225667
			vertex -0.0071000000461936 0.037300001829862595 -0.020858578383922577
			vertex -0.0071000000461936 0.04270000010728836 -0.020858578383922577
		endloop
	endfacet
	facet normal -1 0 0
		outer loop
			vertex 0.0071000000461936 0.04729999974370003 -0.020858578383922577
			vertex 0.0071000000461936 0.04729999974370003 -0.019941421225667
			vertex 0.0071000000461936 0.05270000174641609 -0.020858578383922577
		endloop
	endfacet
	facet normal -1 0 0
		outer loop
			vertex 0.0071000000461936 0.05270000174641609 -0.020858578383922577
			vertex 0.0071000000461936 0.04729999974370003 -0.019941421225667
			vertex 0.0071000000461936 0.05270000174641609 -0.019941421225667
		endloop
	endfacet
	facet normal -0.7071067811865476 0 0.7071067811865476
		outer loop
			vertex 0.0071000000461936 0.04729999974370003 -0.019941421225667
			vertex 0.008100000210106373 0.04729999974370003 -0.018941421061754227
			vertex 0.0071000000461936 0.05270000174641609 -0.019941421225667
		endloop
	endfacet
	facet normal -0.7071067811865476 0 0.7071067811865476
		outer loop
			vertex 0.0071000000461936 0.05270000174641609 -0.019941421225667
			vertex 0.008100000210106373 0.04729999974370003 -0.018941421061754227
			vertex 0.008100000210106373 0.05270000174641609 -0.018941421061754227
		endloop
	endfacet
	facet normal 0.7071067811865476 0 0.7071067811865476
		outer loop
			vertex -0.008100000210106373 0.04729999974370003 -0.018941421061754227
			vertex -0.0071000000461936 0.04729999974370003 -0.019941421225667
			vertex -0.008100000210106373 0.05270000174641609 -0.018941421061754227
		endloop
	endfacet
	facet normal 0.7071067811865476 0 0.7071067811865476
		outer loop
			vertex -0.008100000210106373 0.05270000174641609 -0.018941421061754227
			vertex -0.0071000000461936 0.04729999974370003 -0.019941421225667
			vertex -0.0071000000461936 0.05270000174641609 -0.019941421225667
		endloop
	endfacet
	facet normal 1 0 0
		outer loop
			vertex -0.0071000000461936 0.04729999974370003 -0.019941421225667
			vertex -0.0071000000461936 0.04729999974370003 -0.020858578383922577
			vertex -0.0071000000461936 0.05270000174641609 -0.019941421225667
		endloop
	endfacet
	facet normal 1 0 0
		outer loop
			vertex -0.0071000000461936 0.05270000174641609 -0.019941421225667
			vertex -0.0071000000461936 0.04729999974370003 -0.020858578383922577
			vertex -0.0071000000461936 0.05270000174641609 -0.020858578383922577
		endloop
	endfacet
	facet normal -1 0 0
		outer loop
			vertex 0.0071000000461936 0.05730000138282776 -0.020858578383922577
			vertex 0.0071000000461936 0.05730000138282776 -0.019941421225667
			vertex 0.0071000000461936 0.06270000338554382 -0.020858578383922577
		endloop
	endfacet
	facet normal -1 0 0
		outer loop
			vertex 0.0071000000461936 0.06270000338554382 -0.020858578383922577
			vertex 0.0071000000461936 0.05730000138282776 -0.019941421225667
			vertex 0.0071000000461936 0.06270000338554382 -0.019941421225667
		endloop
	endfacet
	facet normal -0.7071067811865476 0 0.7071067811865476
		outer loop
			vertex 0.0071000000461936 0.05730000138282776 -0.019941421225667
			vertex 0.008100000210106373 0.05730000138282776 -0.018941421061754227
			vertex 0.0071000000461936 0.06270000338554382 -0.019941421225667
		endloop
	endfacet
	facet normal -0.7071067811865476 0 0.7071067811865476
		outer loop
			vertex 0.0071000000461936 0.06270000338554382 -0.019941421225667
			vertex 0.008100000210106373 0.05730000138282776 -0.018941421061754227
			vertex 0.008100000210106373 0.06270000338554382 -0.018941421061754227
		endloop
	endfacet
	facet normal 0.7071067811865476 0 0.7071067811865476
		outer loop
			vertex -0.008100000210106373 0.05730000138282776 -0.018941421061754227
			vertex -0.0071000000461936 0.05730000138282776 -0.019941421225667
			vertex -0.008100000210106373 0.06270000338554382 -0.018941421061754227
		endloop
	endfacet
	facet normal 0.7071067811865476 0 0.7071067811865476
		outer loop
			vertex -0.008100000210106373 0.06270000338554382 -0.018941421061754227
			vertex -0.0071000000461936 0.05730000138282776 -0.019941421225667
			vertex -0.0071000000461936 0.06270000338554382 -0.019941421225667
		endloop
	endfacet
	facet normal 1 0 0
		outer loop
			vertex -0.0071000000461936 0.05730000138282776 -0.019941421225667
			vertex -0.0071000000461936 0.05730000138282776 -0.020858578383922577
			vertex -0.0071000000461936 0.06270000338554382 -0.019941421225667
		endloop
	endfacet
	facet normal 1 0 0
		outer loop
			vertex -0.0071000000461936 0.06270000338554382 -0.019941421225667
			vertex -0.0071000000461936 0.05730000138282776 -0.020858578383922577
			vertex -0.0071000000461936 0.06270000338554382 -0.020858578383922577
		endloop
	endfacet
	facet normal -1 0 0
		outer loop
			vertex 0.0071000000461936 0.06729999929666519 -0.020858578383922577
			vertex 0.0071000000461936 0.06729999929666519 -0.019941421225667
			vertex 0.0071000000461936 0.07270000129938126 -0.020858578383922577
		endloop
	endfacet
	facet normal -1 0 0
		outer loop
			vertex 0.0071000000461936 0.07270000129938126 -0.020858578383922577
			vertex 0.0071000000461936 0.06729999929666519 -0.019941421225667
			vertex 0.0071000000461936 0.07270000129938126 -0.019941421225667
		endloop
	endfacet
	facet normal -0.7071067811865476 0 0.7071067811865476
		outer loop
			vertex 0.0071000000461936 0.06729999929666519 -0.019941421225667
			vertex 0.008100000210106373 0.06729999929666519 -0.018941421061754227
			vertex 0.0071000000461936 0.07270000129938126 -0.019941421225667
		endloop
	endfacet
	facet normal -0.7071067811865476 0 0.7071067811865476
		outer loop
			vertex 0.0071000000461936 0.07270000129938126 -0.019941421225667
			vertex 0.008100000210106373 0.06729999929666519 -0.018941421061754227
			vertex 0.008100000210106373 0.07270000129938126 -0.018941421061754227
		endloop
	endfacet
	facet normal 0.7071067811865476 0 0.7071067811865476
		outer loop
			vertex -0.008100000210106373 0.06729999929666519 -0.018941421061754227
			vertex -0.0071000000461936 0.06729999929666519 -0.019941421225667
			vertex -0.008100000210106373 0.07270000129938126 -0.018941421061754227
		endloop
	endfacet
	facet normal 0.7071067811865476 0 0.7071067811865476
		outer loop
			vertex -0.008100000210106373 0.07270000129938126 -0.018941421061754227
			vertex -0.0071000000461936 0.06729999929666519 -0.019941421225667
			vertex -0.0071000000461936 0.07270000129938126 -0.019941421225667
		endloop
	endfacet
	facet normal 1 0 0
		outer loop
			vertex -0.0071000000461936 0.06729999929666519 -0.019941421225667
			vertex -0.0071000000461936 0.06729999929666519 -0.020858578383922577
			vertex -0.0071000000461936 0.07270000129938126 -0.019941421225667
		endloop
	endfacet
	facet normal 1 0 0
		outer loop
			vertex -0.0071000000461936 0.07270000129938126 -0.019941421225667
			vertex -0.0071000000461936 0.06729999929666519 -0.020858578383922577
			vertex -0.0071000000461936 0.07270000129938126 -0.020858578383922577
		endloop
	endfacet
	facet normal -1 0 0
		outer loop
			vertex 0.0071000000461936 0.07729999721050262 -0.020858578383922577
			vertex 0.0071000000461936 0.07729999721050262 -0.019941421225667
			vertex 0.0071000000461936 0.08250000327825546 -0.020858578383922577
		endloop
	endfacet
	facet normal -1 0 0
		outer loop
			vertex 0.0071000000461936 0.08250000327825546 -0.020858578383922577
			vertex 0.0071000000461936 0.07729999721050262 -0.019941421225667
			vertex 0.0071000000461936 0.08250000327825546 -0.019941421225667
		endloop
	endfacet
	facet normal -0.7071067811865476 0 0.7071067811865476
		outer loop
			vertex 0.0071000000461936 0.07729999721050262 -0.019941421225667
			vertex 0.008100000210106373 0.07729999721050262 -0.018941421061754227
			vertex 0.0071000000461936 0.08250000327825546 -0.019941421225667
		endloop
	endfacet
	facet normal -0.7071067811865476 0 0.7071067811865476
		outer loop
			vertex 0.0071000000461936 0.08250000327825546 -0.019941421225667
			vertex 0.008100000210106373 0.07729999721050262 -0.018941421061754227
			vertex 0.008100000210106373 0.08250000327825546 -0.018941421061754227
		endloop
	endfacet
	facet normal 0.7071067811865476 0 0.7071067811865476
		outer loop
			vertex -0.008100000210106373 0.07729999721050262 -0.018941421061754227
			vertex -0.0071000000461936 0.07729999721050262 -0.019941421225667
			vertex -0.008100000210106373 0.08250000327825546 -0.018941421061754227
		endloop
	endfacet
	facet normal 0.7071067811865476 0 0.7071067811865476
		outer loop
			vertex -0.008100000210106373 0.08250000327825546 -0.018941421061754227
			vertex -0.0071000000461936 0.07729999721050262 -0.019941421225667
			vertex -0.0071000000461936 0.08250000327825546 -0.019941421225667
		endloop
	endfacet
	facet normal 1 0 0
		outer loop
			vertex -0.0071000000461936 0.07729999721050262 -0.019941421225667
			vertex -0.0071000000461936 0.07729999721050262 -0.020858578383922577
			vertex -0.0071000000461936 0.08250000327825546 -0.019941421225667
		endloop
	endfacet
	facet normal 1 0 0
		outer loop
			vertex -0.0071000000461936 0.08250000327825546 -0.019941421225667
			vertex -0.0071000000461936 0.07729999721050262 -0.020858578383922577
			vertex -0.0071000000461936 0.08250000327825546 -0.020858578383922577
		endloop
	endfacet
	facet normal -1 0 0
		outer loop
			vertex -0.010099999606609344 0.08250000327825546 -0.018941421061754227
			vertex -0.010099999606609344 0.08250000327825546 -0.02449999935925007
			vertex -0.010099999606609344 -0.08250000327825546 -0.018941421061754227
		endloop
	endfacet
	facet normal -1 0 0
		outer loop
			vertex -0.010099999606609344 -0.08250000327825546 -0.018941421061754227
			vertex -0.010099999606609344 0.08250000327825546 -0.02449999935925007
			vertex -0.010099999606609344 -0.08250000327825546 -0.02449999935925007
		endloop
	endfacet
	facet normal 0 0 1
		outer loop
			vertex -0.008100000210106373 0.08250000327825546 -0.018941421061754227
			vertex -0.010099999606609344 0.08250000327825546 -0.018941421061754227
			vertex -0.008100000210106373 0.07729999721050262 -0.018941421061754227
		endloop
	endfacet
	facet normal 0 0 1
		outer loop
			vertex -0.008100000210106373 0.07729999721050262 -0.018941421061754227
			vertex -0.010099999606609344 0.08250000327825546 -0.018941421061754227
			vertex -0.008100000210106373 0.07270000129938126 -0.018941421061754227
		endloop
	endfacet
	facet normal 0 0 1
		outer loop
			vertex -0.008100000210106373 0.07729999721050262 -0.018941421061754227
			vertex -0.008100000210106373 0.07270000129938126 -0.018941421061754227
			vertex -0.007017157506197691 0.07270000129938126 -0.018941421061754227
		endloop
	endfacet
	facet normal 0 0 1
		outer loop
			vertex -0.010099999606609344 -0.08250000327825546 -0.018941421061754227
			vertex -0.008100000210106373 -0.0027000000700354576 -0.018941421061754227
			vertex -0.010099999606609344 0.08250000327825546 -0.018941421061754227
		endloop
	endfacet
	facet normal 0 0 1
		outer loop
			vertex -0.010099999606609344 0.08250000327825546 -0.018941421061754227
			vertex -0.008100000210106373 -0.0027000000700354576 -0.018941421061754227
			vertex -0.008100000210106373 0.0027000000700354576 -0.018941421061754227
		endloop
	endfacet
	facet normal 0 0 1
		outer loop
			vertex -0.010099999606609344 0.08250000327825546 -0.018941421061754227
			vertex -0.008100000210106373 0.0027000000700354576 -0.018941421061754227
			vertex -0.008100000210106373 0.007300000172108412 -0.018941421061754227
		endloop
	endfacet
	facet normal 0 0 1
		outer loop
			vertex -0.008100000210106373 0.007300000172108412 -0.018941421061754227
			vertex -0.008100000210106373 0.0027000000700354576 -0.018941421061754227
			vertex -0.007017157506197691 0.0027000000700354576 -0.018941421061754227
		endloop
	endfacet
	facet normal 0 0 1
		outer loop
			vertex -0.008100000210106373 0.007300000172108412 -0.018941421061754227
			vertex -0.007017157506197691 0.0027000000700354576 -0.018941421061754227
			vertex -0.007017157506197691 0.007300000172108412 -0.018941421061754227
		endloop
	endfacet
	facet normal 0 0 1
		outer loop
			vertex -0.008100000210106373 -0.08250000327825546 -0.018941421061754227
			vertex -0.008100000210106373 -0.07729999721050262 -0.018941421061754227
			vertex -0.010099999606609344 -0.08250000327825546 -0.018941421061754227
		endloop
	endfacet
	facet normal 0 0 1
		outer loop
			vertex -0.010099999606609344 -0.08250000327825546 -0.018941421061754227
			vertex -0.008100000210106373 -0.07729999721050262 -0.018941421061754227
			vertex -0.008100000210106373 -0.07270000129938126 -0.018941421061754227
		endloop
	endfacet
	facet normal 0 0 1
		outer loop
			vertex -0.010099999606609344 -0.08250000327825546 -0.018941421061754227
			vertex -0.008100000210106373 -0.07270000129938126 -0.018941421061754227
			vertex -0.008100000210106373 -0.06729999929666519 -0.018941421061754227
		endloop
	endfacet
	facet normal 0 0 1
		outer loop
			vertex -0.008100000210106373 -0.07729999721050262 -0.018941421061754227
			vertex -0.007017157506197691 -0.07729999721050262 -0.018941421061754227
			vertex -0.008100000210106373 -0.07270000129938126 -0.018941421061754227
		endloop
	endfacet
	facet normal 0 0 1
		outer loop
			vertex -0.008100000210106373 -0.07270000129938126 -0.018941421061754227
			vertex -0.007017157506197691 -0.07729999721050262 -0.018941421061754227
			vertex -0.007017157506197691 -0.07270000129938126 -0.018941421061754227
		endloop
	endfacet
	facet normal 0 0 1
		outer loop
			vertex -0.010099999606609344 -0.08250000327825546 -0.018941421061754227
			vertex -0.008100000210106373 -0.06729999929666519 -0.018941421061754227
			vertex -0.008100000210106373 -0.06270000338554382 -0.018941421061754227
		endloop
	endfacet
	facet normal 0 0 1
		outer loop
			vertex -0.008100000210106373 -0.06270000338554382 -0.018941421061754227
			vertex -0.008100000210106373 -0.06729999929666519 -0.018941421061754227
			vertex -0.007017157506197691 -0.06729999929666519 -0.018941421061754227
		endloop
	endfacet
	facet normal 0 0 1
		outer loop
			vertex -0.008100000210106373 -0.06270000338554382 -0.018941421061754227
			vertex -0.007017157506197691 -0.06729999929666519 -0.018941421061754227
			vertex -0.007017157506197691 -0.06270000338554382 -0.018941421061754227
		endloop
	endfacet
	facet normal 0 0 1
		outer loop
			vertex -0.008100000210106373 -0.06270000338554382 -0.018941421061754227
			vertex -0.008100000210106373 -0.05730000138282776 -0.018941421061754227
			vertex -0.010099999606609344 -0.08250000327825546 -0.018941421061754227
		endloop
	endfacet
	facet normal 0 0 1
		outer loop
			vertex -0.010099999606609344 -0.08250000327825546 -0.018941421061754227
			vertex -0.008100000210106373 -0.05730000138282776 -0.018941421061754227
			vertex -0.008100000210106373 -0.05270000174641609 -0.018941421061754227
		endloop
	endfacet
	facet normal 0 0 1
		outer loop
			vertex -0.010099999606609344 -0.08250000327825546 -0.018941421061754227
			vertex -0.008100000210106373 -0.05270000174641609 -0.018941421061754227
			vertex -0.008100000210106373 -0.04729999974370003 -0.018941421061754227
		endloop
	endfacet
	facet normal 0 0 1
		outer loop
			vertex -0.008100000210106373 -0.05730000138282776 -0.018941421061754227
			vertex -0.007017157506197691 -0.05730000138282776 -0.018941421061754227
			vertex -0.008100000210106373 -0.05270000174641609 -0.018941421061754227
		endloop
	endfacet
	facet normal 0 0 1
		outer loop
			vertex -0.008100000210106373 -0.05270000174641609 -0.018941421061754227
			vertex -0.007017157506197691 -0.05730000138282776 -0.018941421061754227
			vertex -0.007017157506197691 -0.05270000174641609 -0.018941421061754227
		endloop
	endfacet
	facet normal 0 0 1
		outer loop
			vertex -0.010099999606609344 -0.08250000327825546 -0.018941421061754227
			vertex -0.008100000210106373 -0.04729999974370003 -0.018941421061754227
			vertex -0.008100000210106373 -0.04270000010728836 -0.018941421061754227
		endloop
	endfacet
	facet normal 0 0 1
		outer loop
			vertex -0.008100000210106373 -0.04270000010728836 -0.018941421061754227
			vertex -0.008100000210106373 -0.04729999974370003 -0.018941421061754227
			vertex -0.007017157506197691 -0.04729999974370003 -0.018941421061754227
		endloop
	endfacet
	facet normal 0 0 1
		outer loop
			vertex -0.008100000210106373 -0.04270000010728836 -0.018941421061754227
			vertex -0.007017157506197691 -0.04729999974370003 -0.018941421061754227
			vertex -0.007017157506197691 -0.04270000010728836 -0.018941421061754227
		endloop
	endfacet
	facet normal 0 0 1
		outer loop
			vertex -0.008100000210106373 -0.04270000010728836 -0.018941421061754227
			vertex -0.008100000210106373 -0.037300001829862595 -0.018941421061754227
			vertex -0.010099999606609344 -0.08250000327825546 -0.018941421061754227
		endloop
	endfacet
	facet normal 0 0 1
		outer loop
			vertex -0.010099999606609344 -0.08250000327825546 -0.018941421061754227
			vertex -0.008100000210106373 -0.037300001829862595 -0.018941421061754227
			vertex -0.008100000210106373 -0.03269999846816063 -0.018941421061754227
		endloop
	endfacet
	facet normal 0 0 1
		outer loop
			vertex -0.010099999606609344 -0.08250000327825546 -0.018941421061754227
			vertex -0.008100000210106373 -0.03269999846816063 -0.018941421061754227
			vertex -0.008100000210106373 -0.027300000190734863 -0.018941421061754227
		endloop
	endfacet
	facet normal 0 0 1
		outer loop
			vertex -0.008100000210106373 -0.037300001829862595 -0.018941421061754227
			vertex -0.007017157506197691 -0.037300001829862595 -0.018941421061754227
			vertex -0.008100000210106373 -0.03269999846816063 -0.018941421061754227
		endloop
	endfacet
	facet normal 0 0 1
		outer loop
			vertex -0.008100000210106373 -0.03269999846816063 -0.018941421061754227
			vertex -0.007017157506197691 -0.037300001829862595 -0.018941421061754227
			vertex -0.007017157506197691 -0.03269999846816063 -0.018941421061754227
		endloop
	endfacet
	facet normal 0 0 1
		outer loop
			vertex -0.010099999606609344 -0.08250000327825546 -0.018941421061754227
			vertex -0.008100000210106373 -0.027300000190734863 -0.018941421061754227
			vertex -0.008100000210106373 -0.022700000554323196 -0.018941421061754227
		endloop
	endfacet
	facet normal 0 0 1
		outer loop
			vertex -0.008100000210106373 -0.022700000554323196 -0.018941421061754227
			vertex -0.008100000210106373 -0.027300000190734863 -0.018941421061754227
			vertex -0.007017157506197691 -0.027300000190734863 -0.018941421061754227
		endloop
	endfacet
	facet normal 0 0 1
		outer loop
			vertex -0.008100000210106373 -0.022700000554323196 -0.018941421061754227
			vertex -0.007017157506197691 -0.027300000190734863 -0.018941421061754227
			vertex -0.007017157506197691 -0.022700000554323196 -0.018941421061754227
		endloop
	endfacet
	facet normal 0 0 1
		outer loop
			vertex -0.008100000210106373 -0.022700000554323196 -0.018941421061754227
			vertex -0.008100000210106373 -0.01730000041425228 -0.018941421061754227
			vertex -0.010099999606609344 -0.08250000327825546 -0.018941421061754227
		endloop
	endfacet
	facet normal 0 0 1
		outer loop
			vertex -0.010099999606609344 -0.08250000327825546 -0.018941421061754227
			vertex -0.008100000210106373 -0.01730000041425228 -0.018941421061754227
			vertex -0.008100000210106373 -0.01269999984651804 -0.018941421061754227
		endloop
	endfacet
	facet normal 0 0 1
		outer loop
			vertex -0.010099999606609344 -0.08250000327825546 -0.018941421061754227
			vertex -0.008100000210106373 -0.01269999984651804 -0.018941421061754227
			vertex -0.008100000210106373 -0.007300000172108412 -0.018941421061754227
		endloop
	endfacet
	facet normal 0 0 1
		outer loop
			vertex -0.008100000210106373 -0.01730000041425228 -0.018941421061754227
			vertex -0.007017157506197691 -0.01730000041425228 -0.018941421061754227
			vertex -0.008100000210106373 -0.01269999984651804 -0.018941421061754227
		endloop
	endfacet
	facet normal 0 0 1
		outer loop
			vertex -0.008100000210106373 -0.01269999984651804 -0.018941421061754227
			vertex -0.007017157506197691 -0.01730000041425228 -0.018941421061754227
			vertex -0.007017157506197691 -0.01269999984651804 -0.018941421061754227
		endloop
	endfacet
	facet normal 0 0 1
		outer loop
			vertex -0.010099999606609344 -0.08250000327825546 -0.018941421061754227
			vertex -0.008100000210106373 -0.007300000172108412 -0.018941421061754227
			vertex -0.008100000210106373 -0.0027000000700354576 -0.018941421061754227
		endloop
	endfacet
	facet normal 0 0 1
		outer loop
			vertex -0.008100000210106373 -0.0027000000700354576 -0.018941421061754227
			vertex -0.008100000210106373 -0.007300000172108412 -0.018941421061754227
			vertex -0.007017157506197691 -0.007300000172108412 -0.018941421061754227
		endloop
	endfacet
	facet normal 0 0 1
		outer loop
			vertex -0.008100000210106373 -0.0027000000700354576 -0.018941421061754227
			vertex -0.007017157506197691 -0.007300000172108412 -0.018941421061754227
			vertex -0.007017157506197691 -0.0027000000700354576 -0.018941421061754227
		endloop
	endfacet
	facet normal 0 0 1
		outer loop
			vertex -0.008100000210106373 0.007300000172108412 -0.018941421061754227
			vertex -0.008100000210106373 0.01269999984651804 -0.018941421061754227
			vertex -0.010099999606609344 0.08250000327825546 -0.018941421061754227
		endloop
	endfacet
	facet normal 0 0 1
		outer loop
			vertex -0.010099999606609344 0.08250000327825546 -0.018941421061754227
			vertex -0.008100000210106373 0.01269999984651804 -0.018941421061754227
			vertex -0.008100000210106373 0.01730000041425228 -0.018941421061754227
		endloop
	endfacet
	facet normal 0 0 1
		outer loop
			vertex -0.010099999606609344 0.08250000327825546 -0.018941421061754227
			vertex -0.008100000210106373 0.01730000041425228 -0.018941421061754227
			vertex -0.008100000210106373 0.022700000554323196 -0.018941421061754227
		endloop
	endfacet
	facet normal 0 0 1
		outer loop
			vertex -0.008100000210106373 0.01269999984651804 -0.018941421061754227
			vertex -0.007017157506197691 0.01269999984651804 -0.018941421061754227
			vertex -0.008100000210106373 0.01730000041425228 -0.018941421061754227
		endloop
	endfacet
	facet normal 0 0 1
		outer loop
			vertex -0.008100000210106373 0.01730000041425228 -0.018941421061754227
			vertex -0.007017157506197691 0.01269999984651804 -0.018941421061754227
			vertex -0.007017157506197691 0.01730000041425228 -0.018941421061754227
		endloop
	endfacet
	facet normal 0 0 1
		outer loop
			vertex -0.010099999606609344 0.08250000327825546 -0.018941421061754227
			vertex -0.008100000210106373 0.022700000554323196 -0.018941421061754227
			vertex -0.008100000210106373 0.027300000190734863 -0.018941421061754227
		endloop
	endfacet
	facet normal 0 0 1
		outer loop
			vertex -0.008100000210106373 0.027300000190734863 -0.018941421061754227
			vertex -0.008100000210106373 0.022700000554323196 -0.018941421061754227
			vertex -0.007017157506197691 0.022700000554323196 -0.018941421061754227
		endloop
	endfacet
	facet normal 0 0 1
		outer loop
			vertex -0.008100000210106373 0.027300000190734863 -0.018941421061754227
			vertex -0.007017157506197691 0.022700000554323196 -0.018941421061754227
			vertex -0.007017157506197691 0.027300000190734863 -0.018941421061754227
		endloop
	endfacet
	facet normal 0 0 1
		outer loop
			vertex -0.008100000210106373 0.027300000190734863 -0.018941421061754227
			vertex -0.008100000210106373 0.03269999846816063 -0.018941421061754227
			vertex -0.010099999606609344 0.08250000327825546 -0.018941421061754227
		endloop
	endfacet
	facet normal 0 0 1
		outer loop
			vertex -0.010099999606609344 0.08250000327825546 -0.018941421061754227
			vertex -0.008100000210106373 0.03269999846816063 -0.018941421061754227
			vertex -0.008100000210106373 0.037300001829862595 -0.018941421061754227
		endloop
	endfacet
	facet normal 0 0 1
		outer loop
			vertex -0.010099999606609344 0.08250000327825546 -0.018941421061754227
			vertex -0.008100000210106373 0.037300001829862595 -0.018941421061754227
			vertex -0.008100000210106373 0.04270000010728836 -0.018941421061754227
		endloop
	endfacet
	facet normal 0 0 1
		outer loop
			vertex -0.008100000210106373 0.03269999846816063 -0.018941421061754227
			vertex -0.007017157506197691 0.03269999846816063 -0.018941421061754227
			vertex -0.008100000210106373 0.037300001829862595 -0.018941421061754227
		endloop
	endfacet
	facet normal 0 0 1
		outer loop
			vertex -0.008100000210106373 0.037300001829862595 -0.018941421061754227
			vertex -0.007017157506197691 0.03269999846816063 -0.018941421061754227
			vertex -0.007017157506197691 0.037300001829862595 -0.018941421061754227
		endloop
	endfacet
	facet normal 0 0 1
		outer loop
			vertex -0.010099999606609344 0.08250000327825546 -0.018941421061754227
			vertex -0.008100000210106373 0.04270000010728836 -0.018941421061754227
			vertex -0.008100000210106373 0.04729999974370003 -0.018941421061754227
		endloop
	endfacet
	facet normal 0 0 1
		outer loop
			vertex -0.008100000210106373 0.04729999974370003 -0.018941421061754227
			vertex -0.008100000210106373 0.04270000010728836 -0.018941421061754227
			vertex -0.007017157506197691 0.04270000010728836 -0.018941421061754227
		endloop
	endfacet
	facet normal 0 0 1
		outer loop
			vertex -0.008100000210106373 0.04729999974370003 -0.018941421061754227
			vertex -0.007017157506197691 0.04270000010728836 -0.018941421061754227
			vertex -0.007017157506197691 0.04729999974370003 -0.018941421061754227
		endloop
	endfacet
	facet normal 0 0 1
		outer loop
			vertex -0.008100000210106373 0.04729999974370003 -0.018941421061754227
			vertex -0.008100000210106373 0.05270000174641609 -0.018941421061754227
			vertex -0.010099999606609344 0.08250000327825546 -0.018941421061754227
		endloop
	endfacet
	facet normal 0 0 1
		outer loop
			vertex -0.010099999606609344 0.08250000327825546 -0.018941421061754227
			vertex -0.008100000210106373 0.05270000174641609 -0.018941421061754227
			vertex -0.008100000210106373 0.05730000138282776 -0.018941421061754227
		endloop
	endfacet
	facet normal 0 0 1
		outer loop
			vertex -0.010099999606609344 0.08250000327825546 -0.018941421061754227
			vertex -0.008100000210106373 0.05730000138282776 -0.018941421061754227
			vertex -0.008100000210106373 0.06270000338554382 -0.018941421061754227
		endloop
	endfacet
	facet normal 0 0 1
		outer loop
			vertex -0.008100000210106373 0.05270000174641609 -0.018941421061754227
			vertex -0.007017157506197691 0.05270000174641609 -0.018941421061754227
			vertex -0.008100000210106373 0.05730000138282776 -0.018941421061754227
		endloop
	endfacet
	facet normal 0 0 1
		outer loop
			vertex -0.008100000210106373 0.05730000138282776 -0.018941421061754227
			vertex -0.007017157506197691 0.05270000174641609 -0.018941421061754227
			vertex -0.007017157506197691 0.05730000138282776 -0.018941421061754227
		endloop
	endfacet
	facet normal 0 0 1
		outer loop
			vertex -0.010099999606609344 0.08250000327825546 -0.018941421061754227
			vertex -0.008100000210106373 0.06270000338554382 -0.018941421061754227
			vertex -0.008100000210106373 0.06729999929666519 -0.018941421061754227
		endloop
	endfacet
	facet normal 0 0 1
		outer loop
			vertex -0.008100000210106373 0.06729999929666519 -0.018941421061754227
			vertex -0.008100000210106373 0.06270000338554382 -0.018941421061754227
			vertex -0.007017157506197691 0.06270000338554382 -0.018941421061754227
		endloop
	endfacet
	facet normal 0 0 1
		outer loop
			vertex -0.008100000210106373 0.06729999929666519 -0.018941421061754227
			vertex -0.007017157506197691 0.06270000338554382 -0.018941421061754227
			vertex -0.007017157506197691 0.06729999929666519 -0.018941421061754227
		endloop
	endfacet
	facet normal 0 0 1
		outer loop
			vertex -0.008100000210106373 0.06729999929666519 -0.018941421061754227
			vertex -0.008100000210106373 0.07270000129938126 -0.018941421061754227
			vertex -0.010099999606609344 0.08250000327825546 -0.018941421061754227
		endloop
	endfacet
	facet normal 0 0 1
		outer loop
			vertex -0.007017157506197691 0.07270000129938126 -0.018941421061754227
			vertex -0.007017157506197691 0.07729999721050262 -0.018941421061754227
			vertex -0.008100000210106373 0.07729999721050262 -0.018941421061754227
		endloop
	endfacet
	facet normal 0.7071067811865476 0 0.7071067811865476
		outer loop
			vertex -0.0071000000461936 -0.07729999721050262 -0.019941421225667
			vertex -0.008100000210106373 -0.07729999721050262 -0.018941421061754227
			vertex -0.0071000000461936 -0.08250000327825546 -0.019941421225667
		endloop
	endfacet
	facet normal 0.7071067811865476 0 0.7071067811865476
		outer loop
			vertex -0.0071000000461936 -0.08250000327825546 -0.019941421225667
			vertex -0.008100000210106373 -0.07729999721050262 -0.018941421061754227
			vertex -0.008100000210106373 -0.08250000327825546 -0.018941421061754227
		endloop
	endfacet
	facet normal 1 0 0
		outer loop
			vertex -0.0071000000461936 -0.07729999721050262 -0.020858578383922577
			vertex -0.0071000000461936 -0.07729999721050262 -0.019941421225667
			vertex -0.0071000000461936 -0.08250000327825546 -0.020858578383922577
		endloop
	endfacet
	facet normal 1 0 0
		outer loop
			vertex -0.0071000000461936 -0.08250000327825546 -0.020858578383922577
			vertex -0.0071000000461936 -0.07729999721050262 -0.019941421225667
			vertex -0.0071000000461936 -0.08250000327825546 -0.019941421225667
		endloop
	endfacet
	facet normal 0.7071067811865476 0 -0.7071067811865476
		outer loop
			vertex -0.0071000000461936 0.08250000327825546 -0.020858578383922577
			vertex -0.0071000000461936 0.07729999721050262 -0.020858578383922577
			vertex -0.008100000210106373 0.08250000327825546 -0.02185857854783535
		endloop
	endfacet
	facet normal 0.7071067811865476 0 -0.7071067811865476
		outer loop
			vertex -0.008100000210106373 0.08250000327825546 -0.02185857854783535
			vertex -0.0071000000461936 0.07729999721050262 -0.020858578383922577
			vertex -0.0071000000461936 0.07270000129938126 -0.020858578383922577
		endloop
	endfacet
	facet normal 0.7071067811865476 0 -0.7071067811865476
		outer loop
			vertex -0.008100000210106373 0.08250000327825546 -0.02185857854783535
			vertex -0.0071000000461936 0.07270000129938126 -0.020858578383922577
			vertex -0.0071000000461936 0.06729999929666519 -0.020858578383922577
		endloop
	endfacet
	facet normal 0.7071065616716453 0 -0.7071070007013815
		outer loop
			vertex -0.0071000000461936 0.07729999721050262 -0.020858578383922577
			vertex -0.00634999992325902 0.07729999721050262 -0.020108578726649284
			vertex -0.0071000000461936 0.07270000129938126 -0.020858578383922577
		endloop
	endfacet
	facet normal 0.7071065616716453 0 -0.7071070007013815
		outer loop
			vertex -0.0071000000461936 0.07270000129938126 -0.020858578383922577
			vertex -0.00634999992325902 0.07729999721050262 -0.020108578726649284
			vertex -0.00634999992325902 0.07270000129938126 -0.020108578726649284
		endloop
	endfacet
	facet normal 0.7071067811865476 0 -0.7071067811865476
		outer loop
			vertex -0.008100000210106373 0.08250000327825546 -0.02185857854783535
			vertex -0.0071000000461936 0.06729999929666519 -0.020858578383922577
			vertex -0.0071000000461936 0.06270000338554382 -0.020858578383922577
		endloop
	endfacet
	facet normal 0.7071065616716453 0 -0.7071070007013815
		outer loop
			vertex -0.0071000000461936 0.06270000338554382 -0.020858578383922577
			vertex -0.0071000000461936 0.06729999929666519 -0.020858578383922577
			vertex -0.00634999992325902 0.06729999929666519 -0.020108578726649284
		endloop
	endfacet
	facet normal 0.7071065616716453 0 -0.7071070007013815
		outer loop
			vertex -0.0071000000461936 0.06270000338554382 -0.020858578383922577
			vertex -0.00634999992325902 0.06729999929666519 -0.020108578726649284
			vertex -0.00634999992325902 0.06270000338554382 -0.020108578726649284
		endloop
	endfacet
	facet normal 0.7071067811865476 0 -0.7071067811865476
		outer loop
			vertex -0.0071000000461936 0.06270000338554382 -0.020858578383922577
			vertex -0.0071000000461936 0.05730000138282776 -0.020858578383922577
			vertex -0.008100000210106373 0.08250000327825546 -0.02185857854783535
		endloop
	endfacet
	facet normal 0.7071067811865476 0 -0.7071067811865476
		outer loop
			vertex -0.008100000210106373 0.08250000327825546 -0.02185857854783535
			vertex -0.0071000000461936 0.05730000138282776 -0.020858578383922577
			vertex -0.0071000000461936 0.05270000174641609 -0.020858578383922577
		endloop
	endfacet
	facet normal 0.7071067811865476 0 -0.7071067811865476
		outer loop
			vertex -0.008100000210106373 0.08250000327825546 -0.02185857854783535
			vertex -0.0071000000461936 0.05270000174641609 -0.020858578383922577
			vertex -0.0071000000461936 0.04729999974370003 -0.020858578383922577
		endloop
	endfacet
	facet normal 0.7071065616716453 0 -0.7071070007013815
		outer loop
			vertex -0.0071000000461936 0.05730000138282776 -0.020858578383922577
			vertex -0.00634999992325902 0.05730000138282776 -0.020108578726649284
			vertex -0.0071000000461936 0.05270000174641609 -0.020858578383922577
		endloop
	endfacet
	facet normal 0.7071065616716453 0 -0.7071070007013815
		outer loop
			vertex -0.0071000000461936 0.05270000174641609 -0.020858578383922577
			vertex -0.00634999992325902 0.05730000138282776 -0.020108578726649284
			vertex -0.00634999992325902 0.05270000174641609 -0.020108578726649284
		endloop
	endfacet
	facet normal 0.7071067811865476 0 -0.7071067811865476
		outer loop
			vertex -0.008100000210106373 0.08250000327825546 -0.02185857854783535
			vertex -0.0071000000461936 0.04729999974370003 -0.020858578383922577
			vertex -0.0071000000461936 0.04270000010728836 -0.020858578383922577
		endloop
	endfacet
	facet normal 0.7071065616716453 0 -0.7071070007013815
		outer loop
			vertex -0.0071000000461936 0.04270000010728836 -0.020858578383922577
			vertex -0.0071000000461936 0.04729999974370003 -0.020858578383922577
			vertex -0.00634999992325902 0.04729999974370003 -0.020108578726649284
		endloop
	endfacet
	facet normal 0.7071065616716453 0 -0.7071070007013815
		outer loop
			vertex -0.0071000000461936 0.04270000010728836 -0.020858578383922577
			vertex -0.00634999992325902 0.04729999974370003 -0.020108578726649284
			vertex -0.00634999992325902 0.04270000010728836 -0.020108578726649284
		endloop
	endfacet
	facet normal 0.7071067811865476 0 -0.7071067811865476
		outer loop
			vertex -0.0071000000461936 0.04270000010728836 -0.020858578383922577
			vertex -0.0071000000461936 0.037300001829862595 -0.020858578383922577
			vertex -0.008100000210106373 0.08250000327825546 -0.02185857854783535
		endloop
	endfacet
	facet normal 0.7071067811865476 0 -0.7071067811865476
		outer loop
			vertex -0.008100000210106373 0.08250000327825546 -0.02185857854783535
			vertex -0.0071000000461936 0.037300001829862595 -0.020858578383922577
			vertex -0.0071000000461936 0.03269999846816063 -0.020858578383922577
		endloop
	endfacet
	facet normal 0.7071067811865476 0 -0.7071067811865476
		outer loop
			vertex -0.008100000210106373 0.08250000327825546 -0.02185857854783535
			vertex -0.0071000000461936 0.03269999846816063 -0.020858578383922577
			vertex -0.0071000000461936 0.027300000190734863 -0.020858578383922577
		endloop
	endfacet
	facet normal 0.7071065616716453 0 -0.7071070007013817
		outer loop
			vertex -0.0071000000461936 0.037300001829862595 -0.020858578383922577
			vertex -0.00634999992325902 0.037300001829862595 -0.020108578726649284
			vertex -0.0071000000461936 0.03269999846816063 -0.020858578383922577
		endloop
	endfacet
	facet normal 0.7071065616716453 0 -0.7071070007013817
		outer loop
			vertex -0.0071000000461936 0.03269999846816063 -0.020858578383922577
			vertex -0.00634999992325902 0.037300001829862595 -0.020108578726649284
			vertex -0.00634999992325902 0.03269999846816063 -0.020108578726649284
		endloop
	endfacet
	facet normal 0.7071067811865476 0 -0.7071067811865476
		outer loop
			vertex -0.008100000210106373 0.08250000327825546 -0.02185857854783535
			vertex -0.0071000000461936 0.027300000190734863 -0.020858578383922577
			vertex -0.0071000000461936 0.022700000554323196 -0.020858578383922577
		endloop
	endfacet
	facet normal 0.7071065616716453 0 -0.7071070007013815
		outer loop
			vertex -0.0071000000461936 0.022700000554323196 -0.020858578383922577
			vertex -0.0071000000461936 0.027300000190734863 -0.020858578383922577
			vertex -0.00634999992325902 0.027300000190734863 -0.020108578726649284
		endloop
	endfacet
	facet normal 0.7071065616716453 0 -0.7071070007013815
		outer loop
			vertex -0.0071000000461936 0.022700000554323196 -0.020858578383922577
			vertex -0.00634999992325902 0.027300000190734863 -0.020108578726649284
			vertex -0.00634999992325902 0.022700000554323196 -0.020108578726649284
		endloop
	endfacet
	facet normal 0.7071067811865476 0 -0.7071067811865476
		outer loop
			vertex -0.0071000000461936 0.022700000554323196 -0.020858578383922577
			vertex -0.0071000000461936 0.01730000041425228 -0.020858578383922577
			vertex -0.008100000210106373 0.08250000327825546 -0.02185857854783535
		endloop
	endfacet
	facet normal 0.7071067811865476 0 -0.7071067811865476
		outer loop
			vertex -0.008100000210106373 0.08250000327825546 -0.02185857854783535
			vertex -0.0071000000461936 0.01730000041425228 -0.020858578383922577
			vertex -0.0071000000461936 0.01269999984651804 -0.020858578383922577
		endloop
	endfacet
	facet normal 0.7071067811865476 0 -0.7071067811865476
		outer loop
			vertex -0.008100000210106373 0.08250000327825546 -0.02185857854783535
			vertex -0.0071000000461936 0.01269999984651804 -0.020858578383922577
			vertex -0.0071000000461936 0.007300000172108412 -0.020858578383922577
		endloop
	endfacet
	facet normal 0.7071065616716453 0 -0.7071070007013817
		outer loop
			vertex -0.0071000000461936 0.01730000041425228 -0.020858578383922577
			vertex -0.00634999992325902 0.01730000041425228 -0.020108578726649284
			vertex -0.0071000000461936 0.01269999984651804 -0.020858578383922577
		endloop
	endfacet
	facet normal 0.7071065616716453 0 -0.7071070007013817
		outer loop
			vertex -0.0071000000461936 0.01269999984651804 -0.020858578383922577
			vertex -0.00634999992325902 0.01730000041425228 -0.020108578726649284
			vertex -0.00634999992325902 0.01269999984651804 -0.020108578726649284
		endloop
	endfacet
	facet normal 0.7071067811865476 0 -0.7071067811865476
		outer loop
			vertex -0.008100000210106373 0.08250000327825546 -0.02185857854783535
			vertex -0.0071000000461936 0.007300000172108412 -0.020858578383922577
			vertex -0.0071000000461936 0.0027000000700354576 -0.020858578383922577
		endloop
	endfacet
	facet normal 0.7071065616716453 0 -0.7071070007013817
		outer loop
			vertex -0.0071000000461936 0.0027000000700354576 -0.020858578383922577
			vertex -0.0071000000461936 0.007300000172108412 -0.020858578383922577
			vertex -0.00634999992325902 0.007300000172108412 -0.020108578726649284
		endloop
	endfacet
	facet normal 0.7071065616716453 0 -0.7071070007013817
		outer loop
			vertex -0.0071000000461936 0.0027000000700354576 -0.020858578383922577
			vertex -0.00634999992325902 0.007300000172108412 -0.020108578726649284
			vertex -0.00634999992325902 0.0027000000700354576 -0.020108578726649284
		endloop
	endfacet
	facet normal 0.7071067811865476 0 -0.7071067811865476
		outer loop
			vertex -0.0071000000461936 0.0027000000700354576 -0.020858578383922577
			vertex -0.0071000000461936 -0.0027000000700354576 -0.020858578383922577
			vertex -0.008100000210106373 0.08250000327825546 -0.02185857854783535
		endloop
	endfacet
	facet normal 0.7071067811865476 0 -0.7071067811865476
		outer loop
			vertex -0.008100000210106373 0.08250000327825546 -0.02185857854783535
			vertex -0.0071000000461936 -0.0027000000700354576 -0.020858578383922577
			vertex -0.008100000210106373 -0.08250000327825546 -0.02185857854783535
		endloop
	endfacet
	facet normal 0.7071067811865476 0 -0.7071067811865476
		outer loop
			vertex -0.008100000210106373 -0.08250000327825546 -0.02185857854783535
			vertex -0.0071000000461936 -0.0027000000700354576 -0.020858578383922577
			vertex -0.0071000000461936 -0.007300000172108412 -0.020858578383922577
		endloop
	endfacet
	facet normal 0.7071067811865476 0 -0.7071067811865476
		outer loop
			vertex -0.008100000210106373 -0.08250000327825546 -0.02185857854783535
			vertex -0.0071000000461936 -0.007300000172108412 -0.020858578383922577
			vertex -0.0071000000461936 -0.01269999984651804 -0.020858578383922577
		endloop
	endfacet
	facet normal 0.7071065616716453 0 -0.7071070007013817
		outer loop
			vertex -0.0071000000461936 -0.0027000000700354576 -0.020858578383922577
			vertex -0.00634999992325902 -0.0027000000700354576 -0.020108578726649284
			vertex -0.0071000000461936 -0.007300000172108412 -0.020858578383922577
		endloop
	endfacet
	facet normal 0.7071065616716453 0 -0.7071070007013817
		outer loop
			vertex -0.0071000000461936 -0.007300000172108412 -0.020858578383922577
			vertex -0.00634999992325902 -0.0027000000700354576 -0.020108578726649284
			vertex -0.00634999992325902 -0.007300000172108412 -0.020108578726649284
		endloop
	endfacet
	facet normal 0.7071067811865476 0 -0.7071067811865476
		outer loop
			vertex -0.008100000210106373 -0.08250000327825546 -0.02185857854783535
			vertex -0.0071000000461936 -0.01269999984651804 -0.020858578383922577
			vertex -0.0071000000461936 -0.01730000041425228 -0.020858578383922577
		endloop
	endfacet
	facet normal 0.7071065616716453 0 -0.7071070007013817
		outer loop
			vertex -0.0071000000461936 -0.01730000041425228 -0.020858578383922577
			vertex -0.0071000000461936 -0.01269999984651804 -0.020858578383922577
			vertex -0.00634999992325902 -0.01269999984651804 -0.020108578726649284
		endloop
	endfacet
	facet normal 0.7071065616716453 0 -0.7071070007013817
		outer loop
			vertex -0.0071000000461936 -0.01730000041425228 -0.020858578383922577
			vertex -0.00634999992325902 -0.01269999984651804 -0.020108578726649284
			vertex -0.00634999992325902 -0.01730000041425228 -0.020108578726649284
		endloop
	endfacet
	facet normal 0.7071067811865476 0 -0.7071067811865476
		outer loop
			vertex -0.0071000000461936 -0.01730000041425228 -0.020858578383922577
			vertex -0.0071000000461936 -0.022700000554323196 -0.020858578383922577
			vertex -0.008100000210106373 -0.08250000327825546 -0.02185857854783535
		endloop
	endfacet
	facet normal 0.7071067811865476 0 -0.7071067811865476
		outer loop
			vertex -0.008100000210106373 -0.08250000327825546 -0.02185857854783535
			vertex -0.0071000000461936 -0.022700000554323196 -0.020858578383922577
			vertex -0.0071000000461936 -0.027300000190734863 -0.020858578383922577
		endloop
	endfacet
	facet normal 0.7071067811865476 0 -0.7071067811865476
		outer loop
			vertex -0.008100000210106373 -0.08250000327825546 -0.02185857854783535
			vertex -0.0071000000461936 -0.027300000190734863 -0.020858578383922577
			vertex -0.0071000000461936 -0.03269999846816063 -0.020858578383922577
		endloop
	endfacet
	facet normal 0.7071065616716453 0 -0.7071070007013815
		outer loop
			vertex -0.0071000000461936 -0.022700000554323196 -0.020858578383922577
			vertex -0.00634999992325902 -0.022700000554323196 -0.020108578726649284
			vertex -0.0071000000461936 -0.027300000190734863 -0.020858578383922577
		endloop
	endfacet
	facet normal 0.7071065616716453 0 -0.7071070007013815
		outer loop
			vertex -0.0071000000461936 -0.027300000190734863 -0.020858578383922577
			vertex -0.00634999992325902 -0.022700000554323196 -0.020108578726649284
			vertex -0.00634999992325902 -0.027300000190734863 -0.020108578726649284
		endloop
	endfacet
	facet normal 0.7071067811865476 0 -0.7071067811865476
		outer loop
			vertex -0.008100000210106373 -0.08250000327825546 -0.02185857854783535
			vertex -0.0071000000461936 -0.03269999846816063 -0.020858578383922577
			vertex -0.0071000000461936 -0.037300001829862595 -0.020858578383922577
		endloop
	endfacet
	facet normal 0.7071065616716453 0 -0.7071070007013817
		outer loop
			vertex -0.0071000000461936 -0.037300001829862595 -0.020858578383922577
			vertex -0.0071000000461936 -0.03269999846816063 -0.020858578383922577
			vertex -0.00634999992325902 -0.03269999846816063 -0.020108578726649284
		endloop
	endfacet
	facet normal 0.7071065616716453 0 -0.7071070007013817
		outer loop
			vertex -0.0071000000461936 -0.037300001829862595 -0.020858578383922577
			vertex -0.00634999992325902 -0.03269999846816063 -0.020108578726649284
			vertex -0.00634999992325902 -0.037300001829862595 -0.020108578726649284
		endloop
	endfacet
	facet normal 0.7071067811865476 0 -0.7071067811865476
		outer loop
			vertex -0.0071000000461936 -0.037300001829862595 -0.020858578383922577
			vertex -0.0071000000461936 -0.04270000010728836 -0.020858578383922577
			vertex -0.008100000210106373 -0.08250000327825546 -0.02185857854783535
		endloop
	endfacet
	facet normal 0.7071067811865476 0 -0.7071067811865476
		outer loop
			vertex -0.008100000210106373 -0.08250000327825546 -0.02185857854783535
			vertex -0.0071000000461936 -0.04270000010728836 -0.020858578383922577
			vertex -0.0071000000461936 -0.04729999974370003 -0.020858578383922577
		endloop
	endfacet
	facet normal 0.7071067811865476 0 -0.7071067811865476
		outer loop
			vertex -0.008100000210106373 -0.08250000327825546 -0.02185857854783535
			vertex -0.0071000000461936 -0.04729999974370003 -0.020858578383922577
			vertex -0.0071000000461936 -0.05270000174641609 -0.020858578383922577
		endloop
	endfacet
	facet normal 0.7071065616716453 0 -0.7071070007013815
		outer loop
			vertex -0.0071000000461936 -0.04270000010728836 -0.020858578383922577
			vertex -0.00634999992325902 -0.04270000010728836 -0.020108578726649284
			vertex -0.0071000000461936 -0.04729999974370003 -0.020858578383922577
		endloop
	endfacet
	facet normal 0.7071065616716453 0 -0.7071070007013815
		outer loop
			vertex -0.0071000000461936 -0.04729999974370003 -0.020858578383922577
			vertex -0.00634999992325902 -0.04270000010728836 -0.020108578726649284
			vertex -0.00634999992325902 -0.04729999974370003 -0.020108578726649284
		endloop
	endfacet
	facet normal 0.7071067811865476 0 -0.7071067811865476
		outer loop
			vertex -0.008100000210106373 -0.08250000327825546 -0.02185857854783535
			vertex -0.0071000000461936 -0.05270000174641609 -0.020858578383922577
			vertex -0.0071000000461936 -0.05730000138282776 -0.020858578383922577
		endloop
	endfacet
	facet normal 0.7071065616716453 0 -0.7071070007013815
		outer loop
			vertex -0.0071000000461936 -0.05730000138282776 -0.020858578383922577
			vertex -0.0071000000461936 -0.05270000174641609 -0.020858578383922577
			vertex -0.00634999992325902 -0.05270000174641609 -0.020108578726649284
		endloop
	endfacet
	facet normal 0.7071065616716453 0 -0.7071070007013815
		outer loop
			vertex -0.0071000000461936 -0.05730000138282776 -0.020858578383922577
			vertex -0.00634999992325902 -0.05270000174641609 -0.020108578726649284
			vertex -0.00634999992325902 -0.05730000138282776 -0.020108578726649284
		endloop
	endfacet
	facet normal 0.7071067811865476 0 -0.7071067811865476
		outer loop
			vertex -0.0071000000461936 -0.05730000138282776 -0.020858578383922577
			vertex -0.0071000000461936 -0.06270000338554382 -0.020858578383922577
			vertex -0.008100000210106373 -0.08250000327825546 -0.02185857854783535
		endloop
	endfacet
	facet normal 0.7071067811865476 0 -0.7071067811865476
		outer loop
			vertex -0.008100000210106373 -0.08250000327825546 -0.02185857854783535
			vertex -0.0071000000461936 -0.06270000338554382 -0.020858578383922577
			vertex -0.0071000000461936 -0.06729999929666519 -0.020858578383922577
		endloop
	endfacet
	facet normal 0.7071067811865476 0 -0.7071067811865476
		outer loop
			vertex -0.008100000210106373 -0.08250000327825546 -0.02185857854783535
			vertex -0.0071000000461936 -0.06729999929666519 -0.020858578383922577
			vertex -0.0071000000461936 -0.07270000129938126 -0.020858578383922577
		endloop
	endfacet
	facet normal 0.7071065616716453 0 -0.7071070007013815
		outer loop
			vertex -0.0071000000461936 -0.06270000338554382 -0.020858578383922577
			vertex -0.00634999992325902 -0.06270000338554382 -0.020108578726649284
			vertex -0.0071000000461936 -0.06729999929666519 -0.020858578383922577
		endloop
	endfacet
	facet normal 0.7071065616716453 0 -0.7071070007013815
		outer loop
			vertex -0.0071000000461936 -0.06729999929666519 -0.020858578383922577
			vertex -0.00634999992325902 -0.06270000338554382 -0.020108578726649284
			vertex -0.00634999992325902 -0.06729999929666519 -0.020108578726649284
		endloop
	endfacet
	facet normal 0.7071067811865476 0 -0.7071067811865476
		outer loop
			vertex -0.008100000210106373 -0.08250000327825546 -0.02185857854783535
			vertex -0.0071000000461936 -0.07270000129938126 -0.020858578383922577
			vertex -0.0071000000461936 -0.07729999721050262 -0.020858578383922577
		endloop
	endfacet
	facet normal 0.7071065616716453 0 -0.7071070007013815
		outer loop
			vertex -0.0071000000461936 -0.07729999721050262 -0.020858578383922577
			vertex -0.0071000000461936 -0.07270000129938126 -0.020858578383922577
			vertex -0.00634999992325902 -0.07270000129938126 -0.020108578726649284
		endloop
	endfacet
	facet normal 0.7071065616716453 0 -0.7071070007013815
		outer loop
			vertex -0.0071000000461936 -0.07729999721050262 -0.020858578383922577
			vertex -0.00634999992325902 -0.07270000129938126 -0.020108578726649284
			vertex -0.00634999992325902 -0.07729999721050262 -0.020108578726649284
		endloop
	endfacet
	facet normal 0.7071067811865476 0 -0.7071067811865476
		outer loop
			vertex -0.0071000000461936 -0.07729999721050262 -0.020858578383922577
			vertex -0.0071000000461936 -0.08250000327825546 -0.020858578383922577
			vertex -0.008100000210106373 -0.08250000327825546 -0.02185857854783535
		endloop
	endfacet
	facet normal 1 0 0
		outer loop
			vertex -0.008100000210106373 0.08250000327825546 -0.023000000044703484
			vertex -0.008100000210106373 0.08250000327825546 -0.02185857854783535
			vertex -0.008100000210106373 -0.08250000327825546 -0.023000000044703484
		endloop
	endfacet
	facet normal 1 0 0
		outer loop
			vertex -0.008100000210106373 -0.08250000327825546 -0.023000000044703484
			vertex -0.008100000210106373 0.08250000327825546 -0.02185857854783535
			vertex -0.008100000210106373 -0.08250000327825546 -0.02185857854783535
		endloop
	endfacet
	facet normal 0 0 1
		outer loop
			vertex 0.008100000210106373 0.08250000327825546 -0.023000000044703484
			vertex -0.008100000210106373 0.08250000327825546 -0.023000000044703484
			vertex 0.008100000210106373 -0.08250000327825546 -0.023000000044703484
		endloop
	endfacet
	facet normal 0 0 1
		outer loop
			vertex 0.008100000210106373 -0.08250000327825546 -0.023000000044703484
			vertex -0.008100000210106373 0.08250000327825546 -0.023000000044703484
			vertex -0.008100000210106373 -0.08250000327825546 -0.023000000044703484
		endloop
	endfacet
	facet normal -1 0 0
		outer loop
			vertex 0.008100000210106373 0.08250000327825546 -0.02185857854783535
			vertex 0.008100000210106373 0.08250000327825546 -0.023000000044703484
			vertex 0.008100000210106373 -0.08250000327825546 -0.02185857854783535
		endloop
	endfacet
	facet normal -1 0 0
		outer loop
			vertex 0.008100000210106373 -0.08250000327825546 -0.02185857854783535
			vertex 0.008100000210106373 0.08250000327825546 -0.023000000044703484
			vertex 0.008100000210106373 -0.08250000327825546 -0.023000000044703484
		endloop
	endfacet
	facet normal -0.7071067811865476 0 -0.7071067811865476
		outer loop
			vertex 0.0071000000461936 0.08250000327825546 -0.020858578383922577
			vertex 0.008100000210106373 0.08250000327825546 -0.02185857854783535
			vertex 0.0071000000461936 0.07729999721050262 -0.020858578383922577
		endloop
	endfacet
	facet normal -0.7071067811865476 0 -0.7071067811865476
		outer loop
			vertex 0.0071000000461936 0.07729999721050262 -0.020858578383922577
			vertex 0.008100000210106373 0.08250000327825546 -0.02185857854783535
			vertex 0.0071000000461936 0.07270000129938126 -0.020858578383922577
		endloop
	endfacet
	facet normal -0.7071065616716453 0 -0.7071070007013815
		outer loop
			vertex 0.0071000000461936 0.07729999721050262 -0.020858578383922577
			vertex 0.0071000000461936 0.07270000129938126 -0.020858578383922577
			vertex 0.00634999992325902 0.07270000129938126 -0.020108578726649284
		endloop
	endfacet
	facet normal -0.7071067811865476 0 -0.7071067811865476
		outer loop
			vertex 0.008100000210106373 -0.08250000327825546 -0.02185857854783535
			vertex 0.0071000000461936 -0.0027000000700354576 -0.020858578383922577
			vertex 0.008100000210106373 0.08250000327825546 -0.02185857854783535
		endloop
	endfacet
	facet normal -0.7071067811865476 0 -0.7071067811865476
		outer loop
			vertex 0.008100000210106373 0.08250000327825546 -0.02185857854783535
			vertex 0.0071000000461936 -0.0027000000700354576 -0.020858578383922577
			vertex 0.0071000000461936 0.0027000000700354576 -0.020858578383922577
		endloop
	endfacet
	facet normal -0.7071067811865476 0 -0.7071067811865476
		outer loop
			vertex 0.008100000210106373 0.08250000327825546 -0.02185857854783535
			vertex 0.0071000000461936 0.0027000000700354576 -0.020858578383922577
			vertex 0.0071000000461936 0.007300000172108412 -0.020858578383922577
		endloop
	endfacet
	facet normal -0.7071065616716453 0 -0.7071070007013817
		outer loop
			vertex 0.0071000000461936 0.007300000172108412 -0.020858578383922577
			vertex 0.0071000000461936 0.0027000000700354576 -0.020858578383922577
			vertex 0.00634999992325902 0.0027000000700354576 -0.020108578726649284
		endloop
	endfacet
	facet normal -0.7071065616716453 0 -0.7071070007013817
		outer loop
			vertex 0.0071000000461936 0.007300000172108412 -0.020858578383922577
			vertex 0.00634999992325902 0.0027000000700354576 -0.020108578726649284
			vertex 0.00634999992325902 0.007300000172108412 -0.020108578726649284
		endloop
	endfacet
	facet normal -0.7071067811865476 0 -0.7071067811865476
		outer loop
			vertex 0.0071000000461936 -0.08250000327825546 -0.020858578383922577
			vertex 0.0071000000461936 -0.07729999721050262 -0.020858578383922577
			vertex 0.008100000210106373 -0.08250000327825546 -0.02185857854783535
		endloop
	endfacet
	facet normal -0.7071067811865476 0 -0.7071067811865476
		outer loop
			vertex 0.008100000210106373 -0.08250000327825546 -0.02185857854783535
			vertex 0.0071000000461936 -0.07729999721050262 -0.020858578383922577
			vertex 0.0071000000461936 -0.07270000129938126 -0.020858578383922577
		endloop
	endfacet
	facet normal -0.7071067811865476 0 -0.7071067811865476
		outer loop
			vertex 0.008100000210106373 -0.08250000327825546 -0.02185857854783535
			vertex 0.0071000000461936 -0.07270000129938126 -0.020858578383922577
			vertex 0.0071000000461936 -0.06729999929666519 -0.020858578383922577
		endloop
	endfacet
	facet normal -0.7071065616716453 0 -0.7071070007013815
		outer loop
			vertex 0.0071000000461936 -0.07729999721050262 -0.020858578383922577
			vertex 0.00634999992325902 -0.07729999721050262 -0.020108578726649284
			vertex 0.0071000000461936 -0.07270000129938126 -0.020858578383922577
		endloop
	endfacet
	facet normal -0.7071065616716453 0 -0.7071070007013815
		outer loop
			vertex 0.0071000000461936 -0.07270000129938126 -0.020858578383922577
			vertex 0.00634999992325902 -0.07729999721050262 -0.020108578726649284
			vertex 0.00634999992325902 -0.07270000129938126 -0.020108578726649284
		endloop
	endfacet
	facet normal -0.7071067811865476 0 -0.7071067811865476
		outer loop
			vertex 0.008100000210106373 -0.08250000327825546 -0.02185857854783535
			vertex 0.0071000000461936 -0.06729999929666519 -0.020858578383922577
			vertex 0.0071000000461936 -0.06270000338554382 -0.020858578383922577
		endloop
	endfacet
	facet normal -0.7071065616716453 0 -0.7071070007013815
		outer loop
			vertex 0.0071000000461936 -0.06270000338554382 -0.020858578383922577
			vertex 0.0071000000461936 -0.06729999929666519 -0.020858578383922577
			vertex 0.00634999992325902 -0.06729999929666519 -0.020108578726649284
		endloop
	endfacet
	facet normal -0.7071065616716453 0 -0.7071070007013815
		outer loop
			vertex 0.0071000000461936 -0.06270000338554382 -0.020858578383922577
			vertex 0.00634999992325902 -0.06729999929666519 -0.020108578726649284
			vertex 0.00634999992325902 -0.06270000338554382 -0.020108578726649284
		endloop
	endfacet
	facet normal -0.7071067811865476 0 -0.7071067811865476
		outer loop
			vertex 0.0071000000461936 -0.06270000338554382 -0.020858578383922577
			vertex 0.0071000000461936 -0.05730000138282776 -0.020858578383922577
			vertex 0.008100000210106373 -0.08250000327825546 -0.02185857854783535
		endloop
	endfacet
	facet normal -0.7071067811865476 0 -0.7071067811865476
		outer loop
			vertex 0.008100000210106373 -0.08250000327825546 -0.02185857854783535
			vertex 0.0071000000461936 -0.05730000138282776 -0.020858578383922577
			vertex 0.0071000000461936 -0.05270000174641609 -0.020858578383922577
		endloop
	endfacet
	facet normal -0.7071067811865476 0 -0.7071067811865476
		outer loop
			vertex 0.008100000210106373 -0.08250000327825546 -0.02185857854783535
			vertex 0.0071000000461936 -0.05270000174641609 -0.020858578383922577
			vertex 0.0071000000461936 -0.04729999974370003 -0.020858578383922577
		endloop
	endfacet
	facet normal -0.7071065616716453 0 -0.7071070007013815
		outer loop
			vertex 0.0071000000461936 -0.05730000138282776 -0.020858578383922577
			vertex 0.00634999992325902 -0.05730000138282776 -0.020108578726649284
			vertex 0.0071000000461936 -0.05270000174641609 -0.020858578383922577
		endloop
	endfacet
	facet normal -0.7071065616716453 0 -0.7071070007013815
		outer loop
			vertex 0.0071000000461936 -0.05270000174641609 -0.020858578383922577
			vertex 0.00634999992325902 -0.05730000138282776 -0.020108578726649284
			vertex 0.00634999992325902 -0.05270000174641609 -0.020108578726649284
		endloop
	endfacet
	facet normal -0.7071067811865476 0 -0.7071067811865476
		outer loop
			vertex 0.008100000210106373 -0.08250000327825546 -0.02185857854783535
			vertex 0.0071000000461936 -0.04729999974370003 -0.020858578383922577
			vertex 0.0071000000461936 -0.04270000010728836 -0.020858578383922577
		endloop
	endfacet
	facet normal -0.7071065616716453 0 -0.7071070007013815
		outer loop
			vertex 0.0071000000461936 -0.04270000010728836 -0.020858578383922577
			vertex 0.0071000000461936 -0.04729999974370003 -0.020858578383922577
			vertex 0.00634999992325902 -0.04729999974370003 -0.020108578726649284
		endloop
	endfacet
	facet normal -0.7071065616716453 0 -0.7071070007013815
		outer loop
			vertex 0.0071000000461936 -0.04270000010728836 -0.020858578383922577
			vertex 0.00634999992325902 -0.04729999974370003 -0.020108578726649284
			vertex 0.00634999992325902 -0.04270000010728836 -0.020108578726649284
		endloop
	endfacet
	facet normal -0.7071067811865476 0 -0.7071067811865476
		outer loop
			vertex 0.0071000000461936 -0.04270000010728836 -0.020858578383922577
			vertex 0.0071000000461936 -0.037300001829862595 -0.020858578383922577
			vertex 0.008100000210106373 -0.08250000327825546 -0.02185857854783535
		endloop
	endfacet
	facet normal -0.7071067811865476 0 -0.7071067811865476
		outer loop
			vertex 0.008100000210106373 -0.08250000327825546 -0.02185857854783535
			vertex 0.0071000000461936 -0.037300001829862595 -0.020858578383922577
			vertex 0.0071000000461936 -0.03269999846816063 -0.020858578383922577
		endloop
	endfacet
	facet normal -0.7071067811865476 0 -0.7071067811865476
		outer loop
			vertex 0.008100000210106373 -0.08250000327825546 -0.02185857854783535
			vertex 0.0071000000461936 -0.03269999846816063 -0.020858578383922577
			vertex 0.0071000000461936 -0.027300000190734863 -0.020858578383922577
		endloop
	endfacet
	facet normal -0.7071065616716453 0 -0.7071070007013817
		outer loop
			vertex 0.0071000000461936 -0.037300001829862595 -0.020858578383922577
			vertex 0.00634999992325902 -0.037300001829862595 -0.020108578726649284
			vertex 0.0071000000461936 -0.03269999846816063 -0.020858578383922577
		endloop
	endfacet
	facet normal -0.7071065616716453 0 -0.7071070007013817
		outer loop
			vertex 0.0071000000461936 -0.03269999846816063 -0.020858578383922577
			vertex 0.00634999992325902 -0.037300001829862595 -0.020108578726649284
			vertex 0.00634999992325902 -0.03269999846816063 -0.020108578726649284
		endloop
	endfacet
	facet normal -0.7071067811865476 0 -0.7071067811865476
		outer loop
			vertex 0.008100000210106373 -0.08250000327825546 -0.02185857854783535
			vertex 0.0071000000461936 -0.027300000190734863 -0.020858578383922577
			vertex 0.0071000000461936 -0.022700000554323196 -0.020858578383922577
		endloop
	endfacet
	facet normal -0.7071065616716453 0 -0.7071070007013815
		outer loop
			vertex 0.0071000000461936 -0.022700000554323196 -0.020858578383922577
			vertex 0.0071000000461936 -0.027300000190734863 -0.020858578383922577
			vertex 0.00634999992325902 -0.027300000190734863 -0.020108578726649284
		endloop
	endfacet
	facet normal -0.7071065616716453 0 -0.7071070007013815
		outer loop
			vertex 0.0071000000461936 -0.022700000554323196 -0.020858578383922577
			vertex 0.00634999992325902 -0.027300000190734863 -0.020108578726649284
			vertex 0.00634999992325902 -0.022700000554323196 -0.020108578726649284
		endloop
	endfacet
	facet normal -0.7071067811865476 0 -0.7071067811865476
		outer loop
			vertex 0.0071000000461936 -0.022700000554323196 -0.020858578383922577
			vertex 0.0071000000461936 -0.01730000041425228 -0.020858578383922577
			vertex 0.008100000210106373 -0.08250000327825546 -0.02185857854783535
		endloop
	endfacet
	facet normal -0.7071067811865476 0 -0.7071067811865476
		outer loop
			vertex 0.008100000210106373 -0.08250000327825546 -0.02185857854783535
			vertex 0.0071000000461936 -0.01730000041425228 -0.020858578383922577
			vertex 0.0071000000461936 -0.01269999984651804 -0.020858578383922577
		endloop
	endfacet
	facet normal -0.7071067811865476 0 -0.7071067811865476
		outer loop
			vertex 0.008100000210106373 -0.08250000327825546 -0.02185857854783535
			vertex 0.0071000000461936 -0.01269999984651804 -0.020858578383922577
			vertex 0.0071000000461936 -0.007300000172108412 -0.020858578383922577
		endloop
	endfacet
	facet normal -0.7071065616716453 0 -0.7071070007013817
		outer loop
			vertex 0.0071000000461936 -0.01730000041425228 -0.020858578383922577
			vertex 0.00634999992325902 -0.01730000041425228 -0.020108578726649284
			vertex 0.0071000000461936 -0.01269999984651804 -0.020858578383922577
		endloop
	endfacet
	facet normal -0.7071065616716453 0 -0.7071070007013817
		outer loop
			vertex 0.0071000000461936 -0.01269999984651804 -0.020858578383922577
			vertex 0.00634999992325902 -0.01730000041425228 -0.020108578726649284
			vertex 0.00634999992325902 -0.01269999984651804 -0.020108578726649284
		endloop
	endfacet
	facet normal -0.7071067811865476 0 -0.7071067811865476
		outer loop
			vertex 0.008100000210106373 -0.08250000327825546 -0.02185857854783535
			vertex 0.0071000000461936 -0.007300000172108412 -0.020858578383922577
			vertex 0.0071000000461936 -0.0027000000700354576 -0.020858578383922577
		endloop
	endfacet
	facet normal -0.7071065616716453 0 -0.7071070007013817
		outer loop
			vertex 0.0071000000461936 -0.0027000000700354576 -0.020858578383922577
			vertex 0.0071000000461936 -0.007300000172108412 -0.020858578383922577
			vertex 0.00634999992325902 -0.007300000172108412 -0.020108578726649284
		endloop
	endfacet
	facet normal -0.7071065616716453 0 -0.7071070007013817
		outer loop
			vertex 0.0071000000461936 -0.0027000000700354576 -0.020858578383922577
			vertex 0.00634999992325902 -0.007300000172108412 -0.020108578726649284
			vertex 0.00634999992325902 -0.0027000000700354576 -0.020108578726649284
		endloop
	endfacet
	facet normal -0.7071067811865476 0 -0.7071067811865476
		outer loop
			vertex 0.0071000000461936 0.007300000172108412 -0.020858578383922577
			vertex 0.0071000000461936 0.01269999984651804 -0.020858578383922577
			vertex 0.008100000210106373 0.08250000327825546 -0.02185857854783535
		endloop
	endfacet
	facet normal -0.7071067811865476 0 -0.7071067811865476
		outer loop
			vertex 0.008100000210106373 0.08250000327825546 -0.02185857854783535
			vertex 0.0071000000461936 0.01269999984651804 -0.020858578383922577
			vertex 0.0071000000461936 0.01730000041425228 -0.020858578383922577
		endloop
	endfacet
	facet normal -0.7071067811865476 0 -0.7071067811865476
		outer loop
			vertex 0.008100000210106373 0.08250000327825546 -0.02185857854783535
			vertex 0.0071000000461936 0.01730000041425228 -0.020858578383922577
			vertex 0.0071000000461936 0.022700000554323196 -0.020858578383922577
		endloop
	endfacet
	facet normal -0.7071065616716453 0 -0.7071070007013817
		outer loop
			vertex 0.0071000000461936 0.01269999984651804 -0.020858578383922577
			vertex 0.00634999992325902 0.01269999984651804 -0.020108578726649284
			vertex 0.0071000000461936 0.01730000041425228 -0.020858578383922577
		endloop
	endfacet
	facet normal -0.7071065616716453 0 -0.7071070007013817
		outer loop
			vertex 0.0071000000461936 0.01730000041425228 -0.020858578383922577
			vertex 0.00634999992325902 0.01269999984651804 -0.020108578726649284
			vertex 0.00634999992325902 0.01730000041425228 -0.020108578726649284
		endloop
	endfacet
	facet normal -0.7071067811865476 0 -0.7071067811865476
		outer loop
			vertex 0.008100000210106373 0.08250000327825546 -0.02185857854783535
			vertex 0.0071000000461936 0.022700000554323196 -0.020858578383922577
			vertex 0.0071000000461936 0.027300000190734863 -0.020858578383922577
		endloop
	endfacet
	facet normal -0.7071065616716453 0 -0.7071070007013815
		outer loop
			vertex 0.0071000000461936 0.027300000190734863 -0.020858578383922577
			vertex 0.0071000000461936 0.022700000554323196 -0.020858578383922577
			vertex 0.00634999992325902 0.022700000554323196 -0.020108578726649284
		endloop
	endfacet
	facet normal -0.7071065616716453 0 -0.7071070007013815
		outer loop
			vertex 0.0071000000461936 0.027300000190734863 -0.020858578383922577
			vertex 0.00634999992325902 0.022700000554323196 -0.020108578726649284
			vertex 0.00634999992325902 0.027300000190734863 -0.020108578726649284
		endloop
	endfacet
	facet normal -0.7071067811865476 0 -0.7071067811865476
		outer loop
			vertex 0.0071000000461936 0.027300000190734863 -0.020858578383922577
			vertex 0.0071000000461936 0.03269999846816063 -0.020858578383922577
			vertex 0.008100000210106373 0.08250000327825546 -0.02185857854783535
		endloop
	endfacet
	facet normal -0.7071067811865476 0 -0.7071067811865476
		outer loop
			vertex 0.008100000210106373 0.08250000327825546 -0.02185857854783535
			vertex 0.0071000000461936 0.03269999846816063 -0.020858578383922577
			vertex 0.0071000000461936 0.037300001829862595 -0.020858578383922577
		endloop
	endfacet
	facet normal -0.7071067811865476 0 -0.7071067811865476
		outer loop
			vertex 0.008100000210106373 0.08250000327825546 -0.02185857854783535
			vertex 0.0071000000461936 0.037300001829862595 -0.020858578383922577
			vertex 0.0071000000461936 0.04270000010728836 -0.020858578383922577
		endloop
	endfacet
	facet normal -0.7071065616716453 0 -0.7071070007013817
		outer loop
			vertex 0.0071000000461936 0.03269999846816063 -0.020858578383922577
			vertex 0.00634999992325902 0.03269999846816063 -0.020108578726649284
			vertex 0.0071000000461936 0.037300001829862595 -0.020858578383922577
		endloop
	endfacet
	facet normal -0.7071065616716453 0 -0.7071070007013817
		outer loop
			vertex 0.0071000000461936 0.037300001829862595 -0.020858578383922577
			vertex 0.00634999992325902 0.03269999846816063 -0.020108578726649284
			vertex 0.00634999992325902 0.037300001829862595 -0.020108578726649284
		endloop
	endfacet
	facet normal -0.7071067811865476 0 -0.7071067811865476
		outer loop
			vertex 0.008100000210106373 0.08250000327825546 -0.02185857854783535
			vertex 0.0071000000461936 0.04270000010728836 -0.020858578383922577
			vertex 0.0071000000461936 0.04729999974370003 -0.020858578383922577
		endloop
	endfacet
	facet normal -0.7071065616716453 0 -0.7071070007013815
		outer loop
			vertex 0.0071000000461936 0.04729999974370003 -0.020858578383922577
			vertex 0.0071000000461936 0.04270000010728836 -0.020858578383922577
			vertex 0.00634999992325902 0.04270000010728836 -0.020108578726649284
		endloop
	endfacet
	facet normal -0.7071065616716453 0 -0.7071070007013815
		outer loop
			vertex 0.0071000000461936 0.04729999974370003 -0.020858578383922577
			vertex 0.00634999992325902 0.04270000010728836 -0.020108578726649284
			vertex 0.00634999992325902 0.04729999974370003 -0.020108578726649284
		endloop
	endfacet
	facet normal -0.7071067811865476 0 -0.7071067811865476
		outer loop
			vertex 0.0071000000461936 0.04729999974370003 -0.020858578383922577
			vertex 0.0071000000461936 0.05270000174641609 -0.020858578383922577
			vertex 0.008100000210106373 0.08250000327825546 -0.02185857854783535
		endloop
	endfacet
	facet normal -0.7071067811865476 0 -0.7071067811865476
		outer loop
			vertex 0.008100000210106373 0.08250000327825546 -0.02185857854783535
			vertex 0.0071000000461936 0.05270000174641609 -0.020858578383922577
			vertex 0.0071000000461936 0.05730000138282776 -0.020858578383922577
		endloop
	endfacet
	facet normal -0.7071067811865476 0 -0.7071067811865476
		outer loop
			vertex 0.008100000210106373 0.08250000327825546 -0.02185857854783535
			vertex 0.0071000000461936 0.05730000138282776 -0.020858578383922577
			vertex 0.0071000000461936 0.06270000338554382 -0.020858578383922577
		endloop
	endfacet
	facet normal -0.7071065616716453 0 -0.7071070007013815
		outer loop
			vertex 0.0071000000461936 0.05270000174641609 -0.020858578383922577
			vertex 0.00634999992325902 0.05270000174641609 -0.020108578726649284
			vertex 0.0071000000461936 0.05730000138282776 -0.020858578383922577
		endloop
	endfacet
	facet normal -0.7071065616716453 0 -0.7071070007013815
		outer loop
			vertex 0.0071000000461936 0.05730000138282776 -0.020858578383922577
			vertex 0.00634999992325902 0.05270000174641609 -0.020108578726649284
			vertex 0.00634999992325902 0.05730000138282776 -0.020108578726649284
		endloop
	endfacet
	facet normal -0.7071067811865476 0 -0.7071067811865476
		outer loop
			vertex 0.008100000210106373 0.08250000327825546 -0.02185857854783535
			vertex 0.0071000000461936 0.06270000338554382 -0.020858578383922577
			vertex 0.0071000000461936 0.06729999929666519 -0.020858578383922577
		endloop
	endfacet
	facet normal -0.7071065616716453 0 -0.7071070007013815
		outer loop
			vertex 0.0071000000461936 0.06729999929666519 -0.020858578383922577
			vertex 0.0071000000461936 0.06270000338554382 -0.020858578383922577
			vertex 0.00634999992325902 0.06270000338554382 -0.020108578726649284
		endloop
	endfacet
	facet normal -0.7071065616716453 0 -0.7071070007013815
		outer loop
			vertex 0.0071000000461936 0.06729999929666519 -0.020858578383922577
			vertex 0.00634999992325902 0.06270000338554382 -0.020108578726649284
			vertex 0.00634999992325902 0.06729999929666519 -0.020108578726649284
		endloop
	endfacet
	facet normal -0.7071067811865476 0 -0.7071067811865476
		outer loop
			vertex 0.0071000000461936 0.06729999929666519 -0.020858578383922577
			vertex 0.0071000000461936 0.07270000129938126 -0.020858578383922577
			vertex 0.008100000210106373 0.08250000327825546 -0.02185857854783535
		endloop
	endfacet
	facet normal -0.7071065616716453 0 -0.7071070007013815
		outer loop
			vertex 0.00634999992325902 0.07270000129938126 -0.020108578726649284
			vertex 0.00634999992325902 0.07729999721050262 -0.020108578726649284
			vertex 0.0071000000461936 0.07729999721050262 -0.020858578383922577
		endloop
	endfacet
	facet normal -1 0 0
		outer loop
			vertex 0.0071000000461936 -0.07729999721050262 -0.019941421225667
			vertex 0.0071000000461936 -0.07729999721050262 -0.020858578383922577
			vertex 0.0071000000461936 -0.08250000327825546 -0.019941421225667
		endloop
	endfacet
	facet normal -1 0 0
		outer loop
			vertex 0.0071000000461936 -0.08250000327825546 -0.019941421225667
			vertex 0.0071000000461936 -0.07729999721050262 -0.020858578383922577
			vertex 0.0071000000461936 -0.08250000327825546 -0.020858578383922577
		endloop
	endfacet
	facet normal -0.7071067811865476 0 0.7071067811865476
		outer loop
			vertex 0.008100000210106373 -0.07729999721050262 -0.018941421061754227
			vertex 0.0071000000461936 -0.07729999721050262 -0.019941421225667
			vertex 0.008100000210106373 -0.08250000327825546 -0.018941421061754227
		endloop
	endfacet
	facet normal -0.7071067811865476 0 0.7071067811865476
		outer loop
			vertex 0.008100000210106373 -0.08250000327825546 -0.018941421061754227
			vertex 0.0071000000461936 -0.07729999721050262 -0.019941421225667
			vertex 0.0071000000461936 -0.08250000327825546 -0.019941421225667
		endloop
	endfacet
	facet normal 0 0 1
		outer loop
			vertex 0.008100000210106373 0.08250000327825546 -0.018941421061754227
			vertex 0.008100000210106373 0.07729999721050262 -0.018941421061754227
			vertex 0.010099999606609344 0.08250000327825546 -0.018941421061754227
		endloop
	endfacet
	facet normal 0 0 1
		outer loop
			vertex 0.010099999606609344 0.08250000327825546 -0.018941421061754227
			vertex 0.008100000210106373 0.07729999721050262 -0.018941421061754227
			vertex 0.008100000210106373 0.07270000129938126 -0.018941421061754227
		endloop
	endfacet
	facet normal 0 0 1
		outer loop
			vertex 0.010099999606609344 0.08250000327825546 -0.018941421061754227
			vertex 0.008100000210106373 0.07270000129938126 -0.018941421061754227
			vertex 0.008100000210106373 0.06729999929666519 -0.018941421061754227
		endloop
	endfacet
	facet normal 0 0 1
		outer loop
			vertex 0.008100000210106373 0.07729999721050262 -0.018941421061754227
			vertex 0.007017157506197691 0.07729999721050262 -0.018941421061754227
			vertex 0.008100000210106373 0.07270000129938126 -0.018941421061754227
		endloop
	endfacet
	facet normal 0 0 1
		outer loop
			vertex 0.008100000210106373 0.07270000129938126 -0.018941421061754227
			vertex 0.007017157506197691 0.07729999721050262 -0.018941421061754227
			vertex 0.007017157506197691 0.07270000129938126 -0.018941421061754227
		endloop
	endfacet
	facet normal 0 0 1
		outer loop
			vertex 0.010099999606609344 0.08250000327825546 -0.018941421061754227
			vertex 0.008100000210106373 0.06729999929666519 -0.018941421061754227
			vertex 0.008100000210106373 0.06270000338554382 -0.018941421061754227
		endloop
	endfacet
	facet normal 0 0 1
		outer loop
			vertex 0.008100000210106373 0.06270000338554382 -0.018941421061754227
			vertex 0.008100000210106373 0.06729999929666519 -0.018941421061754227
			vertex 0.007017157506197691 0.06729999929666519 -0.018941421061754227
		endloop
	endfacet
	facet normal 0 0 1
		outer loop
			vertex 0.008100000210106373 0.06270000338554382 -0.018941421061754227
			vertex 0.007017157506197691 0.06729999929666519 -0.018941421061754227
			vertex 0.007017157506197691 0.06270000338554382 -0.018941421061754227
		endloop
	endfacet
	facet normal 0 0 1
		outer loop
			vertex 0.008100000210106373 0.06270000338554382 -0.018941421061754227
			vertex 0.008100000210106373 0.05730000138282776 -0.018941421061754227
			vertex 0.010099999606609344 0.08250000327825546 -0.018941421061754227
		endloop
	endfacet
	facet normal 0 0 1
		outer loop
			vertex 0.010099999606609344 0.08250000327825546 -0.018941421061754227
			vertex 0.008100000210106373 0.05730000138282776 -0.018941421061754227
			vertex 0.008100000210106373 0.05270000174641609 -0.018941421061754227
		endloop
	endfacet
	facet normal 0 0 1
		outer loop
			vertex 0.010099999606609344 0.08250000327825546 -0.018941421061754227
			vertex 0.008100000210106373 0.05270000174641609 -0.018941421061754227
			vertex 0.008100000210106373 0.04729999974370003 -0.018941421061754227
		endloop
	endfacet
	facet normal 0 0 1
		outer loop
			vertex 0.008100000210106373 0.05730000138282776 -0.018941421061754227
			vertex 0.007017157506197691 0.05730000138282776 -0.018941421061754227
			vertex 0.008100000210106373 0.05270000174641609 -0.018941421061754227
		endloop
	endfacet
	facet normal 0 0 1
		outer loop
			vertex 0.008100000210106373 0.05270000174641609 -0.018941421061754227
			vertex 0.007017157506197691 0.05730000138282776 -0.018941421061754227
			vertex 0.007017157506197691 0.05270000174641609 -0.018941421061754227
		endloop
	endfacet
	facet normal 0 0 1
		outer loop
			vertex 0.010099999606609344 0.08250000327825546 -0.018941421061754227
			vertex 0.008100000210106373 0.04729999974370003 -0.018941421061754227
			vertex 0.008100000210106373 0.04270000010728836 -0.018941421061754227
		endloop
	endfacet
	facet normal 0 0 1
		outer loop
			vertex 0.008100000210106373 0.04270000010728836 -0.018941421061754227
			vertex 0.008100000210106373 0.04729999974370003 -0.018941421061754227
			vertex 0.007017157506197691 0.04729999974370003 -0.018941421061754227
		endloop
	endfacet
	facet normal 0 0 1
		outer loop
			vertex 0.008100000210106373 0.04270000010728836 -0.018941421061754227
			vertex 0.007017157506197691 0.04729999974370003 -0.018941421061754227
			vertex 0.007017157506197691 0.04270000010728836 -0.018941421061754227
		endloop
	endfacet
	facet normal 0 0 1
		outer loop
			vertex 0.008100000210106373 0.04270000010728836 -0.018941421061754227
			vertex 0.008100000210106373 0.037300001829862595 -0.018941421061754227
			vertex 0.010099999606609344 0.08250000327825546 -0.018941421061754227
		endloop
	endfacet
	facet normal 0 0 1
		outer loop
			vertex 0.010099999606609344 0.08250000327825546 -0.018941421061754227
			vertex 0.008100000210106373 0.037300001829862595 -0.018941421061754227
			vertex 0.008100000210106373 0.03269999846816063 -0.018941421061754227
		endloop
	endfacet
	facet normal 0 0 1
		outer loop
			vertex 0.010099999606609344 0.08250000327825546 -0.018941421061754227
			vertex 0.008100000210106373 0.03269999846816063 -0.018941421061754227
			vertex 0.008100000210106373 0.027300000190734863 -0.018941421061754227
		endloop
	endfacet
	facet normal 0 0 1
		outer loop
			vertex 0.008100000210106373 0.037300001829862595 -0.018941421061754227
			vertex 0.007017157506197691 0.037300001829862595 -0.018941421061754227
			vertex 0.008100000210106373 0.03269999846816063 -0.018941421061754227
		endloop
	endfacet
	facet normal 0 0 1
		outer loop
			vertex 0.008100000210106373 0.03269999846816063 -0.018941421061754227
			vertex 0.007017157506197691 0.037300001829862595 -0.018941421061754227
			vertex 0.007017157506197691 0.03269999846816063 -0.018941421061754227
		endloop
	endfacet
	facet normal 0 0 1
		outer loop
			vertex 0.010099999606609344 0.08250000327825546 -0.018941421061754227
			vertex 0.008100000210106373 0.027300000190734863 -0.018941421061754227
			vertex 0.008100000210106373 0.022700000554323196 -0.018941421061754227
		endloop
	endfacet
	facet normal 0 0 1
		outer loop
			vertex 0.008100000210106373 0.022700000554323196 -0.018941421061754227
			vertex 0.008100000210106373 0.027300000190734863 -0.018941421061754227
			vertex 0.007017157506197691 0.027300000190734863 -0.018941421061754227
		endloop
	endfacet
	facet normal 0 0 1
		outer loop
			vertex 0.008100000210106373 0.022700000554323196 -0.018941421061754227
			vertex 0.007017157506197691 0.027300000190734863 -0.018941421061754227
			vertex 0.007017157506197691 0.022700000554323196 -0.018941421061754227
		endloop
	endfacet
	facet normal 0 0 1
		outer loop
			vertex 0.008100000210106373 0.022700000554323196 -0.018941421061754227
			vertex 0.008100000210106373 0.01730000041425228 -0.018941421061754227
			vertex 0.010099999606609344 0.08250000327825546 -0.018941421061754227
		endloop
	endfacet
	facet normal 0 0 1
		outer loop
			vertex 0.010099999606609344 0.08250000327825546 -0.018941421061754227
			vertex 0.008100000210106373 0.01730000041425228 -0.018941421061754227
			vertex 0.008100000210106373 0.01269999984651804 -0.018941421061754227
		endloop
	endfacet
	facet normal 0 0 1
		outer loop
			vertex 0.010099999606609344 0.08250000327825546 -0.018941421061754227
			vertex 0.008100000210106373 0.01269999984651804 -0.018941421061754227
			vertex 0.008100000210106373 0.007300000172108412 -0.018941421061754227
		endloop
	endfacet
	facet normal 0 0 1
		outer loop
			vertex 0.008100000210106373 0.01730000041425228 -0.018941421061754227
			vertex 0.007017157506197691 0.01730000041425228 -0.018941421061754227
			vertex 0.008100000210106373 0.01269999984651804 -0.018941421061754227
		endloop
	endfacet
	facet normal 0 0 1
		outer loop
			vertex 0.008100000210106373 0.01269999984651804 -0.018941421061754227
			vertex 0.007017157506197691 0.01730000041425228 -0.018941421061754227
			vertex 0.007017157506197691 0.01269999984651804 -0.018941421061754227
		endloop
	endfacet
	facet normal 0 0 1
		outer loop
			vertex 0.010099999606609344 0.08250000327825546 -0.018941421061754227
			vertex 0.008100000210106373 0.007300000172108412 -0.018941421061754227
			vertex 0.008100000210106373 0.0027000000700354576 -0.018941421061754227
		endloop
	endfacet
	facet normal 0 0 1
		outer loop
			vertex 0.008100000210106373 0.0027000000700354576 -0.018941421061754227
			vertex 0.008100000210106373 0.007300000172108412 -0.018941421061754227
			vertex 0.007017157506197691 0.007300000172108412 -0.018941421061754227
		endloop
	endfacet
	facet normal 0 0 1
		outer loop
			vertex 0.008100000210106373 0.0027000000700354576 -0.018941421061754227
			vertex 0.007017157506197691 0.007300000172108412 -0.018941421061754227
			vertex 0.007017157506197691 0.0027000000700354576 -0.018941421061754227
		endloop
	endfacet
	facet normal 0 0 1
		outer loop
			vertex 0.008100000210106373 0.0027000000700354576 -0.018941421061754227
			vertex 0.008100000210106373 -0.0027000000700354576 -0.018941421061754227
			vertex 0.010099999606609344 0.08250000327825546 -0.018941421061754227
		endloop
	endfacet
	facet normal 0 0 1
		outer loop
			vertex 0.010099999606609344 0.08250000327825546 -0.018941421061754227
			vertex 0.008100000210106373 -0.0027000000700354576 -0.018941421061754227
			vertex 0.010099999606609344 -0.08250000327825546 -0.018941421061754227
		endloop
	endfacet
	facet normal 0 0 1
		outer loop
			vertex 0.010099999606609344 -0.08250000327825546 -0.018941421061754227
			vertex 0.008100000210106373 -0.0027000000700354576 -0.018941421061754227
			vertex 0.008100000210106373 -0.007300000172108412 -0.018941421061754227
		endloop
	endfacet
	facet normal 0 0 1
		outer loop
			vertex 0.010099999606609344 -0.08250000327825546 -0.018941421061754227
			vertex 0.008100000210106373 -0.007300000172108412 -0.018941421061754227
			vertex 0.008100000210106373 -0.01269999984651804 -0.018941421061754227
		endloop
	endfacet
	facet normal 0 0 1
		outer loop
			vertex 0.008100000210106373 -0.0027000000700354576 -0.018941421061754227
			vertex 0.007017157506197691 -0.0027000000700354576 -0.018941421061754227
			vertex 0.008100000210106373 -0.007300000172108412 -0.018941421061754227
		endloop
	endfacet
	facet normal 0 0 1
		outer loop
			vertex 0.008100000210106373 -0.007300000172108412 -0.018941421061754227
			vertex 0.007017157506197691 -0.0027000000700354576 -0.018941421061754227
			vertex 0.007017157506197691 -0.007300000172108412 -0.018941421061754227
		endloop
	endfacet
	facet normal 0 0 1
		outer loop
			vertex 0.010099999606609344 -0.08250000327825546 -0.018941421061754227
			vertex 0.008100000210106373 -0.01269999984651804 -0.018941421061754227
			vertex 0.008100000210106373 -0.01730000041425228 -0.018941421061754227
		endloop
	endfacet
	facet normal 0 0 1
		outer loop
			vertex 0.008100000210106373 -0.01730000041425228 -0.018941421061754227
			vertex 0.008100000210106373 -0.01269999984651804 -0.018941421061754227
			vertex 0.007017157506197691 -0.01269999984651804 -0.018941421061754227
		endloop
	endfacet
	facet normal 0 0 1
		outer loop
			vertex 0.008100000210106373 -0.01730000041425228 -0.018941421061754227
			vertex 0.007017157506197691 -0.01269999984651804 -0.018941421061754227
			vertex 0.007017157506197691 -0.01730000041425228 -0.018941421061754227
		endloop
	endfacet
	facet normal 0 0 1
		outer loop
			vertex 0.008100000210106373 -0.01730000041425228 -0.018941421061754227
			vertex 0.008100000210106373 -0.022700000554323196 -0.018941421061754227
			vertex 0.010099999606609344 -0.08250000327825546 -0.018941421061754227
		endloop
	endfacet
	facet normal 0 0 1
		outer loop
			vertex 0.010099999606609344 -0.08250000327825546 -0.018941421061754227
			vertex 0.008100000210106373 -0.022700000554323196 -0.018941421061754227
			vertex 0.008100000210106373 -0.027300000190734863 -0.018941421061754227
		endloop
	endfacet
	facet normal 0 0 1
		outer loop
			vertex 0.010099999606609344 -0.08250000327825546 -0.018941421061754227
			vertex 0.008100000210106373 -0.027300000190734863 -0.018941421061754227
			vertex 0.008100000210106373 -0.03269999846816063 -0.018941421061754227
		endloop
	endfacet
	facet normal 0 0 1
		outer loop
			vertex 0.008100000210106373 -0.022700000554323196 -0.018941421061754227
			vertex 0.007017157506197691 -0.022700000554323196 -0.018941421061754227
			vertex 0.008100000210106373 -0.027300000190734863 -0.018941421061754227
		endloop
	endfacet
	facet normal 0 0 1
		outer loop
			vertex 0.008100000210106373 -0.027300000190734863 -0.018941421061754227
			vertex 0.007017157506197691 -0.022700000554323196 -0.018941421061754227
			vertex 0.007017157506197691 -0.027300000190734863 -0.018941421061754227
		endloop
	endfacet
	facet normal 0 0 1
		outer loop
			vertex 0.010099999606609344 -0.08250000327825546 -0.018941421061754227
			vertex 0.008100000210106373 -0.03269999846816063 -0.018941421061754227
			vertex 0.008100000210106373 -0.037300001829862595 -0.018941421061754227
		endloop
	endfacet
	facet normal 0 0 1
		outer loop
			vertex 0.008100000210106373 -0.037300001829862595 -0.018941421061754227
			vertex 0.008100000210106373 -0.03269999846816063 -0.018941421061754227
			vertex 0.007017157506197691 -0.03269999846816063 -0.018941421061754227
		endloop
	endfacet
	facet normal 0 0 1
		outer loop
			vertex 0.008100000210106373 -0.037300001829862595 -0.018941421061754227
			vertex 0.007017157506197691 -0.03269999846816063 -0.018941421061754227
			vertex 0.007017157506197691 -0.037300001829862595 -0.018941421061754227
		endloop
	endfacet
	facet normal 0 0 1
		outer loop
			vertex 0.008100000210106373 -0.037300001829862595 -0.018941421061754227
			vertex 0.008100000210106373 -0.04270000010728836 -0.018941421061754227
			vertex 0.010099999606609344 -0.08250000327825546 -0.018941421061754227
		endloop
	endfacet
	facet normal 0 0 1
		outer loop
			vertex 0.010099999606609344 -0.08250000327825546 -0.018941421061754227
			vertex 0.008100000210106373 -0.04270000010728836 -0.018941421061754227
			vertex 0.008100000210106373 -0.04729999974370003 -0.018941421061754227
		endloop
	endfacet
	facet normal 0 0 1
		outer loop
			vertex 0.010099999606609344 -0.08250000327825546 -0.018941421061754227
			vertex 0.008100000210106373 -0.04729999974370003 -0.018941421061754227
			vertex 0.008100000210106373 -0.05270000174641609 -0.018941421061754227
		endloop
	endfacet
	facet normal 0 0 1
		outer loop
			vertex 0.008100000210106373 -0.04270000010728836 -0.018941421061754227
			vertex 0.007017157506197691 -0.04270000010728836 -0.018941421061754227
			vertex 0.008100000210106373 -0.04729999974370003 -0.018941421061754227
		endloop
	endfacet
	facet normal 0 0 1
		outer loop
			vertex 0.008100000210106373 -0.04729999974370003 -0.018941421061754227
			vertex 0.007017157506197691 -0.04270000010728836 -0.018941421061754227
			vertex 0.007017157506197691 -0.04729999974370003 -0.018941421061754227
		endloop
	endfacet
	facet normal 0 0 1
		outer loop
			vertex 0.010099999606609344 -0.08250000327825546 -0.018941421061754227
			vertex 0.008100000210106373 -0.05270000174641609 -0.018941421061754227
			vertex 0.008100000210106373 -0.05730000138282776 -0.018941421061754227
		endloop
	endfacet
	facet normal 0 0 1
		outer loop
			vertex 0.008100000210106373 -0.05730000138282776 -0.018941421061754227
			vertex 0.008100000210106373 -0.05270000174641609 -0.018941421061754227
			vertex 0.007017157506197691 -0.05270000174641609 -0.018941421061754227
		endloop
	endfacet
	facet normal 0 0 1
		outer loop
			vertex 0.008100000210106373 -0.05730000138282776 -0.018941421061754227
			vertex 0.007017157506197691 -0.05270000174641609 -0.018941421061754227
			vertex 0.007017157506197691 -0.05730000138282776 -0.018941421061754227
		endloop
	endfacet
	facet normal 0 0 1
		outer loop
			vertex 0.008100000210106373 -0.05730000138282776 -0.018941421061754227
			vertex 0.008100000210106373 -0.06270000338554382 -0.018941421061754227
			vertex 0.010099999606609344 -0.08250000327825546 -0.018941421061754227
		endloop
	endfacet
	facet normal 0 0 1
		outer loop
			vertex 0.010099999606609344 -0.08250000327825546 -0.018941421061754227
			vertex 0.008100000210106373 -0.06270000338554382 -0.018941421061754227
			vertex 0.008100000210106373 -0.06729999929666519 -0.018941421061754227
		endloop
	endfacet
	facet normal 0 0 1
		outer loop
			vertex 0.010099999606609344 -0.08250000327825546 -0.018941421061754227
			vertex 0.008100000210106373 -0.06729999929666519 -0.018941421061754227
			vertex 0.008100000210106373 -0.07270000129938126 -0.018941421061754227
		endloop
	endfacet
	facet normal 0 0 1
		outer loop
			vertex 0.008100000210106373 -0.06270000338554382 -0.018941421061754227
			vertex 0.007017157506197691 -0.06270000338554382 -0.018941421061754227
			vertex 0.008100000210106373 -0.06729999929666519 -0.018941421061754227
		endloop
	endfacet
	facet normal 0 0 1
		outer loop
			vertex 0.008100000210106373 -0.06729999929666519 -0.018941421061754227
			vertex 0.007017157506197691 -0.06270000338554382 -0.018941421061754227
			vertex 0.007017157506197691 -0.06729999929666519 -0.018941421061754227
		endloop
	endfacet
	facet normal 0 0 1
		outer loop
			vertex 0.010099999606609344 -0.08250000327825546 -0.018941421061754227
			vertex 0.008100000210106373 -0.07270000129938126 -0.018941421061754227
			vertex 0.008100000210106373 -0.07729999721050262 -0.018941421061754227
		endloop
	endfacet
	facet normal 0 0 1
		outer loop
			vertex 0.008100000210106373 -0.07729999721050262 -0.018941421061754227
			vertex 0.008100000210106373 -0.07270000129938126 -0.018941421061754227
			vertex 0.007017157506197691 -0.07270000129938126 -0.018941421061754227
		endloop
	endfacet
	facet normal 0 0 1
		outer loop
			vertex 0.008100000210106373 -0.07729999721050262 -0.018941421061754227
			vertex 0.007017157506197691 -0.07270000129938126 -0.018941421061754227
			vertex 0.007017157506197691 -0.07729999721050262 -0.018941421061754227
		endloop
	endfacet
	facet normal 0 0 1
		outer loop
			vertex 0.008100000210106373 -0.07729999721050262 -0.018941421061754227
			vertex 0.008100000210106373 -0.08250000327825546 -0.018941421061754227
			vertex 0.010099999606609344 -0.08250000327825546 -0.018941421061754227
		endloop
	endfacet
	facet normal 1 0 0
		outer loop
			vertex 0.010099999606609344 -0.08250000327825546 -0.018941421061754227
			vertex 0.010099999606609344 -0.08250000327825546 -0.02449999935925007
			vertex 0.010099999606609344 0.08250000327825546 -0.018941421061754227
		endloop
	endfacet
	facet normal 1 0 0
		outer loop
			vertex 0.010099999606609344 0.08250000327825546 -0.018941421061754227
			vertex 0.010099999606609344 -0.08250000327825546 -0.02449999935925007
			vertex 0.010099999606609344 0.08250000327825546 -0.02449999935925007
		endloop
	endfacet
	facet normal 1 0 0
		outer loop
			vertex -0.00634999992325902 0.07729999721050262 -0.020108578726649284
			vertex -0.00634999992325902 0.07729999721050262 -0.019608577713370323
			vertex -0.00634999992325902 0.07270000129938126 -0.020108578726649284
		endloop
	endfacet
	facet normal 1 0 0
		outer loop
			vertex -0.00634999992325902 0.07270000129938126 -0.020108578726649284
			vertex -0.00634999992325902 0.07729999721050262 -0.019608577713370323
			vertex -0.00634999992325902 0.07270000129938126 -0.019608577713370323
		endloop
	endfacet
	facet normal 0.7071062876410837 0 0.7071072747316669
		outer loop
			vertex -0.00634999992325902 0.07729999721050262 -0.019608577713370323
			vertex -0.007017157506197691 0.07729999721050262 -0.018941421061754227
			vertex -0.00634999992325902 0.07270000129938126 -0.019608577713370323
		endloop
	endfacet
	facet normal 0.7071062876410837 0 0.7071072747316669
		outer loop
			vertex -0.00634999992325902 0.07270000129938126 -0.019608577713370323
			vertex -0.007017157506197691 0.07729999721050262 -0.018941421061754227
			vertex -0.007017157506197691 0.07270000129938126 -0.018941421061754227
		endloop
	endfacet
	facet normal 0 -1 0
		outer loop
			vertex -0.0071000000461936 0.07270000129938126 -0.020858578383922577
			vertex -0.00634999992325902 0.07270000129938126 -0.020108578726649284
			vertex -0.0071000000461936 0.07270000129938126 -0.019941421225667
		endloop
	endfacet
	facet normal 0 -1 0
		outer loop
			vertex -0.0071000000461936 0.07270000129938126 -0.019941421225667
			vertex -0.00634999992325902 0.07270000129938126 -0.020108578726649284
			vertex -0.00634999992325902 0.07270000129938126 -0.019608577713370323
		endloop
	endfacet
	facet normal 0 -1 0
		outer loop
			vertex -0.0071000000461936 0.07270000129938126 -0.019941421225667
			vertex -0.00634999992325902 0.07270000129938126 -0.019608577713370323
			vertex -0.007017157506197691 0.07270000129938126 -0.018941421061754227
		endloop
	endfacet
	facet normal 0 -1 0
		outer loop
			vertex -0.007017157506197691 0.07270000129938126 -0.018941421061754227
			vertex -0.008100000210106373 0.07270000129938126 -0.018941421061754227
			vertex -0.0071000000461936 0.07270000129938126 -0.019941421225667
		endloop
	endfacet
	facet normal 0 1 0
		outer loop
			vertex -0.0071000000461936 0.07729999721050262 -0.020858578383922577
			vertex -0.0071000000461936 0.07729999721050262 -0.019941421225667
			vertex -0.00634999992325902 0.07729999721050262 -0.020108578726649284
		endloop
	endfacet
	facet normal 0 1 0
		outer loop
			vertex -0.00634999992325902 0.07729999721050262 -0.020108578726649284
			vertex -0.0071000000461936 0.07729999721050262 -0.019941421225667
			vertex -0.00634999992325902 0.07729999721050262 -0.019608577713370323
		endloop
	endfacet
	facet normal 0 1 0
		outer loop
			vertex -0.00634999992325902 0.07729999721050262 -0.019608577713370323
			vertex -0.0071000000461936 0.07729999721050262 -0.019941421225667
			vertex -0.007017157506197691 0.07729999721050262 -0.018941421061754227
		endloop
	endfacet
	facet normal 0 1 0
		outer loop
			vertex -0.007017157506197691 0.07729999721050262 -0.018941421061754227
			vertex -0.0071000000461936 0.07729999721050262 -0.019941421225667
			vertex -0.008100000210106373 0.07729999721050262 -0.018941421061754227
		endloop
	endfacet
	facet normal -0.7071062876410837 0 0.7071072747316669
		outer loop
			vertex 0.007017157506197691 0.07729999721050262 -0.018941421061754227
			vertex 0.00634999992325902 0.07729999721050262 -0.019608577713370323
			vertex 0.007017157506197691 0.07270000129938126 -0.018941421061754227
		endloop
	endfacet
	facet normal -0.7071062876410837 0 0.7071072747316669
		outer loop
			vertex 0.007017157506197691 0.07270000129938126 -0.018941421061754227
			vertex 0.00634999992325902 0.07729999721050262 -0.019608577713370323
			vertex 0.00634999992325902 0.07270000129938126 -0.019608577713370323
		endloop
	endfacet
	facet normal -1 0 0
		outer loop
			vertex 0.00634999992325902 0.07729999721050262 -0.019608577713370323
			vertex 0.00634999992325902 0.07729999721050262 -0.020108578726649284
			vertex 0.00634999992325902 0.07270000129938126 -0.019608577713370323
		endloop
	endfacet
	facet normal -1 0 0
		outer loop
			vertex 0.00634999992325902 0.07270000129938126 -0.019608577713370323
			vertex 0.00634999992325902 0.07729999721050262 -0.020108578726649284
			vertex 0.00634999992325902 0.07270000129938126 -0.020108578726649284
		endloop
	endfacet
	facet normal 0 -1 0
		outer loop
			vertex 0.008100000210106373 0.07270000129938126 -0.018941421061754227
			vertex 0.007017157506197691 0.07270000129938126 -0.018941421061754227
			vertex 0.0071000000461936 0.07270000129938126 -0.019941421225667
		endloop
	endfacet
	facet normal 0 -1 0
		outer loop
			vertex 0.0071000000461936 0.07270000129938126 -0.019941421225667
			vertex 0.007017157506197691 0.07270000129938126 -0.018941421061754227
			vertex 0.00634999992325902 0.07270000129938126 -0.019608577713370323
		endloop
	endfacet
	facet normal 0 -1 0
		outer loop
			vertex 0.0071000000461936 0.07270000129938126 -0.019941421225667
			vertex 0.00634999992325902 0.07270000129938126 -0.019608577713370323
			vertex 0.00634999992325902 0.07270000129938126 -0.020108578726649284
		endloop
	endfacet
	facet normal 0 -1 0
		outer loop
			vertex 0.00634999992325902 0.07270000129938126 -0.020108578726649284
			vertex 0.0071000000461936 0.07270000129938126 -0.020858578383922577
			vertex 0.0071000000461936 0.07270000129938126 -0.019941421225667
		endloop
	endfacet
	facet normal 0 1 0
		outer loop
			vertex 0.00634999992325902 0.07729999721050262 -0.020108578726649284
			vertex 0.00634999992325902 0.07729999721050262 -0.019608577713370323
			vertex 0.0071000000461936 0.07729999721050262 -0.019941421225667
		endloop
	endfacet
	facet normal 0 1 0
		outer loop
			vertex 0.0071000000461936 0.07729999721050262 -0.019941421225667
			vertex 0.00634999992325902 0.07729999721050262 -0.019608577713370323
			vertex 0.007017157506197691 0.07729999721050262 -0.018941421061754227
		endloop
	endfacet
	facet normal 0 1 0
		outer loop
			vertex 0.0071000000461936 0.07729999721050262 -0.019941421225667
			vertex 0.007017157506197691 0.07729999721050262 -0.018941421061754227
			vertex 0.008100000210106373 0.07729999721050262 -0.018941421061754227
		endloop
	endfacet
	facet normal 0 1 0
		outer loop
			vertex 0.0071000000461936 0.07729999721050262 -0.019941421225667
			vertex 0.0071000000461936 0.07729999721050262 -0.020858578383922577
			vertex 0.00634999992325902 0.07729999721050262 -0.020108578726649284
		endloop
	endfacet
	facet normal 1 0 0
		outer loop
			vertex -0.00634999992325902 0.06729999929666519 -0.020108578726649284
			vertex -0.00634999992325902 0.06729999929666519 -0.019608577713370323
			vertex -0.00634999992325902 0.06270000338554382 -0.020108578726649284
		endloop
	endfacet
	facet normal 1 0 0
		outer loop
			vertex -0.00634999992325902 0.06270000338554382 -0.020108578726649284
			vertex -0.00634999992325902 0.06729999929666519 -0.019608577713370323
			vertex -0.00634999992325902 0.06270000338554382 -0.019608577713370323
		endloop
	endfacet
	facet normal 0.7071062876410837 0 0.7071072747316669
		outer loop
			vertex -0.00634999992325902 0.06729999929666519 -0.019608577713370323
			vertex -0.007017157506197691 0.06729999929666519 -0.018941421061754227
			vertex -0.00634999992325902 0.06270000338554382 -0.019608577713370323
		endloop
	endfacet
	facet normal 0.7071062876410837 0 0.7071072747316669
		outer loop
			vertex -0.00634999992325902 0.06270000338554382 -0.019608577713370323
			vertex -0.007017157506197691 0.06729999929666519 -0.018941421061754227
			vertex -0.007017157506197691 0.06270000338554382 -0.018941421061754227
		endloop
	endfacet
	facet normal 0 -1 0
		outer loop
			vertex -0.0071000000461936 0.06270000338554382 -0.020858578383922577
			vertex -0.00634999992325902 0.06270000338554382 -0.020108578726649284
			vertex -0.0071000000461936 0.06270000338554382 -0.019941421225667
		endloop
	endfacet
	facet normal 0 -1 0
		outer loop
			vertex -0.0071000000461936 0.06270000338554382 -0.019941421225667
			vertex -0.00634999992325902 0.06270000338554382 -0.020108578726649284
			vertex -0.00634999992325902 0.06270000338554382 -0.019608577713370323
		endloop
	endfacet
	facet normal 0 -1 0
		outer loop
			vertex -0.0071000000461936 0.06270000338554382 -0.019941421225667
			vertex -0.00634999992325902 0.06270000338554382 -0.019608577713370323
			vertex -0.007017157506197691 0.06270000338554382 -0.018941421061754227
		endloop
	endfacet
	facet normal 0 -1 0
		outer loop
			vertex -0.007017157506197691 0.06270000338554382 -0.018941421061754227
			vertex -0.008100000210106373 0.06270000338554382 -0.018941421061754227
			vertex -0.0071000000461936 0.06270000338554382 -0.019941421225667
		endloop
	endfacet
	facet normal 0 1 0
		outer loop
			vertex -0.0071000000461936 0.06729999929666519 -0.020858578383922577
			vertex -0.0071000000461936 0.06729999929666519 -0.019941421225667
			vertex -0.00634999992325902 0.06729999929666519 -0.020108578726649284
		endloop
	endfacet
	facet normal 0 1 0
		outer loop
			vertex -0.00634999992325902 0.06729999929666519 -0.020108578726649284
			vertex -0.0071000000461936 0.06729999929666519 -0.019941421225667
			vertex -0.00634999992325902 0.06729999929666519 -0.019608577713370323
		endloop
	endfacet
	facet normal 0 1 0
		outer loop
			vertex -0.00634999992325902 0.06729999929666519 -0.019608577713370323
			vertex -0.0071000000461936 0.06729999929666519 -0.019941421225667
			vertex -0.007017157506197691 0.06729999929666519 -0.018941421061754227
		endloop
	endfacet
	facet normal 0 1 0
		outer loop
			vertex -0.007017157506197691 0.06729999929666519 -0.018941421061754227
			vertex -0.0071000000461936 0.06729999929666519 -0.019941421225667
			vertex -0.008100000210106373 0.06729999929666519 -0.018941421061754227
		endloop
	endfacet
	facet normal -0.7071062876410837 0 0.7071072747316669
		outer loop
			vertex 0.007017157506197691 0.06729999929666519 -0.018941421061754227
			vertex 0.00634999992325902 0.06729999929666519 -0.019608577713370323
			vertex 0.007017157506197691 0.06270000338554382 -0.018941421061754227
		endloop
	endfacet
	facet normal -0.7071062876410837 0 0.7071072747316669
		outer loop
			vertex 0.007017157506197691 0.06270000338554382 -0.018941421061754227
			vertex 0.00634999992325902 0.06729999929666519 -0.019608577713370323
			vertex 0.00634999992325902 0.06270000338554382 -0.019608577713370323
		endloop
	endfacet
	facet normal -1 0 0
		outer loop
			vertex 0.00634999992325902 0.06729999929666519 -0.019608577713370323
			vertex 0.00634999992325902 0.06729999929666519 -0.020108578726649284
			vertex 0.00634999992325902 0.06270000338554382 -0.019608577713370323
		endloop
	endfacet
	facet normal -1 0 0
		outer loop
			vertex 0.00634999992325902 0.06270000338554382 -0.019608577713370323
			vertex 0.00634999992325902 0.06729999929666519 -0.020108578726649284
			vertex 0.00634999992325902 0.06270000338554382 -0.020108578726649284
		endloop
	endfacet
	facet normal 0 -1 0
		outer loop
			vertex 0.008100000210106373 0.06270000338554382 -0.018941421061754227
			vertex 0.007017157506197691 0.06270000338554382 -0.018941421061754227
			vertex 0.0071000000461936 0.06270000338554382 -0.019941421225667
		endloop
	endfacet
	facet normal 0 -1 0
		outer loop
			vertex 0.0071000000461936 0.06270000338554382 -0.019941421225667
			vertex 0.007017157506197691 0.06270000338554382 -0.018941421061754227
			vertex 0.00634999992325902 0.06270000338554382 -0.019608577713370323
		endloop
	endfacet
	facet normal 0 -1 0
		outer loop
			vertex 0.0071000000461936 0.06270000338554382 -0.019941421225667
			vertex 0.00634999992325902 0.06270000338554382 -0.019608577713370323
			vertex 0.00634999992325902 0.06270000338554382 -0.020108578726649284
		endloop
	endfacet
	facet normal 0 -1 0
		outer loop
			vertex 0.00634999992325902 0.06270000338554382 -0.020108578726649284
			vertex 0.0071000000461936 0.06270000338554382 -0.020858578383922577
			vertex 0.0071000000461936 0.06270000338554382 -0.019941421225667
		endloop
	endfacet
	facet normal 0 1 0
		outer loop
			vertex 0.00634999992325902 0.06729999929666519 -0.020108578726649284
			vertex 0.00634999992325902 0.06729999929666519 -0.019608577713370323
			vertex 0.0071000000461936 0.06729999929666519 -0.019941421225667
		endloop
	endfacet
	facet normal 0 1 0
		outer loop
			vertex 0.0071000000461936 0.06729999929666519 -0.019941421225667
			vertex 0.00634999992325902 0.06729999929666519 -0.019608577713370323
			vertex 0.007017157506197691 0.06729999929666519 -0.018941421061754227
		endloop
	endfacet
	facet normal 0 1 0
		outer loop
			vertex 0.0071000000461936 0.06729999929666519 -0.019941421225667
			vertex 0.007017157506197691 0.06729999929666519 -0.018941421061754227
			vertex 0.008100000210106373 0.06729999929666519 -0.018941421061754227
		endloop
	endfacet
	facet normal 0 1 0
		outer loop
			vertex 0.0071000000461936 0.06729999929666519 -0.019941421225667
			vertex 0.0071000000461936 0.06729999929666519 -0.020858578383922577
			vertex 0.00634999992325902 0.06729999929666519 -0.020108578726649284
		endloop
	endfacet
	facet normal 1 0 0
		outer loop
			vertex -0.00634999992325902 0.05730000138282776 -0.020108578726649284
			vertex -0.00634999992325902 0.05730000138282776 -0.019608577713370323
			vertex -0.00634999992325902 0.05270000174641609 -0.020108578726649284
		endloop
	endfacet
	facet normal 1 0 0
		outer loop
			vertex -0.00634999992325902 0.05270000174641609 -0.020108578726649284
			vertex -0.00634999992325902 0.05730000138282776 -0.019608577713370323
			vertex -0.00634999992325902 0.05270000174641609 -0.019608577713370323
		endloop
	endfacet
	facet normal 0.7071062876410837 0 0.7071072747316669
		outer loop
			vertex -0.00634999992325902 0.05730000138282776 -0.019608577713370323
			vertex -0.007017157506197691 0.05730000138282776 -0.018941421061754227
			vertex -0.00634999992325902 0.05270000174641609 -0.019608577713370323
		endloop
	endfacet
	facet normal 0.7071062876410837 0 0.7071072747316669
		outer loop
			vertex -0.00634999992325902 0.05270000174641609 -0.019608577713370323
			vertex -0.007017157506197691 0.05730000138282776 -0.018941421061754227
			vertex -0.007017157506197691 0.05270000174641609 -0.018941421061754227
		endloop
	endfacet
	facet normal 0 -1 0
		outer loop
			vertex -0.0071000000461936 0.05270000174641609 -0.020858578383922577
			vertex -0.00634999992325902 0.05270000174641609 -0.020108578726649284
			vertex -0.0071000000461936 0.05270000174641609 -0.019941421225667
		endloop
	endfacet
	facet normal 0 -1 0
		outer loop
			vertex -0.0071000000461936 0.05270000174641609 -0.019941421225667
			vertex -0.00634999992325902 0.05270000174641609 -0.020108578726649284
			vertex -0.00634999992325902 0.05270000174641609 -0.019608577713370323
		endloop
	endfacet
	facet normal 0 -1 0
		outer loop
			vertex -0.0071000000461936 0.05270000174641609 -0.019941421225667
			vertex -0.00634999992325902 0.05270000174641609 -0.019608577713370323
			vertex -0.007017157506197691 0.05270000174641609 -0.018941421061754227
		endloop
	endfacet
	facet normal 0 -1 0
		outer loop
			vertex -0.007017157506197691 0.05270000174641609 -0.018941421061754227
			vertex -0.008100000210106373 0.05270000174641609 -0.018941421061754227
			vertex -0.0071000000461936 0.05270000174641609 -0.019941421225667
		endloop
	endfacet
	facet normal 0 1 0
		outer loop
			vertex -0.0071000000461936 0.05730000138282776 -0.020858578383922577
			vertex -0.0071000000461936 0.05730000138282776 -0.019941421225667
			vertex -0.00634999992325902 0.05730000138282776 -0.020108578726649284
		endloop
	endfacet
	facet normal 0 1 0
		outer loop
			vertex -0.00634999992325902 0.05730000138282776 -0.020108578726649284
			vertex -0.0071000000461936 0.05730000138282776 -0.019941421225667
			vertex -0.00634999992325902 0.05730000138282776 -0.019608577713370323
		endloop
	endfacet
	facet normal 0 1 0
		outer loop
			vertex -0.00634999992325902 0.05730000138282776 -0.019608577713370323
			vertex -0.0071000000461936 0.05730000138282776 -0.019941421225667
			vertex -0.007017157506197691 0.05730000138282776 -0.018941421061754227
		endloop
	endfacet
	facet normal 0 1 0
		outer loop
			vertex -0.007017157506197691 0.05730000138282776 -0.018941421061754227
			vertex -0.0071000000461936 0.05730000138282776 -0.019941421225667
			vertex -0.008100000210106373 0.05730000138282776 -0.018941421061754227
		endloop
	endfacet
	facet normal -0.7071062876410837 0 0.7071072747316669
		outer loop
			vertex 0.007017157506197691 0.05730000138282776 -0.018941421061754227
			vertex 0.00634999992325902 0.05730000138282776 -0.019608577713370323
			vertex 0.007017157506197691 0.05270000174641609 -0.018941421061754227
		endloop
	endfacet
	facet normal -0.7071062876410837 0 0.7071072747316669
		outer loop
			vertex 0.007017157506197691 0.05270000174641609 -0.018941421061754227
			vertex 0.00634999992325902 0.05730000138282776 -0.019608577713370323
			vertex 0.00634999992325902 0.05270000174641609 -0.019608577713370323
		endloop
	endfacet
	facet normal -1 0 0
		outer loop
			vertex 0.00634999992325902 0.05730000138282776 -0.019608577713370323
			vertex 0.00634999992325902 0.05730000138282776 -0.020108578726649284
			vertex 0.00634999992325902 0.05270000174641609 -0.019608577713370323
		endloop
	endfacet
	facet normal -1 0 0
		outer loop
			vertex 0.00634999992325902 0.05270000174641609 -0.019608577713370323
			vertex 0.00634999992325902 0.05730000138282776 -0.020108578726649284
			vertex 0.00634999992325902 0.05270000174641609 -0.020108578726649284
		endloop
	endfacet
	facet normal 0 -1 0
		outer loop
			vertex 0.008100000210106373 0.05270000174641609 -0.018941421061754227
			vertex 0.007017157506197691 0.05270000174641609 -0.018941421061754227
			vertex 0.0071000000461936 0.05270000174641609 -0.019941421225667
		endloop
	endfacet
	facet normal 0 -1 0
		outer loop
			vertex 0.0071000000461936 0.05270000174641609 -0.019941421225667
			vertex 0.007017157506197691 0.05270000174641609 -0.018941421061754227
			vertex 0.00634999992325902 0.05270000174641609 -0.019608577713370323
		endloop
	endfacet
	facet normal 0 -1 0
		outer loop
			vertex 0.0071000000461936 0.05270000174641609 -0.019941421225667
			vertex 0.00634999992325902 0.05270000174641609 -0.019608577713370323
			vertex 0.00634999992325902 0.05270000174641609 -0.020108578726649284
		endloop
	endfacet
	facet normal 0 -1 0
		outer loop
			vertex 0.00634999992325902 0.05270000174641609 -0.020108578726649284
			vertex 0.0071000000461936 0.05270000174641609 -0.020858578383922577
			vertex 0.0071000000461936 0.05270000174641609 -0.019941421225667
		endloop
	endfacet
	facet normal 0 1 0
		outer loop
			vertex 0.00634999992325902 0.05730000138282776 -0.020108578726649284
			vertex 0.00634999992325902 0.05730000138282776 -0.019608577713370323
			vertex 0.0071000000461936 0.05730000138282776 -0.019941421225667
		endloop
	endfacet
	facet normal 0 1 0
		outer loop
			vertex 0.0071000000461936 0.05730000138282776 -0.019941421225667
			vertex 0.00634999992325902 0.05730000138282776 -0.019608577713370323
			vertex 0.007017157506197691 0.05730000138282776 -0.018941421061754227
		endloop
	endfacet
	facet normal 0 1 0
		outer loop
			vertex 0.0071000000461936 0.05730000138282776 -0.019941421225667
			vertex 0.007017157506197691 0.05730000138282776 -0.018941421061754227
			vertex 0.008100000210106373 0.05730000138282776 -0.018941421061754227
		endloop
	endfacet
	facet normal 0 1 0
		outer loop
			vertex 0.0071000000461936 0.05730000138282776 -0.019941421225667
			vertex 0.0071000000461936 0.05730000138282776 -0.020858578383922577
			vertex 0.00634999992325902 0.05730000138282776 -0.020108578726649284
		endloop
	endfacet
	facet normal 1 0 0
		outer loop
			vertex -0.00634999992325902 0.04729999974370003 -0.020108578726649284
			vertex -0.00634999992325902 0.04729999974370003 -0.019608577713370323
			vertex -0.00634999992325902 0.04270000010728836 -0.020108578726649284
		endloop
	endfacet
	facet normal 1 0 0
		outer loop
			vertex -0.00634999992325902 0.04270000010728836 -0.020108578726649284
			vertex -0.00634999992325902 0.04729999974370003 -0.019608577713370323
			vertex -0.00634999992325902 0.04270000010728836 -0.019608577713370323
		endloop
	endfacet
	facet normal 0.7071062876410837 0 0.7071072747316669
		outer loop
			vertex -0.00634999992325902 0.04729999974370003 -0.019608577713370323
			vertex -0.007017157506197691 0.04729999974370003 -0.018941421061754227
			vertex -0.00634999992325902 0.04270000010728836 -0.019608577713370323
		endloop
	endfacet
	facet normal 0.7071062876410837 0 0.7071072747316669
		outer loop
			vertex -0.00634999992325902 0.04270000010728836 -0.019608577713370323
			vertex -0.007017157506197691 0.04729999974370003 -0.018941421061754227
			vertex -0.007017157506197691 0.04270000010728836 -0.018941421061754227
		endloop
	endfacet
	facet normal 0 -1 0
		outer loop
			vertex -0.0071000000461936 0.04270000010728836 -0.020858578383922577
			vertex -0.00634999992325902 0.04270000010728836 -0.020108578726649284
			vertex -0.0071000000461936 0.04270000010728836 -0.019941421225667
		endloop
	endfacet
	facet normal 0 -1 0
		outer loop
			vertex -0.0071000000461936 0.04270000010728836 -0.019941421225667
			vertex -0.00634999992325902 0.04270000010728836 -0.020108578726649284
			vertex -0.00634999992325902 0.04270000010728836 -0.019608577713370323
		endloop
	endfacet
	facet normal 0 -1 0
		outer loop
			vertex -0.0071000000461936 0.04270000010728836 -0.019941421225667
			vertex -0.00634999992325902 0.04270000010728836 -0.019608577713370323
			vertex -0.007017157506197691 0.04270000010728836 -0.018941421061754227
		endloop
	endfacet
	facet normal 0 -1 0
		outer loop
			vertex -0.007017157506197691 0.04270000010728836 -0.018941421061754227
			vertex -0.008100000210106373 0.04270000010728836 -0.018941421061754227
			vertex -0.0071000000461936 0.04270000010728836 -0.019941421225667
		endloop
	endfacet
	facet normal 0 1 0
		outer loop
			vertex -0.0071000000461936 0.04729999974370003 -0.020858578383922577
			vertex -0.0071000000461936 0.04729999974370003 -0.019941421225667
			vertex -0.00634999992325902 0.04729999974370003 -0.020108578726649284
		endloop
	endfacet
	facet normal 0 1 0
		outer loop
			vertex -0.00634999992325902 0.04729999974370003 -0.020108578726649284
			vertex -0.0071000000461936 0.04729999974370003 -0.019941421225667
			vertex -0.00634999992325902 0.04729999974370003 -0.019608577713370323
		endloop
	endfacet
	facet normal 0 1 0
		outer loop
			vertex -0.00634999992325902 0.04729999974370003 -0.019608577713370323
			vertex -0.0071000000461936 0.04729999974370003 -0.019941421225667
			vertex -0.007017157506197691 0.04729999974370003 -0.018941421061754227
		endloop
	endfacet
	facet normal 0 1 0
		outer loop
			vertex -0.007017157506197691 0.04729999974370003 -0.018941421061754227
			vertex -0.0071000000461936 0.04729999974370003 -0.019941421225667
			vertex -0.008100000210106373 0.04729999974370003 -0.018941421061754227
		endloop
	endfacet
	facet normal -0.7071062876410837 0 0.7071072747316669
		outer loop
			vertex 0.007017157506197691 0.04729999974370003 -0.018941421061754227
			vertex 0.00634999992325902 0.04729999974370003 -0.019608577713370323
			vertex 0.007017157506197691 0.04270000010728836 -0.018941421061754227
		endloop
	endfacet
	facet normal -0.7071062876410837 0 0.7071072747316669
		outer loop
			vertex 0.007017157506197691 0.04270000010728836 -0.018941421061754227
			vertex 0.00634999992325902 0.04729999974370003 -0.019608577713370323
			vertex 0.00634999992325902 0.04270000010728836 -0.019608577713370323
		endloop
	endfacet
	facet normal -1 0 0
		outer loop
			vertex 0.00634999992325902 0.04729999974370003 -0.019608577713370323
			vertex 0.00634999992325902 0.04729999974370003 -0.020108578726649284
			vertex 0.00634999992325902 0.04270000010728836 -0.019608577713370323
		endloop
	endfacet
	facet normal -1 0 0
		outer loop
			vertex 0.00634999992325902 0.04270000010728836 -0.019608577713370323
			vertex 0.00634999992325902 0.04729999974370003 -0.020108578726649284
			vertex 0.00634999992325902 0.04270000010728836 -0.020108578726649284
		endloop
	endfacet
	facet normal 0 -1 0
		outer loop
			vertex 0.008100000210106373 0.04270000010728836 -0.018941421061754227
			vertex 0.007017157506197691 0.04270000010728836 -0.018941421061754227
			vertex 0.0071000000461936 0.04270000010728836 -0.019941421225667
		endloop
	endfacet
	facet normal 0 -1 0
		outer loop
			vertex 0.0071000000461936 0.04270000010728836 -0.019941421225667
			vertex 0.007017157506197691 0.04270000010728836 -0.018941421061754227
			vertex 0.00634999992325902 0.04270000010728836 -0.019608577713370323
		endloop
	endfacet
	facet normal 0 -1 0
		outer loop
			vertex 0.0071000000461936 0.04270000010728836 -0.019941421225667
			vertex 0.00634999992325902 0.04270000010728836 -0.019608577713370323
			vertex 0.00634999992325902 0.04270000010728836 -0.020108578726649284
		endloop
	endfacet
	facet normal 0 -1 0
		outer loop
			vertex 0.00634999992325902 0.04270000010728836 -0.020108578726649284
			vertex 0.0071000000461936 0.04270000010728836 -0.020858578383922577
			vertex 0.0071000000461936 0.04270000010728836 -0.019941421225667
		endloop
	endfacet
	facet normal 0 1 0
		outer loop
			vertex 0.00634999992325902 0.04729999974370003 -0.020108578726649284
			vertex 0.00634999992325902 0.04729999974370003 -0.019608577713370323
			vertex 0.0071000000461936 0.04729999974370003 -0.019941421225667
		endloop
	endfacet
	facet normal 0 1 0
		outer loop
			vertex 0.0071000000461936 0.04729999974370003 -0.019941421225667
			vertex 0.00634999992325902 0.04729999974370003 -0.019608577713370323
			vertex 0.007017157506197691 0.04729999974370003 -0.018941421061754227
		endloop
	endfacet
	facet normal 0 1 0
		outer loop
			vertex 0.0071000000461936 0.04729999974370003 -0.019941421225667
			vertex 0.007017157506197691 0.04729999974370003 -0.018941421061754227
			vertex 0.008100000210106373 0.04729999974370003 -0.018941421061754227
		endloop
	endfacet
	facet normal 0 1 0
		outer loop
			vertex 0.0071000000461936 0.04729999974370003 -0.019941421225667
			vertex 0.0071000000461936 0.04729999974370003 -0.020858578383922577
			vertex 0.00634999992325902 0.04729999974370003 -0.020108578726649284
		endloop
	endfacet
	facet normal 1 0 0
		outer loop
			vertex -0.00634999992325902 0.037300001829862595 -0.020108578726649284
			vertex -0.00634999992325902 0.037300001829862595 -0.019608577713370323
			vertex -0.00634999992325902 0.03269999846816063 -0.020108578726649284
		endloop
	endfacet
	facet normal 1 0 0
		outer loop
			vertex -0.00634999992325902 0.03269999846816063 -0.020108578726649284
			vertex -0.00634999992325902 0.037300001829862595 -0.019608577713370323
			vertex -0.00634999992325902 0.03269999846816063 -0.019608577713370323
		endloop
	endfacet
	facet normal 0.7071062876410837 0 0.7071072747316669
		outer loop
			vertex -0.00634999992325902 0.037300001829862595 -0.019608577713370323
			vertex -0.007017157506197691 0.037300001829862595 -0.018941421061754227
			vertex -0.00634999992325902 0.03269999846816063 -0.019608577713370323
		endloop
	endfacet
	facet normal 0.7071062876410837 0 0.7071072747316669
		outer loop
			vertex -0.00634999992325902 0.03269999846816063 -0.019608577713370323
			vertex -0.007017157506197691 0.037300001829862595 -0.018941421061754227
			vertex -0.007017157506197691 0.03269999846816063 -0.018941421061754227
		endloop
	endfacet
	facet normal 0 -1 0
		outer loop
			vertex -0.0071000000461936 0.03269999846816063 -0.020858578383922577
			vertex -0.00634999992325902 0.03269999846816063 -0.020108578726649284
			vertex -0.0071000000461936 0.03269999846816063 -0.019941421225667
		endloop
	endfacet
	facet normal 0 -1 0
		outer loop
			vertex -0.0071000000461936 0.03269999846816063 -0.019941421225667
			vertex -0.00634999992325902 0.03269999846816063 -0.020108578726649284
			vertex -0.00634999992325902 0.03269999846816063 -0.019608577713370323
		endloop
	endfacet
	facet normal 0 -1 0
		outer loop
			vertex -0.0071000000461936 0.03269999846816063 -0.019941421225667
			vertex -0.00634999992325902 0.03269999846816063 -0.019608577713370323
			vertex -0.007017157506197691 0.03269999846816063 -0.018941421061754227
		endloop
	endfacet
	facet normal 0 -1 0
		outer loop
			vertex -0.007017157506197691 0.03269999846816063 -0.018941421061754227
			vertex -0.008100000210106373 0.03269999846816063 -0.018941421061754227
			vertex -0.0071000000461936 0.03269999846816063 -0.019941421225667
		endloop
	endfacet
	facet normal 0 1 0
		outer loop
			vertex -0.0071000000461936 0.037300001829862595 -0.020858578383922577
			vertex -0.0071000000461936 0.037300001829862595 -0.019941421225667
			vertex -0.00634999992325902 0.037300001829862595 -0.020108578726649284
		endloop
	endfacet
	facet normal 0 1 0
		outer loop
			vertex -0.00634999992325902 0.037300001829862595 -0.020108578726649284
			vertex -0.0071000000461936 0.037300001829862595 -0.019941421225667
			vertex -0.00634999992325902 0.037300001829862595 -0.019608577713370323
		endloop
	endfacet
	facet normal 0 1 0
		outer loop
			vertex -0.00634999992325902 0.037300001829862595 -0.019608577713370323
			vertex -0.0071000000461936 0.037300001829862595 -0.019941421225667
			vertex -0.007017157506197691 0.037300001829862595 -0.018941421061754227
		endloop
	endfacet
	facet normal 0 1 0
		outer loop
			vertex -0.007017157506197691 0.037300001829862595 -0.018941421061754227
			vertex -0.0071000000461936 0.037300001829862595 -0.019941421225667
			vertex -0.008100000210106373 0.037300001829862595 -0.018941421061754227
		endloop
	endfacet
	facet normal -0.7071062876410837 0 0.7071072747316669
		outer loop
			vertex 0.007017157506197691 0.037300001829862595 -0.018941421061754227
			vertex 0.00634999992325902 0.037300001829862595 -0.019608577713370323
			vertex 0.007017157506197691 0.03269999846816063 -0.018941421061754227
		endloop
	endfacet
	facet normal -0.7071062876410837 0 0.7071072747316669
		outer loop
			vertex 0.007017157506197691 0.03269999846816063 -0.018941421061754227
			vertex 0.00634999992325902 0.037300001829862595 -0.019608577713370323
			vertex 0.00634999992325902 0.03269999846816063 -0.019608577713370323
		endloop
	endfacet
	facet normal -1 0 0
		outer loop
			vertex 0.00634999992325902 0.037300001829862595 -0.019608577713370323
			vertex 0.00634999992325902 0.037300001829862595 -0.020108578726649284
			vertex 0.00634999992325902 0.03269999846816063 -0.019608577713370323
		endloop
	endfacet
	facet normal -1 0 0
		outer loop
			vertex 0.00634999992325902 0.03269999846816063 -0.019608577713370323
			vertex 0.00634999992325902 0.037300001829862595 -0.020108578726649284
			vertex 0.00634999992325902 0.03269999846816063 -0.020108578726649284
		endloop
	endfacet
	facet normal 0 -1 0
		outer loop
			vertex 0.008100000210106373 0.03269999846816063 -0.018941421061754227
			vertex 0.007017157506197691 0.03269999846816063 -0.018941421061754227
			vertex 0.0071000000461936 0.03269999846816063 -0.019941421225667
		endloop
	endfacet
	facet normal 0 -1 0
		outer loop
			vertex 0.0071000000461936 0.03269999846816063 -0.019941421225667
			vertex 0.007017157506197691 0.03269999846816063 -0.018941421061754227
			vertex 0.00634999992325902 0.03269999846816063 -0.019608577713370323
		endloop
	endfacet
	facet normal 0 -1 0
		outer loop
			vertex 0.0071000000461936 0.03269999846816063 -0.019941421225667
			vertex 0.00634999992325902 0.03269999846816063 -0.019608577713370323
			vertex 0.00634999992325902 0.03269999846816063 -0.020108578726649284
		endloop
	endfacet
	facet normal 0 -1 0
		outer loop
			vertex 0.00634999992325902 0.03269999846816063 -0.020108578726649284
			vertex 0.0071000000461936 0.03269999846816063 -0.020858578383922577
			vertex 0.0071000000461936 0.03269999846816063 -0.019941421225667
		endloop
	endfacet
	facet normal 0 1 0
		outer loop
			vertex 0.00634999992325902 0.037300001829862595 -0.020108578726649284
			vertex 0.00634999992325902 0.037300001829862595 -0.019608577713370323
			vertex 0.0071000000461936 0.037300001829862595 -0.019941421225667
		endloop
	endfacet
	facet normal 0 1 0
		outer loop
			vertex 0.0071000000461936 0.037300001829862595 -0.019941421225667
			vertex 0.00634999992325902 0.037300001829862595 -0.019608577713370323
			vertex 0.007017157506197691 0.037300001829862595 -0.018941421061754227
		endloop
	endfacet
	facet normal 0 1 0
		outer loop
			vertex 0.0071000000461936 0.037300001829862595 -0.019941421225667
			vertex 0.007017157506197691 0.037300001829862595 -0.018941421061754227
			vertex 0.008100000210106373 0.037300001829862595 -0.018941421061754227
		endloop
	endfacet
	facet normal 0 1 0
		outer loop
			vertex 0.0071000000461936 0.037300001829862595 -0.019941421225667
			vertex 0.0071000000461936 0.037300001829862595 -0.020858578383922577
			vertex 0.00634999992325902 0.037300001829862595 -0.020108578726649284
		endloop
	endfacet
	facet normal 1 0 0
		outer loop
			vertex -0.00634999992325902 0.027300000190734863 -0.020108578726649284
			vertex -0.00634999992325902 0.027300000190734863 -0.019608577713370323
			vertex -0.00634999992325902 0.022700000554323196 -0.020108578726649284
		endloop
	endfacet
	facet normal 1 0 0
		outer loop
			vertex -0.00634999992325902 0.022700000554323196 -0.020108578726649284
			vertex -0.00634999992325902 0.027300000190734863 -0.019608577713370323
			vertex -0.00634999992325902 0.022700000554323196 -0.019608577713370323
		endloop
	endfacet
	facet normal 0.7071062876410837 0 0.7071072747316669
		outer loop
			vertex -0.00634999992325902 0.027300000190734863 -0.019608577713370323
			vertex -0.007017157506197691 0.027300000190734863 -0.018941421061754227
			vertex -0.00634999992325902 0.022700000554323196 -0.019608577713370323
		endloop
	endfacet
	facet normal 0.7071062876410837 0 0.7071072747316669
		outer loop
			vertex -0.00634999992325902 0.022700000554323196 -0.019608577713370323
			vertex -0.007017157506197691 0.027300000190734863 -0.018941421061754227
			vertex -0.007017157506197691 0.022700000554323196 -0.018941421061754227
		endloop
	endfacet
	facet normal 0 -1 0
		outer loop
			vertex -0.0071000000461936 0.022700000554323196 -0.020858578383922577
			vertex -0.00634999992325902 0.022700000554323196 -0.020108578726649284
			vertex -0.0071000000461936 0.022700000554323196 -0.019941421225667
		endloop
	endfacet
	facet normal 0 -1 0
		outer loop
			vertex -0.0071000000461936 0.022700000554323196 -0.019941421225667
			vertex -0.00634999992325902 0.022700000554323196 -0.020108578726649284
			vertex -0.00634999992325902 0.022700000554323196 -0.019608577713370323
		endloop
	endfacet
	facet normal 0 -1 0
		outer loop
			vertex -0.0071000000461936 0.022700000554323196 -0.019941421225667
			vertex -0.00634999992325902 0.022700000554323196 -0.019608577713370323
			vertex -0.007017157506197691 0.022700000554323196 -0.018941421061754227
		endloop
	endfacet
	facet normal 0 -1 0
		outer loop
			vertex -0.007017157506197691 0.022700000554323196 -0.018941421061754227
			vertex -0.008100000210106373 0.022700000554323196 -0.018941421061754227
			vertex -0.0071000000461936 0.022700000554323196 -0.019941421225667
		endloop
	endfacet
	facet normal 0 1 0
		outer loop
			vertex -0.0071000000461936 0.027300000190734863 -0.020858578383922577
			vertex -0.0071000000461936 0.027300000190734863 -0.019941421225667
			vertex -0.00634999992325902 0.027300000190734863 -0.020108578726649284
		endloop
	endfacet
	facet normal 0 1 0
		outer loop
			vertex -0.00634999992325902 0.027300000190734863 -0.020108578726649284
			vertex -0.0071000000461936 0.027300000190734863 -0.019941421225667
			vertex -0.00634999992325902 0.027300000190734863 -0.019608577713370323
		endloop
	endfacet
	facet normal 0 1 0
		outer loop
			vertex -0.00634999992325902 0.027300000190734863 -0.019608577713370323
			vertex -0.0071000000461936 0.027300000190734863 -0.019941421225667
			vertex -0.007017157506197691 0.027300000190734863 -0.018941421061754227
		endloop
	endfacet
	facet normal 0 1 0
		outer loop
			vertex -0.007017157506197691 0.027300000190734863 -0.018941421061754227
			vertex -0.0071000000461936 0.027300000190734863 -0.019941421225667
			vertex -0.008100000210106373 0.027300000190734863 -0.018941421061754227
		endloop
	endfacet
	facet normal -0.7071062876410837 0 0.7071072747316669
		outer loop
			vertex 0.007017157506197691 0.027300000190734863 -0.018941421061754227
			vertex 0.00634999992325902 0.027300000190734863 -0.019608577713370323
			vertex 0.007017157506197691 0.022700000554323196 -0.018941421061754227
		endloop
	endfacet
	facet normal -0.7071062876410837 0 0.7071072747316669
		outer loop
			vertex 0.007017157506197691 0.022700000554323196 -0.018941421061754227
			vertex 0.00634999992325902 0.027300000190734863 -0.019608577713370323
			vertex 0.00634999992325902 0.022700000554323196 -0.019608577713370323
		endloop
	endfacet
	facet normal -1 0 0
		outer loop
			vertex 0.00634999992325902 0.027300000190734863 -0.019608577713370323
			vertex 0.00634999992325902 0.027300000190734863 -0.020108578726649284
			vertex 0.00634999992325902 0.022700000554323196 -0.019608577713370323
		endloop
	endfacet
	facet normal -1 0 0
		outer loop
			vertex 0.00634999992325902 0.022700000554323196 -0.019608577713370323
			vertex 0.00634999992325902 0.027300000190734863 -0.020108578726649284
			vertex 0.00634999992325902 0.022700000554323196 -0.020108578726649284
		endloop
	endfacet
	facet normal 0 -1 0
		outer loop
			vertex 0.008100000210106373 0.022700000554323196 -0.018941421061754227
			vertex 0.007017157506197691 0.022700000554323196 -0.018941421061754227
			vertex 0.0071000000461936 0.022700000554323196 -0.019941421225667
		endloop
	endfacet
	facet normal 0 -1 0
		outer loop
			vertex 0.0071000000461936 0.022700000554323196 -0.019941421225667
			vertex 0.007017157506197691 0.022700000554323196 -0.018941421061754227
			vertex 0.00634999992325902 0.022700000554323196 -0.019608577713370323
		endloop
	endfacet
	facet normal 0 -1 0
		outer loop
			vertex 0.0071000000461936 0.022700000554323196 -0.019941421225667
			vertex 0.00634999992325902 0.022700000554323196 -0.019608577713370323
			vertex 0.00634999992325902 0.022700000554323196 -0.020108578726649284
		endloop
	endfacet
	facet normal 0 -1 0
		outer loop
			vertex 0.00634999992325902 0.022700000554323196 -0.020108578726649284
			vertex 0.0071000000461936 0.022700000554323196 -0.020858578383922577
			vertex 0.0071000000461936 0.022700000554323196 -0.019941421225667
		endloop
	endfacet
	facet normal 0 1 0
		outer loop
			vertex 0.00634999992325902 0.027300000190734863 -0.020108578726649284
			vertex 0.00634999992325902 0.027300000190734863 -0.019608577713370323
			vertex 0.0071000000461936 0.027300000190734863 -0.019941421225667
		endloop
	endfacet
	facet normal 0 1 0
		outer loop
			vertex 0.0071000000461936 0.027300000190734863 -0.019941421225667
			vertex 0.00634999992325902 0.027300000190734863 -0.019608577713370323
			vertex 0.007017157506197691 0.027300000190734863 -0.018941421061754227
		endloop
	endfacet
	facet normal 0 1 0
		outer loop
			vertex 0.0071000000461936 0.027300000190734863 -0.019941421225667
			vertex 0.007017157506197691 0.027300000190734863 -0.018941421061754227
			vertex 0.008100000210106373 0.027300000190734863 -0.018941421061754227
		endloop
	endfacet
	facet normal 0 1 0
		outer loop
			vertex 0.0071000000461936 0.027300000190734863 -0.019941421225667
			vertex 0.0071000000461936 0.027300000190734863 -0.020858578383922577
			vertex 0.00634999992325902 0.027300000190734863 -0.020108578726649284
		endloop
	endfacet
	facet normal 1 0 0
		outer loop
			vertex -0.00634999992325902 0.01730000041425228 -0.020108578726649284
			vertex -0.00634999992325902 0.01730000041425228 -0.019608577713370323
			vertex -0.00634999992325902 0.01269999984651804 -0.020108578726649284
		endloop
	endfacet
	facet normal 1 0 0
		outer loop
			vertex -0.00634999992325902 0.01269999984651804 -0.020108578726649284
			vertex -0.00634999992325902 0.01730000041425228 -0.019608577713370323
			vertex -0.00634999992325902 0.01269999984651804 -0.019608577713370323
		endloop
	endfacet
	facet normal 0.7071062876410837 0 0.7071072747316669
		outer loop
			vertex -0.00634999992325902 0.01730000041425228 -0.019608577713370323
			vertex -0.007017157506197691 0.01730000041425228 -0.018941421061754227
			vertex -0.00634999992325902 0.01269999984651804 -0.019608577713370323
		endloop
	endfacet
	facet normal 0.7071062876410837 0 0.7071072747316669
		outer loop
			vertex -0.00634999992325902 0.01269999984651804 -0.019608577713370323
			vertex -0.007017157506197691 0.01730000041425228 -0.018941421061754227
			vertex -0.007017157506197691 0.01269999984651804 -0.018941421061754227
		endloop
	endfacet
	facet normal 0 -1 0
		outer loop
			vertex -0.0071000000461936 0.01269999984651804 -0.020858578383922577
			vertex -0.00634999992325902 0.01269999984651804 -0.020108578726649284
			vertex -0.0071000000461936 0.01269999984651804 -0.019941421225667
		endloop
	endfacet
	facet normal 0 -1 0
		outer loop
			vertex -0.0071000000461936 0.01269999984651804 -0.019941421225667
			vertex -0.00634999992325902 0.01269999984651804 -0.020108578726649284
			vertex -0.00634999992325902 0.01269999984651804 -0.019608577713370323
		endloop
	endfacet
	facet normal 0 -1 0
		outer loop
			vertex -0.0071000000461936 0.01269999984651804 -0.019941421225667
			vertex -0.00634999992325902 0.01269999984651804 -0.019608577713370323
			vertex -0.007017157506197691 0.01269999984651804 -0.018941421061754227
		endloop
	endfacet
	facet normal 0 -1 0
		outer loop
			vertex -0.007017157506197691 0.01269999984651804 -0.018941421061754227
			vertex -0.008100000210106373 0.01269999984651804 -0.018941421061754227
			vertex -0.0071000000461936 0.01269999984651804 -0.019941421225667
		endloop
	endfacet
	facet normal 0 1 0
		outer loop
			vertex -0.0071000000461936 0.01730000041425228 -0.020858578383922577
			vertex -0.0071000000461936 0.01730000041425228 -0.019941421225667
			vertex -0.00634999992325902 0.01730000041425228 -0.020108578726649284
		endloop
	endfacet
	facet normal 0 1 0
		outer loop
			vertex -0.00634999992325902 0.01730000041425228 -0.020108578726649284
			vertex -0.0071000000461936 0.01730000041425228 -0.019941421225667
			vertex -0.00634999992325902 0.01730000041425228 -0.019608577713370323
		endloop
	endfacet
	facet normal 0 1 0
		outer loop
			vertex -0.00634999992325902 0.01730000041425228 -0.019608577713370323
			vertex -0.0071000000461936 0.01730000041425228 -0.019941421225667
			vertex -0.007017157506197691 0.01730000041425228 -0.018941421061754227
		endloop
	endfacet
	facet normal 0 1 0
		outer loop
			vertex -0.007017157506197691 0.01730000041425228 -0.018941421061754227
			vertex -0.0071000000461936 0.01730000041425228 -0.019941421225667
			vertex -0.008100000210106373 0.01730000041425228 -0.018941421061754227
		endloop
	endfacet
	facet normal -0.7071062876410837 0 0.7071072747316669
		outer loop
			vertex 0.007017157506197691 0.01730000041425228 -0.018941421061754227
			vertex 0.00634999992325902 0.01730000041425228 -0.019608577713370323
			vertex 0.007017157506197691 0.01269999984651804 -0.018941421061754227
		endloop
	endfacet
	facet normal -0.7071062876410837 0 0.7071072747316669
		outer loop
			vertex 0.007017157506197691 0.01269999984651804 -0.018941421061754227
			vertex 0.00634999992325902 0.01730000041425228 -0.019608577713370323
			vertex 0.00634999992325902 0.01269999984651804 -0.019608577713370323
		endloop
	endfacet
	facet normal -1 0 0
		outer loop
			vertex 0.00634999992325902 0.01730000041425228 -0.019608577713370323
			vertex 0.00634999992325902 0.01730000041425228 -0.020108578726649284
			vertex 0.00634999992325902 0.01269999984651804 -0.019608577713370323
		endloop
	endfacet
	facet normal -1 0 0
		outer loop
			vertex 0.00634999992325902 0.01269999984651804 -0.019608577713370323
			vertex 0.00634999992325902 0.01730000041425228 -0.020108578726649284
			vertex 0.00634999992325902 0.01269999984651804 -0.020108578726649284
		endloop
	endfacet
	facet normal 0 -1 0
		outer loop
			vertex 0.008100000210106373 0.01269999984651804 -0.018941421061754227
			vertex 0.007017157506197691 0.01269999984651804 -0.018941421061754227
			vertex 0.0071000000461936 0.01269999984651804 -0.019941421225667
		endloop
	endfacet
	facet normal 0 -1 0
		outer loop
			vertex 0.0071000000461936 0.01269999984651804 -0.019941421225667
			vertex 0.007017157506197691 0.01269999984651804 -0.018941421061754227
			vertex 0.00634999992325902 0.01269999984651804 -0.019608577713370323
		endloop
	endfacet
	facet normal 0 -1 0
		outer loop
			vertex 0.0071000000461936 0.01269999984651804 -0.019941421225667
			vertex 0.00634999992325902 0.01269999984651804 -0.019608577713370323
			vertex 0.00634999992325902 0.01269999984651804 -0.020108578726649284
		endloop
	endfacet
	facet normal 0 -1 0
		outer loop
			vertex 0.00634999992325902 0.01269999984651804 -0.020108578726649284
			vertex 0.0071000000461936 0.01269999984651804 -0.020858578383922577
			vertex 0.0071000000461936 0.01269999984651804 -0.019941421225667
		endloop
	endfacet
	facet normal 0 1 0
		outer loop
			vertex 0.00634999992325902 0.01730000041425228 -0.020108578726649284
			vertex 0.00634999992325902 0.01730000041425228 -0.019608577713370323
			vertex 0.0071000000461936 0.01730000041425228 -0.019941421225667
		endloop
	endfacet
	facet normal 0 1 0
		outer loop
			vertex 0.0071000000461936 0.01730000041425228 -0.019941421225667
			vertex 0.00634999992325902 0.01730000041425228 -0.019608577713370323
			vertex 0.007017157506197691 0.01730000041425228 -0.018941421061754227
		endloop
	endfacet
	facet normal 0 1 0
		outer loop
			vertex 0.0071000000461936 0.01730000041425228 -0.019941421225667
			vertex 0.007017157506197691 0.01730000041425228 -0.018941421061754227
			vertex 0.008100000210106373 0.01730000041425228 -0.018941421061754227
		endloop
	endfacet
	facet normal 0 1 0
		outer loop
			vertex 0.0071000000461936 0.01730000041425228 -0.019941421225667
			vertex 0.0071000000461936 0.01730000041425228 -0.020858578383922577
			vertex 0.00634999992325902 0.01730000041425228 -0.020108578726649284
		endloop
	endfacet
	facet normal 1 0 0
		outer loop
			vertex -0.00634999992325902 0.007300000172108412 -0.020108578726649284
			vertex -0.00634999992325902 0.007300000172108412 -0.019608577713370323
			vertex -0.00634999992325902 0.0027000000700354576 -0.020108578726649284
		endloop
	endfacet
	facet normal 1 0 0
		outer loop
			vertex -0.00634999992325902 0.0027000000700354576 -0.020108578726649284
			vertex -0.00634999992325902 0.007300000172108412 -0.019608577713370323
			vertex -0.00634999992325902 0.0027000000700354576 -0.019608577713370323
		endloop
	endfacet
	facet normal 0.7071062876410837 0 0.7071072747316669
		outer loop
			vertex -0.00634999992325902 0.007300000172108412 -0.019608577713370323
			vertex -0.007017157506197691 0.007300000172108412 -0.018941421061754227
			vertex -0.00634999992325902 0.0027000000700354576 -0.019608577713370323
		endloop
	endfacet
	facet normal 0.7071062876410837 0 0.7071072747316669
		outer loop
			vertex -0.00634999992325902 0.0027000000700354576 -0.019608577713370323
			vertex -0.007017157506197691 0.007300000172108412 -0.018941421061754227
			vertex -0.007017157506197691 0.0027000000700354576 -0.018941421061754227
		endloop
	endfacet
	facet normal 0 -1 0
		outer loop
			vertex -0.0071000000461936 0.0027000000700354576 -0.020858578383922577
			vertex -0.00634999992325902 0.0027000000700354576 -0.020108578726649284
			vertex -0.0071000000461936 0.0027000000700354576 -0.019941421225667
		endloop
	endfacet
	facet normal 0 -1 0
		outer loop
			vertex -0.0071000000461936 0.0027000000700354576 -0.019941421225667
			vertex -0.00634999992325902 0.0027000000700354576 -0.020108578726649284
			vertex -0.00634999992325902 0.0027000000700354576 -0.019608577713370323
		endloop
	endfacet
	facet normal 0 -1 0
		outer loop
			vertex -0.0071000000461936 0.0027000000700354576 -0.019941421225667
			vertex -0.00634999992325902 0.0027000000700354576 -0.019608577713370323
			vertex -0.007017157506197691 0.0027000000700354576 -0.018941421061754227
		endloop
	endfacet
	facet normal 0 -1 0
		outer loop
			vertex -0.007017157506197691 0.0027000000700354576 -0.018941421061754227
			vertex -0.008100000210106373 0.0027000000700354576 -0.018941421061754227
			vertex -0.0071000000461936 0.0027000000700354576 -0.019941421225667
		endloop
	endfacet
	facet normal 0 1 0
		outer loop
			vertex -0.0071000000461936 0.007300000172108412 -0.020858578383922577
			vertex -0.0071000000461936 0.007300000172108412 -0.019941421225667
			vertex -0.00634999992325902 0.007300000172108412 -0.020108578726649284
		endloop
	endfacet
	facet normal 0 1 0
		outer loop
			vertex -0.00634999992325902 0.007300000172108412 -0.020108578726649284
			vertex -0.0071000000461936 0.007300000172108412 -0.019941421225667
			vertex -0.00634999992325902 0.007300000172108412 -0.019608577713370323
		endloop
	endfacet
	facet normal 0 1 0
		outer loop
			vertex -0.00634999992325902 0.007300000172108412 -0.019608577713370323
			vertex -0.0071000000461936 0.007300000172108412 -0.019941421225667
			vertex -0.007017157506197691 0.007300000172108412 -0.018941421061754227
		endloop
	endfacet
	facet normal 0 1 0
		outer loop
			vertex -0.007017157506197691 0.007300000172108412 -0.018941421061754227
			vertex -0.0071000000461936 0.007300000172108412 -0.019941421225667
			vertex -0.008100000210106373 0.007300000172108412 -0.018941421061754227
		endloop
	endfacet
	facet normal -0.7071062876410837 0 0.7071072747316669
		outer loop
			vertex 0.007017157506197691 0.007300000172108412 -0.018941421061754227
			vertex 0.00634999992325902 0.007300000172108412 -0.019608577713370323
			vertex 0.007017157506197691 0.0027000000700354576 -0.018941421061754227
		endloop
	endfacet
	facet normal -0.7071062876410837 0 0.7071072747316669
		outer loop
			vertex 0.007017157506197691 0.0027000000700354576 -0.018941421061754227
			vertex 0.00634999992325902 0.007300000172108412 -0.019608577713370323
			vertex 0.00634999992325902 0.0027000000700354576 -0.019608577713370323
		endloop
	endfacet
	facet normal -1 0 0
		outer loop
			vertex 0.00634999992325902 0.007300000172108412 -0.019608577713370323
			vertex 0.00634999992325902 0.007300000172108412 -0.020108578726649284
			vertex 0.00634999992325902 0.0027000000700354576 -0.019608577713370323
		endloop
	endfacet
	facet normal -1 0 0
		outer loop
			vertex 0.00634999992325902 0.0027000000700354576 -0.019608577713370323
			vertex 0.00634999992325902 0.007300000172108412 -0.020108578726649284
			vertex 0.00634999992325902 0.0027000000700354576 -0.020108578726649284
		endloop
	endfacet
	facet normal 0 -1 0
		outer loop
			vertex 0.008100000210106373 0.0027000000700354576 -0.018941421061754227
			vertex 0.007017157506197691 0.0027000000700354576 -0.018941421061754227
			vertex 0.0071000000461936 0.0027000000700354576 -0.019941421225667
		endloop
	endfacet
	facet normal 0 -1 0
		outer loop
			vertex 0.0071000000461936 0.0027000000700354576 -0.019941421225667
			vertex 0.007017157506197691 0.0027000000700354576 -0.018941421061754227
			vertex 0.00634999992325902 0.0027000000700354576 -0.019608577713370323
		endloop
	endfacet
	facet normal 0 -1 0
		outer loop
			vertex 0.0071000000461936 0.0027000000700354576 -0.019941421225667
			vertex 0.00634999992325902 0.0027000000700354576 -0.019608577713370323
			vertex 0.00634999992325902 0.0027000000700354576 -0.020108578726649284
		endloop
	endfacet
	facet normal 0 -1 0
		outer loop
			vertex 0.00634999992325902 0.0027000000700354576 -0.020108578726649284
			vertex 0.0071000000461936 0.0027000000700354576 -0.020858578383922577
			vertex 0.0071000000461936 0.0027000000700354576 -0.019941421225667
		endloop
	endfacet
	facet normal 0 1 0
		outer loop
			vertex 0.00634999992325902 0.007300000172108412 -0.020108578726649284
			vertex 0.00634999992325902 0.007300000172108412 -0.019608577713370323
			vertex 0.0071000000461936 0.007300000172108412 -0.019941421225667
		endloop
	endfacet
	facet normal 0 1 0
		outer loop
			vertex 0.0071000000461936 0.007300000172108412 -0.019941421225667
			vertex 0.00634999992325902 0.007300000172108412 -0.019608577713370323
			vertex 0.007017157506197691 0.007300000172108412 -0.018941421061754227
		endloop
	endfacet
	facet normal 0 1 0
		outer loop
			vertex 0.0071000000461936 0.007300000172108412 -0.019941421225667
			vertex 0.007017157506197691 0.007300000172108412 -0.018941421061754227
			vertex 0.008100000210106373 0.007300000172108412 -0.018941421061754227
		endloop
	endfacet
	facet normal 0 1 0
		outer loop
			vertex 0.0071000000461936 0.007300000172108412 -0.019941421225667
			vertex 0.0071000000461936 0.007300000172108412 -0.020858578383922577
			vertex 0.00634999992325902 0.007300000172108412 -0.020108578726649284
		endloop
	endfacet
	facet normal 1 0 0
		outer loop
			vertex -0.00634999992325902 -0.0027000000700354576 -0.020108578726649284
			vertex -0.00634999992325902 -0.0027000000700354576 -0.019608577713370323
			vertex -0.00634999992325902 -0.007300000172108412 -0.020108578726649284
		endloop
	endfacet
	facet normal 1 0 0
		outer loop
			vertex -0.00634999992325902 -0.007300000172108412 -0.020108578726649284
			vertex -0.00634999992325902 -0.0027000000700354576 -0.019608577713370323
			vertex -0.00634999992325902 -0.007300000172108412 -0.019608577713370323
		endloop
	endfacet
	facet normal 0.7071062876410837 0 0.7071072747316669
		outer loop
			vertex -0.00634999992325902 -0.0027000000700354576 -0.019608577713370323
			vertex -0.007017157506197691 -0.0027000000700354576 -0.018941421061754227
			vertex -0.00634999992325902 -0.007300000172108412 -0.019608577713370323
		endloop
	endfacet
	facet normal 0.7071062876410837 0 0.7071072747316669
		outer loop
			vertex -0.00634999992325902 -0.007300000172108412 -0.019608577713370323
			vertex -0.007017157506197691 -0.0027000000700354576 -0.018941421061754227
			vertex -0.007017157506197691 -0.007300000172108412 -0.018941421061754227
		endloop
	endfacet
	facet normal 0 -1 0
		outer loop
			vertex -0.0071000000461936 -0.007300000172108412 -0.020858578383922577
			vertex -0.00634999992325902 -0.007300000172108412 -0.020108578726649284
			vertex -0.0071000000461936 -0.007300000172108412 -0.019941421225667
		endloop
	endfacet
	facet normal 0 -1 0
		outer loop
			vertex -0.0071000000461936 -0.007300000172108412 -0.019941421225667
			vertex -0.00634999992325902 -0.007300000172108412 -0.020108578726649284
			vertex -0.00634999992325902 -0.007300000172108412 -0.019608577713370323
		endloop
	endfacet
	facet normal 0 -1 0
		outer loop
			vertex -0.0071000000461936 -0.007300000172108412 -0.019941421225667
			vertex -0.00634999992325902 -0.007300000172108412 -0.019608577713370323
			vertex -0.007017157506197691 -0.007300000172108412 -0.018941421061754227
		endloop
	endfacet
	facet normal 0 -1 0
		outer loop
			vertex -0.007017157506197691 -0.007300000172108412 -0.018941421061754227
			vertex -0.008100000210106373 -0.007300000172108412 -0.018941421061754227
			vertex -0.0071000000461936 -0.007300000172108412 -0.019941421225667
		endloop
	endfacet
	facet normal 0 1 0
		outer loop
			vertex -0.0071000000461936 -0.0027000000700354576 -0.020858578383922577
			vertex -0.0071000000461936 -0.0027000000700354576 -0.019941421225667
			vertex -0.00634999992325902 -0.0027000000700354576 -0.020108578726649284
		endloop
	endfacet
	facet normal 0 1 0
		outer loop
			vertex -0.00634999992325902 -0.0027000000700354576 -0.020108578726649284
			vertex -0.0071000000461936 -0.0027000000700354576 -0.019941421225667
			vertex -0.00634999992325902 -0.0027000000700354576 -0.019608577713370323
		endloop
	endfacet
	facet normal 0 1 0
		outer loop
			vertex -0.00634999992325902 -0.0027000000700354576 -0.019608577713370323
			vertex -0.0071000000461936 -0.0027000000700354576 -0.019941421225667
			vertex -0.007017157506197691 -0.0027000000700354576 -0.018941421061754227
		endloop
	endfacet
	facet normal 0 1 0
		outer loop
			vertex -0.007017157506197691 -0.0027000000700354576 -0.018941421061754227
			vertex -0.0071000000461936 -0.0027000000700354576 -0.019941421225667
			vertex -0.008100000210106373 -0.0027000000700354576 -0.018941421061754227
		endloop
	endfacet
	facet normal -0.7071062876410837 0 0.7071072747316669
		outer loop
			vertex 0.007017157506197691 -0.0027000000700354576 -0.018941421061754227
			vertex 0.00634999992325902 -0.0027000000700354576 -0.019608577713370323
			vertex 0.007017157506197691 -0.007300000172108412 -0.018941421061754227
		endloop
	endfacet
	facet normal -0.7071062876410837 0 0.7071072747316669
		outer loop
			vertex 0.007017157506197691 -0.007300000172108412 -0.018941421061754227
			vertex 0.00634999992325902 -0.0027000000700354576 -0.019608577713370323
			vertex 0.00634999992325902 -0.007300000172108412 -0.019608577713370323
		endloop
	endfacet
	facet normal -1 0 0
		outer loop
			vertex 0.00634999992325902 -0.0027000000700354576 -0.019608577713370323
			vertex 0.00634999992325902 -0.0027000000700354576 -0.020108578726649284
			vertex 0.00634999992325902 -0.007300000172108412 -0.019608577713370323
		endloop
	endfacet
	facet normal -1 0 0
		outer loop
			vertex 0.00634999992325902 -0.007300000172108412 -0.019608577713370323
			vertex 0.00634999992325902 -0.0027000000700354576 -0.020108578726649284
			vertex 0.00634999992325902 -0.007300000172108412 -0.020108578726649284
		endloop
	endfacet
	facet normal 0 -1 0
		outer loop
			vertex 0.008100000210106373 -0.007300000172108412 -0.018941421061754227
			vertex 0.007017157506197691 -0.007300000172108412 -0.018941421061754227
			vertex 0.0071000000461936 -0.007300000172108412 -0.019941421225667
		endloop
	endfacet
	facet normal 0 -1 0
		outer loop
			vertex 0.0071000000461936 -0.007300000172108412 -0.019941421225667
			vertex 0.007017157506197691 -0.007300000172108412 -0.018941421061754227
			vertex 0.00634999992325902 -0.007300000172108412 -0.019608577713370323
		endloop
	endfacet
	facet normal 0 -1 0
		outer loop
			vertex 0.0071000000461936 -0.007300000172108412 -0.019941421225667
			vertex 0.00634999992325902 -0.007300000172108412 -0.019608577713370323
			vertex 0.00634999992325902 -0.007300000172108412 -0.020108578726649284
		endloop
	endfacet
	facet normal 0 -1 0
		outer loop
			vertex 0.00634999992325902 -0.007300000172108412 -0.020108578726649284
			vertex 0.0071000000461936 -0.007300000172108412 -0.020858578383922577
			vertex 0.0071000000461936 -0.007300000172108412 -0.019941421225667
		endloop
	endfacet
	facet normal 0 1 0
		outer loop
			vertex 0.00634999992325902 -0.0027000000700354576 -0.020108578726649284
			vertex 0.00634999992325902 -0.0027000000700354576 -0.019608577713370323
			vertex 0.0071000000461936 -0.0027000000700354576 -0.019941421225667
		endloop
	endfacet
	facet normal 0 1 0
		outer loop
			vertex 0.0071000000461936 -0.0027000000700354576 -0.019941421225667
			vertex 0.00634999992325902 -0.0027000000700354576 -0.019608577713370323
			vertex 0.007017157506197691 -0.0027000000700354576 -0.018941421061754227
		endloop
	endfacet
	facet normal 0 1 0
		outer loop
			vertex 0.0071000000461936 -0.0027000000700354576 -0.019941421225667
			vertex 0.007017157506197691 -0.0027000000700354576 -0.018941421061754227
			vertex 0.008100000210106373 -0.0027000000700354576 -0.018941421061754227
		endloop
	endfacet
	facet normal 0 1 0
		outer loop
			vertex 0.0071000000461936 -0.0027000000700354576 -0.019941421225667
			vertex 0.0071000000461936 -0.0027000000700354576 -0.020858578383922577
			vertex 0.00634999992325902 -0.0027000000700354576 -0.020108578726649284
		endloop
	endfacet
	facet normal 1 0 0
		outer loop
			vertex -0.00634999992325902 -0.01269999984651804 -0.020108578726649284
			vertex -0.00634999992325902 -0.01269999984651804 -0.019608577713370323
			vertex -0.00634999992325902 -0.01730000041425228 -0.020108578726649284
		endloop
	endfacet
	facet normal 1 0 0
		outer loop
			vertex -0.00634999992325902 -0.01730000041425228 -0.020108578726649284
			vertex -0.00634999992325902 -0.01269999984651804 -0.019608577713370323
			vertex -0.00634999992325902 -0.01730000041425228 -0.019608577713370323
		endloop
	endfacet
	facet normal 0.7071062876410837 0 0.7071072747316669
		outer loop
			vertex -0.00634999992325902 -0.01269999984651804 -0.019608577713370323
			vertex -0.007017157506197691 -0.01269999984651804 -0.018941421061754227
			vertex -0.00634999992325902 -0.01730000041425228 -0.019608577713370323
		endloop
	endfacet
	facet normal 0.7071062876410837 0 0.7071072747316669
		outer loop
			vertex -0.00634999992325902 -0.01730000041425228 -0.019608577713370323
			vertex -0.007017157506197691 -0.01269999984651804 -0.018941421061754227
			vertex -0.007017157506197691 -0.01730000041425228 -0.018941421061754227
		endloop
	endfacet
	facet normal 0 -1 0
		outer loop
			vertex -0.0071000000461936 -0.01730000041425228 -0.020858578383922577
			vertex -0.00634999992325902 -0.01730000041425228 -0.020108578726649284
			vertex -0.0071000000461936 -0.01730000041425228 -0.019941421225667
		endloop
	endfacet
	facet normal 0 -1 0
		outer loop
			vertex -0.0071000000461936 -0.01730000041425228 -0.019941421225667
			vertex -0.00634999992325902 -0.01730000041425228 -0.020108578726649284
			vertex -0.00634999992325902 -0.01730000041425228 -0.019608577713370323
		endloop
	endfacet
	facet normal 0 -1 0
		outer loop
			vertex -0.0071000000461936 -0.01730000041425228 -0.019941421225667
			vertex -0.00634999992325902 -0.01730000041425228 -0.019608577713370323
			vertex -0.007017157506197691 -0.01730000041425228 -0.018941421061754227
		endloop
	endfacet
	facet normal 0 -1 0
		outer loop
			vertex -0.007017157506197691 -0.01730000041425228 -0.018941421061754227
			vertex -0.008100000210106373 -0.01730000041425228 -0.018941421061754227
			vertex -0.0071000000461936 -0.01730000041425228 -0.019941421225667
		endloop
	endfacet
	facet normal 0 1 0
		outer loop
			vertex -0.0071000000461936 -0.01269999984651804 -0.020858578383922577
			vertex -0.0071000000461936 -0.01269999984651804 -0.019941421225667
			vertex -0.00634999992325902 -0.01269999984651804 -0.020108578726649284
		endloop
	endfacet
	facet normal 0 1 0
		outer loop
			vertex -0.00634999992325902 -0.01269999984651804 -0.020108578726649284
			vertex -0.0071000000461936 -0.01269999984651804 -0.019941421225667
			vertex -0.00634999992325902 -0.01269999984651804 -0.019608577713370323
		endloop
	endfacet
	facet normal 0 1 0
		outer loop
			vertex -0.00634999992325902 -0.01269999984651804 -0.019608577713370323
			vertex -0.0071000000461936 -0.01269999984651804 -0.019941421225667
			vertex -0.007017157506197691 -0.01269999984651804 -0.018941421061754227
		endloop
	endfacet
	facet normal 0 1 0
		outer loop
			vertex -0.007017157506197691 -0.01269999984651804 -0.018941421061754227
			vertex -0.0071000000461936 -0.01269999984651804 -0.019941421225667
			vertex -0.008100000210106373 -0.01269999984651804 -0.018941421061754227
		endloop
	endfacet
	facet normal -0.7071062876410837 0 0.7071072747316669
		outer loop
			vertex 0.007017157506197691 -0.01269999984651804 -0.018941421061754227
			vertex 0.00634999992325902 -0.01269999984651804 -0.019608577713370323
			vertex 0.007017157506197691 -0.01730000041425228 -0.018941421061754227
		endloop
	endfacet
	facet normal -0.7071062876410837 0 0.7071072747316669
		outer loop
			vertex 0.007017157506197691 -0.01730000041425228 -0.018941421061754227
			vertex 0.00634999992325902 -0.01269999984651804 -0.019608577713370323
			vertex 0.00634999992325902 -0.01730000041425228 -0.019608577713370323
		endloop
	endfacet
	facet normal -1 0 0
		outer loop
			vertex 0.00634999992325902 -0.01269999984651804 -0.019608577713370323
			vertex 0.00634999992325902 -0.01269999984651804 -0.020108578726649284
			vertex 0.00634999992325902 -0.01730000041425228 -0.019608577713370323
		endloop
	endfacet
	facet normal -1 0 0
		outer loop
			vertex 0.00634999992325902 -0.01730000041425228 -0.019608577713370323
			vertex 0.00634999992325902 -0.01269999984651804 -0.020108578726649284
			vertex 0.00634999992325902 -0.01730000041425228 -0.020108578726649284
		endloop
	endfacet
	facet normal 0 -1 0
		outer loop
			vertex 0.008100000210106373 -0.01730000041425228 -0.018941421061754227
			vertex 0.007017157506197691 -0.01730000041425228 -0.018941421061754227
			vertex 0.0071000000461936 -0.01730000041425228 -0.019941421225667
		endloop
	endfacet
	facet normal 0 -1 0
		outer loop
			vertex 0.0071000000461936 -0.01730000041425228 -0.019941421225667
			vertex 0.007017157506197691 -0.01730000041425228 -0.018941421061754227
			vertex 0.00634999992325902 -0.01730000041425228 -0.019608577713370323
		endloop
	endfacet
	facet normal 0 -1 0
		outer loop
			vertex 0.0071000000461936 -0.01730000041425228 -0.019941421225667
			vertex 0.00634999992325902 -0.01730000041425228 -0.019608577713370323
			vertex 0.00634999992325902 -0.01730000041425228 -0.020108578726649284
		endloop
	endfacet
	facet normal 0 -1 0
		outer loop
			vertex 0.00634999992325902 -0.01730000041425228 -0.020108578726649284
			vertex 0.0071000000461936 -0.01730000041425228 -0.020858578383922577
			vertex 0.0071000000461936 -0.01730000041425228 -0.019941421225667
		endloop
	endfacet
	facet normal 0 1 0
		outer loop
			vertex 0.00634999992325902 -0.01269999984651804 -0.020108578726649284
			vertex 0.00634999992325902 -0.01269999984651804 -0.019608577713370323
			vertex 0.0071000000461936 -0.01269999984651804 -0.019941421225667
		endloop
	endfacet
	facet normal 0 1 0
		outer loop
			vertex 0.0071000000461936 -0.01269999984651804 -0.019941421225667
			vertex 0.00634999992325902 -0.01269999984651804 -0.019608577713370323
			vertex 0.007017157506197691 -0.01269999984651804 -0.018941421061754227
		endloop
	endfacet
	facet normal 0 1 0
		outer loop
			vertex 0.0071000000461936 -0.01269999984651804 -0.019941421225667
			vertex 0.007017157506197691 -0.01269999984651804 -0.018941421061754227
			vertex 0.008100000210106373 -0.01269999984651804 -0.018941421061754227
		endloop
	endfacet
	facet normal 0 1 0
		outer loop
			vertex 0.0071000000461936 -0.01269999984651804 -0.019941421225667
			vertex 0.0071000000461936 -0.01269999984651804 -0.020858578383922577
			vertex 0.00634999992325902 -0.01269999984651804 -0.020108578726649284
		endloop
	endfacet
	facet normal 1 0 0
		outer loop
			vertex -0.00634999992325902 -0.022700000554323196 -0.020108578726649284
			vertex -0.00634999992325902 -0.022700000554323196 -0.019608577713370323
			vertex -0.00634999992325902 -0.027300000190734863 -0.020108578726649284
		endloop
	endfacet
	facet normal 1 0 0
		outer loop
			vertex -0.00634999992325902 -0.027300000190734863 -0.020108578726649284
			vertex -0.00634999992325902 -0.022700000554323196 -0.019608577713370323
			vertex -0.00634999992325902 -0.027300000190734863 -0.019608577713370323
		endloop
	endfacet
	facet normal 0.7071062876410837 0 0.7071072747316669
		outer loop
			vertex -0.00634999992325902 -0.022700000554323196 -0.019608577713370323
			vertex -0.007017157506197691 -0.022700000554323196 -0.018941421061754227
			vertex -0.00634999992325902 -0.027300000190734863 -0.019608577713370323
		endloop
	endfacet
	facet normal 0.7071062876410837 0 0.7071072747316669
		outer loop
			vertex -0.00634999992325902 -0.027300000190734863 -0.019608577713370323
			vertex -0.007017157506197691 -0.022700000554323196 -0.018941421061754227
			vertex -0.007017157506197691 -0.027300000190734863 -0.018941421061754227
		endloop
	endfacet
	facet normal 0 -1 0
		outer loop
			vertex -0.0071000000461936 -0.027300000190734863 -0.020858578383922577
			vertex -0.00634999992325902 -0.027300000190734863 -0.020108578726649284
			vertex -0.0071000000461936 -0.027300000190734863 -0.019941421225667
		endloop
	endfacet
	facet normal 0 -1 0
		outer loop
			vertex -0.0071000000461936 -0.027300000190734863 -0.019941421225667
			vertex -0.00634999992325902 -0.027300000190734863 -0.020108578726649284
			vertex -0.00634999992325902 -0.027300000190734863 -0.019608577713370323
		endloop
	endfacet
	facet normal 0 -1 0
		outer loop
			vertex -0.0071000000461936 -0.027300000190734863 -0.019941421225667
			vertex -0.00634999992325902 -0.027300000190734863 -0.019608577713370323
			vertex -0.007017157506197691 -0.027300000190734863 -0.018941421061754227
		endloop
	endfacet
	facet normal 0 -1 0
		outer loop
			vertex -0.007017157506197691 -0.027300000190734863 -0.018941421061754227
			vertex -0.008100000210106373 -0.027300000190734863 -0.018941421061754227
			vertex -0.0071000000461936 -0.027300000190734863 -0.019941421225667
		endloop
	endfacet
	facet normal 0 1 0
		outer loop
			vertex -0.0071000000461936 -0.022700000554323196 -0.020858578383922577
			vertex -0.0071000000461936 -0.022700000554323196 -0.019941421225667
			vertex -0.00634999992325902 -0.022700000554323196 -0.020108578726649284
		endloop
	endfacet
	facet normal 0 1 0
		outer loop
			vertex -0.00634999992325902 -0.022700000554323196 -0.020108578726649284
			vertex -0.0071000000461936 -0.022700000554323196 -0.019941421225667
			vertex -0.00634999992325902 -0.022700000554323196 -0.019608577713370323
		endloop
	endfacet
	facet normal 0 1 0
		outer loop
			vertex -0.00634999992325902 -0.022700000554323196 -0.019608577713370323
			vertex -0.0071000000461936 -0.022700000554323196 -0.019941421225667
			vertex -0.007017157506197691 -0.022700000554323196 -0.018941421061754227
		endloop
	endfacet
	facet normal 0 1 0
		outer loop
			vertex -0.007017157506197691 -0.022700000554323196 -0.018941421061754227
			vertex -0.0071000000461936 -0.022700000554323196 -0.019941421225667
			vertex -0.008100000210106373 -0.022700000554323196 -0.018941421061754227
		endloop
	endfacet
	facet normal -0.7071062876410837 0 0.7071072747316669
		outer loop
			vertex 0.007017157506197691 -0.022700000554323196 -0.018941421061754227
			vertex 0.00634999992325902 -0.022700000554323196 -0.019608577713370323
			vertex 0.007017157506197691 -0.027300000190734863 -0.018941421061754227
		endloop
	endfacet
	facet normal -0.7071062876410837 0 0.7071072747316669
		outer loop
			vertex 0.007017157506197691 -0.027300000190734863 -0.018941421061754227
			vertex 0.00634999992325902 -0.022700000554323196 -0.019608577713370323
			vertex 0.00634999992325902 -0.027300000190734863 -0.019608577713370323
		endloop
	endfacet
	facet normal -1 0 0
		outer loop
			vertex 0.00634999992325902 -0.022700000554323196 -0.019608577713370323
			vertex 0.00634999992325902 -0.022700000554323196 -0.020108578726649284
			vertex 0.00634999992325902 -0.027300000190734863 -0.019608577713370323
		endloop
	endfacet
	facet normal -1 0 0
		outer loop
			vertex 0.00634999992325902 -0.027300000190734863 -0.019608577713370323
			vertex 0.00634999992325902 -0.022700000554323196 -0.020108578726649284
			vertex 0.00634999992325902 -0.027300000190734863 -0.020108578726649284
		endloop
	endfacet
	facet normal 0 -1 0
		outer loop
			vertex 0.008100000210106373 -0.027300000190734863 -0.018941421061754227
			vertex 0.007017157506197691 -0.027300000190734863 -0.018941421061754227
			vertex 0.0071000000461936 -0.027300000190734863 -0.019941421225667
		endloop
	endfacet
	facet normal 0 -1 0
		outer loop
			vertex 0.0071000000461936 -0.027300000190734863 -0.019941421225667
			vertex 0.007017157506197691 -0.027300000190734863 -0.018941421061754227
			vertex 0.00634999992325902 -0.027300000190734863 -0.019608577713370323
		endloop
	endfacet
	facet normal 0 -1 0
		outer loop
			vertex 0.0071000000461936 -0.027300000190734863 -0.019941421225667
			vertex 0.00634999992325902 -0.027300000190734863 -0.019608577713370323
			vertex 0.00634999992325902 -0.027300000190734863 -0.020108578726649284
		endloop
	endfacet
	facet normal 0 -1 0
		outer loop
			vertex 0.00634999992325902 -0.027300000190734863 -0.020108578726649284
			vertex 0.0071000000461936 -0.027300000190734863 -0.020858578383922577
			vertex 0.0071000000461936 -0.027300000190734863 -0.019941421225667
		endloop
	endfacet
	facet normal 0 1 0
		outer loop
			vertex 0.00634999992325902 -0.022700000554323196 -0.020108578726649284
			vertex 0.00634999992325902 -0.022700000554323196 -0.019608577713370323
			vertex 0.0071000000461936 -0.022700000554323196 -0.019941421225667
		endloop
	endfacet
	facet normal 0 1 0
		outer loop
			vertex 0.0071000000461936 -0.022700000554323196 -0.019941421225667
			vertex 0.00634999992325902 -0.022700000554323196 -0.019608577713370323
			vertex 0.007017157506197691 -0.022700000554323196 -0.018941421061754227
		endloop
	endfacet
	facet normal 0 1 0
		outer loop
			vertex 0.0071000000461936 -0.022700000554323196 -0.019941421225667
			vertex 0.007017157506197691 -0.022700000554323196 -0.018941421061754227
			vertex 0.008100000210106373 -0.022700000554323196 -0.018941421061754227
		endloop
	endfacet
	facet normal 0 1 0
		outer loop
			vertex 0.0071000000461936 -0.022700000554323196 -0.019941421225667
			vertex 0.0071000000461936 -0.022700000554323196 -0.020858578383922577
			vertex 0.00634999992325902 -0.022700000554323196 -0.020108578726649284
		endloop
	endfacet
	facet normal 1 0 0
		outer loop
			vertex -0.00634999992325902 -0.03269999846816063 -0.020108578726649284
			vertex -0.00634999992325902 -0.03269999846816063 -0.019608577713370323
			vertex -0.00634999992325902 -0.037300001829862595 -0.020108578726649284
		endloop
	endfacet
	facet normal 1 0 0
		outer loop
			vertex -0.00634999992325902 -0.037300001829862595 -0.020108578726649284
			vertex -0.00634999992325902 -0.03269999846816063 -0.019608577713370323
			vertex -0.00634999992325902 -0.037300001829862595 -0.019608577713370323
		endloop
	endfacet
	facet normal 0.7071062876410837 0 0.7071072747316669
		outer loop
			vertex -0.00634999992325902 -0.03269999846816063 -0.019608577713370323
			vertex -0.007017157506197691 -0.03269999846816063 -0.018941421061754227
			vertex -0.00634999992325902 -0.037300001829862595 -0.019608577713370323
		endloop
	endfacet
	facet normal 0.7071062876410837 0 0.7071072747316669
		outer loop
			vertex -0.00634999992325902 -0.037300001829862595 -0.019608577713370323
			vertex -0.007017157506197691 -0.03269999846816063 -0.018941421061754227
			vertex -0.007017157506197691 -0.037300001829862595 -0.018941421061754227
		endloop
	endfacet
	facet normal 0 -1 0
		outer loop
			vertex -0.0071000000461936 -0.037300001829862595 -0.020858578383922577
			vertex -0.00634999992325902 -0.037300001829862595 -0.020108578726649284
			vertex -0.0071000000461936 -0.037300001829862595 -0.019941421225667
		endloop
	endfacet
	facet normal 0 -1 0
		outer loop
			vertex -0.0071000000461936 -0.037300001829862595 -0.019941421225667
			vertex -0.00634999992325902 -0.037300001829862595 -0.020108578726649284
			vertex -0.00634999992325902 -0.037300001829862595 -0.019608577713370323
		endloop
	endfacet
	facet normal 0 -1 0
		outer loop
			vertex -0.0071000000461936 -0.037300001829862595 -0.019941421225667
			vertex -0.00634999992325902 -0.037300001829862595 -0.019608577713370323
			vertex -0.007017157506197691 -0.037300001829862595 -0.018941421061754227
		endloop
	endfacet
	facet normal 0 -1 0
		outer loop
			vertex -0.007017157506197691 -0.037300001829862595 -0.018941421061754227
			vertex -0.008100000210106373 -0.037300001829862595 -0.018941421061754227
			vertex -0.0071000000461936 -0.037300001829862595 -0.019941421225667
		endloop
	endfacet
	facet normal 0 1 0
		outer loop
			vertex -0.0071000000461936 -0.03269999846816063 -0.020858578383922577
			vertex -0.0071000000461936 -0.03269999846816063 -0.019941421225667
			vertex -0.00634999992325902 -0.03269999846816063 -0.020108578726649284
		endloop
	endfacet
	facet normal 0 1 0
		outer loop
			vertex -0.00634999992325902 -0.03269999846816063 -0.020108578726649284
			vertex -0.0071000000461936 -0.03269999846816063 -0.019941421225667
			vertex -0.00634999992325902 -0.03269999846816063 -0.019608577713370323
		endloop
	endfacet
	facet normal 0 1 0
		outer loop
			vertex -0.00634999992325902 -0.03269999846816063 -0.019608577713370323
			vertex -0.0071000000461936 -0.03269999846816063 -0.019941421225667
			vertex -0.007017157506197691 -0.03269999846816063 -0.018941421061754227
		endloop
	endfacet
	facet normal 0 1 0
		outer loop
			vertex -0.007017157506197691 -0.03269999846816063 -0.018941421061754227
			vertex -0.0071000000461936 -0.03269999846816063 -0.019941421225667
			vertex -0.008100000210106373 -0.03269999846816063 -0.018941421061754227
		endloop
	endfacet
	facet normal -0.7071062876410837 0 0.7071072747316669
		outer loop
			vertex 0.007017157506197691 -0.03269999846816063 -0.018941421061754227
			vertex 0.00634999992325902 -0.03269999846816063 -0.019608577713370323
			vertex 0.007017157506197691 -0.037300001829862595 -0.018941421061754227
		endloop
	endfacet
	facet normal -0.7071062876410837 0 0.7071072747316669
		outer loop
			vertex 0.007017157506197691 -0.037300001829862595 -0.018941421061754227
			vertex 0.00634999992325902 -0.03269999846816063 -0.019608577713370323
			vertex 0.00634999992325902 -0.037300001829862595 -0.019608577713370323
		endloop
	endfacet
	facet normal -1 0 0
		outer loop
			vertex 0.00634999992325902 -0.03269999846816063 -0.019608577713370323
			vertex 0.00634999992325902 -0.03269999846816063 -0.020108578726649284
			vertex 0.00634999992325902 -0.037300001829862595 -0.019608577713370323
		endloop
	endfacet
	facet normal -1 0 0
		outer loop
			vertex 0.00634999992325902 -0.037300001829862595 -0.019608577713370323
			vertex 0.00634999992325902 -0.03269999846816063 -0.020108578726649284
			vertex 0.00634999992325902 -0.037300001829862595 -0.020108578726649284
		endloop
	endfacet
	facet normal 0 -1 0
		outer loop
			vertex 0.008100000210106373 -0.037300001829862595 -0.018941421061754227
			vertex 0.007017157506197691 -0.037300001829862595 -0.018941421061754227
			vertex 0.0071000000461936 -0.037300001829862595 -0.019941421225667
		endloop
	endfacet
	facet normal 0 -1 0
		outer loop
			vertex 0.0071000000461936 -0.037300001829862595 -0.019941421225667
			vertex 0.007017157506197691 -0.037300001829862595 -0.018941421061754227
			vertex 0.00634999992325902 -0.037300001829862595 -0.019608577713370323
		endloop
	endfacet
	facet normal 0 -1 0
		outer loop
			vertex 0.0071000000461936 -0.037300001829862595 -0.019941421225667
			vertex 0.00634999992325902 -0.037300001829862595 -0.019608577713370323
			vertex 0.00634999992325902 -0.037300001829862595 -0.020108578726649284
		endloop
	endfacet
	facet normal 0 -1 0
		outer loop
			vertex 0.00634999992325902 -0.037300001829862595 -0.020108578726649284
			vertex 0.0071000000461936 -0.037300001829862595 -0.020858578383922577
			vertex 0.0071000000461936 -0.037300001829862595 -0.019941421225667
		endloop
	endfacet
	facet normal 0 1 0
		outer loop
			vertex 0.00634999992325902 -0.03269999846816063 -0.020108578726649284
			vertex 0.00634999992325902 -0.03269999846816063 -0.019608577713370323
			vertex 0.0071000000461936 -0.03269999846816063 -0.019941421225667
		endloop
	endfacet
	facet normal 0 1 0
		outer loop
			vertex 0.0071000000461936 -0.03269999846816063 -0.019941421225667
			vertex 0.00634999992325902 -0.03269999846816063 -0.019608577713370323
			vertex 0.007017157506197691 -0.03269999846816063 -0.018941421061754227
		endloop
	endfacet
	facet normal 0 1 0
		outer loop
			vertex 0.0071000000461936 -0.03269999846816063 -0.019941421225667
			vertex 0.007017157506197691 -0.03269999846816063 -0.018941421061754227
			vertex 0.008100000210106373 -0.03269999846816063 -0.018941421061754227
		endloop
	endfacet
	facet normal 0 1 0
		outer loop
			vertex 0.0071000000461936 -0.03269999846816063 -0.019941421225667
			vertex 0.0071000000461936 -0.03269999846816063 -0.020858578383922577
			vertex 0.00634999992325902 -0.03269999846816063 -0.020108578726649284
		endloop
	endfacet
	facet normal 1 0 0
		outer loop
			vertex -0.00634999992325902 -0.04270000010728836 -0.020108578726649284
			vertex -0.00634999992325902 -0.04270000010728836 -0.019608577713370323
			vertex -0.00634999992325902 -0.04729999974370003 -0.020108578726649284
		endloop
	endfacet
	facet normal 1 0 0
		outer loop
			vertex -0.00634999992325902 -0.04729999974370003 -0.020108578726649284
			vertex -0.00634999992325902 -0.04270000010728836 -0.019608577713370323
			vertex -0.00634999992325902 -0.04729999974370003 -0.019608577713370323
		endloop
	endfacet
	facet normal 0.7071062876410837 0 0.7071072747316669
		outer loop
			vertex -0.00634999992325902 -0.04270000010728836 -0.019608577713370323
			vertex -0.007017157506197691 -0.04270000010728836 -0.018941421061754227
			vertex -0.00634999992325902 -0.04729999974370003 -0.019608577713370323
		endloop
	endfacet
	facet normal 0.7071062876410837 0 0.7071072747316669
		outer loop
			vertex -0.00634999992325902 -0.04729999974370003 -0.019608577713370323
			vertex -0.007017157506197691 -0.04270000010728836 -0.018941421061754227
			vertex -0.007017157506197691 -0.04729999974370003 -0.018941421061754227
		endloop
	endfacet
	facet normal 0 -1 0
		outer loop
			vertex -0.0071000000461936 -0.04729999974370003 -0.020858578383922577
			vertex -0.00634999992325902 -0.04729999974370003 -0.020108578726649284
			vertex -0.0071000000461936 -0.04729999974370003 -0.019941421225667
		endloop
	endfacet
	facet normal 0 -1 0
		outer loop
			vertex -0.0071000000461936 -0.04729999974370003 -0.019941421225667
			vertex -0.00634999992325902 -0.04729999974370003 -0.020108578726649284
			vertex -0.00634999992325902 -0.04729999974370003 -0.019608577713370323
		endloop
	endfacet
	facet normal 0 -1 0
		outer loop
			vertex -0.0071000000461936 -0.04729999974370003 -0.019941421225667
			vertex -0.00634999992325902 -0.04729999974370003 -0.019608577713370323
			vertex -0.007017157506197691 -0.04729999974370003 -0.018941421061754227
		endloop
	endfacet
	facet normal 0 -1 0
		outer loop
			vertex -0.007017157506197691 -0.04729999974370003 -0.018941421061754227
			vertex -0.008100000210106373 -0.04729999974370003 -0.018941421061754227
			vertex -0.0071000000461936 -0.04729999974370003 -0.019941421225667
		endloop
	endfacet
	facet normal 0 1 0
		outer loop
			vertex -0.0071000000461936 -0.04270000010728836 -0.020858578383922577
			vertex -0.0071000000461936 -0.04270000010728836 -0.019941421225667
			vertex -0.00634999992325902 -0.04270000010728836 -0.020108578726649284
		endloop
	endfacet
	facet normal 0 1 0
		outer loop
			vertex -0.00634999992325902 -0.04270000010728836 -0.020108578726649284
			vertex -0.0071000000461936 -0.04270000010728836 -0.019941421225667
			vertex -0.00634999992325902 -0.04270000010728836 -0.019608577713370323
		endloop
	endfacet
	facet normal 0 1 0
		outer loop
			vertex -0.00634999992325902 -0.04270000010728836 -0.019608577713370323
			vertex -0.0071000000461936 -0.04270000010728836 -0.019941421225667
			vertex -0.007017157506197691 -0.04270000010728836 -0.018941421061754227
		endloop
	endfacet
	facet normal 0 1 0
		outer loop
			vertex -0.007017157506197691 -0.04270000010728836 -0.018941421061754227
			vertex -0.0071000000461936 -0.04270000010728836 -0.019941421225667
			vertex -0.008100000210106373 -0.04270000010728836 -0.018941421061754227
		endloop
	endfacet
	facet normal -0.7071062876410837 0 0.7071072747316669
		outer loop
			vertex 0.007017157506197691 -0.04270000010728836 -0.018941421061754227
			vertex 0.00634999992325902 -0.04270000010728836 -0.019608577713370323
			vertex 0.007017157506197691 -0.04729999974370003 -0.018941421061754227
		endloop
	endfacet
	facet normal -0.7071062876410837 0 0.7071072747316669
		outer loop
			vertex 0.007017157506197691 -0.04729999974370003 -0.018941421061754227
			vertex 0.00634999992325902 -0.04270000010728836 -0.019608577713370323
			vertex 0.00634999992325902 -0.04729999974370003 -0.019608577713370323
		endloop
	endfacet
	facet normal -1 0 0
		outer loop
			vertex 0.00634999992325902 -0.04270000010728836 -0.019608577713370323
			vertex 0.00634999992325902 -0.04270000010728836 -0.020108578726649284
			vertex 0.00634999992325902 -0.04729999974370003 -0.019608577713370323
		endloop
	endfacet
	facet normal -1 0 0
		outer loop
			vertex 0.00634999992325902 -0.04729999974370003 -0.019608577713370323
			vertex 0.00634999992325902 -0.04270000010728836 -0.020108578726649284
			vertex 0.00634999992325902 -0.04729999974370003 -0.020108578726649284
		endloop
	endfacet
	facet normal 0 -1 0
		outer loop
			vertex 0.008100000210106373 -0.04729999974370003 -0.018941421061754227
			vertex 0.007017157506197691 -0.04729999974370003 -0.018941421061754227
			vertex 0.0071000000461936 -0.04729999974370003 -0.019941421225667
		endloop
	endfacet
	facet normal 0 -1 0
		outer loop
			vertex 0.0071000000461936 -0.04729999974370003 -0.019941421225667
			vertex 0.007017157506197691 -0.04729999974370003 -0.018941421061754227
			vertex 0.00634999992325902 -0.04729999974370003 -0.019608577713370323
		endloop
	endfacet
	facet normal 0 -1 0
		outer loop
			vertex 0.0071000000461936 -0.04729999974370003 -0.019941421225667
			vertex 0.00634999992325902 -0.04729999974370003 -0.019608577713370323
			vertex 0.00634999992325902 -0.04729999974370003 -0.020108578726649284
		endloop
	endfacet
	facet normal 0 -1 0
		outer loop
			vertex 0.00634999992325902 -0.04729999974370003 -0.020108578726649284
			vertex 0.0071000000461936 -0.04729999974370003 -0.020858578383922577
			vertex 0.0071000000461936 -0.04729999974370003 -0.019941421225667
		endloop
	endfacet
	facet normal 0 1 0
		outer loop
			vertex 0.00634999992325902 -0.04270000010728836 -0.020108578726649284
			vertex 0.00634999992325902 -0.04270000010728836 -0.019608577713370323
			vertex 0.0071000000461936 -0.04270000010728836 -0.019941421225667
		endloop
	endfacet
	facet normal 0 1 0
		outer loop
			vertex 0.0071000000461936 -0.04270000010728836 -0.019941421225667
			vertex 0.00634999992325902 -0.04270000010728836 -0.019608577713370323
			vertex 0.007017157506197691 -0.04270000010728836 -0.018941421061754227
		endloop
	endfacet
	facet normal 0 1 0
		outer loop
			vertex 0.0071000000461936 -0.04270000010728836 -0.019941421225667
			vertex 0.007017157506197691 -0.04270000010728836 -0.018941421061754227
			vertex 0.008100000210106373 -0.04270000010728836 -0.018941421061754227
		endloop
	endfacet
	facet normal 0 1 0
		outer loop
			vertex 0.0071000000461936 -0.04270000010728836 -0.019941421225667
			vertex 0.0071000000461936 -0.04270000010728836 -0.020858578383922577
			vertex 0.00634999992325902 -0.04270000010728836 -0.020108578726649284
		endloop
	endfacet
	facet normal 1 0 0
		outer loop
			vertex -0.00634999992325902 -0.05270000174641609 -0.020108578726649284
			vertex -0.00634999992325902 -0.05270000174641609 -0.019608577713370323
			vertex -0.00634999992325902 -0.05730000138282776 -0.020108578726649284
		endloop
	endfacet
	facet normal 1 0 0
		outer loop
			vertex -0.00634999992325902 -0.05730000138282776 -0.020108578726649284
			vertex -0.00634999992325902 -0.05270000174641609 -0.019608577713370323
			vertex -0.00634999992325902 -0.05730000138282776 -0.019608577713370323
		endloop
	endfacet
	facet normal 0.7071062876410837 0 0.7071072747316669
		outer loop
			vertex -0.00634999992325902 -0.05270000174641609 -0.019608577713370323
			vertex -0.007017157506197691 -0.05270000174641609 -0.018941421061754227
			vertex -0.00634999992325902 -0.05730000138282776 -0.019608577713370323
		endloop
	endfacet
	facet normal 0.7071062876410837 0 0.7071072747316669
		outer loop
			vertex -0.00634999992325902 -0.05730000138282776 -0.019608577713370323
			vertex -0.007017157506197691 -0.05270000174641609 -0.018941421061754227
			vertex -0.007017157506197691 -0.05730000138282776 -0.018941421061754227
		endloop
	endfacet
	facet normal 0 -1 0
		outer loop
			vertex -0.0071000000461936 -0.05730000138282776 -0.020858578383922577
			vertex -0.00634999992325902 -0.05730000138282776 -0.020108578726649284
			vertex -0.0071000000461936 -0.05730000138282776 -0.019941421225667
		endloop
	endfacet
	facet normal 0 -1 0
		outer loop
			vertex -0.0071000000461936 -0.05730000138282776 -0.019941421225667
			vertex -0.00634999992325902 -0.05730000138282776 -0.020108578726649284
			vertex -0.00634999992325902 -0.05730000138282776 -0.019608577713370323
		endloop
	endfacet
	facet normal 0 -1 0
		outer loop
			vertex -0.0071000000461936 -0.05730000138282776 -0.019941421225667
			vertex -0.00634999992325902 -0.05730000138282776 -0.019608577713370323
			vertex -0.007017157506197691 -0.05730000138282776 -0.018941421061754227
		endloop
	endfacet
	facet normal 0 -1 0
		outer loop
			vertex -0.007017157506197691 -0.05730000138282776 -0.018941421061754227
			vertex -0.008100000210106373 -0.05730000138282776 -0.018941421061754227
			vertex -0.0071000000461936 -0.05730000138282776 -0.019941421225667
		endloop
	endfacet
	facet normal 0 1 0
		outer loop
			vertex -0.0071000000461936 -0.05270000174641609 -0.020858578383922577
			vertex -0.0071000000461936 -0.05270000174641609 -0.019941421225667
			vertex -0.00634999992325902 -0.05270000174641609 -0.020108578726649284
		endloop
	endfacet
	facet normal 0 1 0
		outer loop
			vertex -0.00634999992325902 -0.05270000174641609 -0.020108578726649284
			vertex -0.0071000000461936 -0.05270000174641609 -0.019941421225667
			vertex -0.00634999992325902 -0.05270000174641609 -0.019608577713370323
		endloop
	endfacet
	facet normal 0 1 0
		outer loop
			vertex -0.00634999992325902 -0.05270000174641609 -0.019608577713370323
			vertex -0.0071000000461936 -0.05270000174641609 -0.019941421225667
			vertex -0.007017157506197691 -0.05270000174641609 -0.018941421061754227
		endloop
	endfacet
	facet normal 0 1 0
		outer loop
			vertex -0.007017157506197691 -0.05270000174641609 -0.018941421061754227
			vertex -0.0071000000461936 -0.05270000174641609 -0.019941421225667
			vertex -0.008100000210106373 -0.05270000174641609 -0.018941421061754227
		endloop
	endfacet
	facet normal -0.7071062876410837 0 0.7071072747316669
		outer loop
			vertex 0.007017157506197691 -0.05270000174641609 -0.018941421061754227
			vertex 0.00634999992325902 -0.05270000174641609 -0.019608577713370323
			vertex 0.007017157506197691 -0.05730000138282776 -0.018941421061754227
		endloop
	endfacet
	facet normal -0.7071062876410837 0 0.7071072747316669
		outer loop
			vertex 0.007017157506197691 -0.05730000138282776 -0.018941421061754227
			vertex 0.00634999992325902 -0.05270000174641609 -0.019608577713370323
			vertex 0.00634999992325902 -0.05730000138282776 -0.019608577713370323
		endloop
	endfacet
	facet normal -1 0 0
		outer loop
			vertex 0.00634999992325902 -0.05270000174641609 -0.019608577713370323
			vertex 0.00634999992325902 -0.05270000174641609 -0.020108578726649284
			vertex 0.00634999992325902 -0.05730000138282776 -0.019608577713370323
		endloop
	endfacet
	facet normal -1 0 0
		outer loop
			vertex 0.00634999992325902 -0.05730000138282776 -0.019608577713370323
			vertex 0.00634999992325902 -0.05270000174641609 -0.020108578726649284
			vertex 0.00634999992325902 -0.05730000138282776 -0.020108578726649284
		endloop
	endfacet
	facet normal 0 -1 0
		outer loop
			vertex 0.008100000210106373 -0.05730000138282776 -0.018941421061754227
			vertex 0.007017157506197691 -0.05730000138282776 -0.018941421061754227
			vertex 0.0071000000461936 -0.05730000138282776 -0.019941421225667
		endloop
	endfacet
	facet normal 0 -1 0
		outer loop
			vertex 0.0071000000461936 -0.05730000138282776 -0.019941421225667
			vertex 0.007017157506197691 -0.05730000138282776 -0.018941421061754227
			vertex 0.00634999992325902 -0.05730000138282776 -0.019608577713370323
		endloop
	endfacet
	facet normal 0 -1 0
		outer loop
			vertex 0.0071000000461936 -0.05730000138282776 -0.019941421225667
			vertex 0.00634999992325902 -0.05730000138282776 -0.019608577713370323
			vertex 0.00634999992325902 -0.05730000138282776 -0.020108578726649284
		endloop
	endfacet
	facet normal 0 -1 0
		outer loop
			vertex 0.00634999992325902 -0.05730000138282776 -0.020108578726649284
			vertex 0.0071000000461936 -0.05730000138282776 -0.020858578383922577
			vertex 0.0071000000461936 -0.05730000138282776 -0.019941421225667
		endloop
	endfacet
	facet normal 0 1 0
		outer loop
			vertex 0.00634999992325902 -0.05270000174641609 -0.020108578726649284
			vertex 0.00634999992325902 -0.05270000174641609 -0.019608577713370323
			vertex 0.0071000000461936 -0.05270000174641609 -0.019941421225667
		endloop
	endfacet
	facet normal 0 1 0
		outer loop
			vertex 0.0071000000461936 -0.05270000174641609 -0.019941421225667
			vertex 0.00634999992325902 -0.05270000174641609 -0.019608577713370323
			vertex 0.007017157506197691 -0.05270000174641609 -0.018941421061754227
		endloop
	endfacet
	facet normal 0 1 0
		outer loop
			vertex 0.0071000000461936 -0.05270000174641609 -0.019941421225667
			vertex 0.007017157506197691 -0.05270000174641609 -0.018941421061754227
			vertex 0.008100000210106373 -0.05270000174641609 -0.018941421061754227
		endloop
	endfacet
	facet normal 0 1 0
		outer loop
			vertex 0.0071000000461936 -0.05270000174641609 -0.019941421225667
			vertex 0.0071000000461936 -0.05270000174641609 -0.020858578383922577
			vertex 0.00634999992325902 -0.05270000174641609 -0.020108578726649284
		endloop
	endfacet
	facet normal 1 0 0
		outer loop
			vertex -0.00634999992325902 -0.06270000338554382 -0.020108578726649284
			vertex -0.00634999992325902 -0.06270000338554382 -0.019608577713370323
			vertex -0.00634999992325902 -0.06729999929666519 -0.020108578726649284
		endloop
	endfacet
	facet normal 1 0 0
		outer loop
			vertex -0.00634999992325902 -0.06729999929666519 -0.020108578726649284
			vertex -0.00634999992325902 -0.06270000338554382 -0.019608577713370323
			vertex -0.00634999992325902 -0.06729999929666519 -0.019608577713370323
		endloop
	endfacet
	facet normal 0.7071062876410837 0 0.7071072747316669
		outer loop
			vertex -0.00634999992325902 -0.06270000338554382 -0.019608577713370323
			vertex -0.007017157506197691 -0.06270000338554382 -0.018941421061754227
			vertex -0.00634999992325902 -0.06729999929666519 -0.019608577713370323
		endloop
	endfacet
	facet normal 0.7071062876410837 0 0.7071072747316669
		outer loop
			vertex -0.00634999992325902 -0.06729999929666519 -0.019608577713370323
			vertex -0.007017157506197691 -0.06270000338554382 -0.018941421061754227
			vertex -0.007017157506197691 -0.06729999929666519 -0.018941421061754227
		endloop
	endfacet
	facet normal 0 -1 0
		outer loop
			vertex -0.0071000000461936 -0.06729999929666519 -0.020858578383922577
			vertex -0.00634999992325902 -0.06729999929666519 -0.020108578726649284
			vertex -0.0071000000461936 -0.06729999929666519 -0.019941421225667
		endloop
	endfacet
	facet normal 0 -1 0
		outer loop
			vertex -0.0071000000461936 -0.06729999929666519 -0.019941421225667
			vertex -0.00634999992325902 -0.06729999929666519 -0.020108578726649284
			vertex -0.00634999992325902 -0.06729999929666519 -0.019608577713370323
		endloop
	endfacet
	facet normal 0 -1 0
		outer loop
			vertex -0.0071000000461936 -0.06729999929666519 -0.019941421225667
			vertex -0.00634999992325902 -0.06729999929666519 -0.019608577713370323
			vertex -0.007017157506197691 -0.06729999929666519 -0.018941421061754227
		endloop
	endfacet
	facet normal 0 -1 0
		outer loop
			vertex -0.007017157506197691 -0.06729999929666519 -0.018941421061754227
			vertex -0.008100000210106373 -0.06729999929666519 -0.018941421061754227
			vertex -0.0071000000461936 -0.06729999929666519 -0.019941421225667
		endloop
	endfacet
	facet normal 0 1 0
		outer loop
			vertex -0.0071000000461936 -0.06270000338554382 -0.020858578383922577
			vertex -0.0071000000461936 -0.06270000338554382 -0.019941421225667
			vertex -0.00634999992325902 -0.06270000338554382 -0.020108578726649284
		endloop
	endfacet
	facet normal 0 1 0
		outer loop
			vertex -0.00634999992325902 -0.06270000338554382 -0.020108578726649284
			vertex -0.0071000000461936 -0.06270000338554382 -0.019941421225667
			vertex -0.00634999992325902 -0.06270000338554382 -0.019608577713370323
		endloop
	endfacet
	facet normal 0 1 0
		outer loop
			vertex -0.00634999992325902 -0.06270000338554382 -0.019608577713370323
			vertex -0.0071000000461936 -0.06270000338554382 -0.019941421225667
			vertex -0.007017157506197691 -0.06270000338554382 -0.018941421061754227
		endloop
	endfacet
	facet normal 0 1 0
		outer loop
			vertex -0.007017157506197691 -0.06270000338554382 -0.018941421061754227
			vertex -0.0071000000461936 -0.06270000338554382 -0.019941421225667
			vertex -0.008100000210106373 -0.06270000338554382 -0.018941421061754227
		endloop
	endfacet
	facet normal -0.7071062876410837 0 0.7071072747316669
		outer loop
			vertex 0.007017157506197691 -0.06270000338554382 -0.018941421061754227
			vertex 0.00634999992325902 -0.06270000338554382 -0.019608577713370323
			vertex 0.007017157506197691 -0.06729999929666519 -0.018941421061754227
		endloop
	endfacet
	facet normal -0.7071062876410837 0 0.7071072747316669
		outer loop
			vertex 0.007017157506197691 -0.06729999929666519 -0.018941421061754227
			vertex 0.00634999992325902 -0.06270000338554382 -0.019608577713370323
			vertex 0.00634999992325902 -0.06729999929666519 -0.019608577713370323
		endloop
	endfacet
	facet normal -1 0 0
		outer loop
			vertex 0.00634999992325902 -0.06270000338554382 -0.019608577713370323
			vertex 0.00634999992325902 -0.06270000338554382 -0.020108578726649284
			vertex 0.00634999992325902 -0.06729999929666519 -0.019608577713370323
		endloop
	endfacet
	facet normal -1 0 0
		outer loop
			vertex 0.00634999992325902 -0.06729999929666519 -0.019608577713370323
			vertex 0.00634999992325902 -0.06270000338554382 -0.020108578726649284
			vertex 0.00634999992325902 -0.06729999929666519 -0.020108578726649284
		endloop
	endfacet
	facet normal 0 -1 0
		outer loop
			vertex 0.008100000210106373 -0.06729999929666519 -0.018941421061754227
			vertex 0.007017157506197691 -0.06729999929666519 -0.018941421061754227
			vertex 0.0071000000461936 -0.06729999929666519 -0.019941421225667
		endloop
	endfacet
	facet normal 0 -1 0
		outer loop
			vertex 0.0071000000461936 -0.06729999929666519 -0.019941421225667
			vertex 0.007017157506197691 -0.06729999929666519 -0.018941421061754227
			vertex 0.00634999992325902 -0.06729999929666519 -0.019608577713370323
		endloop
	endfacet
	facet normal 0 -1 0
		outer loop
			vertex 0.0071000000461936 -0.06729999929666519 -0.019941421225667
			vertex 0.00634999992325902 -0.06729999929666519 -0.019608577713370323
			vertex 0.00634999992325902 -0.06729999929666519 -0.020108578726649284
		endloop
	endfacet
	facet normal 0 -1 0
		outer loop
			vertex 0.00634999992325902 -0.06729999929666519 -0.020108578726649284
			vertex 0.0071000000461936 -0.06729999929666519 -0.020858578383922577
			vertex 0.0071000000461936 -0.06729999929666519 -0.019941421225667
		endloop
	endfacet
	facet normal 0 1 0
		outer loop
			vertex 0.00634999992325902 -0.06270000338554382 -0.020108578726649284
			vertex 0.00634999992325902 -0.06270000338554382 -0.019608577713370323
			vertex 0.0071000000461936 -0.06270000338554382 -0.019941421225667
		endloop
	endfacet
	facet normal 0 1 0
		outer loop
			vertex 0.0071000000461936 -0.06270000338554382 -0.019941421225667
			vertex 0.00634999992325902 -0.06270000338554382 -0.019608577713370323
			vertex 0.007017157506197691 -0.06270000338554382 -0.018941421061754227
		endloop
	endfacet
	facet normal 0 1 0
		outer loop
			vertex 0.0071000000461936 -0.06270000338554382 -0.019941421225667
			vertex 0.007017157506197691 -0.06270000338554382 -0.018941421061754227
			vertex 0.008100000210106373 -0.06270000338554382 -0.018941421061754227
		endloop
	endfacet
	facet normal 0 1 0
		outer loop
			vertex 0.0071000000461936 -0.06270000338554382 -0.019941421225667
			vertex 0.0071000000461936 -0.06270000338554382 -0.020858578383922577
			vertex 0.00634999992325902 -0.06270000338554382 -0.020108578726649284
		endloop
	endfacet
	facet normal 1 0 0
		outer loop
			vertex -0.00634999992325902 -0.07270000129938126 -0.020108578726649284
			vertex -0.00634999992325902 -0.07270000129938126 -0.019608577713370323
			vertex -0.00634999992325902 -0.07729999721050262 -0.020108578726649284
		endloop
	endfacet
	facet normal 1 0 0
		outer loop
			vertex -0.00634999992325902 -0.07729999721050262 -0.020108578726649284
			vertex -0.00634999992325902 -0.07270000129938126 -0.019608577713370323
			vertex -0.00634999992325902 -0.07729999721050262 -0.019608577713370323
		endloop
	endfacet
	facet normal 0.7071062876410837 0 0.7071072747316669
		outer loop
			vertex -0.00634999992325902 -0.07270000129938126 -0.019608577713370323
			vertex -0.007017157506197691 -0.07270000129938126 -0.018941421061754227
			vertex -0.00634999992325902 -0.07729999721050262 -0.019608577713370323
		endloop
	endfacet
	facet normal 0.7071062876410837 0 0.7071072747316669
		outer loop
			vertex -0.00634999992325902 -0.07729999721050262 -0.019608577713370323
			vertex -0.007017157506197691 -0.07270000129938126 -0.018941421061754227
			vertex -0.007017157506197691 -0.07729999721050262 -0.018941421061754227
		endloop
	endfacet
	facet normal 0 -1 0
		outer loop
			vertex -0.0071000000461936 -0.07729999721050262 -0.020858578383922577
			vertex -0.00634999992325902 -0.07729999721050262 -0.020108578726649284
			vertex -0.0071000000461936 -0.07729999721050262 -0.019941421225667
		endloop
	endfacet
	facet normal 0 -1 0
		outer loop
			vertex -0.0071000000461936 -0.07729999721050262 -0.019941421225667
			vertex -0.00634999992325902 -0.07729999721050262 -0.020108578726649284
			vertex -0.00634999992325902 -0.07729999721050262 -0.019608577713370323
		endloop
	endfacet
	facet normal 0 -1 0
		outer loop
			vertex -0.0071000000461936 -0.07729999721050262 -0.019941421225667
			vertex -0.00634999992325902 -0.07729999721050262 -0.019608577713370323
			vertex -0.007017157506197691 -0.07729999721050262 -0.018941421061754227
		endloop
	endfacet
	facet normal 0 -1 0
		outer loop
			vertex -0.007017157506197691 -0.07729999721050262 -0.018941421061754227
			vertex -0.008100000210106373 -0.07729999721050262 -0.018941421061754227
			vertex -0.0071000000461936 -0.07729999721050262 -0.019941421225667
		endloop
	endfacet
	facet normal 0 1 0
		outer loop
			vertex -0.0071000000461936 -0.07270000129938126 -0.020858578383922577
			vertex -0.0071000000461936 -0.07270000129938126 -0.019941421225667
			vertex -0.00634999992325902 -0.07270000129938126 -0.020108578726649284
		endloop
	endfacet
	facet normal 0 1 0
		outer loop
			vertex -0.00634999992325902 -0.07270000129938126 -0.020108578726649284
			vertex -0.0071000000461936 -0.07270000129938126 -0.019941421225667
			vertex -0.00634999992325902 -0.07270000129938126 -0.019608577713370323
		endloop
	endfacet
	facet normal 0 1 0
		outer loop
			vertex -0.00634999992325902 -0.07270000129938126 -0.019608577713370323
			vertex -0.0071000000461936 -0.07270000129938126 -0.019941421225667
			vertex -0.007017157506197691 -0.07270000129938126 -0.018941421061754227
		endloop
	endfacet
	facet normal 0 1 0
		outer loop
			vertex -0.007017157506197691 -0.07270000129938126 -0.018941421061754227
			vertex -0.0071000000461936 -0.07270000129938126 -0.019941421225667
			vertex -0.008100000210106373 -0.07270000129938126 -0.018941421061754227
		endloop
	endfacet
	facet normal -0.7071062876410837 0 0.7071072747316669
		outer loop
			vertex 0.007017157506197691 -0.07270000129938126 -0.018941421061754227
			vertex 0.00634999992325902 -0.07270000129938126 -0.019608577713370323
			vertex 0.007017157506197691 -0.07729999721050262 -0.018941421061754227
		endloop
	endfacet
	facet normal -0.7071062876410837 0 0.7071072747316669
		outer loop
			vertex 0.007017157506197691 -0.07729999721050262 -0.018941421061754227
			vertex 0.00634999992325902 -0.07270000129938126 -0.019608577713370323
			vertex 0.00634999992325902 -0.07729999721050262 -0.019608577713370323
		endloop
	endfacet
	facet normal -1 0 0
		outer loop
			vertex 0.00634999992325902 -0.07270000129938126 -0.019608577713370323
			vertex 0.00634999992325902 -0.07270000129938126 -0.020108578726649284
			vertex 0.00634999992325902 -0.07729999721050262 -0.019608577713370323
		endloop
	endfacet
	facet normal -1 0 0
		outer loop
			vertex 0.00634999992325902 -0.07729999721050262 -0.019608577713370323
			vertex 0.00634999992325902 -0.07270000129938126 -0.020108578726649284
			vertex 0.00634999992325902 -0.07729999721050262 -0.020108578726649284
		endloop
	endfacet
	facet normal 0 -1 0
		outer loop
			vertex 0.008100000210106373 -0.07729999721050262 -0.018941421061754227
			vertex 0.007017157506197691 -0.07729999721050262 -0.018941421061754227
			vertex 0.0071000000461936 -0.07729999721050262 -0.019941421225667
		endloop
	endfacet
	facet normal 0 -1 0
		outer loop
			vertex 0.0071000000461936 -0.07729999721050262 -0.019941421225667
			vertex 0.007017157506197691 -0.07729999721050262 -0.018941421061754227
			vertex 0.00634999992325902 -0.07729999721050262 -0.019608577713370323
		endloop
	endfacet
	facet normal 0 -1 0
		outer loop
			vertex 0.0071000000461936 -0.07729999721050262 -0.019941421225667
			vertex 0.00634999992325902 -0.07729999721050262 -0.019608577713370323
			vertex 0.00634999992325902 -0.07729999721050262 -0.020108578726649284
		endloop
	endfacet
	facet normal 0 -1 0
		outer loop
			vertex 0.00634999992325902 -0.07729999721050262 -0.020108578726649284
			vertex 0.0071000000461936 -0.07729999721050262 -0.020858578383922577
			vertex 0.0071000000461936 -0.07729999721050262 -0.019941421225667
		endloop
	endfacet
	facet normal 0 1 0
		outer loop
			vertex 0.00634999992325902 -0.07270000129938126 -0.020108578726649284
			vertex 0.00634999992325902 -0.07270000129938126 -0.019608577713370323
			vertex 0.0071000000461936 -0.07270000129938126 -0.019941421225667
		endloop
	endfacet
	facet normal 0 1 0
		outer loop
			vertex 0.0071000000461936 -0.07270000129938126 -0.019941421225667
			vertex 0.00634999992325902 -0.07270000129938126 -0.019608577713370323
			vertex 0.007017157506197691 -0.07270000129938126 -0.018941421061754227
		endloop
	endfacet
	facet normal 0 1 0
		outer loop
			vertex 0.0071000000461936 -0.07270000129938126 -0.019941421225667
			vertex 0.007017157506197691 -0.07270000129938126 -0.018941421061754227
			vertex 0.008100000210106373 -0.07270000129938126 -0.018941421061754227
		endloop
	endfacet
	facet normal 0 1 0
		outer loop
			vertex 0.0071000000461936 -0.07270000129938126 -0.019941421225667
			vertex 0.0071000000461936 -0.07270000129938126 -0.020858578383922577
			vertex 0.00634999992325902 -0.07270000129938126 -0.020108578726649284
		endloop
	endfacet
endsolid exported
