solid exported
	facet normal 1 0 0
		outer loop
			vertex 19.899999618530273 -50 -18.941421508789062
			vertex 19.899999618530273 -52 -21.858577728271484
			vertex 19.899999618530273 -50 -24.5
		endloop
	endfacet
	facet normal 1 0 0
		outer loop
			vertex 19.899999618530273 -50 -24.5
			vertex 19.899999618530273 -52 -21.858577728271484
			vertex 19.899999618530273 -52 -23
		endloop
	endfacet
	facet normal 1 0 0
		outer loop
			vertex 19.899999618530273 -50 -24.5
			vertex 19.899999618530273 -52 -23
			vertex 19.899999618530273 -50.5 -25
		endloop
	endfacet
	facet normal 1 0 0
		outer loop
			vertex 19.899999618530273 -50.5 -25
			vertex 19.899999618530273 -52 -23
			vertex 19.899999618530273 -68.19999694824219 -23
		endloop
	endfacet
	facet normal 1 0 0
		outer loop
			vertex 19.899999618530273 -50.5 -25
			vertex 19.899999618530273 -68.19999694824219 -23
			vertex 19.899999618530273 -69.69999694824219 -25
		endloop
	endfacet
	facet normal 1 0 0
		outer loop
			vertex 19.899999618530273 -69.69999694824219 -25
			vertex 19.899999618530273 -68.19999694824219 -23
			vertex 19.899999618530273 -70.19999694824219 -24.5
		endloop
	endfacet
	facet normal 1 0 0
		outer loop
			vertex 19.899999618530273 -70.19999694824219 -24.5
			vertex 19.899999618530273 -68.19999694824219 -23
			vertex 19.899999618530273 -68.19999694824219 -21.858577728271484
		endloop
	endfacet
	facet normal 1 0 0
		outer loop
			vertex 19.899999618530273 -70.19999694824219 -24.5
			vertex 19.899999618530273 -68.19999694824219 -21.858577728271484
			vertex 19.899999618530273 -70.19999694824219 -18.941421508789062
		endloop
	endfacet
	facet normal 1 0 0
		outer loop
			vertex 19.899999618530273 -70.19999694824219 -18.941421508789062
			vertex 19.899999618530273 -68.19999694824219 -21.858577728271484
			vertex 19.899999618530273 -67.19999694824219 -20.858577728271484
		endloop
	endfacet
	facet normal 1 0 0
		outer loop
			vertex 19.899999618530273 -70.19999694824219 -18.941421508789062
			vertex 19.899999618530273 -67.19999694824219 -20.858577728271484
			vertex 19.899999618530273 -67.19999694824219 -19.941421508789062
		endloop
	endfacet
	facet normal 1 0 0
		outer loop
			vertex 19.899999618530273 -52 -18.941421508789062
			vertex 19.899999618530273 -53 -19.941421508789062
			vertex 19.899999618530273 -50 -18.941421508789062
		endloop
	endfacet
	facet normal 1 0 0
		outer loop
			vertex 19.899999618530273 -50 -18.941421508789062
			vertex 19.899999618530273 -53 -19.941421508789062
			vertex 19.899999618530273 -53 -20.858577728271484
		endloop
	endfacet
	facet normal 1 0 0
		outer loop
			vertex 19.899999618530273 -50 -18.941421508789062
			vertex 19.899999618530273 -53 -20.858577728271484
			vertex 19.899999618530273 -52 -21.858577728271484
		endloop
	endfacet
	facet normal 1 0 0
		outer loop
			vertex 19.899999618530273 -67.19999694824219 -19.941421508789062
			vertex 19.899999618530273 -68.19999694824219 -18.941421508789062
			vertex 19.899999618530273 -70.19999694824219 -18.941421508789062
		endloop
	endfacet
	facet normal 0 1 0
		outer loop
			vertex 19.899999618530273 -68.19999694824219 -21.858577728271484
			vertex 19.899999618530273 -68.19999694824219 -23
			vertex 8.100000381469727 -68.19999694824219 -21.858577728271484
		endloop
	endfacet
	facet normal 0 1 0
		outer loop
			vertex 8.100000381469727 -68.19999694824219 -21.858577728271484
			vertex 19.899999618530273 -68.19999694824219 -23
			vertex 8.100000381469727 -68.19999694824219 -23
		endloop
	endfacet
	facet normal 0 0 1
		outer loop
			vertex 19.899999618530273 -52 -23
			vertex 8.100000381469727 -52 -23
			vertex 19.899999618530273 -68.19999694824219 -23
		endloop
	endfacet
	facet normal 0 0 1
		outer loop
			vertex 19.899999618530273 -68.19999694824219 -23
			vertex 8.100000381469727 -52 -23
			vertex 8.100000381469727 -68.19999694824219 -23
		endloop
	endfacet
	facet normal 0 0 1
		outer loop
			vertex 8.100000381469727 -68.19999694824219 -23
			vertex 8.100000381469727 -52 -23
			vertex -8.100000381469727 -40.099998474121094 -23
		endloop
	endfacet
	facet normal 0 0 1
		outer loop
			vertex 8.100000381469727 -68.19999694824219 -23
			vertex -8.100000381469727 -40.099998474121094 -23
			vertex -8.100000381469727 -80.0999984741211 -23
		endloop
	endfacet
	facet normal 0 0 1
		outer loop
			vertex 8.100000381469727 -52 -23
			vertex 8.100000381469727 -40.099998474121094 -23
			vertex -8.100000381469727 -40.099998474121094 -23
		endloop
	endfacet
	facet normal 0 0 1
		outer loop
			vertex -8.100000381469727 -80.0999984741211 -23
			vertex 8.100000381469727 -80.0999984741211 -23
			vertex 8.100000381469727 -68.19999694824219 -23
		endloop
	endfacet
	facet normal 0 -1 0
		outer loop
			vertex 19.899999618530273 -52 -23
			vertex 19.899999618530273 -52 -21.858577728271484
			vertex 8.100000381469727 -52 -23
		endloop
	endfacet
	facet normal 0 -1 0
		outer loop
			vertex 8.100000381469727 -52 -23
			vertex 19.899999618530273 -52 -21.858577728271484
			vertex 8.100000381469727 -52 -21.858577728271484
		endloop
	endfacet
	facet normal 0 -0.7071067811865476 -0.7071067811865476
		outer loop
			vertex 19.899999618530273 -52 -21.858577728271484
			vertex 19.899999618530273 -53 -20.858577728271484
			vertex 8.100000381469727 -52 -21.858577728271484
		endloop
	endfacet
	facet normal 0 -0.7071067811865476 -0.7071067811865476
		outer loop
			vertex 8.100000381469727 -52 -21.858577728271484
			vertex 19.899999618530273 -53 -20.858577728271484
			vertex 7.099999904632568 -53 -20.858577728271484
		endloop
	endfacet
	facet normal 0 -1 0
		outer loop
			vertex 19.899999618530273 -53 -20.858577728271484
			vertex 19.899999618530273 -53 -19.941421508789062
			vertex 7.099999904632568 -53 -20.858577728271484
		endloop
	endfacet
	facet normal 0 -1 0
		outer loop
			vertex 7.099999904632568 -53 -20.858577728271484
			vertex 19.899999618530273 -53 -19.941421508789062
			vertex 7.099999904632568 -53 -19.941421508789062
		endloop
	endfacet
	facet normal 0 -0.7071067811865476 0.7071067811865476
		outer loop
			vertex 19.899999618530273 -52 -18.941421508789062
			vertex 8.100000381469727 -52 -18.941421508789062
			vertex 19.899999618530273 -53 -19.941421508789062
		endloop
	endfacet
	facet normal 0 -0.7071067811865476 0.7071067811865476
		outer loop
			vertex 19.899999618530273 -53 -19.941421508789062
			vertex 8.100000381469727 -52 -18.941421508789062
			vertex 7.099999904632568 -53 -19.941421508789062
		endloop
	endfacet
	facet normal 0 0 1
		outer loop
			vertex 19.899999618530273 -50 -18.941421508789062
			vertex 11 -50 -18.941421508789062
			vertex 19.899999618530273 -52 -18.941421508789062
		endloop
	endfacet
	facet normal 0 0 1
		outer loop
			vertex 19.899999618530273 -52 -18.941421508789062
			vertex 11 -50 -18.941421508789062
			vertex 8.100000381469727 -52 -18.941421508789062
		endloop
	endfacet
	facet normal 0 0 1
		outer loop
			vertex 8.100000381469727 -52 -18.941421508789062
			vertex 11 -50 -18.941421508789062
			vertex 10.915989875793457 -49.99369812011719 -18.941421508789062
		endloop
	endfacet
	facet normal 0 0 1
		outer loop
			vertex 8.100000381469727 -52 -18.941421508789062
			vertex 10.915989875793457 -49.99369812011719 -18.941421508789062
			vertex 10.832572937011719 -49.975425720214844 -18.941421508789062
		endloop
	endfacet
	facet normal 0 0 1
		outer loop
			vertex 10.832572937011719 -49.975425720214844 -18.941421508789062
			vertex 10.750415802001953 -49.946144104003906 -18.941421508789062
			vertex 8.100000381469727 -52 -18.941421508789062
		endloop
	endfacet
	facet normal 0 0 1
		outer loop
			vertex 8.100000381469727 -52 -18.941421508789062
			vertex 10.750415802001953 -49.946144104003906 -18.941421508789062
			vertex 10.670183181762695 -49.90681457519531 -18.941421508789062
		endloop
	endfacet
	facet normal 0 0 1
		outer loop
			vertex 8.100000381469727 -52 -18.941421508789062
			vertex 10.670183181762695 -49.90681457519531 -18.941421508789062
			vertex 10.59254264831543 -49.85839080810547 -18.941421508789062
		endloop
	endfacet
	facet normal 0 0 1
		outer loop
			vertex 10.59254264831543 -49.85839080810547 -18.941421508789062
			vertex 10.518159866333008 -49.80183792114258 -18.941421508789062
			vertex 8.100000381469727 -52 -18.941421508789062
		endloop
	endfacet
	facet normal 0 0 1
		outer loop
			vertex 8.100000381469727 -52 -18.941421508789062
			vertex 10.518159866333008 -49.80183792114258 -18.941421508789062
			vertex 10.447700500488281 -49.73811340332031 -18.941421508789062
		endloop
	endfacet
	facet normal 0 0 1
		outer loop
			vertex 8.100000381469727 -52 -18.941421508789062
			vertex 10.447700500488281 -49.73811340332031 -18.941421508789062
			vertex 10.381829261779785 -49.66817092895508 -18.941421508789062
		endloop
	endfacet
	facet normal 0 0 1
		outer loop
			vertex 10.381829261779785 -49.66817092895508 -18.941421508789062
			vertex 10.32121467590332 -49.59297561645508 -18.941421508789062
			vertex 8.100000381469727 -52 -18.941421508789062
		endloop
	endfacet
	facet normal 0 0 1
		outer loop
			vertex 8.100000381469727 -52 -18.941421508789062
			vertex 10.32121467590332 -49.59297561645508 -18.941421508789062
			vertex 10.266520500183105 -49.51348114013672 -18.941421508789062
		endloop
	endfacet
	facet normal 0 0 1
		outer loop
			vertex 8.100000381469727 -52 -18.941421508789062
			vertex 10.266520500183105 -49.51348114013672 -18.941421508789062
			vertex 10.218414306640625 -49.43064880371094 -18.941421508789062
		endloop
	endfacet
	facet normal 0 0 1
		outer loop
			vertex 10.218414306640625 -49.43064880371094 -18.941421508789062
			vertex 10.177560806274414 -49.34543991088867 -18.941421508789062
			vertex 8.100000381469727 -52 -18.941421508789062
		endloop
	endfacet
	facet normal 0 0 1
		outer loop
			vertex 8.100000381469727 -52 -18.941421508789062
			vertex 10.177560806274414 -49.34543991088867 -18.941421508789062
			vertex 10.144627571105957 -49.258811950683594 -18.941421508789062
		endloop
	endfacet
	facet normal 0 0 1
		outer loop
			vertex 8.100000381469727 -52 -18.941421508789062
			vertex 10.144627571105957 -49.258811950683594 -18.941421508789062
			vertex 10.120278358459473 -49.171722412109375 -18.941421508789062
		endloop
	endfacet
	facet normal 0 0 1
		outer loop
			vertex 10.120278358459473 -49.171722412109375 -18.941421508789062
			vertex 10.105180740356445 -49.08513259887695 -18.941421508789062
			vertex 8.100000381469727 -52 -18.941421508789062
		endloop
	endfacet
	facet normal 0 0 1
		outer loop
			vertex 8.100000381469727 -52 -18.941421508789062
			vertex 10.105180740356445 -49.08513259887695 -18.941421508789062
			vertex 10.100000381469727 -49 -18.941421508789062
		endloop
	endfacet
	facet normal 0 0 1
		outer loop
			vertex 8.100000381469727 -52 -18.941421508789062
			vertex 10.100000381469727 -49 -18.941421508789062
			vertex 8.100000381469727 -40.099998474121094 -18.941421508789062
		endloop
	endfacet
	facet normal 0 0 1
		outer loop
			vertex 8.100000381469727 -40.099998474121094 -18.941421508789062
			vertex 10.100000381469727 -49 -18.941421508789062
			vertex 10.100000381469727 -40.099998474121094 -18.941421508789062
		endloop
	endfacet
	facet normal 0 1 0
		outer loop
			vertex 19.899999618530273 -50 -18.941421508789062
			vertex 19.899999618530273 -50 -24.5
			vertex 11 -50 -18.941421508789062
		endloop
	endfacet
	facet normal 0 1 0
		outer loop
			vertex 11 -50 -18.941421508789062
			vertex 19.899999618530273 -50 -24.5
			vertex 11 -50 -24.5
		endloop
	endfacet
	facet normal 0 -1 0
		outer loop
			vertex 10.100000381469727 -80.0999984741211 -18.941421508789062
			vertex 8.100000381469727 -80.0999984741211 -21.858577728271484
			vertex 10.100000381469727 -80.0999984741211 -24.5
		endloop
	endfacet
	facet normal 0 -1 0
		outer loop
			vertex 10.100000381469727 -80.0999984741211 -24.5
			vertex 8.100000381469727 -80.0999984741211 -21.858577728271484
			vertex 8.100000381469727 -80.0999984741211 -23
		endloop
	endfacet
	facet normal 0 -1 0
		outer loop
			vertex 10.100000381469727 -80.0999984741211 -24.5
			vertex 8.100000381469727 -80.0999984741211 -23
			vertex 9.600000381469727 -80.0999984741211 -25
		endloop
	endfacet
	facet normal 0 -1 0
		outer loop
			vertex 9.600000381469727 -80.0999984741211 -25
			vertex 8.100000381469727 -80.0999984741211 -23
			vertex -9.600000381469727 -80.0999984741211 -25
		endloop
	endfacet
	facet normal 0 -1 0
		outer loop
			vertex -9.600000381469727 -80.0999984741211 -25
			vertex 8.100000381469727 -80.0999984741211 -23
			vertex -8.100000381469727 -80.0999984741211 -23
		endloop
	endfacet
	facet normal 0 -1 0
		outer loop
			vertex -9.600000381469727 -80.0999984741211 -25
			vertex -8.100000381469727 -80.0999984741211 -23
			vertex -10.100000381469727 -80.0999984741211 -24.5
		endloop
	endfacet
	facet normal 0 -1 0
		outer loop
			vertex -10.100000381469727 -80.0999984741211 -24.5
			vertex -8.100000381469727 -80.0999984741211 -23
			vertex -8.100000381469727 -80.0999984741211 -21.858577728271484
		endloop
	endfacet
	facet normal 0 -1 0
		outer loop
			vertex -10.100000381469727 -80.0999984741211 -24.5
			vertex -8.100000381469727 -80.0999984741211 -21.858577728271484
			vertex -10.100000381469727 -80.0999984741211 -18.941421508789062
		endloop
	endfacet
	facet normal 0 -1 0
		outer loop
			vertex -10.100000381469727 -80.0999984741211 -18.941421508789062
			vertex -8.100000381469727 -80.0999984741211 -21.858577728271484
			vertex -7.099999904632568 -80.0999984741211 -20.858577728271484
		endloop
	endfacet
	facet normal 0 -1 0
		outer loop
			vertex -10.100000381469727 -80.0999984741211 -18.941421508789062
			vertex -7.099999904632568 -80.0999984741211 -20.858577728271484
			vertex -7.099999904632568 -80.0999984741211 -19.941421508789062
		endloop
	endfacet
	facet normal 0 -1 0
		outer loop
			vertex 8.100000381469727 -80.0999984741211 -18.941421508789062
			vertex 7.099999904632568 -80.0999984741211 -19.941421508789062
			vertex 10.100000381469727 -80.0999984741211 -18.941421508789062
		endloop
	endfacet
	facet normal 0 -1 0
		outer loop
			vertex 10.100000381469727 -80.0999984741211 -18.941421508789062
			vertex 7.099999904632568 -80.0999984741211 -19.941421508789062
			vertex 7.099999904632568 -80.0999984741211 -20.858577728271484
		endloop
	endfacet
	facet normal 0 -1 0
		outer loop
			vertex 10.100000381469727 -80.0999984741211 -18.941421508789062
			vertex 7.099999904632568 -80.0999984741211 -20.858577728271484
			vertex 8.100000381469727 -80.0999984741211 -21.858577728271484
		endloop
	endfacet
	facet normal 0 -1 0
		outer loop
			vertex -7.099999904632568 -80.0999984741211 -19.941421508789062
			vertex -8.100000381469727 -80.0999984741211 -18.941421508789062
			vertex -10.100000381469727 -80.0999984741211 -18.941421508789062
		endloop
	endfacet
	facet normal 1 0 0
		outer loop
			vertex -8.100000381469727 -80.0999984741211 -21.858577728271484
			vertex -8.100000381469727 -80.0999984741211 -23
			vertex -8.100000381469727 -40.099998474121094 -21.858577728271484
		endloop
	endfacet
	facet normal 1 0 0
		outer loop
			vertex -8.100000381469727 -40.099998474121094 -21.858577728271484
			vertex -8.100000381469727 -80.0999984741211 -23
			vertex -8.100000381469727 -40.099998474121094 -23
		endloop
	endfacet
	facet normal -1 0 0
		outer loop
			vertex 8.100000381469727 -80.0999984741211 -23
			vertex 8.100000381469727 -80.0999984741211 -21.858577728271484
			vertex 8.100000381469727 -68.19999694824219 -23
		endloop
	endfacet
	facet normal -1 0 0
		outer loop
			vertex 8.100000381469727 -68.19999694824219 -23
			vertex 8.100000381469727 -80.0999984741211 -21.858577728271484
			vertex 8.100000381469727 -68.19999694824219 -21.858577728271484
		endloop
	endfacet
	facet normal -0.7071066125991736 0 -0.7071069497738812
		outer loop
			vertex 8.100000381469727 -80.0999984741211 -21.858577728271484
			vertex 7.099999904632568 -80.0999984741211 -20.858577728271484
			vertex 8.100000381469727 -68.19999694824219 -21.858577728271484
		endloop
	endfacet
	facet normal -0.7071066125991736 0 -0.7071069497738813
		outer loop
			vertex 8.100000381469727 -68.19999694824219 -21.858577728271484
			vertex 7.099999904632568 -80.0999984741211 -20.858577728271484
			vertex 7.099999904632568 -67.19999694824219 -20.858577728271484
		endloop
	endfacet
	facet normal -1 0 0
		outer loop
			vertex 7.099999904632568 -80.0999984741211 -20.858577728271484
			vertex 7.099999904632568 -80.0999984741211 -19.941421508789062
			vertex 7.099999904632568 -67.19999694824219 -20.858577728271484
		endloop
	endfacet
	facet normal -1 0 0
		outer loop
			vertex 7.099999904632568 -67.19999694824219 -20.858577728271484
			vertex 7.099999904632568 -80.0999984741211 -19.941421508789062
			vertex 7.099999904632568 -67.19999694824219 -19.941421508789062
		endloop
	endfacet
	facet normal -0.7071066125991736 0 0.7071069497738812
		outer loop
			vertex 8.100000381469727 -80.0999984741211 -18.941421508789062
			vertex 8.100000381469727 -68.19999694824219 -18.941421508789062
			vertex 7.099999904632568 -80.0999984741211 -19.941421508789062
		endloop
	endfacet
	facet normal -0.7071066125991736 0 0.7071069497738813
		outer loop
			vertex 7.099999904632568 -80.0999984741211 -19.941421508789062
			vertex 8.100000381469727 -68.19999694824219 -18.941421508789062
			vertex 7.099999904632568 -67.19999694824219 -19.941421508789062
		endloop
	endfacet
	facet normal 0 0 1
		outer loop
			vertex 19.899999618530273 -70.19999694824219 -18.941421508789062
			vertex 19.899999618530273 -68.19999694824219 -18.941421508789062
			vertex 11 -70.19999694824219 -18.941421508789062
		endloop
	endfacet
	facet normal 0 0 1
		outer loop
			vertex 11 -70.19999694824219 -18.941421508789062
			vertex 19.899999618530273 -68.19999694824219 -18.941421508789062
			vertex 8.100000381469727 -68.19999694824219 -18.941421508789062
		endloop
	endfacet
	facet normal 0 0 1
		outer loop
			vertex 11 -70.19999694824219 -18.941421508789062
			vertex 8.100000381469727 -68.19999694824219 -18.941421508789062
			vertex 10.915989875793457 -70.20630645751953 -18.941421508789062
		endloop
	endfacet
	facet normal 0 0 1
		outer loop
			vertex 10.915989875793457 -70.20630645751953 -18.941421508789062
			vertex 8.100000381469727 -68.19999694824219 -18.941421508789062
			vertex 10.832572937011719 -70.22457885742188 -18.941421508789062
		endloop
	endfacet
	facet normal 0 0 1
		outer loop
			vertex 10.832572937011719 -70.22457885742188 -18.941421508789062
			vertex 8.100000381469727 -68.19999694824219 -18.941421508789062
			vertex 10.750415802001953 -70.25385284423828 -18.941421508789062
		endloop
	endfacet
	facet normal 0 0 1
		outer loop
			vertex 10.750415802001953 -70.25385284423828 -18.941421508789062
			vertex 8.100000381469727 -68.19999694824219 -18.941421508789062
			vertex 10.670183181762695 -70.29318237304688 -18.941421508789062
		endloop
	endfacet
	facet normal 0 0 1
		outer loop
			vertex 10.670183181762695 -70.29318237304688 -18.941421508789062
			vertex 8.100000381469727 -68.19999694824219 -18.941421508789062
			vertex 10.59254264831543 -70.34160614013672 -18.941421508789062
		endloop
	endfacet
	facet normal 0 0 1
		outer loop
			vertex 10.59254264831543 -70.34160614013672 -18.941421508789062
			vertex 8.100000381469727 -68.19999694824219 -18.941421508789062
			vertex 10.518159866333008 -70.39816284179688 -18.941421508789062
		endloop
	endfacet
	facet normal 0 0 1
		outer loop
			vertex 10.518159866333008 -70.39816284179688 -18.941421508789062
			vertex 8.100000381469727 -68.19999694824219 -18.941421508789062
			vertex 10.447700500488281 -70.4618911743164 -18.941421508789062
		endloop
	endfacet
	facet normal 0 0 1
		outer loop
			vertex 10.447700500488281 -70.4618911743164 -18.941421508789062
			vertex 8.100000381469727 -68.19999694824219 -18.941421508789062
			vertex 10.381829261779785 -70.53182983398438 -18.941421508789062
		endloop
	endfacet
	facet normal 0 0 1
		outer loop
			vertex 10.381829261779785 -70.53182983398438 -18.941421508789062
			vertex 8.100000381469727 -68.19999694824219 -18.941421508789062
			vertex 10.32121467590332 -70.60702514648438 -18.941421508789062
		endloop
	endfacet
	facet normal 0 0 1
		outer loop
			vertex 10.32121467590332 -70.60702514648438 -18.941421508789062
			vertex 8.100000381469727 -68.19999694824219 -18.941421508789062
			vertex 10.266520500183105 -70.68651580810547 -18.941421508789062
		endloop
	endfacet
	facet normal 0 0 1
		outer loop
			vertex 10.266520500183105 -70.68651580810547 -18.941421508789062
			vertex 8.100000381469727 -68.19999694824219 -18.941421508789062
			vertex 10.218414306640625 -70.76934814453125 -18.941421508789062
		endloop
	endfacet
	facet normal 0 0 1
		outer loop
			vertex 10.218414306640625 -70.76934814453125 -18.941421508789062
			vertex 8.100000381469727 -68.19999694824219 -18.941421508789062
			vertex 10.177560806274414 -70.85456085205078 -18.941421508789062
		endloop
	endfacet
	facet normal 0 0 1
		outer loop
			vertex 10.177560806274414 -70.85456085205078 -18.941421508789062
			vertex 8.100000381469727 -68.19999694824219 -18.941421508789062
			vertex 10.144627571105957 -70.9411849975586 -18.941421508789062
		endloop
	endfacet
	facet normal 0 0 1
		outer loop
			vertex 10.144627571105957 -70.9411849975586 -18.941421508789062
			vertex 8.100000381469727 -68.19999694824219 -18.941421508789062
			vertex 10.120278358459473 -71.02827453613281 -18.941421508789062
		endloop
	endfacet
	facet normal 0 0 1
		outer loop
			vertex 10.120278358459473 -71.02827453613281 -18.941421508789062
			vertex 8.100000381469727 -68.19999694824219 -18.941421508789062
			vertex 10.105180740356445 -71.1148681640625 -18.941421508789062
		endloop
	endfacet
	facet normal 0 0 1
		outer loop
			vertex 10.105180740356445 -71.1148681640625 -18.941421508789062
			vertex 8.100000381469727 -68.19999694824219 -18.941421508789062
			vertex 10.100000381469727 -71.19999694824219 -18.941421508789062
		endloop
	endfacet
	facet normal 0 0 1
		outer loop
			vertex 10.100000381469727 -71.19999694824219 -18.941421508789062
			vertex 8.100000381469727 -68.19999694824219 -18.941421508789062
			vertex 8.100000381469727 -80.0999984741211 -18.941421508789062
		endloop
	endfacet
	facet normal 0 0 1
		outer loop
			vertex 10.100000381469727 -71.19999694824219 -18.941421508789062
			vertex 8.100000381469727 -80.0999984741211 -18.941421508789062
			vertex 10.100000381469727 -80.0999984741211 -18.941421508789062
		endloop
	endfacet
	facet normal 1 0 0
		outer loop
			vertex 10.100000381469727 -80.0999984741211 -18.941421508789062
			vertex 10.100000381469727 -80.0999984741211 -24.5
			vertex 10.100000381469727 -71.19999694824219 -18.941421508789062
		endloop
	endfacet
	facet normal 1 0 0
		outer loop
			vertex 10.100000381469727 -71.19999694824219 -18.941421508789062
			vertex 10.100000381469727 -80.0999984741211 -24.5
			vertex 10.100000381469727 -71.19999694824219 -24.5
		endloop
	endfacet
	facet normal 0 1 0
		outer loop
			vertex 10.100000381469727 -40.099998474121094 -24.5
			vertex 8.100000381469727 -40.099998474121094 -21.858577728271484
			vertex 10.100000381469727 -40.099998474121094 -18.941421508789062
		endloop
	endfacet
	facet normal 0 1 0
		outer loop
			vertex 10.100000381469727 -40.099998474121094 -18.941421508789062
			vertex 8.100000381469727 -40.099998474121094 -21.858577728271484
			vertex 7.099999904632568 -40.099998474121094 -20.858577728271484
		endloop
	endfacet
	facet normal 0 1 0
		outer loop
			vertex 10.100000381469727 -40.099998474121094 -18.941421508789062
			vertex 7.099999904632568 -40.099998474121094 -20.858577728271484
			vertex 7.099999904632568 -40.099998474121094 -19.941421508789062
		endloop
	endfacet
	facet normal 0 1 0
		outer loop
			vertex 8.100000381469727 -40.099998474121094 -21.858577728271484
			vertex 10.100000381469727 -40.099998474121094 -24.5
			vertex 8.100000381469727 -40.099998474121094 -23
		endloop
	endfacet
	facet normal 0 1 0
		outer loop
			vertex 8.100000381469727 -40.099998474121094 -23
			vertex 10.100000381469727 -40.099998474121094 -24.5
			vertex 9.600000381469727 -40.099998474121094 -25
		endloop
	endfacet
	facet normal 0 1 0
		outer loop
			vertex 8.100000381469727 -40.099998474121094 -23
			vertex 9.600000381469727 -40.099998474121094 -25
			vertex -9.600000381469727 -40.099998474121094 -25
		endloop
	endfacet
	facet normal 0 1 0
		outer loop
			vertex 8.100000381469727 -40.099998474121094 -23
			vertex -9.600000381469727 -40.099998474121094 -25
			vertex -8.100000381469727 -40.099998474121094 -23
		endloop
	endfacet
	facet normal 0 1 0
		outer loop
			vertex -8.100000381469727 -40.099998474121094 -23
			vertex -9.600000381469727 -40.099998474121094 -25
			vertex -10.100000381469727 -40.099998474121094 -24.5
		endloop
	endfacet
	facet normal 0 1 0
		outer loop
			vertex -8.100000381469727 -40.099998474121094 -23
			vertex -10.100000381469727 -40.099998474121094 -24.5
			vertex -8.100000381469727 -40.099998474121094 -21.858577728271484
		endloop
	endfacet
	facet normal 0 1 0
		outer loop
			vertex -8.100000381469727 -40.099998474121094 -21.858577728271484
			vertex -10.100000381469727 -40.099998474121094 -24.5
			vertex -10.100000381469727 -40.099998474121094 -18.941421508789062
		endloop
	endfacet
	facet normal 0 1 0
		outer loop
			vertex -8.100000381469727 -40.099998474121094 -21.858577728271484
			vertex -10.100000381469727 -40.099998474121094 -18.941421508789062
			vertex -7.099999904632568 -40.099998474121094 -20.858577728271484
		endloop
	endfacet
	facet normal 0 1 0
		outer loop
			vertex -7.099999904632568 -40.099998474121094 -20.858577728271484
			vertex -10.100000381469727 -40.099998474121094 -18.941421508789062
			vertex -7.099999904632568 -40.099998474121094 -19.941421508789062
		endloop
	endfacet
	facet normal 0 1 0
		outer loop
			vertex -7.099999904632568 -40.099998474121094 -19.941421508789062
			vertex -10.100000381469727 -40.099998474121094 -18.941421508789062
			vertex -8.100000381469727 -40.099998474121094 -18.941421508789062
		endloop
	endfacet
	facet normal 0 1 0
		outer loop
			vertex 7.099999904632568 -40.099998474121094 -19.941421508789062
			vertex 8.100000381469727 -40.099998474121094 -18.941421508789062
			vertex 10.100000381469727 -40.099998474121094 -18.941421508789062
		endloop
	endfacet
	facet normal 1 0 0
		outer loop
			vertex -7.099999904632568 -80.0999984741211 -19.941421508789062
			vertex -7.099999904632568 -80.0999984741211 -20.858577728271484
			vertex -7.099999904632568 -40.099998474121094 -19.941421508789062
		endloop
	endfacet
	facet normal 1 0 0
		outer loop
			vertex -7.099999904632568 -40.099998474121094 -19.941421508789062
			vertex -7.099999904632568 -80.0999984741211 -20.858577728271484
			vertex -7.099999904632568 -40.099998474121094 -20.858577728271484
		endloop
	endfacet
	facet normal 0.7071066125991736 0 0.7071069497738813
		outer loop
			vertex -8.100000381469727 -80.0999984741211 -18.941421508789062
			vertex -7.099999904632568 -80.0999984741211 -19.941421508789062
			vertex -8.100000381469727 -40.099998474121094 -18.941421508789062
		endloop
	endfacet
	facet normal 0.7071066125991736 0 0.7071069497738813
		outer loop
			vertex -8.100000381469727 -40.099998474121094 -18.941421508789062
			vertex -7.099999904632568 -80.0999984741211 -19.941421508789062
			vertex -7.099999904632568 -40.099998474121094 -19.941421508789062
		endloop
	endfacet
	facet normal 0 0 1
		outer loop
			vertex -10.100000381469727 -80.0999984741211 -18.941421508789062
			vertex -8.100000381469727 -80.0999984741211 -18.941421508789062
			vertex -10.100000381469727 -40.099998474121094 -18.941421508789062
		endloop
	endfacet
	facet normal 0 0 1
		outer loop
			vertex -10.100000381469727 -40.099998474121094 -18.941421508789062
			vertex -8.100000381469727 -80.0999984741211 -18.941421508789062
			vertex -8.100000381469727 -40.099998474121094 -18.941421508789062
		endloop
	endfacet
	facet normal -1 0 0
		outer loop
			vertex -10.100000381469727 -80.0999984741211 -24.5
			vertex -10.100000381469727 -80.0999984741211 -18.941421508789062
			vertex -10.100000381469727 -40.099998474121094 -24.5
		endloop
	endfacet
	facet normal -1 0 0
		outer loop
			vertex -10.100000381469727 -40.099998474121094 -24.5
			vertex -10.100000381469727 -80.0999984741211 -18.941421508789062
			vertex -10.100000381469727 -40.099998474121094 -18.941421508789062
		endloop
	endfacet
	facet normal -0.7071067811865476 0 -0.7071067811865476
		outer loop
			vertex -9.600000381469727 -80.0999984741211 -25
			vertex -10.100000381469727 -80.0999984741211 -24.5
			vertex -9.600000381469727 -40.099998474121094 -25
		endloop
	endfacet
	facet normal -0.7071067811865476 0 -0.7071067811865476
		outer loop
			vertex -9.600000381469727 -40.099998474121094 -25
			vertex -10.100000381469727 -80.0999984741211 -24.5
			vertex -10.100000381469727 -40.099998474121094 -24.5
		endloop
	endfacet
	facet normal 0 0 -1
		outer loop
			vertex 19.899999618530273 -69.69999694824219 -25
			vertex 11 -69.69999694824219 -25
			vertex 19.899999618530273 -50.5 -25
		endloop
	endfacet
	facet normal 0 0 -1
		outer loop
			vertex 19.899999618530273 -50.5 -25
			vertex 11 -69.69999694824219 -25
			vertex 11 -50.5 -25
		endloop
	endfacet
	facet normal 0 0 -1
		outer loop
			vertex 11 -50.5 -25
			vertex 11 -69.69999694824219 -25
			vertex 10.871566772460938 -50.49066925048828 -25
		endloop
	endfacet
	facet normal 0 0 -1
		outer loop
			vertex 10.871566772460938 -50.49066925048828 -25
			vertex 11 -69.69999694824219 -25
			vertex 10.871566772460938 -69.70933532714844 -25
		endloop
	endfacet
	facet normal 0 0 -1
		outer loop
			vertex 10.871566772460938 -50.49066925048828 -25
			vertex 10.871566772460938 -69.70933532714844 -25
			vertex 10.743477821350098 -50.463600158691406 -25
		endloop
	endfacet
	facet normal 0 0 -1
		outer loop
			vertex 10.743477821350098 -50.463600158691406 -25
			vertex 10.871566772460938 -69.70933532714844 -25
			vertex 10.743477821350098 -69.73640441894531 -25
		endloop
	endfacet
	facet normal 0 0 -1
		outer loop
			vertex 10.743477821350098 -50.463600158691406 -25
			vertex 10.743477821350098 -69.73640441894531 -25
			vertex 10.616827011108398 -50.42018127441406 -25
		endloop
	endfacet
	facet normal 0 0 -1
		outer loop
			vertex 10.616827011108398 -50.42018127441406 -25
			vertex 10.743477821350098 -69.73640441894531 -25
			vertex 10.616827011108398 -69.77981567382812 -25
		endloop
	endfacet
	facet normal 0 0 -1
		outer loop
			vertex 10.616827011108398 -50.42018127441406 -25
			vertex 10.616827011108398 -69.77981567382812 -25
			vertex 10.492712020874023 -50.3618049621582 -25
		endloop
	endfacet
	facet normal 0 0 -1
		outer loop
			vertex 10.492712020874023 -50.3618049621582 -25
			vertex 10.616827011108398 -69.77981567382812 -25
			vertex 10.492712020874023 -69.83819580078125 -25
		endloop
	endfacet
	facet normal 0 0 -1
		outer loop
			vertex 10.492712020874023 -50.3618049621582 -25
			vertex 10.492712020874023 -69.83819580078125 -25
			vertex 10.372227668762207 -69.91014099121094 -25
		endloop
	endfacet
	facet normal 0 0 -1
		outer loop
			vertex 10.492712020874023 -50.3618049621582 -25
			vertex 10.372227668762207 -69.91014099121094 -25
			vertex 10.372227668762207 -50.28985595703125 -25
		endloop
	endfacet
	facet normal 0 0 -1
		outer loop
			vertex 10.372227668762207 -50.28985595703125 -25
			vertex 10.372227668762207 -69.91014099121094 -25
			vertex 10.256470680236816 -69.99427032470703 -25
		endloop
	endfacet
	facet normal 0 0 -1
		outer loop
			vertex 10.372227668762207 -50.28985595703125 -25
			vertex 10.256470680236816 -69.99427032470703 -25
			vertex 10.256470680236816 -50.205726623535156 -25
		endloop
	endfacet
	facet normal 0 0 -1
		outer loop
			vertex 10.256470680236816 -50.205726623535156 -25
			vertex 10.256470680236816 -69.99427032470703 -25
			vertex 10.146536827087402 -70.08919525146484 -25
		endloop
	endfacet
	facet normal 0 0 -1
		outer loop
			vertex 10.256470680236816 -50.205726623535156 -25
			vertex 10.146536827087402 -70.08919525146484 -25
			vertex 10.146536827087402 -50.11080551147461 -25
		endloop
	endfacet
	facet normal 0 0 -1
		outer loop
			vertex 10.146536827087402 -50.11080551147461 -25
			vertex 10.146536827087402 -70.08919525146484 -25
			vertex 10.043521881103516 -70.19351959228516 -25
		endloop
	endfacet
	facet normal 0 0 -1
		outer loop
			vertex 10.146536827087402 -50.11080551147461 -25
			vertex 10.043521881103516 -70.19351959228516 -25
			vertex 10.043521881103516 -50.00647735595703 -25
		endloop
	endfacet
	facet normal 0 0 -1
		outer loop
			vertex 10.043521881103516 -50.00647735595703 -25
			vertex 10.043521881103516 -70.19351959228516 -25
			vertex 9.948521614074707 -70.30586242675781 -25
		endloop
	endfacet
	facet normal 0 0 -1
		outer loop
			vertex 10.043521881103516 -50.00647735595703 -25
			vertex 9.948521614074707 -70.30586242675781 -25
			vertex 9.948521614074707 -49.89413833618164 -25
		endloop
	endfacet
	facet normal 0 0 -1
		outer loop
			vertex 9.948521614074707 -49.89413833618164 -25
			vertex 9.948521614074707 -70.30586242675781 -25
			vertex 9.862631797790527 -70.4248275756836 -25
		endloop
	endfacet
	facet normal 0 0 -1
		outer loop
			vertex 9.948521614074707 -49.89413833618164 -25
			vertex 9.862631797790527 -70.4248275756836 -25
			vertex 9.862631797790527 -49.775169372558594 -25
		endloop
	endfacet
	facet normal 0 0 -1
		outer loop
			vertex 9.862631797790527 -49.775169372558594 -25
			vertex 9.862631797790527 -70.4248275756836 -25
			vertex 9.78695011138916 -70.54903411865234 -25
		endloop
	endfacet
	facet normal 0 0 -1
		outer loop
			vertex 9.862631797790527 -49.775169372558594 -25
			vertex 9.78695011138916 -70.54903411865234 -25
			vertex 9.78695011138916 -49.65096664428711 -25
		endloop
	endfacet
	facet normal 0 0 -1
		outer loop
			vertex 9.78695011138916 -49.65096664428711 -25
			vertex 9.78695011138916 -70.54903411865234 -25
			vertex 9.722570419311523 -70.67708587646484 -25
		endloop
	endfacet
	facet normal 0 0 -1
		outer loop
			vertex 9.78695011138916 -49.65096664428711 -25
			vertex 9.722570419311523 -70.67708587646484 -25
			vertex 9.722570419311523 -49.52291488647461 -25
		endloop
	endfacet
	facet normal 0 0 -1
		outer loop
			vertex 9.722570419311523 -49.52291488647461 -25
			vertex 9.722570419311523 -70.67708587646484 -25
			vertex -9.600000381469727 -40.099998474121094 -25
		endloop
	endfacet
	facet normal 0 0 -1
		outer loop
			vertex 9.722570419311523 -49.52291488647461 -25
			vertex -9.600000381469727 -40.099998474121094 -25
			vertex 9.670589447021484 -49.39240264892578 -25
		endloop
	endfacet
	facet normal 0 0 -1
		outer loop
			vertex 9.670589447021484 -49.39240264892578 -25
			vertex -9.600000381469727 -40.099998474121094 -25
			vertex 9.63210391998291 -49.26081848144531 -25
		endloop
	endfacet
	facet normal 0 0 -1
		outer loop
			vertex 9.63210391998291 -49.26081848144531 -25
			vertex -9.600000381469727 -40.099998474121094 -25
			vertex 9.608208656311035 -49.129554748535156 -25
		endloop
	endfacet
	facet normal 0 0 -1
		outer loop
			vertex 9.608208656311035 -49.129554748535156 -25
			vertex -9.600000381469727 -40.099998474121094 -25
			vertex 9.600000381469727 -49 -25
		endloop
	endfacet
	facet normal 0 0 -1
		outer loop
			vertex 9.600000381469727 -49 -25
			vertex -9.600000381469727 -40.099998474121094 -25
			vertex 9.600000381469727 -40.099998474121094 -25
		endloop
	endfacet
	facet normal 0 0 -1
		outer loop
			vertex -9.600000381469727 -40.099998474121094 -25
			vertex 9.722570419311523 -70.67708587646484 -25
			vertex -9.600000381469727 -80.0999984741211 -25
		endloop
	endfacet
	facet normal 0 0 -1
		outer loop
			vertex -9.600000381469727 -80.0999984741211 -25
			vertex 9.722570419311523 -70.67708587646484 -25
			vertex 9.670589447021484 -70.80760192871094 -25
		endloop
	endfacet
	facet normal 0 0 -1
		outer loop
			vertex -9.600000381469727 -80.0999984741211 -25
			vertex 9.670589447021484 -70.80760192871094 -25
			vertex 9.63210391998291 -70.93917846679688 -25
		endloop
	endfacet
	facet normal 0 0 -1
		outer loop
			vertex 9.63210391998291 -70.93917846679688 -25
			vertex 9.608208656311035 -71.07044219970703 -25
			vertex -9.600000381469727 -80.0999984741211 -25
		endloop
	endfacet
	facet normal 0 0 -1
		outer loop
			vertex -9.600000381469727 -80.0999984741211 -25
			vertex 9.608208656311035 -71.07044219970703 -25
			vertex 9.600000381469727 -71.19999694824219 -25
		endloop
	endfacet
	facet normal 0 0 -1
		outer loop
			vertex -9.600000381469727 -80.0999984741211 -25
			vertex 9.600000381469727 -71.19999694824219 -25
			vertex 9.600000381469727 -80.0999984741211 -25
		endloop
	endfacet
	facet normal 0.7071067811865476 0 -0.7071067811865476
		outer loop
			vertex 9.600000381469727 -49 -25
			vertex 9.600000381469727 -40.099998474121094 -25
			vertex 9.850000381469727 -49 -24.75
		endloop
	endfacet
	facet normal 0.7071067811865476 0 -0.7071067811865476
		outer loop
			vertex 9.850000381469727 -49 -24.75
			vertex 9.600000381469727 -40.099998474121094 -25
			vertex 10.100000381469727 -40.099998474121094 -24.5
		endloop
	endfacet
	facet normal 0.7071067811865476 0 -0.7071067811865476
		outer loop
			vertex 9.850000381469727 -49 -24.75
			vertex 10.100000381469727 -40.099998474121094 -24.5
			vertex 9.975000381469727 -49 -24.625
		endloop
	endfacet
	facet normal 0.7071067811865476 0 -0.7071067811865476
		outer loop
			vertex 9.975000381469727 -49 -24.625
			vertex 10.100000381469727 -40.099998474121094 -24.5
			vertex 10.100000381469727 -49 -24.5
		endloop
	endfacet
	facet normal 1 0 0
		outer loop
			vertex 10.100000381469727 -40.099998474121094 -24.5
			vertex 10.100000381469727 -40.099998474121094 -18.941421508789062
			vertex 10.100000381469727 -49 -24.5
		endloop
	endfacet
	facet normal 1 0 0
		outer loop
			vertex 10.100000381469727 -49 -24.5
			vertex 10.100000381469727 -40.099998474121094 -18.941421508789062
			vertex 10.100000381469727 -49 -18.941421508789062
		endloop
	endfacet
	facet normal 0 0.7071067811865476 0.7071067811865476
		outer loop
			vertex 19.899999618530273 -68.19999694824219 -18.941421508789062
			vertex 19.899999618530273 -67.19999694824219 -19.941421508789062
			vertex 8.100000381469727 -68.19999694824219 -18.941421508789062
		endloop
	endfacet
	facet normal 0 0.7071067811865476 0.7071067811865476
		outer loop
			vertex 8.100000381469727 -68.19999694824219 -18.941421508789062
			vertex 19.899999618530273 -67.19999694824219 -19.941421508789062
			vertex 7.099999904632568 -67.19999694824219 -19.941421508789062
		endloop
	endfacet
	facet normal 0 0.7071067811865476 -0.7071067811865476
		outer loop
			vertex 19.899999618530273 -68.19999694824219 -21.858577728271484
			vertex 8.100000381469727 -68.19999694824219 -21.858577728271484
			vertex 19.899999618530273 -67.19999694824219 -20.858577728271484
		endloop
	endfacet
	facet normal 0 0.7071067811865476 -0.7071067811865476
		outer loop
			vertex 19.899999618530273 -67.19999694824219 -20.858577728271484
			vertex 8.100000381469727 -68.19999694824219 -21.858577728271484
			vertex 7.099999904632568 -67.19999694824219 -20.858577728271484
		endloop
	endfacet
	facet normal 0 1 0
		outer loop
			vertex 19.899999618530273 -67.19999694824219 -19.941421508789062
			vertex 19.899999618530273 -67.19999694824219 -20.858577728271484
			vertex 7.099999904632568 -67.19999694824219 -19.941421508789062
		endloop
	endfacet
	facet normal 0 1 0
		outer loop
			vertex 7.099999904632568 -67.19999694824219 -19.941421508789062
			vertex 19.899999618530273 -67.19999694824219 -20.858577728271484
			vertex 7.099999904632568 -67.19999694824219 -20.858577728271484
		endloop
	endfacet
	facet normal -1 0 0
		outer loop
			vertex 8.100000381469727 -40.099998474121094 -21.858577728271484
			vertex 8.100000381469727 -40.099998474121094 -23
			vertex 8.100000381469727 -52 -21.858577728271484
		endloop
	endfacet
	facet normal -1 0 0
		outer loop
			vertex 8.100000381469727 -52 -21.858577728271484
			vertex 8.100000381469727 -40.099998474121094 -23
			vertex 8.100000381469727 -52 -23
		endloop
	endfacet
	facet normal -0.7071066125991736 0 -0.7071069497738812
		outer loop
			vertex 8.100000381469727 -40.099998474121094 -21.858577728271484
			vertex 8.100000381469727 -52 -21.858577728271484
			vertex 7.099999904632568 -40.099998474121094 -20.858577728271484
		endloop
	endfacet
	facet normal -0.7071066125991736 0 -0.7071069497738813
		outer loop
			vertex 7.099999904632568 -40.099998474121094 -20.858577728271484
			vertex 8.100000381469727 -52 -21.858577728271484
			vertex 7.099999904632568 -53 -20.858577728271484
		endloop
	endfacet
	facet normal -0.7071066125991736 0 0.7071069497738812
		outer loop
			vertex 8.100000381469727 -40.099998474121094 -18.941421508789062
			vertex 7.099999904632568 -40.099998474121094 -19.941421508789062
			vertex 8.100000381469727 -52 -18.941421508789062
		endloop
	endfacet
	facet normal -0.7071066125991736 0 0.7071069497738813
		outer loop
			vertex 8.100000381469727 -52 -18.941421508789062
			vertex 7.099999904632568 -40.099998474121094 -19.941421508789062
			vertex 7.099999904632568 -53 -19.941421508789062
		endloop
	endfacet
	facet normal -1 0 0
		outer loop
			vertex 7.099999904632568 -40.099998474121094 -19.941421508789062
			vertex 7.099999904632568 -40.099998474121094 -20.858577728271484
			vertex 7.099999904632568 -53 -19.941421508789062
		endloop
	endfacet
	facet normal -1 0 0
		outer loop
			vertex 7.099999904632568 -53 -19.941421508789062
			vertex 7.099999904632568 -40.099998474121094 -20.858577728271484
			vertex 7.099999904632568 -53 -20.858577728271484
		endloop
	endfacet
	facet normal 0.7071066125991736 0 -0.7071069497738813
		outer loop
			vertex -7.099999904632568 -80.0999984741211 -20.858577728271484
			vertex -8.100000381469727 -80.0999984741211 -21.858577728271484
			vertex -7.099999904632568 -40.099998474121094 -20.858577728271484
		endloop
	endfacet
	facet normal 0.7071066125991736 0 -0.7071069497738813
		outer loop
			vertex -7.099999904632568 -40.099998474121094 -20.858577728271484
			vertex -8.100000381469727 -80.0999984741211 -21.858577728271484
			vertex -8.100000381469727 -40.099998474121094 -21.858577728271484
		endloop
	endfacet
	facet normal 0.7071067811865476 0 -0.7071067811865476
		outer loop
			vertex 9.600000381469727 -80.0999984741211 -25
			vertex 9.850000381469727 -71.19999694824219 -24.75
			vertex 10.100000381469727 -80.0999984741211 -24.5
		endloop
	endfacet
	facet normal 0.7071067811865476 0 -0.7071067811865476
		outer loop
			vertex 10.100000381469727 -80.0999984741211 -24.5
			vertex 9.850000381469727 -71.19999694824219 -24.75
			vertex 9.975000381469727 -71.19999694824219 -24.625
		endloop
	endfacet
	facet normal 0.7071067811865476 0 -0.7071067811865476
		outer loop
			vertex 10.100000381469727 -80.0999984741211 -24.5
			vertex 9.975000381469727 -71.19999694824219 -24.625
			vertex 10.100000381469727 -71.19999694824219 -24.5
		endloop
	endfacet
	facet normal 0.7071067811865476 0 -0.7071067811865476
		outer loop
			vertex 9.600000381469727 -80.0999984741211 -25
			vertex 9.600000381469727 -71.19999694824219 -25
			vertex 9.850000381469727 -71.19999694824219 -24.75
		endloop
	endfacet
	facet normal 0.07489322157444478 -0.9971914724477653 0.0004154992886498246
		outer loop
			vertex 10.915989875793457 -70.20630645751953 -24.5
			vertex 11 -70.19999694824219 -24.5
			vertex 10.936836242675781 -70.20358276367188 -21.72071075439453
		endloop
	endfacet
	facet normal 0.056678881055754346 -0.9983924601289154 0
		outer loop
			vertex 10.936836242675781 -70.20358276367188 -21.72071075439453
			vertex 11 -70.19999694824219 -24.5
			vertex 11 -70.19999694824219 -18.941421508789062
		endloop
	endfacet
	facet normal 0.07489322157444478 -0.9971914724477653 -0.0004154992886498246
		outer loop
			vertex 10.936836242675781 -70.20358276367188 -21.72071075439453
			vertex 11 -70.19999694824219 -18.941421508789062
			vertex 10.915989875793457 -70.20630645751953 -18.941421508789062
		endloop
	endfacet
	facet normal 0.16421714738553606 -0.9864241776538859 0.0002650366240494906
		outer loop
			vertex 10.936836242675781 -70.20358276367188 -21.72071075439453
			vertex 10.915989875793457 -70.20630645751953 -18.941421508789062
			vertex 10.873913764953613 -70.21405792236328 -21.72071075439453
		endloop
	endfacet
	facet normal 0.2139756107705489 -0.9768388673532956 -0.0005149983506648027
		outer loop
			vertex 10.873913764953613 -70.21405792236328 -21.72071075439453
			vertex 10.915989875793457 -70.20630645751953 -18.941421508789062
			vertex 10.832572937011719 -70.22457885742188 -18.941421508789062
		endloop
	endfacet
	facet normal 0.26228616899346097 -0.9649901055579256 0.0002484553028184175
		outer loop
			vertex 10.873913764953613 -70.21405792236328 -21.72071075439453
			vertex 10.832572937011719 -70.22457885742188 -18.941421508789062
			vertex 10.811514854431152 -70.23101806640625 -21.72071075439453
		endloop
	endfacet
	facet normal 0.33564637037244777 -0.9419879956621589 -0.0003606718595101946
		outer loop
			vertex 10.811514854431152 -70.23101806640625 -21.72071075439453
			vertex 10.832572937011719 -70.22457885742188 -18.941421508789062
			vertex 10.750415802001953 -70.25385284423828 -18.941421508789062
		endloop
	endfacet
	facet normal 0.350083337060411 -0.9367185581126526 0
		outer loop
			vertex 10.811514854431152 -70.23101806640625 -21.72071075439453
			vertex 10.750415802001953 -70.25385284423828 -18.941421508789062
			vertex 10.750415802001953 -70.25385284423828 -21.72071075439453
		endloop
	endfacet
	facet normal 0.42846769309231164 -0.903557101668817 0
		outer loop
			vertex 10.750415802001953 -70.25385284423828 -21.72071075439453
			vertex 10.750415802001953 -70.25385284423828 -18.941421508789062
			vertex 10.689422607421875 -70.28277587890625 -21.72071075439453
		endloop
	endfacet
	facet normal 0.42846769309231164 -0.903557101668817 0
		outer loop
			vertex 10.750415802001953 -70.25385284423828 -21.72071075439453
			vertex 10.689422607421875 -70.28277587890625 -21.72071075439453
			vertex 10.750415802001953 -70.25385284423828 -24.5
		endloop
	endfacet
	facet normal 0.44015550786116375 -0.8979215052463556 0.00031514377731607055
		outer loop
			vertex 10.750415802001953 -70.25385284423828 -24.5
			vertex 10.689422607421875 -70.28277587890625 -21.72071075439453
			vertex 10.670183181762695 -70.29318237304688 -24.5
		endloop
	endfacet
	facet normal 0.4982758910193809 -0.867018509179744 -0.00020290040999803202
		outer loop
			vertex 10.670183181762695 -70.29318237304688 -24.5
			vertex 10.689422607421875 -70.28277587890625 -21.72071075439453
			vertex 10.630293846130371 -70.31675720214844 -21.72071075439453
		endloop
	endfacet
	facet normal 0.5292004823562169 -0.8484967242316119 0.00039804795137763494
		outer loop
			vertex 10.670183181762695 -70.29318237304688 -24.5
			vertex 10.630293846130371 -70.31675720214844 -21.72071075439453
			vertex 10.59254264831543 -70.34160614013672 -24.5
		endloop
	endfacet
	facet normal 0.5878954859778456 -0.8089365430605515 -0.000752906446856217
		outer loop
			vertex 10.59254264831543 -70.34160614013672 -24.5
			vertex 10.630293846130371 -70.31675720214844 -21.72071075439453
			vertex 10.51728343963623 -70.39888763427734 -21.72071075439453
		endloop
	endfacet
	facet normal 0.6052581837202001 -0.7960292273276799 -0.000016727862211035808
		outer loop
			vertex 10.59254264831543 -70.34160614013672 -24.5
			vertex 10.51728343963623 -70.39888763427734 -21.72071075439453
			vertex 10.518159866333008 -70.39816284179688 -24.5
		endloop
	endfacet
	facet normal 0.6707939830205479 -0.7416437365845224 0.000018121162226364982
		outer loop
			vertex 10.518159866333008 -70.39816284179688 -24.5
			vertex 10.51728343963623 -70.39888763427734 -21.72071075439453
			vertex 10.447700500488281 -70.4618911743164 -24.5
		endloop
	endfacet
	facet normal 0.6789985685225353 -0.7341395073192497 -0.0003574036898004964
		outer loop
			vertex 10.447700500488281 -70.4618911743164 -24.5
			vertex 10.51728343963623 -70.39888763427734 -21.72071075439453
			vertex 10.43006706237793 -70.47955322265625 -21.72071075439453
		endloop
	endfacet
	facet normal 0.7279577561642435 -0.6856219343299398 0.0002615453913008074
		outer loop
			vertex 10.447700500488281 -70.4618911743164 -24.5
			vertex 10.43006706237793 -70.47955322265625 -21.72071075439453
			vertex 10.381829261779785 -70.53182983398438 -24.5
		endloop
	endfacet
	facet normal 0.748110231363898 -0.6635742828002924 -0.0005029261703809416
		outer loop
			vertex 10.381829261779785 -70.53182983398438 -24.5
			vertex 10.43006706237793 -70.47955322265625 -21.72071075439453
			vertex 10.350274085998535 -70.56951141357422 -21.72071075439453
		endloop
	endfacet
	facet normal 0.7785485445367465 -0.6275843007078311 0.0003306127284476401
		outer loop
			vertex 10.381829261779785 -70.53182983398438 -24.5
			vertex 10.350274085998535 -70.56951141357422 -21.72071075439453
			vertex 10.32121467590332 -70.60702514648438 -24.5
		endloop
	endfacet
	facet normal 0.8077720183436461 -0.589494806767139 -0.0004890558309646872
		outer loop
			vertex 10.32121467590332 -70.60702514648438 -24.5
			vertex 10.350274085998535 -70.56951141357422 -21.72071075439453
			vertex 10.27920150756836 -70.66690063476562 -21.72071075439453
		endloop
	endfacet
	facet normal 0.8238272831813666 -0.5668408498624454 0.0002416882895588324
		outer loop
			vertex 10.32121467590332 -70.60702514648438 -24.5
			vertex 10.27920150756836 -70.66690063476562 -21.72071075439453
			vertex 10.266520500183105 -70.68651580810547 -24.5
		endloop
	endfacet
	facet normal 0.8600057815741696 -0.510284187123339 -0.0003225381762315483
		outer loop
			vertex 10.266520500183105 -70.68651580810547 -24.5
			vertex 10.27920150756836 -70.66690063476562 -21.72071075439453
			vertex 10.218414306640625 -70.76934814453125 -21.72071075439453
		endloop
	endfacet
	facet normal 0.8647436178296494 -0.5022135755063669 0
		outer loop
			vertex 10.266520500183105 -70.68651580810547 -24.5
			vertex 10.218414306640625 -70.76934814453125 -21.72071075439453
			vertex 10.218414306640625 -70.76934814453125 -24.5
		endloop
	endfacet
	facet normal 0.9017235894719878 -0.43231304420495364 0
		outer loop
			vertex 10.218414306640625 -70.76934814453125 -24.5
			vertex 10.218414306640625 -70.76934814453125 -21.72071075439453
			vertex 10.177560806274414 -70.85456085205078 -24.5
		endloop
	endfacet
	facet normal 0.9061688673475372 -0.4229159005260118 -0.0003534577117882304
		outer loop
			vertex 10.177560806274414 -70.85456085205078 -24.5
			vertex 10.218414306640625 -70.76934814453125 -21.72071075439453
			vertex 10.168400764465332 -70.87651062011719 -21.72071075439453
		endloop
	endfacet
	facet normal 0.9347259900996062 -0.3553691718349227 0.0002741198134829599
		outer loop
			vertex 10.177560806274414 -70.85456085205078 -24.5
			vertex 10.168400764465332 -70.87651062011719 -21.72071075439453
			vertex 10.144627571105957 -70.9411849975586 -24.5
		endloop
	endfacet
	facet normal 0.9461075200656789 -0.3238522049169966 -0.0005566377373973681
		outer loop
			vertex 10.144627571105957 -70.9411849975586 -24.5
			vertex 10.168400764465332 -70.87651062011719 -21.72071075439453
			vertex 10.131264686584473 -70.98500061035156 -21.72071075439453
		endloop
	endfacet
	facet normal 0.9630668351037295 -0.26926218171121796 0.0003855170569267024
		outer loop
			vertex 10.144627571105957 -70.9411849975586 -24.5
			vertex 10.131264686584473 -70.98500061035156 -21.72071075439453
			vertex 10.120278358459473 -71.02827453613281 -24.5
		endloop
	endfacet
	facet normal 0.9778125536160692 -0.20948089575982362 -0.00060357475412908
		outer loop
			vertex 10.120278358459473 -71.02827453613281 -24.5
			vertex 10.131264686584473 -70.98500061035156 -21.72071075439453
			vertex 10.1080322265625 -71.09344482421875 -21.72071075439453
		endloop
	endfacet
	facet normal 0.985138915879075 -0.17175918697446735 0.00031322591037972824
		outer loop
			vertex 10.120278358459473 -71.02827453613281 -24.5
			vertex 10.1080322265625 -71.09344482421875 -21.72071075439453
			vertex 10.105180740356445 -71.1148681640625 -24.5
		endloop
	endfacet
	facet normal 0.99815341641114 -0.06074082897859509 -0.000555879269948608
		outer loop
			vertex 10.105180740356445 -71.1148681640625 -24.5
			vertex 10.1080322265625 -71.09344482421875 -21.72071075439453
			vertex 10.100000381469727 -71.19999694824219 -24.5
		endloop
	endfacet
	facet normal 0.9964033301807098 -0.08473645823910711 0.0003691204185700493
		outer loop
			vertex 10.100000381469727 -71.19999694824219 -24.5
			vertex 10.1080322265625 -71.09344482421875 -21.72071075439453
			vertex 10.105180740356445 -71.1148681640625 -18.941421508789062
		endloop
	endfacet
	facet normal 0.9981535706267581 -0.06074083836310887 0
		outer loop
			vertex 10.100000381469727 -71.19999694824219 -24.5
			vertex 10.105180740356445 -71.1148681640625 -18.941421508789062
			vertex 10.100000381469727 -71.19999694824219 -18.941421508789062
		endloop
	endfacet
	facet normal 0.44015550786116375 -0.8979215052463556 -0.00031514377731607055
		outer loop
			vertex 10.750415802001953 -70.25385284423828 -18.941421508789062
			vertex 10.670183181762695 -70.29318237304688 -18.941421508789062
			vertex 10.689422607421875 -70.28277587890625 -21.72071075439453
		endloop
	endfacet
	facet normal 0.4982758910193809 -0.867018509179744 0.00020290040999803202
		outer loop
			vertex 10.689422607421875 -70.28277587890625 -21.72071075439453
			vertex 10.670183181762695 -70.29318237304688 -18.941421508789062
			vertex 10.630293846130371 -70.31675720214844 -21.72071075439453
		endloop
	endfacet
	facet normal 0.5292004823562169 -0.8484967242316119 -0.00039804795137763494
		outer loop
			vertex 10.670183181762695 -70.29318237304688 -18.941421508789062
			vertex 10.59254264831543 -70.34160614013672 -18.941421508789062
			vertex 10.630293846130371 -70.31675720214844 -21.72071075439453
		endloop
	endfacet
	facet normal 0.5878954859778456 -0.8089365430605515 0.000752906446856217
		outer loop
			vertex 10.630293846130371 -70.31675720214844 -21.72071075439453
			vertex 10.59254264831543 -70.34160614013672 -18.941421508789062
			vertex 10.51728343963623 -70.39888763427734 -21.72071075439453
		endloop
	endfacet
	facet normal 0.6052581837202001 -0.7960292273276799 0.000016727862211035808
		outer loop
			vertex 10.59254264831543 -70.34160614013672 -18.941421508789062
			vertex 10.518159866333008 -70.39816284179688 -18.941421508789062
			vertex 10.51728343963623 -70.39888763427734 -21.72071075439453
		endloop
	endfacet
	facet normal 0.6707939830205479 -0.7416437365845224 -0.000018121162226364982
		outer loop
			vertex 10.51728343963623 -70.39888763427734 -21.72071075439453
			vertex 10.518159866333008 -70.39816284179688 -18.941421508789062
			vertex 10.447700500488281 -70.4618911743164 -18.941421508789062
		endloop
	endfacet
	facet normal 0.6789985685225353 -0.7341395073192497 0.0003574036898004964
		outer loop
			vertex 10.51728343963623 -70.39888763427734 -21.72071075439453
			vertex 10.447700500488281 -70.4618911743164 -18.941421508789062
			vertex 10.43006706237793 -70.47955322265625 -21.72071075439453
		endloop
	endfacet
	facet normal 0.7279577561642435 -0.6856219343299398 -0.0002615453913008074
		outer loop
			vertex 10.43006706237793 -70.47955322265625 -21.72071075439453
			vertex 10.447700500488281 -70.4618911743164 -18.941421508789062
			vertex 10.381829261779785 -70.53182983398438 -18.941421508789062
		endloop
	endfacet
	facet normal 0.748110231363898 -0.6635742828002924 0.0005029261703809416
		outer loop
			vertex 10.43006706237793 -70.47955322265625 -21.72071075439453
			vertex 10.381829261779785 -70.53182983398438 -18.941421508789062
			vertex 10.350274085998535 -70.56951141357422 -21.72071075439453
		endloop
	endfacet
	facet normal 0.7785485445367465 -0.6275843007078311 -0.0003306127284476401
		outer loop
			vertex 10.350274085998535 -70.56951141357422 -21.72071075439453
			vertex 10.381829261779785 -70.53182983398438 -18.941421508789062
			vertex 10.32121467590332 -70.60702514648438 -18.941421508789062
		endloop
	endfacet
	facet normal 0.8077720183436461 -0.589494806767139 0.0004890558309646872
		outer loop
			vertex 10.350274085998535 -70.56951141357422 -21.72071075439453
			vertex 10.32121467590332 -70.60702514648438 -18.941421508789062
			vertex 10.27920150756836 -70.66690063476562 -21.72071075439453
		endloop
	endfacet
	facet normal 0.8238272831813666 -0.5668408498624454 -0.0002416882895588324
		outer loop
			vertex 10.27920150756836 -70.66690063476562 -21.72071075439453
			vertex 10.32121467590332 -70.60702514648438 -18.941421508789062
			vertex 10.266520500183105 -70.68651580810547 -18.941421508789062
		endloop
	endfacet
	facet normal 0.8600057815741696 -0.510284187123339 0.0003225381762315483
		outer loop
			vertex 10.27920150756836 -70.66690063476562 -21.72071075439453
			vertex 10.266520500183105 -70.68651580810547 -18.941421508789062
			vertex 10.218414306640625 -70.76934814453125 -21.72071075439453
		endloop
	endfacet
	facet normal 0.8647436178296494 -0.5022135755063669 0
		outer loop
			vertex 10.218414306640625 -70.76934814453125 -21.72071075439453
			vertex 10.266520500183105 -70.68651580810547 -18.941421508789062
			vertex 10.218414306640625 -70.76934814453125 -18.941421508789062
		endloop
	endfacet
	facet normal 0.9017235894719878 -0.43231304420495364 0
		outer loop
			vertex 10.218414306640625 -70.76934814453125 -21.72071075439453
			vertex 10.218414306640625 -70.76934814453125 -18.941421508789062
			vertex 10.177560806274414 -70.85456085205078 -18.941421508789062
		endloop
	endfacet
	facet normal 0.9061688673475372 -0.4229159005260118 0.0003534577117882304
		outer loop
			vertex 10.218414306640625 -70.76934814453125 -21.72071075439453
			vertex 10.177560806274414 -70.85456085205078 -18.941421508789062
			vertex 10.168400764465332 -70.87651062011719 -21.72071075439453
		endloop
	endfacet
	facet normal 0.9347259900996062 -0.3553691718349227 -0.0002741198134829599
		outer loop
			vertex 10.168400764465332 -70.87651062011719 -21.72071075439453
			vertex 10.177560806274414 -70.85456085205078 -18.941421508789062
			vertex 10.144627571105957 -70.9411849975586 -18.941421508789062
		endloop
	endfacet
	facet normal 0.9461075200656789 -0.3238522049169966 0.0005566377373973681
		outer loop
			vertex 10.168400764465332 -70.87651062011719 -21.72071075439453
			vertex 10.144627571105957 -70.9411849975586 -18.941421508789062
			vertex 10.131264686584473 -70.98500061035156 -21.72071075439453
		endloop
	endfacet
	facet normal 0.9630668351037295 -0.26926218171121796 -0.0003855170569267024
		outer loop
			vertex 10.131264686584473 -70.98500061035156 -21.72071075439453
			vertex 10.144627571105957 -70.9411849975586 -18.941421508789062
			vertex 10.120278358459473 -71.02827453613281 -18.941421508789062
		endloop
	endfacet
	facet normal 0.9778125536160692 -0.20948089575982362 0.00060357475412908
		outer loop
			vertex 10.131264686584473 -70.98500061035156 -21.72071075439453
			vertex 10.120278358459473 -71.02827453613281 -18.941421508789062
			vertex 10.1080322265625 -71.09344482421875 -21.72071075439453
		endloop
	endfacet
	facet normal 0.985138915879075 -0.17175918697446735 -0.00031322591037972824
		outer loop
			vertex 10.1080322265625 -71.09344482421875 -21.72071075439453
			vertex 10.120278358459473 -71.02827453613281 -18.941421508789062
			vertex 10.105180740356445 -71.1148681640625 -18.941421508789062
		endloop
	endfacet
	facet normal 0.350083337060411 -0.9367185581126526 0
		outer loop
			vertex 10.750415802001953 -70.25385284423828 -21.72071075439453
			vertex 10.750415802001953 -70.25385284423828 -24.5
			vertex 10.811514854431152 -70.23101806640625 -21.72071075439453
		endloop
	endfacet
	facet normal 0.33564637037244777 -0.9419879956621589 0.0003606718595101946
		outer loop
			vertex 10.811514854431152 -70.23101806640625 -21.72071075439453
			vertex 10.750415802001953 -70.25385284423828 -24.5
			vertex 10.832572937011719 -70.22457885742188 -24.5
		endloop
	endfacet
	facet normal 0.26228616899346097 -0.9649901055579256 -0.0002484553028184175
		outer loop
			vertex 10.811514854431152 -70.23101806640625 -21.72071075439453
			vertex 10.832572937011719 -70.22457885742188 -24.5
			vertex 10.873913764953613 -70.21405792236328 -21.72071075439453
		endloop
	endfacet
	facet normal 0.2139756107705489 -0.9768388673532956 0.0005149983506648027
		outer loop
			vertex 10.873913764953613 -70.21405792236328 -21.72071075439453
			vertex 10.832572937011719 -70.22457885742188 -24.5
			vertex 10.915989875793457 -70.20630645751953 -24.5
		endloop
	endfacet
	facet normal 0.16421714738553606 -0.9864241776538859 -0.0002650366240494906
		outer loop
			vertex 10.873913764953613 -70.21405792236328 -21.72071075439453
			vertex 10.915989875793457 -70.20630645751953 -24.5
			vertex 10.936836242675781 -70.20358276367188 -21.72071075439453
		endloop
	endfacet
	facet normal 0.05165871337313925 -0.7104761282054135 -0.7018226617763754
		outer loop
			vertex 10.871566772460938 -69.70933532714844 -25
			vertex 11 -69.69999694824219 -25
			vertex 10.911486625671387 -69.82991027832031 -24.875
		endloop
	endfacet
	facet normal 0.03922091807864795 -0.7065627076152081 -0.7065627076152081
		outer loop
			vertex 10.911486625671387 -69.82991027832031 -24.875
			vertex 11 -69.69999694824219 -25
			vertex 11 -69.82499694824219 -24.875
		endloop
	endfacet
	facet normal 0.03922091807864795 -0.7065627076152081 -0.7065627076152081
		outer loop
			vertex 10.911486625671387 -69.82991027832031 -24.875
			vertex 11 -69.82499694824219 -24.875
			vertex 11 -69.94999694824219 -24.75
		endloop
	endfacet
	facet normal 0.039476788702553285 -0.7064630257634524 -0.7066481277006836
		outer loop
			vertex 10.911486625671387 -69.82991027832031 -24.875
			vertex 11 -69.94999694824219 -24.75
			vertex 10.919855117797852 -69.95447540283203 -24.75
		endloop
	endfacet
	facet normal 0.03948195267978255 -0.7065554385229058 -0.7065554385229058
		outer loop
			vertex 10.919855117797852 -69.95447540283203 -24.75
			vertex 11 -69.94999694824219 -24.75
			vertex 11 -70.07499694824219 -24.625
		endloop
	endfacet
	facet normal 0.03979803192713677 -0.7064432256915317 -0.7066499030844554
		outer loop
			vertex 10.919855117797852 -69.95447540283203 -24.75
			vertex 11 -70.07499694824219 -24.625
			vertex 10.928223609924316 -70.07904052734375 -24.625
		endloop
	endfacet
	facet normal 0.03980384479566687 -0.7065464082208198 -0.7065464082208198
		outer loop
			vertex 10.928223609924316 -70.07904052734375 -24.625
			vertex 11 -70.07499694824219 -24.625
			vertex 11 -70.19999694824219 -24.5
		endloop
	endfacet
	facet normal 0.052747731914869284 -0.7023277587836684 -0.7098967502529833
		outer loop
			vertex 10.928223609924316 -70.07904052734375 -24.625
			vertex 11 -70.19999694824219 -24.5
			vertex 10.915989875793457 -70.20630645751953 -24.5
		endloop
	endfacet
	facet normal 0.11591538167179458 -0.7016526316857443 -0.7030271749657702
		outer loop
			vertex 10.928223609924316 -70.07904052734375 -24.625
			vertex 10.915989875793457 -70.20630645751953 -24.5
			vertex 10.85664176940918 -70.09086608886719 -24.625
		endloop
	endfacet
	facet normal 0.15102203829664756 -0.6894439805725191 -0.7084203142210461
		outer loop
			vertex 10.85664176940918 -70.09086608886719 -24.625
			vertex 10.915989875793457 -70.20630645751953 -24.5
			vertex 10.832572937011719 -70.22457885742188 -24.5
		endloop
	endfacet
	facet normal 0.18559534879185113 -0.6886622633358189 -0.700926995887602
		outer loop
			vertex 10.85664176940918 -70.09086608886719 -24.625
			vertex 10.832572937011719 -70.22457885742188 -24.5
			vertex 10.785585403442383 -70.11001586914062 -24.625
		endloop
	endfacet
	facet normal 0.23858648446107794 -0.6695904503307577 -0.703366986898274
		outer loop
			vertex 10.785585403442383 -70.11001586914062 -24.625
			vertex 10.832572937011719 -70.22457885742188 -24.5
			vertex 10.750415802001953 -70.25385284423828 -24.5
		endloop
	endfacet
	facet normal 0.2480493369719326 -0.669296759377933 -0.7003665999417605
		outer loop
			vertex 10.785585403442383 -70.11001586914062 -24.625
			vertex 10.750415802001953 -70.25385284423828 -24.5
			vertex 10.715387344360352 -70.13603210449219 -24.625
		endloop
	endfacet
	facet normal 0.30485154325682884 -0.6489395392598517 -0.6970961274882693
		outer loop
			vertex 10.715387344360352 -70.13603210449219 -24.625
			vertex 10.750415802001953 -70.25385284423828 -24.5
			vertex 10.646380424499512 -70.16844940185547 -24.625
		endloop
	endfacet
	facet normal 0.30448759350683113 -0.6481647969687219 -0.6979754303490305
		outer loop
			vertex 10.715387344360352 -70.13603210449219 -24.625
			vertex 10.646380424499512 -70.16844940185547 -24.625
			vertex 10.604494094848633 -70.05352020263672 -24.75
		endloop
	endfacet
	facet normal 0.35246324271090035 -0.6270721427379468 -0.6946583263301154
		outer loop
			vertex 10.604494094848633 -70.05352020263672 -24.75
			vertex 10.646380424499512 -70.16844940185547 -24.625
			vertex 10.528848648071289 -70.09603881835938 -24.75
		endloop
	endfacet
	facet normal 0.3519187890676466 -0.6261034978657306 -0.6958071398465658
		outer loop
			vertex 10.604494094848633 -70.05352020263672 -24.75
			vertex 10.528848648071289 -70.09603881835938 -24.75
			vertex 10.478802680969238 -69.9852523803711 -24.875
		endloop
	endfacet
	facet normal 0.3947956177694698 -0.6034005553635746 -0.6928522136624465
		outer loop
			vertex 10.478802680969238 -69.9852523803711 -24.875
			vertex 10.528848648071289 -70.09603881835938 -24.75
			vertex 10.397212982177734 -70.03863525390625 -24.875
		endloop
	endfacet
	facet normal 0.39306802426154347 -0.6007601236181189 -0.696121255366814
		outer loop
			vertex 10.478802680969238 -69.9852523803711 -24.875
			vertex 10.397212982177734 -70.03863525390625 -24.875
			vertex 10.372227668762207 -69.91014099121094 -25
		endloop
	endfacet
	facet normal 0.42643498995148266 -0.5867493320974763 -0.6883882775209385
		outer loop
			vertex 10.372227668762207 -69.91014099121094 -25
			vertex 10.397212982177734 -70.03863525390625 -24.875
			vertex 10.256470680236816 -69.99427032470703 -25
		endloop
	endfacet
	facet normal 0.43401851665192404 -0.5756642034021114 -0.69299253396027
		outer loop
			vertex 10.256470680236816 -69.99427032470703 -25
			vertex 10.397212982177734 -70.03863525390625 -24.875
			vertex 10.318262100219727 -70.09815979003906 -24.875
		endloop
	endfacet
	facet normal 0.473319451713626 -0.5481577165732652 -0.6895591449547286
		outer loop
			vertex 10.256470680236816 -69.99427032470703 -25
			vertex 10.318262100219727 -70.09815979003906 -24.875
			vertex 10.146536827087402 -70.08919525146484 -25
		endloop
	endfacet
	facet normal 0.4785130206641606 -0.5356250641716558 -0.6957952857600935
		outer loop
			vertex 10.146536827087402 -70.08919525146484 -25
			vertex 10.318262100219727 -70.09815979003906 -24.875
			vertex 10.194816589355469 -70.20844268798828 -24.875
		endloop
	endfacet
	facet normal 0.5171369655524621 -0.5106462801851269 -0.6868840771136602
		outer loop
			vertex 10.146536827087402 -70.08919525146484 -25
			vertex 10.194816589355469 -70.20844268798828 -24.875
			vertex 10.043521881103516 -70.19351959228516 -25
		endloop
	endfacet
	facet normal 0.5278916414735911 -0.48545775317202405 -0.696893955166414
		outer loop
			vertex 10.043521881103516 -70.19351959228516 -25
			vertex 10.194816589355469 -70.20844268798828 -24.875
			vertex 10.081632614135742 -70.3315200805664 -24.875
		endloop
	endfacet
	facet normal 0.5547960699400406 -0.4691511927595683 -0.6870942286989172
		outer loop
			vertex 10.043521881103516 -70.19351959228516 -25
			vertex 10.081632614135742 -70.3315200805664 -24.875
			vertex 9.948521614074707 -70.30586242675781 -25
		endloop
	endfacet
	facet normal 0.5714248773934042 -0.4326905318032026 -0.6973180860868267
		outer loop
			vertex 9.948521614074707 -70.30586242675781 -25
			vertex 10.081632614135742 -70.3315200805664 -24.875
			vertex 9.980620384216309 -70.46492004394531 -24.875
		endloop
	endfacet
	facet normal 0.5869179370555763 -0.4237398451797225 -0.6899071522817339
		outer loop
			vertex 9.948521614074707 -70.30586242675781 -25
			vertex 9.980620384216309 -70.46492004394531 -24.875
			vertex 9.862631797790527 -70.4248275756836 -25
		endloop
	endfacet
	facet normal 0.610682460871332 -0.37587056823508846 -0.6969851131256433
		outer loop
			vertex 9.862631797790527 -70.4248275756836 -25
			vertex 9.980620384216309 -70.46492004394531 -24.875
			vertex 9.893691062927246 -70.60615539550781 -24.875
		endloop
	endfacet
	facet normal 0.6138860844536607 -0.37405383822230964 -0.6951457411401664
		outer loop
			vertex 9.862631797790527 -70.4248275756836 -25
			vertex 9.893691062927246 -70.60615539550781 -24.875
			vertex 9.78695011138916 -70.54903411865234 -25
		endloop
	endfacet
	facet normal 0.641880395891326 -0.32271374438033057 -0.6955899629511781
		outer loop
			vertex 9.78695011138916 -70.54903411865234 -25
			vertex 9.893691062927246 -70.60615539550781 -24.875
			vertex 9.722570419311523 -70.67708587646484 -25
		endloop
	endfacet
	facet normal 0.6412581672062654 -0.3102798855856034 -0.7017936702423628
		outer loop
			vertex 9.722570419311523 -70.67708587646484 -25
			vertex 9.893691062927246 -70.60615539550781 -24.875
			vertex 9.82275390625 -70.75276184082031 -24.875
		endloop
	endfacet
	facet normal 0.6673187273357277 -0.2657747892102734 -0.6957366438295884
		outer loop
			vertex 9.722570419311523 -70.67708587646484 -25
			vertex 9.82275390625 -70.75276184082031 -24.875
			vertex 9.670589447021484 -70.80760192871094 -25
		endloop
	endfacet
	facet normal 0.6671062330467487 -0.2584183139451946 -0.6987054092018323
		outer loop
			vertex 9.670589447021484 -70.80760192871094 -25
			vertex 9.82275390625 -70.75276184082031 -24.875
			vertex 9.793879508972168 -70.82730102539062 -24.875
		endloop
	endfacet
	facet normal 0.6773608882476351 -0.21833753285292826 -0.7025033443479621
		outer loop
			vertex 9.670589447021484 -70.80760192871094 -25
			vertex 9.793879508972168 -70.82730102539062 -24.875
			vertex 9.769720077514648 -70.90225219726562 -24.875
		endloop
	endfacet
	facet normal 0.6784984151754028 -0.2187041982853023 -0.7012905063216314
		outer loop
			vertex 9.769720077514648 -70.90225219726562 -24.875
			vertex 9.793879508972168 -70.82730102539062 -24.875
			vertex 9.911906242370605 -70.8619613647461 -24.75
		endloop
	endfacet
	facet normal 0.6784861866551203 -0.216582255198527 -0.7019605553386268
		outer loop
			vertex 9.769720077514648 -70.90225219726562 -24.875
			vertex 9.911906242370605 -70.8619613647461 -24.75
			vertex 9.89018726348877 -70.93000030517578 -24.75
		endloop
	endfacet
	facet normal 0.6790976003747583 -0.21677742698663865 -0.7013087738751723
		outer loop
			vertex 9.89018726348877 -70.93000030517578 -24.75
			vertex 9.911906242370605 -70.8619613647461 -24.75
			vertex 10.029932975769043 -70.89661407470703 -24.625
		endloop
	endfacet
	facet normal 0.6791483190152742 -0.21413002434138306 -0.7020725699343952
		outer loop
			vertex 9.89018726348877 -70.93000030517578 -24.75
			vertex 10.029932975769043 -70.89661407470703 -24.625
			vertex 10.010655403137207 -70.95775604248047 -24.625
		endloop
	endfacet
	facet normal 0.6803717649981205 -0.2145157670587723 -0.7007690397531336
		outer loop
			vertex 10.010655403137207 -70.95775604248047 -24.625
			vertex 10.029932975769043 -70.89661407470703 -24.625
			vertex 10.144627571105957 -70.9411849975586 -24.5
		endloop
	endfacet
	facet normal 0.6821847199021823 -0.19073083955916031 -0.7058652525610245
		outer loop
			vertex 10.010655403137207 -70.95775604248047 -24.625
			vertex 10.144627571105957 -70.9411849975586 -24.5
			vertex 10.120278358459473 -71.02827453613281 -24.5
		endloop
	endfacet
	facet normal 0.3143932224518697 -0.6413652232026138 -0.6998625237449072
		outer loop
			vertex 10.750415802001953 -70.25385284423828 -24.5
			vertex 10.670183181762695 -70.29318237304688 -24.5
			vertex 10.646380424499512 -70.16844940185547 -24.625
		endloop
	endfacet
	facet normal 0.35631774943591527 -0.6266021178201567 -0.6931143104713817
		outer loop
			vertex 10.646380424499512 -70.16844940185547 -24.625
			vertex 10.670183181762695 -70.29318237304688 -24.5
			vertex 10.57889461517334 -70.20682525634766 -24.625
		endloop
	endfacet
	facet normal 0.35511049379104936 -0.6244790999659497 -0.695645305385722
		outer loop
			vertex 10.646380424499512 -70.16844940185547 -24.625
			vertex 10.57889461517334 -70.20682525634766 -24.625
			vertex 10.528848648071289 -70.09603881835938 -24.75
		endloop
	endfacet
	facet normal 0.39755698339394924 -0.6018718288138508 -0.6926028780152259
		outer loop
			vertex 10.528848648071289 -70.09603881835938 -24.75
			vertex 10.57889461517334 -70.20682525634766 -24.625
			vertex 10.455238342285156 -70.14466094970703 -24.75
		endloop
	endfacet
	facet normal 0.3968814586504265 -0.6008491343831756 -0.6938770968193854
		outer loop
			vertex 10.528848648071289 -70.09603881835938 -24.75
			vertex 10.455238342285156 -70.14466094970703 -24.75
			vertex 10.397212982177734 -70.03863525390625 -24.875
		endloop
	endfacet
	facet normal 0.4349935071027418 -0.5769573903968146 -0.6913037092660177
		outer loop
			vertex 10.397212982177734 -70.03863525390625 -24.875
			vertex 10.455238342285156 -70.14466094970703 -24.75
			vertex 10.318262100219727 -70.09815979003906 -24.875
		endloop
	endfacet
	facet normal 0.3793492638569082 -0.6082318865038328 -0.6972432202977744
		outer loop
			vertex 10.670183181762695 -70.29318237304688 -24.5
			vertex 10.59254264831543 -70.34160614013672 -24.5
			vertex 10.57889461517334 -70.20682525634766 -24.625
		endloop
	endfacet
	facet normal 0.4014099819709386 -0.6006312432439566 -0.6914565322659912
		outer loop
			vertex 10.57889461517334 -70.20682525634766 -24.625
			vertex 10.59254264831543 -70.34160614013672 -24.5
			vertex 10.513264656066895 -70.25068664550781 -24.625
		endloop
	endfacet
	facet normal 0.40020676412894624 -0.5988308639290708 -0.6937118583038643
		outer loop
			vertex 10.57889461517334 -70.20682525634766 -24.625
			vertex 10.513264656066895 -70.25068664550781 -24.625
			vertex 10.455238342285156 -70.14466094970703 -24.75
		endloop
	endfacet
	facet normal 0.437897132779605 -0.575063510548505 -0.6910485221307042
		outer loop
			vertex 10.455238342285156 -70.14466094970703 -24.75
			vertex 10.513264656066895 -70.25068664550781 -24.625
			vertex 10.384041786193848 -70.1988754272461 -24.75
		endloop
	endfacet
	facet normal 0.4370709747552559 -0.5739785677658604 -0.6924720693081723
		outer loop
			vertex 10.455238342285156 -70.14466094970703 -24.75
			vertex 10.384041786193848 -70.1988754272461 -24.75
			vertex 10.318262100219727 -70.09815979003906 -24.875
		endloop
	endfacet
	facet normal 0.4826638039052204 -0.5402712565297435 -0.6893058985439737
		outer loop
			vertex 10.318262100219727 -70.09815979003906 -24.875
			vertex 10.384041786193848 -70.1988754272461 -24.75
			vertex 10.194816589355469 -70.20844268798828 -24.875
		endloop
	endfacet
	facet normal 0.4360008637135349 -0.5734237718568878 -0.6936053811141257
		outer loop
			vertex 10.59254264831543 -70.34160614013672 -24.5
			vertex 10.518159866333008 -70.39816284179688 -24.5
			vertex 10.513264656066895 -70.25068664550781 -24.625
		endloop
	endfacet
	facet normal 0.440727815102048 -0.571840729826489 -0.6919228083441702
		outer loop
			vertex 10.513264656066895 -70.25068664550781 -24.625
			vertex 10.518159866333008 -70.39816284179688 -24.5
			vertex 10.449821472167969 -70.2995834350586 -24.625
		endloop
	endfacet
	facet normal 0.4405094548410901 -0.5715574091766172 -0.6922958530938336
		outer loop
			vertex 10.513264656066895 -70.25068664550781 -24.625
			vertex 10.449821472167969 -70.2995834350586 -24.625
			vertex 10.384041786193848 -70.1988754272461 -24.75
		endloop
	endfacet
	facet normal 0.4855458515282208 -0.5380620997363501 -0.6890097262673767
		outer loop
			vertex 10.384041786193848 -70.1988754272461 -24.75
			vertex 10.449821472167969 -70.2995834350586 -24.625
			vertex 10.27277946472168 -70.29927825927734 -24.75
		endloop
	endfacet
	facet normal 0.4839330414874813 -0.536274849460676 -0.6915331497423712
		outer loop
			vertex 10.384041786193848 -70.1988754272461 -24.75
			vertex 10.27277946472168 -70.29927825927734 -24.75
			vertex 10.194816589355469 -70.20844268798828 -24.875
		endloop
	endfacet
	facet normal 0.5333890274751524 -0.4905132388947901 -0.6891247404048513
		outer loop
			vertex 10.194816589355469 -70.20844268798828 -24.875
			vertex 10.27277946472168 -70.29927825927734 -24.75
			vertex 10.081632614135742 -70.3315200805664 -24.875
		endloop
	endfacet
	facet normal 0.4859333856662488 -0.5372580270530617 -0.6893638785590586
		outer loop
			vertex 10.518159866333008 -70.39816284179688 -24.5
			vertex 10.447700500488281 -70.4618911743164 -24.5
			vertex 10.449821472167969 -70.2995834350586 -24.625
		endloop
	endfacet
	facet normal 0.4897436323188805 -0.5359898601979725 -0.6876525607951061
		outer loop
			vertex 10.449821472167969 -70.2995834350586 -24.625
			vertex 10.447700500488281 -70.4618911743164 -24.5
			vertex 10.35074234008789 -70.3901138305664 -24.625
		endloop
	endfacet
	facet normal 0.4872915026189015 -0.5333061772088626 -0.6914705437155528
		outer loop
			vertex 10.449821472167969 -70.2995834350586 -24.625
			vertex 10.35074234008789 -70.3901138305664 -24.625
			vertex 10.27277946472168 -70.29927825927734 -24.75
		endloop
	endfacet
	facet normal 0.5360649918105166 -0.4879060404280026 -0.6888991364989938
		outer loop
			vertex 10.27277946472168 -70.29927825927734 -24.75
			vertex 10.35074234008789 -70.3901138305664 -24.625
			vertex 10.170827865600586 -70.41129302978516 -24.75
		endloop
	endfacet
	facet normal 0.5342250138797219 -0.4862313622445663 -0.6915075537656868
		outer loop
			vertex 10.27277946472168 -70.29927825927734 -24.75
			vertex 10.170827865600586 -70.41129302978516 -24.75
			vertex 10.081632614135742 -70.3315200805664 -24.875
		endloop
	endfacet
	facet normal 0.5768016302873586 -0.4367618807435426 -0.6903179983364253
		outer loop
			vertex 10.081632614135742 -70.3315200805664 -24.875
			vertex 10.170827865600586 -70.41129302978516 -24.75
			vertex 9.980620384216309 -70.46492004394531 -24.875
		endloop
	endfacet
	facet normal 0.5255729334727802 -0.49500720093676237 -0.6919110944489678
		outer loop
			vertex 10.447700500488281 -70.4618911743164 -24.5
			vertex 10.381829261779785 -70.53182983398438 -24.5
			vertex 10.35074234008789 -70.3901138305664 -24.625
		endloop
	endfacet
	facet normal 0.5411824230624068 -0.4863575881812736 -0.6859867938865856
		outer loop
			vertex 10.35074234008789 -70.3901138305664 -24.625
			vertex 10.381829261779785 -70.53182983398438 -24.5
			vertex 10.260024070739746 -70.49105834960938 -24.625
		endloop
	endfacet
	facet normal 0.5372819146713869 -0.48285222331187816 -0.6915069591911746
		outer loop
			vertex 10.35074234008789 -70.3901138305664 -24.625
			vertex 10.260024070739746 -70.49105834960938 -24.625
			vertex 10.170827865600586 -70.41129302978516 -24.75
		endloop
	endfacet
	facet normal 0.5790954975491759 -0.43397573147834106 -0.6901546704950356
		outer loop
			vertex 10.170827865600586 -70.41129302978516 -24.75
			vertex 10.260024070739746 -70.49105834960938 -24.625
			vertex 10.079891204833984 -70.53263854980469 -24.75
		endloop
	endfacet
	facet normal 0.5771604075249955 -0.43252556978260315 -0.6926813809175296
		outer loop
			vertex 10.170827865600586 -70.41129302978516 -24.75
			vertex 10.079891204833984 -70.53263854980469 -24.75
			vertex 9.980620384216309 -70.46492004394531 -24.875
		endloop
	endfacet
	facet normal 0.6142566223160675 -0.3780704383464387 -0.6926409932926204
		outer loop
			vertex 9.980620384216309 -70.46492004394531 -24.875
			vertex 10.079891204833984 -70.53263854980469 -24.75
			vertex 9.893691062927246 -70.60615539550781 -24.875
		endloop
	endfacet
	facet normal 0.5606957236762536 -0.451974171838715 -0.6937864609819581
		outer loop
			vertex 10.381829261779785 -70.53182983398438 -24.5
			vertex 10.32121467590332 -70.60702514648438 -24.5
			vertex 10.260024070739746 -70.49105834960938 -24.625
		endloop
	endfacet
	facet normal 0.584197759499077 -0.43220990005659504 -0.6869552970094392
		outer loop
			vertex 10.260024070739746 -70.49105834960938 -24.625
			vertex 10.32121467590332 -70.60702514648438 -24.5
			vertex 10.179161071777344 -70.60035705566406 -24.625
		endloop
	endfacet
	facet normal 0.5797425454095428 -0.42891377711696 -0.6927709237845705
		outer loop
			vertex 10.260024070739746 -70.49105834960938 -24.625
			vertex 10.179161071777344 -70.60035705566406 -24.625
			vertex 10.079891204833984 -70.53263854980469 -24.75
		endloop
	endfacet
	facet normal 0.6160629389778604 -0.3752755207496813 -0.6925566682546754
		outer loop
			vertex 10.079891204833984 -70.53263854980469 -24.75
			vertex 10.179161071777344 -70.60035705566406 -24.625
			vertex 10.001669883728027 -70.66104888916016 -24.75
		endloop
	endfacet
	facet normal 0.6141802692542544 -0.374128690099394 -0.6948455368664918
		outer loop
			vertex 10.079891204833984 -70.53263854980469 -24.75
			vertex 10.001669883728027 -70.66104888916016 -24.75
			vertex 9.893691062927246 -70.60615539550781 -24.875
		endloop
	endfacet
	facet normal 0.6464973430339819 -0.3128149189926147 -0.6958361961738164
		outer loop
			vertex 9.893691062927246 -70.60615539550781 -24.875
			vertex 10.001669883728027 -70.66104888916016 -24.75
			vertex 9.82275390625 -70.75276184082031 -24.875
		endloop
	endfacet
	facet normal 0.5923837055988859 -0.4075942736803161 -0.6949449283245027
		outer loop
			vertex 10.32121467590332 -70.60702514648438 -24.5
			vertex 10.266520500183105 -70.68651580810547 -24.5
			vertex 10.179161071777344 -70.60035705566406 -24.625
		endloop
	endfacet
	facet normal 0.6200149286269495 -0.37287349944463466 -0.6903237223880045
		outer loop
			vertex 10.179161071777344 -70.60035705566406 -24.625
			vertex 10.266520500183105 -70.68651580810547 -24.5
			vertex 10.109648704528809 -70.7159423828125 -24.625
		endloop
	endfacet
	facet normal 0.616169134597351 -0.37056066049229636 -0.694996686657616
		outer loop
			vertex 10.179161071777344 -70.60035705566406 -24.625
			vertex 10.109648704528809 -70.7159423828125 -24.625
			vertex 10.001669883728027 -70.66104888916016 -24.75
		endloop
	endfacet
	facet normal 0.6477712649901455 -0.31023814070718836 -0.6958050619991303
		outer loop
			vertex 10.001669883728027 -70.66104888916016 -24.75
			vertex 10.109648704528809 -70.7159423828125 -24.625
			vertex 9.937868118286133 -70.79426574707031 -24.75
		endloop
	endfacet
	facet normal 0.6460853146264369 -0.30943068576988186 -0.6977294725952451
		outer loop
			vertex 10.001669883728027 -70.66104888916016 -24.75
			vertex 9.937868118286133 -70.79426574707031 -24.75
			vertex 9.82275390625 -70.75276184082031 -24.875
		endloop
	endfacet
	facet normal 0.6664331138342328 -0.25815756637102183 -0.6994437616496412
		outer loop
			vertex 9.82275390625 -70.75276184082031 -24.875
			vertex 9.937868118286133 -70.79426574707031 -24.75
			vertex 9.793879508972168 -70.82730102539062 -24.875
		endloop
	endfacet
	facet normal 0.6216359133760667 -0.36102491915847995 -0.6951473217582849
		outer loop
			vertex 10.266520500183105 -70.68651580810547 -24.5
			vertex 10.218414306640625 -70.76934814453125 -24.5
			vertex 10.109648704528809 -70.7159423828125 -24.625
		endloop
	endfacet
	facet normal 0.6474709393222898 -0.31041677968806797 -0.696004889078519
		outer loop
			vertex 10.109648704528809 -70.7159423828125 -24.625
			vertex 10.218414306640625 -70.76934814453125 -24.5
			vertex 10.177560806274414 -70.85456085205078 -24.5
		endloop
	endfacet
	facet normal 0.6504269038440877 -0.3076067828678116 -0.6944947155230979
		outer loop
			vertex 10.109648704528809 -70.7159423828125 -24.625
			vertex 10.177560806274414 -70.85456085205078 -24.5
			vertex 10.052982330322266 -70.83576202392578 -24.625
		endloop
	endfacet
	facet normal 0.6659206504430002 -0.25317330700356844 -0.7017499297716022
		outer loop
			vertex 10.052982330322266 -70.83576202392578 -24.625
			vertex 10.177560806274414 -70.85456085205078 -24.5
			vertex 10.144627571105957 -70.9411849975586 -24.5
		endloop
	endfacet
	facet normal 0.6664485522351049 -0.25243535385798416 -0.7015145895463095
		outer loop
			vertex 10.052982330322266 -70.83576202392578 -24.625
			vertex 10.144627571105957 -70.9411849975586 -24.5
			vertex 10.029932975769043 -70.89661407470703 -24.625
		endloop
	endfacet
	facet normal 0.6959471962186129 -0.12133854695304913 -0.707767233699593
		outer loop
			vertex 10.105180740356445 -71.1148681640625 -24.5
			vertex 9.984163284301758 -71.07984924316406 -24.625
			vertex 10.120278358459473 -71.02827453613281 -24.5
		endloop
	endfacet
	facet normal 0.6966790280027243 -0.1277593834848472 -0.7059149182959312
		outer loop
			vertex 10.120278358459473 -71.02827453613281 -24.5
			vertex 9.984163284301758 -71.07984924316406 -24.625
			vertex 9.995336532592773 -71.0189208984375 -24.625
		endloop
	endfacet
	facet normal 0.6901293625993957 -0.1728443924072922 -0.7027419717730725
		outer loop
			vertex 10.120278358459473 -71.02827453613281 -24.5
			vertex 9.995336532592773 -71.0189208984375 -24.625
			vertex 10.010655403137207 -70.95775604248047 -24.625
		endloop
	endfacet
	facet normal 0.6892248829903632 -0.17261786353177944 -0.7036846835455807
		outer loop
			vertex 10.010655403137207 -70.95775604248047 -24.625
			vertex 9.995336532592773 -71.0189208984375 -24.625
			vertex 9.8729248046875 -70.99811553955078 -24.75
		endloop
	endfacet
	facet normal 0.689300511944939 -0.17468958006713908 -0.7030991074154564
		outer loop
			vertex 10.010655403137207 -70.95775604248047 -24.625
			vertex 9.8729248046875 -70.99811553955078 -24.75
			vertex 9.89018726348877 -70.93000030517578 -24.75
		endloop
	endfacet
	facet normal 0.6888138711969444 -0.17456625059554057 -0.7036064773719002
		outer loop
			vertex 9.89018726348877 -70.93000030517578 -24.75
			vertex 9.8729248046875 -70.99811553955078 -24.75
			vertex 9.750513076782227 -70.97731018066406 -24.875
		endloop
	endfacet
	facet normal 0.6889200608658984 -0.17629154840718633 -0.7030721440198892
		outer loop
			vertex 9.89018726348877 -70.93000030517578 -24.75
			vertex 9.750513076782227 -70.97731018066406 -24.875
			vertex 9.769720077514648 -70.90225219726562 -24.875
		endloop
	endfacet
	facet normal 0.687322619827012 -0.17588277042229142 -0.7047360267097973
		outer loop
			vertex 9.769720077514648 -70.90225219726562 -24.875
			vertex 9.750513076782227 -70.97731018066406 -24.875
			vertex 9.63210391998291 -70.93917846679688 -25
		endloop
	endfacet
	facet normal 0.6876449254622496 -0.20113295088012498 -0.6976317026599856
		outer loop
			vertex 9.769720077514648 -70.90225219726562 -24.875
			vertex 9.63210391998291 -70.93917846679688 -25
			vertex 9.670589447021484 -70.80760192871094 -25
		endloop
	endfacet
	facet normal 0.70490622725694 -0.07978349858546775 -0.7047991232456592
		outer loop
			vertex 9.984163284301758 -71.07984924316406 -24.625
			vertex 10.105180740356445 -71.1148681640625 -24.5
			vertex 9.97732162475586 -71.14029693603516 -24.625
		endloop
	endfacet
	facet normal 0.7027630182702397 -0.0427653781506984 -0.7101374955481019
		outer loop
			vertex 9.97732162475586 -71.14029693603516 -24.625
			vertex 10.105180740356445 -71.1148681640625 -24.5
			vertex 10.100000381469727 -71.19999694824219 -24.5
		endloop
	endfacet
	facet normal 0.7068396827375628 -0.027483191498134628 -0.7068396827375628
		outer loop
			vertex 9.97732162475586 -71.14029693603516 -24.625
			vertex 10.100000381469727 -71.19999694824219 -24.5
			vertex 9.975000381469727 -71.19999694824219 -24.625
		endloop
	endfacet
	facet normal 0.7068396827375628 -0.027483191498134628 -0.7068396827375628
		outer loop
			vertex 9.975000381469727 -71.19999694824219 -24.625
			vertex 9.850000381469727 -71.19999694824219 -24.75
			vertex 9.97732162475586 -71.14029693603516 -24.625
		endloop
	endfacet
	facet normal 0.7069050873902758 -0.027784285006963158 -0.7067624996619435
		outer loop
			vertex 9.97732162475586 -71.14029693603516 -24.625
			vertex 9.850000381469727 -71.19999694824219 -24.75
			vertex 9.852618217468262 -71.13339233398438 -24.75
		endloop
	endfacet
	facet normal 0.7034959039947959 -0.07962387377348645 -0.7062248592253383
		outer loop
			vertex 9.97732162475586 -71.14029693603516 -24.625
			vertex 9.852618217468262 -71.13339233398438 -24.75
			vertex 9.984163284301758 -71.07984924316406 -24.625
		endloop
	endfacet
	facet normal 0.7036360123477206 -0.08053533219904914 -0.7059818853164628
		outer loop
			vertex 9.984163284301758 -71.07984924316406 -24.625
			vertex 9.852618217468262 -71.13339233398438 -24.75
			vertex 9.860330581665039 -71.06600952148438 -24.75
		endloop
	endfacet
	facet normal 0.697464623649854 -0.12790344870213013 -0.705112619775784
		outer loop
			vertex 9.984163284301758 -71.07984924316406 -24.625
			vertex 9.860330581665039 -71.06600952148438 -24.75
			vertex 9.995336532592773 -71.0189208984375 -24.625
		endloop
	endfacet
	facet normal 0.6976054893107844 -0.129404681591165 -0.704699233478901
		outer loop
			vertex 9.995336532592773 -71.0189208984375 -24.625
			vertex 9.860330581665039 -71.06600952148438 -24.75
			vertex 9.8729248046875 -70.99811553955078 -24.75
		endloop
	endfacet
	facet normal 0.7069059346452962 -0.027784318307579298 -0.7067616509258574
		outer loop
			vertex 9.852618217468262 -71.13339233398438 -24.75
			vertex 9.850000381469727 -71.19999694824219 -24.75
			vertex 9.727914810180664 -71.12649536132812 -24.875
		endloop
	endfacet
	facet normal 0.7068290130070685 -0.028026643447031367 -0.7068290130070685
		outer loop
			vertex 9.727914810180664 -71.12649536132812 -24.875
			vertex 9.850000381469727 -71.19999694824219 -24.75
			vertex 9.600000381469727 -71.19999694824219 -25
		endloop
	endfacet
	facet normal 0.7113287339624408 -0.04506806440444267 -0.7014130750208668
		outer loop
			vertex 9.727914810180664 -71.12649536132812 -24.875
			vertex 9.600000381469727 -71.19999694824219 -25
			vertex 9.608208656311035 -71.07044219970703 -25
		endloop
	endfacet
	facet normal 0.7014690718254822 -0.0809968906706012 -0.7080823716023378
		outer loop
			vertex 9.727914810180664 -71.12649536132812 -24.875
			vertex 9.608208656311035 -71.07044219970703 -25
			vertex 9.73649787902832 -71.05216217041016 -24.875
		endloop
	endfacet
	facet normal 0.7014266408475767 -0.12768777908367393 -0.7012107376402359
		outer loop
			vertex 9.73649787902832 -71.05216217041016 -24.875
			vertex 9.608208656311035 -71.07044219970703 -25
			vertex 9.63210391998291 -70.93917846679688 -25
		endloop
	endfacet
	facet normal 0.6994786009985637 -0.13096954337318945 -0.7025501159730246
		outer loop
			vertex 9.73649787902832 -71.05216217041016 -24.875
			vertex 9.63210391998291 -70.93917846679688 -25
			vertex 9.750513076782227 -70.97731018066406 -24.875
		endloop
	endfacet
	facet normal 0.37113480155940376 -0.62152780255316 -0.6899001012645979
		outer loop
			vertex 10.372227668762207 -69.91014099121094 -25
			vertex 10.492712020874023 -69.83819580078125 -25
			vertex 10.478802680969238 -69.9852523803711 -24.875
		endloop
	endfacet
	facet normal 0.3485829320394035 -0.6259548216642673 -0.6976177325198006
		outer loop
			vertex 10.478802680969238 -69.9852523803711 -24.875
			vertex 10.492712020874023 -69.83819580078125 -25
			vertex 10.562606811523438 -69.93858337402344 -24.875
		endloop
	endfacet
	facet normal 0.34986086268583727 -0.6282496180422992 -0.6949099180400485
		outer loop
			vertex 10.478802680969238 -69.9852523803711 -24.875
			vertex 10.562606811523438 -69.93858337402344 -24.875
			vertex 10.604494094848633 -70.05352020263672 -24.75
		endloop
	endfacet
	facet normal 0.30176114411520155 -0.6492766855330689 -0.6981260613424176
		outer loop
			vertex 10.604494094848633 -70.05352020263672 -24.75
			vertex 10.562606811523438 -69.93858337402344 -24.875
			vertex 10.681795120239258 -70.01759338378906 -24.75
		endloop
	endfacet
	facet normal 0.3021480453109955 -0.6501091516438748 -0.6971833687514541
		outer loop
			vertex 10.604494094848633 -70.05352020263672 -24.75
			vertex 10.681795120239258 -70.01759338378906 -24.75
			vertex 10.715387344360352 -70.13603210449219 -24.625
		endloop
	endfacet
	facet normal 0.24796963587229223 -0.6690817066454431 -0.7006002637151831
		outer loop
			vertex 10.715387344360352 -70.13603210449219 -24.625
			vertex 10.681795120239258 -70.01759338378906 -24.75
			vertex 10.785585403442383 -70.11001586914062 -24.625
		endloop
	endfacet
	facet normal 0.3063254998223873 -0.6512419277457655 -0.6942972272049944
		outer loop
			vertex 10.492712020874023 -69.83819580078125 -25
			vertex 10.616827011108398 -69.77981567382812 -25
			vertex 10.562606811523438 -69.93858337402344 -24.875
		endloop
	endfacet
	facet normal 0.29993060455322806 -0.6512476166312762 -0.697078312877698
		outer loop
			vertex 10.562606811523438 -69.93858337402344 -24.875
			vertex 10.616827011108398 -69.77981567382812 -25
			vertex 10.648202896118164 -69.89916229248047 -24.875
		endloop
	endfacet
	facet normal 0.2998160303952033 -0.650998838593262 -0.6973599214668753
		outer loop
			vertex 10.562606811523438 -69.93858337402344 -24.875
			vertex 10.648202896118164 -69.89916229248047 -24.875
			vertex 10.681795120239258 -70.01759338378906 -24.75
		endloop
	endfacet
	facet normal 0.24564643301587238 -0.6698613033230354 -0.7006737216828836
		outer loop
			vertex 10.681795120239258 -70.01759338378906 -24.75
			vertex 10.648202896118164 -69.89916229248047 -24.875
			vertex 10.760375022888184 -69.98877716064453 -24.75
		endloop
	endfacet
	facet normal 0.24589199932607028 -0.670530946136822 -0.6999466943562819
		outer loop
			vertex 10.681795120239258 -70.01759338378906 -24.75
			vertex 10.760375022888184 -69.98877716064453 -24.75
			vertex 10.785585403442383 -70.11001586914062 -24.625
		endloop
	endfacet
	facet normal 0.18501802455378058 -0.6865200683990579 -0.7031774500619097
		outer loop
			vertex 10.785585403442383 -70.11001586914062 -24.625
			vertex 10.760375022888184 -69.98877716064453 -24.75
			vertex 10.85664176940918 -70.09086608886719 -24.625
		endloop
	endfacet
	facet normal 0.2437150628526534 -0.6701796744939446 -0.7010436306207466
		outer loop
			vertex 10.648202896118164 -69.89916229248047 -24.875
			vertex 10.616827011108398 -69.77981567382812 -25
			vertex 10.735163688659668 -69.86753845214844 -24.875
		endloop
	endfacet
	facet normal 0.23264405287376932 -0.6787308469638662 -0.6965638391721034
		outer loop
			vertex 10.735163688659668 -69.86753845214844 -24.875
			vertex 10.616827011108398 -69.77981567382812 -25
			vertex 10.743477821350098 -69.73640441894531 -25
		endloop
	endfacet
	facet normal 0.1811549929474116 -0.6845522779985966 -0.7060956360275535
		outer loop
			vertex 10.735163688659668 -69.86753845214844 -24.875
			vertex 10.743477821350098 -69.73640441894531 -25
			vertex 10.823066711425781 -69.84427642822266 -24.875
		endloop
	endfacet
	facet normal 0.1479706219426427 -0.7001860979332822 -0.6984583905307973
		outer loop
			vertex 10.823066711425781 -69.84427642822266 -24.875
			vertex 10.743477821350098 -69.73640441894531 -25
			vertex 10.871566772460938 -69.70933532714844 -25
		endloop
	endfacet
	facet normal 0.11321239862628797 -0.6967928530693236 -0.7082814925640755
		outer loop
			vertex 10.823066711425781 -69.84427642822266 -24.875
			vertex 10.871566772460938 -69.70933532714844 -25
			vertex 10.911486625671387 -69.82991027832031 -24.875
		endloop
	endfacet
	facet normal 0.11372139560491586 -0.6999255970200328 -0.7051039659637584
		outer loop
			vertex 10.823066711425781 -69.84427642822266 -24.875
			vertex 10.911486625671387 -69.82991027832031 -24.875
			vertex 10.919855117797852 -69.95447540283203 -24.75
		endloop
	endfacet
	facet normal 0.11452676614562847 -0.6998329568515687 -0.705065565987033
		outer loop
			vertex 10.919855117797852 -69.95447540283203 -24.75
			vertex 10.928223609924316 -70.07904052734375 -24.625
			vertex 10.83985424041748 -69.96756744384766 -24.75
		endloop
	endfacet
	facet normal 0.11553763433878098 -0.6993660722447227 -0.7053638437320043
		outer loop
			vertex 10.83985424041748 -69.96756744384766 -24.75
			vertex 10.928223609924316 -70.07904052734375 -24.625
			vertex 10.85664176940918 -70.09086608886719 -24.625
		endloop
	endfacet
	facet normal 0.1834453017016608 -0.6874249749917452 -0.7027052903181997
		outer loop
			vertex 10.83985424041748 -69.96756744384766 -24.75
			vertex 10.85664176940918 -70.09086608886719 -24.625
			vertex 10.760375022888184 -69.98877716064453 -24.75
		endloop
	endfacet
	facet normal 0.18199773429929583 -0.6877368466533698 -0.7027765323808147
		outer loop
			vertex 10.735163688659668 -69.86753845214844 -24.875
			vertex 10.823066711425781 -69.84427642822266 -24.875
			vertex 10.83985424041748 -69.96756744384766 -24.75
		endloop
	endfacet
	facet normal 0.11447991435298374 -0.6995466619557653 -0.7053572264861825
		outer loop
			vertex 10.83985424041748 -69.96756744384766 -24.75
			vertex 10.823066711425781 -69.84427642822266 -24.875
			vertex 10.919855117797852 -69.95447540283203 -24.75
		endloop
	endfacet
	facet normal 0.1833120522378416 -0.6869256489883867 -0.703228159466211
		outer loop
			vertex 10.735163688659668 -69.86753845214844 -24.875
			vertex 10.83985424041748 -69.96756744384766 -24.75
			vertex 10.760375022888184 -69.98877716064453 -24.75
		endloop
	endfacet
	facet normal 0.24403558958337582 -0.6710610746731039 -0.7000883266240576
		outer loop
			vertex 10.648202896118164 -69.89916229248047 -24.875
			vertex 10.735163688659668 -69.86753845214844 -24.875
			vertex 10.760375022888184 -69.98877716064453 -24.75
		endloop
	endfacet
	facet normal 0.6474480578997349 -0.30619799548188753 -0.6978923985004676
		outer loop
			vertex 10.109648704528809 -70.7159423828125 -24.625
			vertex 10.052982330322266 -70.83576202392578 -24.625
			vertex 9.937868118286133 -70.79426574707031 -24.75
		endloop
	endfacet
	facet normal 0.6672809240899902 -0.2559082130691677 -0.6994620467397459
		outer loop
			vertex 9.937868118286133 -70.79426574707031 -24.75
			vertex 10.052982330322266 -70.83576202392578 -24.625
			vertex 9.911906242370605 -70.8619613647461 -24.75
		endloop
	endfacet
	facet normal 0.6665565602989523 -0.2556304130651749 -0.7002538424304127
		outer loop
			vertex 9.937868118286133 -70.79426574707031 -24.75
			vertex 9.911906242370605 -70.8619613647461 -24.75
			vertex 9.793879508972168 -70.82730102539062 -24.875
		endloop
	endfacet
	facet normal 0.6675078710325054 -0.2528365994073568 -0.70036197505988
		outer loop
			vertex 10.029932975769043 -70.89661407470703 -24.625
			vertex 9.911906242370605 -70.8619613647461 -24.75
			vertex 10.052982330322266 -70.83576202392578 -24.625
		endloop
	endfacet
	facet normal 0.6973961048050581 -0.13057961925663966 -0.7046897445241584
		outer loop
			vertex 9.73649787902832 -71.05216217041016 -24.875
			vertex 9.750513076782227 -70.97731018066406 -24.875
			vertex 9.8729248046875 -70.99811553955078 -24.75
		endloop
	endfacet
	facet normal 0.6972481614277104 -0.12933839785108361 -0.7050649475239797
		outer loop
			vertex 9.73649787902832 -71.05216217041016 -24.875
			vertex 9.8729248046875 -70.99811553955078 -24.75
			vertex 9.860330581665039 -71.06600952148438 -24.75
		endloop
	endfacet
	facet normal 0.7035539013977041 -0.08123762076079412 -0.7059832553263535
		outer loop
			vertex 9.73649787902832 -71.05216217041016 -24.875
			vertex 9.860330581665039 -71.06600952148438 -24.75
			vertex 9.727914810180664 -71.12649536132812 -24.875
		endloop
	endfacet
	facet normal 0.7034233438571935 -0.08051099102373648 -0.7061965587859661
		outer loop
			vertex 9.727914810180664 -71.12649536132812 -24.875
			vertex 9.860330581665039 -71.06600952148438 -24.75
			vertex 9.852618217468262 -71.13339233398438 -24.75
		endloop
	endfacet
	facet normal 0 0.7071067811865476 -0.7071067811865476
		outer loop
			vertex 19.899999618530273 -50.5 -25
			vertex 11 -50.25 -24.75
			vertex 19.899999618530273 -50 -24.5
		endloop
	endfacet
	facet normal 0 0.7071067811865476 -0.7071067811865476
		outer loop
			vertex 19.899999618530273 -50 -24.5
			vertex 11 -50.25 -24.75
			vertex 11 -50.125 -24.625
		endloop
	endfacet
	facet normal 0 0.7071067811865476 -0.7071067811865476
		outer loop
			vertex 19.899999618530273 -50 -24.5
			vertex 11 -50.125 -24.625
			vertex 11 -50 -24.5
		endloop
	endfacet
	facet normal 0 0.7071067811865476 -0.7071067811865476
		outer loop
			vertex 11 -50.5 -25
			vertex 11 -50.375 -24.875
			vertex 19.899999618530273 -50.5 -25
		endloop
	endfacet
	facet normal 0 0.7071067811865476 -0.7071067811865476
		outer loop
			vertex 19.899999618530273 -50.5 -25
			vertex 11 -50.375 -24.875
			vertex 11 -50.25 -24.75
		endloop
	endfacet
	facet normal 0 -0.7071067811865476 -0.7071067811865476
		outer loop
			vertex 19.899999618530273 -70.19999694824219 -24.5
			vertex 11 -69.94999694824219 -24.75
			vertex 19.899999618530273 -69.69999694824219 -25
		endloop
	endfacet
	facet normal 0 -0.7071067811865476 -0.7071067811865476
		outer loop
			vertex 19.899999618530273 -69.69999694824219 -25
			vertex 11 -69.94999694824219 -24.75
			vertex 11 -69.82499694824219 -24.875
		endloop
	endfacet
	facet normal 0 -0.7071067811865476 -0.7071067811865476
		outer loop
			vertex 19.899999618530273 -69.69999694824219 -25
			vertex 11 -69.82499694824219 -24.875
			vertex 11 -69.69999694824219 -25
		endloop
	endfacet
	facet normal 0 -0.7071067811865476 -0.7071067811865476
		outer loop
			vertex 11 -70.19999694824219 -24.5
			vertex 11 -70.07499694824219 -24.625
			vertex 19.899999618530273 -70.19999694824219 -24.5
		endloop
	endfacet
	facet normal 0 -0.7071067811865476 -0.7071067811865476
		outer loop
			vertex 19.899999618530273 -70.19999694824219 -24.5
			vertex 11 -70.07499694824219 -24.625
			vertex 11 -69.94999694824219 -24.75
		endloop
	endfacet
	facet normal 0 -1 0
		outer loop
			vertex 19.899999618530273 -70.19999694824219 -24.5
			vertex 19.899999618530273 -70.19999694824219 -18.941421508789062
			vertex 11 -70.19999694824219 -24.5
		endloop
	endfacet
	facet normal 0 -1 0
		outer loop
			vertex 11 -70.19999694824219 -24.5
			vertex 19.899999618530273 -70.19999694824219 -18.941421508789062
			vertex 11 -70.19999694824219 -18.941421508789062
		endloop
	endfacet
	facet normal 0.0748031685084882 0.9971982320038187 -0.0004148126673638668
		outer loop
			vertex 10.915989875793457 -49.99369812011719 -18.941421508789062
			vertex 11 -50 -18.941421508789062
			vertex 10.936836242675781 -49.99641799926758 -21.72071075439453
		endloop
	endfacet
	facet normal 0.056618777768603364 0.9983958703860857 0
		outer loop
			vertex 10.936836242675781 -49.99641799926758 -21.72071075439453
			vertex 11 -50 -18.941421508789062
			vertex 11 -50 -24.5
		endloop
	endfacet
	facet normal 0.0748031685084882 0.9971982320038187 0.0004148126673638668
		outer loop
			vertex 10.936836242675781 -49.99641799926758 -21.72071075439453
			vertex 11 -50 -24.5
			vertex 10.915989875793457 -49.99369812011719 -24.5
		endloop
	endfacet
	facet normal 0.16421714732645853 0.9864241772990174 -0.00026639053471310374
		outer loop
			vertex 10.936836242675781 -49.99641799926758 -21.72071075439453
			vertex 10.915989875793457 -49.99369812011719 -24.5
			vertex 10.873913764953613 -49.98594284057617 -21.72071075439453
		endloop
	endfacet
	facet normal 0.21397561091810388 0.9768388680269117 0.0005136575965213888
		outer loop
			vertex 10.873913764953613 -49.98594284057617 -21.72071075439453
			vertex 10.915989875793457 -49.99369812011719 -24.5
			vertex 10.832572937011719 -49.975425720214844 -24.5
		endloop
	endfacet
	facet normal 0.26234110289701695 0.9649751721695423 -0.00025065342394769605
		outer loop
			vertex 10.873913764953613 -49.98594284057617 -21.72071075439453
			vertex 10.832572937011719 -49.975425720214844 -24.5
			vertex 10.811514854431152 -49.96897888183594 -21.72071075439453
		endloop
	endfacet
	facet normal 0.33572398849388585 0.9419603361376784 0.00035873827423253755
		outer loop
			vertex 10.811514854431152 -49.96897888183594 -21.72071075439453
			vertex 10.832572937011719 -49.975425720214844 -24.5
			vertex 10.750415802001953 -49.946144104003906 -24.5
		endloop
	endfacet
	facet normal 0.350083337060411 0.9367185581126526 0
		outer loop
			vertex 10.811514854431152 -49.96897888183594 -21.72071075439453
			vertex 10.750415802001953 -49.946144104003906 -24.5
			vertex 10.750415802001953 -49.946144104003906 -21.72071075439453
		endloop
	endfacet
	facet normal 0.42846769309231164 0.903557101668817 0
		outer loop
			vertex 10.750415802001953 -49.946144104003906 -21.72071075439453
			vertex 10.750415802001953 -49.946144104003906 -24.5
			vertex 10.689422607421875 -49.91722106933594 -21.72071075439453
		endloop
	endfacet
	facet normal 0.42846769309231164 0.903557101668817 0
		outer loop
			vertex 10.750415802001953 -49.946144104003906 -21.72071075439453
			vertex 10.689422607421875 -49.91722106933594 -21.72071075439453
			vertex 10.750415802001953 -49.946144104003906 -18.941421508789062
		endloop
	endfacet
	facet normal 0.44015550786116375 0.8979215052463556 -0.00031514377731607055
		outer loop
			vertex 10.750415802001953 -49.946144104003906 -18.941421508789062
			vertex 10.689422607421875 -49.91722106933594 -21.72071075439453
			vertex 10.670183181762695 -49.90681457519531 -18.941421508789062
		endloop
	endfacet
	facet normal 0.4982758910193809 0.867018509179744 0.00020290040999803202
		outer loop
			vertex 10.670183181762695 -49.90681457519531 -18.941421508789062
			vertex 10.689422607421875 -49.91722106933594 -21.72071075439453
			vertex 10.630293846130371 -49.88323974609375 -21.72071075439453
		endloop
	endfacet
	facet normal 0.5292004823562169 0.8484967242316119 -0.00039804795137763494
		outer loop
			vertex 10.670183181762695 -49.90681457519531 -18.941421508789062
			vertex 10.630293846130371 -49.88323974609375 -21.72071075439453
			vertex 10.59254264831543 -49.85839080810547 -18.941421508789062
		endloop
	endfacet
	facet normal 0.5878954859778456 0.8089365430605515 0.000752906446856217
		outer loop
			vertex 10.59254264831543 -49.85839080810547 -18.941421508789062
			vertex 10.630293846130371 -49.88323974609375 -21.72071075439453
			vertex 10.51728343963623 -49.801109313964844 -21.72071075439453
		endloop
	endfacet
	facet normal 0.6052323140440008 0.7960488965628312 0.000017833761693241266
		outer loop
			vertex 10.59254264831543 -49.85839080810547 -18.941421508789062
			vertex 10.51728343963623 -49.801109313964844 -21.72071075439453
			vertex 10.518159866333008 -49.80183792114258 -18.941421508789062
		endloop
	endfacet
	facet normal 0.670771896634696 0.741663712468791 -0.0000170910218732515
		outer loop
			vertex 10.518159866333008 -49.80183792114258 -18.941421508789062
			vertex 10.51728343963623 -49.801109313964844 -21.72071075439453
			vertex 10.447700500488281 -49.73811340332031 -18.941421508789062
		endloop
	endfacet
	facet normal 0.6789812616132026 0.7341555133401775 0.0003586228721740458
		outer loop
			vertex 10.447700500488281 -49.73811340332031 -18.941421508789062
			vertex 10.51728343963623 -49.801109313964844 -21.72071075439453
			vertex 10.43006706237793 -49.7204475402832 -21.72071075439453
		endloop
	endfacet
	facet normal 0.7279764200746014 0.685602117684385 -0.00026084871927691385
		outer loop
			vertex 10.447700500488281 -49.73811340332031 -18.941421508789062
			vertex 10.43006706237793 -49.7204475402832 -21.72071075439453
			vertex 10.381829261779785 -49.66817092895508 -18.941421508789062
		endloop
	endfacet
	facet normal 0.7481241996266798 0.6635585343103577 0.0005034648246302083
		outer loop
			vertex 10.381829261779785 -49.66817092895508 -18.941421508789062
			vertex 10.43006706237793 -49.7204475402832 -21.72071075439453
			vertex 10.350274085998535 -49.63048553466797 -21.72071075439453
		endloop
	endfacet
	facet normal 0.7785485447581773 0.6275843008863253 -0.0003297513413649584
		outer loop
			vertex 10.381829261779785 -49.66817092895508 -18.941421508789062
			vertex 10.350274085998535 -49.63048553466797 -21.72071075439453
			vertex 10.32121467590332 -49.59297561645508 -18.941421508789062
		endloop
	endfacet
	facet normal 0.8077720180237474 0.5894948065336836 0.000489864938434106
		outer loop
			vertex 10.32121467590332 -49.59297561645508 -18.941421508789062
			vertex 10.350274085998535 -49.63048553466797 -21.72071075439453
			vertex 10.27920150756836 -49.53309631347656 -21.72071075439453
		endloop
	endfacet
	facet normal 0.8238399854855107 0.5668223884013092 -0.00024150003899305029
		outer loop
			vertex 10.32121467590332 -49.59297561645508 -18.941421508789062
			vertex 10.27920150756836 -49.53309631347656 -21.72071075439453
			vertex 10.266520500183105 -49.51348114013672 -18.941421508789062
		endloop
	endfacet
	facet normal 0.8600057815741696 0.510284187123339 0.0003225381762315483
		outer loop
			vertex 10.266520500183105 -49.51348114013672 -18.941421508789062
			vertex 10.27920150756836 -49.53309631347656 -21.72071075439453
			vertex 10.218414306640625 -49.43064880371094 -21.72071075439453
		endloop
	endfacet
	facet normal 0.8647436178296494 0.5022135755063669 0
		outer loop
			vertex 10.266520500183105 -49.51348114013672 -18.941421508789062
			vertex 10.218414306640625 -49.43064880371094 -21.72071075439453
			vertex 10.218414306640625 -49.43064880371094 -18.941421508789062
		endloop
	endfacet
	facet normal 0.901716044640628 0.4323287809499398 0
		outer loop
			vertex 10.218414306640625 -49.43064880371094 -18.941421508789062
			vertex 10.218414306640625 -49.43064880371094 -21.72071075439453
			vertex 10.177560806274414 -49.34543991088867 -18.941421508789062
		endloop
	endfacet
	facet normal 0.9061630976052624 0.4229282628574345 0.0003535743608158431
		outer loop
			vertex 10.177560806274414 -49.34543991088867 -18.941421508789062
			vertex 10.218414306640625 -49.43064880371094 -21.72071075439453
			vertex 10.168400764465332 -49.323490142822266 -21.72071075439453
		endloop
	endfacet
	facet normal 0.9347311881109451 0.35535549913068903 -0.0002742449270127981
		outer loop
			vertex 10.177560806274414 -49.34543991088867 -18.941421508789062
			vertex 10.168400764465332 -49.323490142822266 -21.72071075439453
			vertex 10.144627571105957 -49.258811950683594 -18.941421508789062
		endloop
	endfacet
	facet normal 0.9461040312450454 0.32386239826191204 0.0005559261793426667
		outer loop
			vertex 10.144627571105957 -49.258811950683594 -18.941421508789062
			vertex 10.168400764465332 -49.323490142822266 -21.72071075439453
			vertex 10.131264686584473 -49.215003967285156 -21.72071075439453
		endloop
	endfacet
	facet normal 0.9630668348290362 0.2692621816344169 -0.0003862562052948225
		outer loop
			vertex 10.144627571105957 -49.258811950683594 -18.941421508789062
			vertex 10.131264686584473 -49.215003967285156 -21.72071075439453
			vertex 10.120278358459473 -49.171722412109375 -18.941421508789062
		endloop
	endfacet
	facet normal 0.9778155722722993 0.20946680580483193 0.0006032310643566738
		outer loop
			vertex 10.120278358459473 -49.171722412109375 -18.941421508789062
			vertex 10.131264686584473 -49.215003967285156 -21.72071075439453
			vertex 10.1080322265625 -49.10655212402344 -21.72071075439453
		endloop
	endfacet
	facet normal 0.985137635552218 0.17176653055671134 -0.00031304807267436285
		outer loop
			vertex 10.120278358459473 -49.171722412109375 -18.941421508789062
			vertex 10.1080322265625 -49.10655212402344 -21.72071075439453
			vertex 10.105180740356445 -49.08513259887695 -18.941421508789062
		endloop
	endfacet
	facet normal 0.9981535813643883 0.060738117286948924 0.0005559837072193929
		outer loop
			vertex 10.105180740356445 -49.08513259887695 -18.941421508789062
			vertex 10.1080322265625 -49.10655212402344 -21.72071075439453
			vertex 10.100000381469727 -49 -18.941421508789062
		endloop
	endfacet
	facet normal 0.9964031168757463 0.08473896600132662 -0.00036921717734529565
		outer loop
			vertex 10.100000381469727 -49 -18.941421508789062
			vertex 10.1080322265625 -49.10655212402344 -21.72071075439453
			vertex 10.105180740356445 -49.08513259887695 -24.5
		endloop
	endfacet
	facet normal 0.9981537356379847 0.0607381266745702 0
		outer loop
			vertex 10.100000381469727 -49 -18.941421508789062
			vertex 10.105180740356445 -49.08513259887695 -24.5
			vertex 10.100000381469727 -49 -24.5
		endloop
	endfacet
	facet normal 0.44015550786116375 0.8979215052463556 0.00031514377731607055
		outer loop
			vertex 10.750415802001953 -49.946144104003906 -24.5
			vertex 10.670183181762695 -49.90681457519531 -24.5
			vertex 10.689422607421875 -49.91722106933594 -21.72071075439453
		endloop
	endfacet
	facet normal 0.4982758910193809 0.867018509179744 -0.00020290040999803202
		outer loop
			vertex 10.689422607421875 -49.91722106933594 -21.72071075439453
			vertex 10.670183181762695 -49.90681457519531 -24.5
			vertex 10.630293846130371 -49.88323974609375 -21.72071075439453
		endloop
	endfacet
	facet normal 0.5292004823562169 0.8484967242316119 0.00039804795137763494
		outer loop
			vertex 10.670183181762695 -49.90681457519531 -24.5
			vertex 10.59254264831543 -49.85839080810547 -24.5
			vertex 10.630293846130371 -49.88323974609375 -21.72071075439453
		endloop
	endfacet
	facet normal 0.5878954859778456 0.8089365430605515 -0.000752906446856217
		outer loop
			vertex 10.630293846130371 -49.88323974609375 -21.72071075439453
			vertex 10.59254264831543 -49.85839080810547 -24.5
			vertex 10.51728343963623 -49.801109313964844 -21.72071075439453
		endloop
	endfacet
	facet normal 0.6052323140440008 0.7960488965628312 -0.000017833761693241266
		outer loop
			vertex 10.59254264831543 -49.85839080810547 -24.5
			vertex 10.518159866333008 -49.80183792114258 -24.5
			vertex 10.51728343963623 -49.801109313964844 -21.72071075439453
		endloop
	endfacet
	facet normal 0.670771896634696 0.741663712468791 0.0000170910218732515
		outer loop
			vertex 10.51728343963623 -49.801109313964844 -21.72071075439453
			vertex 10.518159866333008 -49.80183792114258 -24.5
			vertex 10.447700500488281 -49.73811340332031 -24.5
		endloop
	endfacet
	facet normal 0.6789812616132026 0.7341555133401775 -0.0003586228721740458
		outer loop
			vertex 10.51728343963623 -49.801109313964844 -21.72071075439453
			vertex 10.447700500488281 -49.73811340332031 -24.5
			vertex 10.43006706237793 -49.7204475402832 -21.72071075439453
		endloop
	endfacet
	facet normal 0.7279764200746014 0.685602117684385 0.00026084871927691385
		outer loop
			vertex 10.43006706237793 -49.7204475402832 -21.72071075439453
			vertex 10.447700500488281 -49.73811340332031 -24.5
			vertex 10.381829261779785 -49.66817092895508 -24.5
		endloop
	endfacet
	facet normal 0.7481241996266798 0.6635585343103577 -0.0005034648246302083
		outer loop
			vertex 10.43006706237793 -49.7204475402832 -21.72071075439453
			vertex 10.381829261779785 -49.66817092895508 -24.5
			vertex 10.350274085998535 -49.63048553466797 -21.72071075439453
		endloop
	endfacet
	facet normal 0.7785485447581773 0.6275843008863253 0.0003297513413649584
		outer loop
			vertex 10.350274085998535 -49.63048553466797 -21.72071075439453
			vertex 10.381829261779785 -49.66817092895508 -24.5
			vertex 10.32121467590332 -49.59297561645508 -24.5
		endloop
	endfacet
	facet normal 0.8077720180237474 0.5894948065336836 -0.000489864938434106
		outer loop
			vertex 10.350274085998535 -49.63048553466797 -21.72071075439453
			vertex 10.32121467590332 -49.59297561645508 -24.5
			vertex 10.27920150756836 -49.53309631347656 -21.72071075439453
		endloop
	endfacet
	facet normal 0.8238399854855107 0.5668223884013092 0.00024150003899305029
		outer loop
			vertex 10.27920150756836 -49.53309631347656 -21.72071075439453
			vertex 10.32121467590332 -49.59297561645508 -24.5
			vertex 10.266520500183105 -49.51348114013672 -24.5
		endloop
	endfacet
	facet normal 0.8600057815741696 0.510284187123339 -0.0003225381762315483
		outer loop
			vertex 10.27920150756836 -49.53309631347656 -21.72071075439453
			vertex 10.266520500183105 -49.51348114013672 -24.5
			vertex 10.218414306640625 -49.43064880371094 -21.72071075439453
		endloop
	endfacet
	facet normal 0.8647436178296494 0.5022135755063669 0
		outer loop
			vertex 10.218414306640625 -49.43064880371094 -21.72071075439453
			vertex 10.266520500183105 -49.51348114013672 -24.5
			vertex 10.218414306640625 -49.43064880371094 -24.5
		endloop
	endfacet
	facet normal 0.901716044640628 0.4323287809499398 0
		outer loop
			vertex 10.218414306640625 -49.43064880371094 -21.72071075439453
			vertex 10.218414306640625 -49.43064880371094 -24.5
			vertex 10.177560806274414 -49.34543991088867 -24.5
		endloop
	endfacet
	facet normal 0.9061630976052624 0.4229282628574345 -0.0003535743608158431
		outer loop
			vertex 10.218414306640625 -49.43064880371094 -21.72071075439453
			vertex 10.177560806274414 -49.34543991088867 -24.5
			vertex 10.168400764465332 -49.323490142822266 -21.72071075439453
		endloop
	endfacet
	facet normal 0.9347311881109451 0.35535549913068903 0.0002742449270127981
		outer loop
			vertex 10.168400764465332 -49.323490142822266 -21.72071075439453
			vertex 10.177560806274414 -49.34543991088867 -24.5
			vertex 10.144627571105957 -49.258811950683594 -24.5
		endloop
	endfacet
	facet normal 0.9461040312450454 0.32386239826191204 -0.0005559261793426667
		outer loop
			vertex 10.168400764465332 -49.323490142822266 -21.72071075439453
			vertex 10.144627571105957 -49.258811950683594 -24.5
			vertex 10.131264686584473 -49.215003967285156 -21.72071075439453
		endloop
	endfacet
	facet normal 0.9630668348290362 0.2692621816344169 0.0003862562052948225
		outer loop
			vertex 10.131264686584473 -49.215003967285156 -21.72071075439453
			vertex 10.144627571105957 -49.258811950683594 -24.5
			vertex 10.120278358459473 -49.171722412109375 -24.5
		endloop
	endfacet
	facet normal 0.9778155722722993 0.20946680580483193 -0.0006032310643566738
		outer loop
			vertex 10.131264686584473 -49.215003967285156 -21.72071075439453
			vertex 10.120278358459473 -49.171722412109375 -24.5
			vertex 10.1080322265625 -49.10655212402344 -21.72071075439453
		endloop
	endfacet
	facet normal 0.985137635552218 0.17176653055671134 0.00031304807267436285
		outer loop
			vertex 10.1080322265625 -49.10655212402344 -21.72071075439453
			vertex 10.120278358459473 -49.171722412109375 -24.5
			vertex 10.105180740356445 -49.08513259887695 -24.5
		endloop
	endfacet
	facet normal 0.350083337060411 0.9367185581126526 0
		outer loop
			vertex 10.750415802001953 -49.946144104003906 -21.72071075439453
			vertex 10.750415802001953 -49.946144104003906 -18.941421508789062
			vertex 10.811514854431152 -49.96897888183594 -21.72071075439453
		endloop
	endfacet
	facet normal 0.33572398849388585 0.9419603361376784 -0.00035873827423253755
		outer loop
			vertex 10.811514854431152 -49.96897888183594 -21.72071075439453
			vertex 10.750415802001953 -49.946144104003906 -18.941421508789062
			vertex 10.832572937011719 -49.975425720214844 -18.941421508789062
		endloop
	endfacet
	facet normal 0.26234110289701695 0.9649751721695423 0.00025065342394769605
		outer loop
			vertex 10.811514854431152 -49.96897888183594 -21.72071075439453
			vertex 10.832572937011719 -49.975425720214844 -18.941421508789062
			vertex 10.873913764953613 -49.98594284057617 -21.72071075439453
		endloop
	endfacet
	facet normal 0.21397561091810388 0.9768388680269117 -0.0005136575965213888
		outer loop
			vertex 10.873913764953613 -49.98594284057617 -21.72071075439453
			vertex 10.832572937011719 -49.975425720214844 -18.941421508789062
			vertex 10.915989875793457 -49.99369812011719 -18.941421508789062
		endloop
	endfacet
	facet normal 0.16421714732645853 0.9864241772990174 0.00026639053471310374
		outer loop
			vertex 10.873913764953613 -49.98594284057617 -21.72071075439453
			vertex 10.915989875793457 -49.99369812011719 -18.941421508789062
			vertex 10.936836242675781 -49.99641799926758 -21.72071075439453
		endloop
	endfacet
	facet normal 0.05268549682303633 0.702348380847169 -0.7098809691391016
		outer loop
			vertex 10.915989875793457 -49.99369812011719 -24.5
			vertex 11 -50 -24.5
			vertex 10.928223609924316 -50.12095642089844 -24.625
		endloop
	endfacet
	facet normal 0.03980384479566687 0.7065464082208198 -0.7065464082208198
		outer loop
			vertex 10.928223609924316 -50.12095642089844 -24.625
			vertex 11 -50 -24.5
			vertex 11 -50.125 -24.625
		endloop
	endfacet
	facet normal 0.03980384479566687 0.7065464082208198 -0.7065464082208198
		outer loop
			vertex 10.928223609924316 -50.12095642089844 -24.625
			vertex 11 -50.125 -24.625
			vertex 11 -50.25 -24.75
		endloop
	endfacet
	facet normal 0.039476788702553285 0.7064630257634524 -0.7066481277006836
		outer loop
			vertex 10.928223609924316 -50.12095642089844 -24.625
			vertex 11 -50.25 -24.75
			vertex 10.919855117797852 -50.245521545410156 -24.75
		endloop
	endfacet
	facet normal 0.03948195267978255 0.7065554385229058 -0.7065554385229058
		outer loop
			vertex 10.919855117797852 -50.245521545410156 -24.75
			vertex 11 -50.25 -24.75
			vertex 11 -50.375 -24.875
		endloop
	endfacet
	facet normal 0.03918533191022962 0.7064701263760959 -0.7066572509365685
		outer loop
			vertex 10.919855117797852 -50.245521545410156 -24.75
			vertex 11 -50.375 -24.875
			vertex 10.911486625671387 -50.37009048461914 -24.875
		endloop
	endfacet
	facet normal 0.039190513843053436 0.7065635511490518 -0.7065635511490518
		outer loop
			vertex 10.911486625671387 -50.37009048461914 -24.875
			vertex 11 -50.375 -24.875
			vertex 11 -50.5 -25
		endloop
	endfacet
	facet normal 0.051616323854066684 0.7104735860665238 -0.7018283540963316
		outer loop
			vertex 10.911486625671387 -50.37009048461914 -24.875
			vertex 11 -50.5 -25
			vertex 10.871566772460938 -50.49066925048828 -25
		endloop
	endfacet
	facet normal 0.11318178702115812 0.6967894677069506 -0.7082897152856038
		outer loop
			vertex 10.911486625671387 -50.37009048461914 -24.875
			vertex 10.871566772460938 -50.49066925048828 -25
			vertex 10.823066711425781 -50.35572814941406 -24.875
		endloop
	endfacet
	facet normal 0.1479706219426427 0.7001860979332822 -0.6984583905307973
		outer loop
			vertex 10.823066711425781 -50.35572814941406 -24.875
			vertex 10.871566772460938 -50.49066925048828 -25
			vertex 10.743477821350098 -50.463600158691406 -25
		endloop
	endfacet
	facet normal 0.18120761646957945 0.6845266242971536 -0.7061070034787628
		outer loop
			vertex 10.823066711425781 -50.35572814941406 -24.875
			vertex 10.743477821350098 -50.463600158691406 -25
			vertex 10.735163688659668 -50.33245849609375 -24.875
		endloop
	endfacet
	facet normal 0.23267645252741528 0.6787060913064121 -0.6965771386306254
		outer loop
			vertex 10.735163688659668 -50.33245849609375 -24.875
			vertex 10.743477821350098 -50.463600158691406 -25
			vertex 10.616827011108398 -50.42018127441406 -25
		endloop
	endfacet
	facet normal 0.24366926529344488 0.6702154306160343 -0.7010253673837464
		outer loop
			vertex 10.735163688659668 -50.33245849609375 -24.875
			vertex 10.616827011108398 -50.42018127441406 -25
			vertex 10.648202896118164 -50.30084228515625 -24.875
		endloop
	endfacet
	facet normal 0.2999638048921648 0.6512566846708118 -0.6970555547631754
		outer loop
			vertex 10.648202896118164 -50.30084228515625 -24.875
			vertex 10.616827011108398 -50.42018127441406 -25
			vertex 10.562606811523438 -50.261417388916016 -24.875
		endloop
	endfacet
	facet normal 0.29948974196159234 0.6502274383169028 -0.6982192871294931
		outer loop
			vertex 10.648202896118164 -50.30084228515625 -24.875
			vertex 10.562606811523438 -50.261417388916016 -24.875
			vertex 10.604494094848633 -50.146484375 -24.75
		endloop
	endfacet
	facet normal 0.3524829974669392 0.6270510307499241 -0.6946673602035579
		outer loop
			vertex 10.604494094848633 -50.146484375 -24.75
			vertex 10.562606811523438 -50.261417388916016 -24.875
			vertex 10.528848648071289 -50.10396194458008 -24.75
		endloop
	endfacet
	facet normal 0.35194335633168483 0.6260910340053207 -0.6958059291728815
		outer loop
			vertex 10.604494094848633 -50.146484375 -24.75
			vertex 10.528848648071289 -50.10396194458008 -24.75
			vertex 10.57889461517334 -49.9931755065918 -24.625
		endloop
	endfacet
	facet normal 0.4009690410097761 0.5999714616500864 -0.6922846765292149
		outer loop
			vertex 10.57889461517334 -49.9931755065918 -24.625
			vertex 10.528848648071289 -50.10396194458008 -24.75
			vertex 10.513264656066895 -49.94931411743164 -24.625
		endloop
	endfacet
	facet normal 0.4014048944227492 0.6006236307267515 -0.6914660981899812
		outer loop
			vertex 10.57889461517334 -49.9931755065918 -24.625
			vertex 10.513264656066895 -49.94931411743164 -24.625
			vertex 10.59254264831543 -49.85839080810547 -24.5
		endloop
	endfacet
	facet normal 0.4359773940047044 0.5734315821718537 -0.6936136766851929
		outer loop
			vertex 10.59254264831543 -49.85839080810547 -24.5
			vertex 10.513264656066895 -49.94931411743164 -24.625
			vertex 10.518159866333008 -49.80183792114258 -24.5
		endloop
	endfacet
	facet normal 0.440727815102048 0.571840729826489 -0.6919228083441702
		outer loop
			vertex 10.518159866333008 -49.80183792114258 -24.5
			vertex 10.513264656066895 -49.94931411743164 -24.625
			vertex 10.449821472167969 -49.90041732788086 -24.625
		endloop
	endfacet
	facet normal 0.4859164932248673 0.5372715108117277 -0.6893652771079576
		outer loop
			vertex 10.518159866333008 -49.80183792114258 -24.5
			vertex 10.449821472167969 -49.90041732788086 -24.625
			vertex 10.447700500488281 -49.73811340332031 -24.5
		endloop
	endfacet
	facet normal 0.4897491409877022 0.5359958890474292 -0.687643938260248
		outer loop
			vertex 10.447700500488281 -49.73811340332031 -24.5
			vertex 10.449821472167969 -49.90041732788086 -24.625
			vertex 10.35074234008789 -49.80988693237305 -24.625
		endloop
	endfacet
	facet normal 0.5255910885313254 0.49499730128098135 -0.6919043860108143
		outer loop
			vertex 10.447700500488281 -49.73811340332031 -24.5
			vertex 10.35074234008789 -49.80988693237305 -24.625
			vertex 10.381829261779785 -49.66817092895508 -24.5
		endloop
	endfacet
	facet normal 0.5411824230624068 0.4863575881812736 -0.6859867938865856
		outer loop
			vertex 10.381829261779785 -49.66817092895508 -24.5
			vertex 10.35074234008789 -49.80988693237305 -24.625
			vertex 10.260024070739746 -49.70894241333008 -24.625
		endloop
	endfacet
	facet normal 0.5606957236762536 0.451974171838715 -0.6937864609819581
		outer loop
			vertex 10.381829261779785 -49.66817092895508 -24.5
			vertex 10.260024070739746 -49.70894241333008 -24.625
			vertex 10.32121467590332 -49.59297561645508 -24.5
		endloop
	endfacet
	facet normal 0.584197759499077 0.43220990005659504 -0.6869552970094392
		outer loop
			vertex 10.32121467590332 -49.59297561645508 -24.5
			vertex 10.260024070739746 -49.70894241333008 -24.625
			vertex 10.179161071777344 -49.59964370727539 -24.625
		endloop
	endfacet
	facet normal 0.5923888576983265 0.4075782592477653 -0.6949499290333321
		outer loop
			vertex 10.32121467590332 -49.59297561645508 -24.5
			vertex 10.179161071777344 -49.59964370727539 -24.625
			vertex 10.266520500183105 -49.51348114013672 -24.5
		endloop
	endfacet
	facet normal 0.6200165335843536 0.37286215897519837 -0.6903284062577725
		outer loop
			vertex 10.266520500183105 -49.51348114013672 -24.5
			vertex 10.179161071777344 -49.59964370727539 -24.625
			vertex 10.109648704528809 -49.48405456542969 -24.625
		endloop
	endfacet
	facet normal 0.6216359133760667 0.36102491915847995 -0.6951473217582849
		outer loop
			vertex 10.266520500183105 -49.51348114013672 -24.5
			vertex 10.109648704528809 -49.48405456542969 -24.625
			vertex 10.218414306640625 -49.43064880371094 -24.5
		endloop
	endfacet
	facet normal 0.6474654705613954 0.3104280546616494 -0.6960049477623668
		outer loop
			vertex 10.218414306640625 -49.43064880371094 -24.5
			vertex 10.109648704528809 -49.48405456542969 -24.625
			vertex 10.177560806274414 -49.34543991088867 -24.5
		endloop
	endfacet
	facet normal 0.6504311443212337 0.3076087883191928 -0.6944898558263962
		outer loop
			vertex 10.177560806274414 -49.34543991088867 -24.5
			vertex 10.109648704528809 -49.48405456542969 -24.625
			vertex 10.052982330322266 -49.364234924316406 -24.625
		endloop
	endfacet
	facet normal 0.6659269239370403 0.25316454340038985 -0.7017471381777226
		outer loop
			vertex 10.177560806274414 -49.34543991088867 -24.5
			vertex 10.052982330322266 -49.364234924316406 -24.625
			vertex 10.144627571105957 -49.258811950683594 -24.5
		endloop
	endfacet
	facet normal 0.6664485522351049 0.25243535385798416 -0.7015145895463095
		outer loop
			vertex 10.144627571105957 -49.258811950683594 -24.5
			vertex 10.052982330322266 -49.364234924316406 -24.625
			vertex 10.029932975769043 -49.303382873535156 -24.625
		endloop
	endfacet
	facet normal 0.6803675360100242 0.2145278182583551 -0.7007694564812016
		outer loop
			vertex 10.144627571105957 -49.258811950683594 -24.5
			vertex 10.029932975769043 -49.303382873535156 -24.625
			vertex 10.010655403137207 -49.242244720458984 -24.625
		endloop
	endfacet
	facet normal 0.6798331172584892 0.21435930979383383 -0.7013394463334545
		outer loop
			vertex 10.010655403137207 -49.242244720458984 -24.625
			vertex 10.029932975769043 -49.303382873535156 -24.625
			vertex 9.911906242370605 -49.33803939819336 -24.75
		endloop
	endfacet
	facet normal 0.6784836414721483 0.21656930048335915 -0.7019670122896388
		outer loop
			vertex 10.010655403137207 -49.242244720458984 -24.625
			vertex 9.911906242370605 -49.33803939819336 -24.75
			vertex 9.89018726348877 -49.269996643066406 -24.75
		endloop
	endfacet
	facet normal 0.6790946929790086 0.21676434571261902 -0.7013156325047419
		outer loop
			vertex 9.89018726348877 -49.269996643066406 -24.75
			vertex 9.911906242370605 -49.33803939819336 -24.75
			vertex 9.793879508972168 -49.37269973754883 -24.875
		endloop
	endfacet
	facet normal 0.6779528867553543 0.21851723344920082 -0.7018761301154139
		outer loop
			vertex 9.89018726348877 -49.269996643066406 -24.75
			vertex 9.793879508972168 -49.37269973754883 -24.875
			vertex 9.769720077514648 -49.29774475097656 -24.875
		endloop
	endfacet
	facet normal 0.677360194377409 0.218326197314913 -0.702507536357446
		outer loop
			vertex 9.769720077514648 -49.29774475097656 -24.875
			vertex 9.793879508972168 -49.37269973754883 -24.875
			vertex 9.670589447021484 -49.39240264892578 -25
		endloop
	endfacet
	facet normal 0.6876448856797085 0.20112127733522234 -0.6976351073459458
		outer loop
			vertex 9.769720077514648 -49.29774475097656 -24.875
			vertex 9.670589447021484 -49.39240264892578 -25
			vertex 9.63210391998291 -49.26081848144531 -25
		endloop
	endfacet
	facet normal 0.3063097420764498 0.651250981389229 -0.6942956871165376
		outer loop
			vertex 10.616827011108398 -50.42018127441406 -25
			vertex 10.492712020874023 -50.3618049621582 -25
			vertex 10.562606811523438 -50.261417388916016 -24.875
		endloop
	endfacet
	facet normal 0.3486040879434085 0.6259416474872707 -0.697618981830387
		outer loop
			vertex 10.562606811523438 -50.261417388916016 -24.875
			vertex 10.492712020874023 -50.3618049621582 -25
			vertex 10.478802680969238 -50.214744567871094 -24.875
		endloop
	endfacet
	facet normal 0.34940785815961534 0.6273848699586473 -0.6959183670541262
		outer loop
			vertex 10.562606811523438 -50.261417388916016 -24.875
			vertex 10.478802680969238 -50.214744567871094 -24.875
			vertex 10.528848648071289 -50.10396194458008 -24.75
		endloop
	endfacet
	facet normal 0.3975620409451522 0.6018794855717974 -0.6925933211108476
		outer loop
			vertex 10.528848648071289 -50.10396194458008 -24.75
			vertex 10.478802680969238 -50.214744567871094 -24.875
			vertex 10.455238342285156 -50.05533981323242 -24.75
		endloop
	endfacet
	facet normal 0.3968806247891125 0.600847871978904 -0.6938786669190993
		outer loop
			vertex 10.528848648071289 -50.10396194458008 -24.75
			vertex 10.455238342285156 -50.05533981323242 -24.75
			vertex 10.513264656066895 -49.94931411743164 -24.625
		endloop
	endfacet
	facet normal 0.44142782373900996 0.5727489852987525 -0.6907243127820905
		outer loop
			vertex 10.513264656066895 -49.94931411743164 -24.625
			vertex 10.455238342285156 -50.05533981323242 -24.75
			vertex 10.449821472167969 -49.90041732788086 -24.625
		endloop
	endfacet
	facet normal 0.37114747325598413 0.6215160692532378 -0.6899038547186871
		outer loop
			vertex 10.492712020874023 -50.3618049621582 -25
			vertex 10.372227668762207 -50.28985595703125 -25
			vertex 10.478802680969238 -50.214744567871094 -24.875
		endloop
	endfacet
	facet normal 0.39303363017582793 0.600793420569479 -0.6961119388081458
		outer loop
			vertex 10.478802680969238 -50.214744567871094 -24.875
			vertex 10.372227668762207 -50.28985595703125 -25
			vertex 10.397212982177734 -50.16136932373047 -24.875
		endloop
	endfacet
	facet normal 0.394143131492292 0.6024894105303041 -0.694015635339937
		outer loop
			vertex 10.478802680969238 -50.214744567871094 -24.875
			vertex 10.397212982177734 -50.16136932373047 -24.875
			vertex 10.455238342285156 -50.05533981323242 -24.75
		endloop
	endfacet
	facet normal 0.43787225729254126 0.5750713068780288 -0.6910577966415911
		outer loop
			vertex 10.455238342285156 -50.05533981323242 -24.75
			vertex 10.397212982177734 -50.16136932373047 -24.875
			vertex 10.384041786193848 -50.001129150390625 -24.75
		endloop
	endfacet
	facet normal 0.43705629497453424 0.5739996780895759 -0.6924638362948613
		outer loop
			vertex 10.455238342285156 -50.05533981323242 -24.75
			vertex 10.384041786193848 -50.001129150390625 -24.75
			vertex 10.449821472167969 -49.90041732788086 -24.625
		endloop
	endfacet
	facet normal 0.4890997527173093 0.5352851793918201 -0.6886589929822554
		outer loop
			vertex 10.449821472167969 -49.90041732788086 -24.625
			vertex 10.384041786193848 -50.001129150390625 -24.75
			vertex 10.35074234008789 -49.80988693237305 -24.625
		endloop
	endfacet
	facet normal 0.42644550288035277 0.5867637972659973 -0.6883694351807834
		outer loop
			vertex 10.372227668762207 -50.28985595703125 -25
			vertex 10.256470680236816 -50.205726623535156 -25
			vertex 10.397212982177734 -50.16136932373047 -24.875
		endloop
	endfacet
	facet normal 0.43405539380215924 0.5756393347319229 -0.6929900947492985
		outer loop
			vertex 10.397212982177734 -50.16136932373047 -24.875
			vertex 10.256470680236816 -50.205726623535156 -25
			vertex 10.318262100219727 -50.101837158203125 -24.875
		endloop
	endfacet
	facet normal 0.4342966786294923 0.5759593239302375 -0.6925729218712029
		outer loop
			vertex 10.397212982177734 -50.16136932373047 -24.875
			vertex 10.318262100219727 -50.101837158203125 -24.875
			vertex 10.384041786193848 -50.001129150390625 -24.75
		endloop
	endfacet
	facet normal 0.48556755244947625 0.5380452629133714 -0.6890075812824603
		outer loop
			vertex 10.384041786193848 -50.001129150390625 -24.75
			vertex 10.318262100219727 -50.101837158203125 -24.875
			vertex 10.27277946472168 -49.900718688964844 -24.75
		endloop
	endfacet
	facet normal 0.48395900323199464 0.536262869748377 -0.6915242712442778
		outer loop
			vertex 10.384041786193848 -50.001129150390625 -24.75
			vertex 10.27277946472168 -49.900718688964844 -24.75
			vertex 10.35074234008789 -49.80988693237305 -24.625
		endloop
	endfacet
	facet normal 0.539342319961018 0.48470389791296803 -0.6886014763613583
		outer loop
			vertex 10.35074234008789 -49.80988693237305 -24.625
			vertex 10.27277946472168 -49.900718688964844 -24.75
			vertex 10.260024070739746 -49.70894241333008 -24.625
		endloop
	endfacet
	facet normal 0.47330776062244595 0.5481662058231708 -0.6895604212307973
		outer loop
			vertex 10.256470680236816 -50.205726623535156 -25
			vertex 10.146536827087402 -50.11080551147461 -25
			vertex 10.318262100219727 -50.101837158203125 -24.875
		endloop
	endfacet
	facet normal 0.4785075783464651 0.5356189722961184 -0.6958037179991579
		outer loop
			vertex 10.318262100219727 -50.101837158203125 -24.875
			vertex 10.146536827087402 -50.11080551147461 -25
			vertex 10.194816589355469 -49.991554260253906 -24.875
		endloop
	endfacet
	facet normal 0.48122189764397594 0.5386572541925937 -0.6915734579447266
		outer loop
			vertex 10.318262100219727 -50.101837158203125 -24.875
			vertex 10.194816589355469 -49.991554260253906 -24.875
			vertex 10.27277946472168 -49.900718688964844 -24.75
		endloop
	endfacet
	facet normal 0.5360561867396303 0.48791464246852706 -0.6888998957199634
		outer loop
			vertex 10.27277946472168 -49.900718688964844 -24.75
			vertex 10.194816589355469 -49.991554260253906 -24.875
			vertex 10.170827865600586 -49.7887077331543 -24.75
		endloop
	endfacet
	facet normal 0.5342262664123094 0.48624906161275694 -0.6914941405072623
		outer loop
			vertex 10.27277946472168 -49.900718688964844 -24.75
			vertex 10.170827865600586 -49.7887077331543 -24.75
			vertex 10.260024070739746 -49.70894241333008 -24.625
		endloop
	endfacet
	facet normal 0.581908867960912 0.4305164981787806 -0.6899547914061688
		outer loop
			vertex 10.260024070739746 -49.70894241333008 -24.625
			vertex 10.170827865600586 -49.7887077331543 -24.75
			vertex 10.179161071777344 -49.59964370727539 -24.625
		endloop
	endfacet
	facet normal 0.5171426880115655 0.510633259134898 -0.6868894488208747
		outer loop
			vertex 10.146536827087402 -50.11080551147461 -25
			vertex 10.043521881103516 -50.00647735595703 -25
			vertex 10.194816589355469 -49.991554260253906 -24.875
		endloop
	endfacet
	facet normal 0.5278916414735911 0.48545775317202405 -0.696893955166414
		outer loop
			vertex 10.194816589355469 -49.991554260253906 -24.875
			vertex 10.043521881103516 -50.00647735595703 -25
			vertex 10.081632614135742 -49.86847686767578 -24.875
		endloop
	endfacet
	facet normal 0.5317358153196791 0.4889929180647947 -0.6914788129717303
		outer loop
			vertex 10.194816589355469 -49.991554260253906 -24.875
			vertex 10.081632614135742 -49.86847686767578 -24.875
			vertex 10.170827865600586 -49.7887077331543 -24.75
		endloop
	endfacet
	facet normal 0.5790919702152861 0.43397308808478774 -0.6901592923741093
		outer loop
			vertex 10.170827865600586 -49.7887077331543 -24.75
			vertex 10.081632614135742 -49.86847686767578 -24.875
			vertex 10.079891204833984 -49.667362213134766 -24.75
		endloop
	endfacet
	facet normal 0.5771621679489001 0.43252688904903663 -0.6926790902994606
		outer loop
			vertex 10.170827865600586 -49.7887077331543 -24.75
			vertex 10.079891204833984 -49.667362213134766 -24.75
			vertex 10.179161071777344 -49.59964370727539 -24.625
		endloop
	endfacet
	facet normal 0.6182807363163878 0.3718182946880069 -0.6924450063617816
		outer loop
			vertex 10.179161071777344 -49.59964370727539 -24.625
			vertex 10.079891204833984 -49.667362213134766 -24.75
			vertex 10.109648704528809 -49.48405456542969 -24.625
		endloop
	endfacet
	facet normal 0.5547852190964261 0.4691579476407559 -0.6870983778453013
		outer loop
			vertex 10.043521881103516 -50.00647735595703 -25
			vertex 9.948521614074707 -49.89413833618164 -25
			vertex 10.081632614135742 -49.86847686767578 -24.875
		endloop
	endfacet
	facet normal 0.5714155443748636 0.4326958380611483 -0.697322441465452
		outer loop
			vertex 10.081632614135742 -49.86847686767578 -24.875
			vertex 9.948521614074707 -49.89413833618164 -25
			vertex 9.980620384216309 -49.73508071899414 -24.875
		endloop
	endfacet
	facet normal 0.5750567934548673 0.43545311923379343 -0.6925967551548058
		outer loop
			vertex 10.081632614135742 -49.86847686767578 -24.875
			vertex 9.980620384216309 -49.73508071899414 -24.875
			vertex 10.079891204833984 -49.667362213134766 -24.75
		endloop
	endfacet
	facet normal 0.6160660877015677 0.3752662907299579 -0.6925588687078257
		outer loop
			vertex 10.079891204833984 -49.667362213134766 -24.75
			vertex 9.980620384216309 -49.73508071899414 -24.875
			vertex 10.001669883728027 -49.53894805908203 -24.75
		endloop
	endfacet
	facet normal 0.6141849059257626 0.37412040050602274 -0.6948459018071382
		outer loop
			vertex 10.079891204833984 -49.667362213134766 -24.75
			vertex 10.001669883728027 -49.53894805908203 -24.75
			vertex 10.109648704528809 -49.48405456542969 -24.625
		endloop
	endfacet
	facet normal 0.6493216043965383 0.30708405294204005 -0.6957591813929557
		outer loop
			vertex 10.109648704528809 -49.48405456542969 -24.625
			vertex 10.001669883728027 -49.53894805908203 -24.75
			vertex 10.052982330322266 -49.364234924316406 -24.625
		endloop
	endfacet
	facet normal 0.586928316946705 0.42373375189064477 -0.689902064263317
		outer loop
			vertex 9.948521614074707 -49.89413833618164 -25
			vertex 9.862631797790527 -49.775169372558594 -25
			vertex 9.980620384216309 -49.73508071899414 -24.875
		endloop
	endfacet
	facet normal 0.6106910592860404 0.3758657085485561 -0.6969802000382692
		outer loop
			vertex 9.980620384216309 -49.73508071899414 -24.875
			vertex 9.862631797790527 -49.775169372558594 -25
			vertex 9.893691062927246 -49.593841552734375 -24.875
		endloop
	endfacet
	facet normal 0.6125605654744013 0.37701634479488605 -0.6947144948705082
		outer loop
			vertex 9.980620384216309 -49.73508071899414 -24.875
			vertex 9.893691062927246 -49.593841552734375 -24.875
			vertex 10.001669883728027 -49.53894805908203 -24.75
		endloop
	endfacet
	facet normal 0.6477641771761636 0.3102525144420284 -0.6958052515249413
		outer loop
			vertex 10.001669883728027 -49.53894805908203 -24.75
			vertex 9.893691062927246 -49.593841552734375 -24.875
			vertex 9.937868118286133 -49.405738830566406 -24.75
		endloop
	endfacet
	facet normal 0.6460791189728202 0.30944544056701495 -0.6977286659867075
		outer loop
			vertex 10.001669883728027 -49.53894805908203 -24.75
			vertex 9.937868118286133 -49.405738830566406 -24.75
			vertex 10.052982330322266 -49.364234924316406 -24.625
		endloop
	endfacet
	facet normal 0.6683008154047217 0.25313694846283724 -0.6994967515666581
		outer loop
			vertex 10.052982330322266 -49.364234924316406 -24.625
			vertex 9.937868118286133 -49.405738830566406 -24.75
			vertex 10.029932975769043 -49.303382873535156 -24.625
		endloop
	endfacet
	facet normal 0.6138763346721082 0.37405938578357106 -0.6951513659892753
		outer loop
			vertex 9.862631797790527 -49.775169372558594 -25
			vertex 9.78695011138916 -49.65096664428711 -25
			vertex 9.893691062927246 -49.593841552734375 -24.875
		endloop
	endfacet
	facet normal 0.6418759987182744 0.3227115336442039 -0.6955950462175704
		outer loop
			vertex 9.893691062927246 -49.593841552734375 -24.875
			vertex 9.78695011138916 -49.65096664428711 -25
			vertex 9.722570419311523 -49.52291488647461 -25
		endloop
	endfacet
	facet normal 0.6412543611000626 0.3102861175984619 -0.7017943926790979
		outer loop
			vertex 9.893691062927246 -49.593841552734375 -24.875
			vertex 9.722570419311523 -49.52291488647461 -25
			vertex 9.82275390625 -49.44723892211914 -24.875
		endloop
	endfacet
	facet normal 0.6673151661112099 0.2657811390703651 -0.6957376338767565
		outer loop
			vertex 9.82275390625 -49.44723892211914 -24.875
			vertex 9.722570419311523 -49.52291488647461 -25
			vertex 9.670589447021484 -49.39240264892578 -25
		endloop
	endfacet
	facet normal 0.6671025571668027 0.25841689001201745 -0.6987094454621533
		outer loop
			vertex 9.82275390625 -49.44723892211914 -24.875
			vertex 9.670589447021484 -49.39240264892578 -25
			vertex 9.793879508972168 -49.37269973754883 -24.875
		endloop
	endfacet
	facet normal 0.7014304740464788 0.12768847687960314 -0.7012067761731194
		outer loop
			vertex 9.608208656311035 -49.129554748535156 -25
			vertex 9.73649787902832 -49.14784240722656 -24.875
			vertex 9.63210391998291 -49.26081848144531 -25
		endloop
	endfacet
	facet normal 0.6994789530855873 0.13097628426871452 -0.7025485087518525
		outer loop
			vertex 9.63210391998291 -49.26081848144531 -25
			vertex 9.73649787902832 -49.14784240722656 -24.875
			vertex 9.750513076782227 -49.22269058227539 -24.875
		endloop
	endfacet
	facet normal 0.6873228182776054 0.17589176061132114 -0.7047335893967163
		outer loop
			vertex 9.63210391998291 -49.26081848144531 -25
			vertex 9.750513076782227 -49.22269058227539 -24.875
			vertex 9.769720077514648 -49.29774475097656 -24.875
		endloop
	endfacet
	facet normal 0.6884701257175186 0.17618536635261534 -0.7035393398223718
		outer loop
			vertex 9.769720077514648 -49.29774475097656 -24.875
			vertex 9.750513076782227 -49.22269058227539 -24.875
			vertex 9.8729248046875 -49.20188522338867 -24.75
		endloop
	endfacet
	facet normal 0.6893059973608298 0.17470075410569 -0.7030909532324356
		outer loop
			vertex 9.769720077514648 -49.29774475097656 -24.875
			vertex 9.8729248046875 -49.20188522338867 -24.75
			vertex 9.89018726348877 -49.269996643066406 -24.75
		endloop
	endfacet
	facet normal 0.6888144889386215 0.1745761840419769 -0.7036034080315184
		outer loop
			vertex 9.89018726348877 -49.269996643066406 -24.75
			vertex 9.8729248046875 -49.20188522338867 -24.75
			vertex 9.995336532592773 -49.18108367919922 -24.625
		endloop
	endfacet
	facet normal 0.6897676639433336 0.17276457908566342 -0.7031166119439293
		outer loop
			vertex 9.89018726348877 -49.269996643066406 -24.75
			vertex 9.995336532592773 -49.18108367919922 -24.625
			vertex 10.010655403137207 -49.242244720458984 -24.625
		endloop
	endfacet
	facet normal 0.6901225687369096 0.17285347130326478 -0.702746410576661
		outer loop
			vertex 10.010655403137207 -49.242244720458984 -24.625
			vertex 9.995336532592773 -49.18108367919922 -24.625
			vertex 10.120278358459473 -49.171722412109375 -24.5
		endloop
	endfacet
	facet normal 0.682181917090683 0.19073005592596715 -0.70586817307551
		outer loop
			vertex 10.010655403137207 -49.242244720458984 -24.625
			vertex 10.120278358459473 -49.171722412109375 -24.5
			vertex 10.144627571105957 -49.258811950683594 -24.5
		endloop
	endfacet
	facet normal 0.7014715273342108 0.08099717420209249 -0.708079906585892
		outer loop
			vertex 9.73649787902832 -49.14784240722656 -24.875
			vertex 9.608208656311035 -49.129554748535156 -25
			vertex 9.727914810180664 -49.073509216308594 -24.875
		endloop
	endfacet
	facet normal 0.7113301064031193 0.04506815135895742 -0.7014116775885708
		outer loop
			vertex 9.727914810180664 -49.073509216308594 -24.875
			vertex 9.608208656311035 -49.129554748535156 -25
			vertex 9.600000381469727 -49 -25
		endloop
	endfacet
	facet normal 0.706829070628274 0.028023736894654976 -0.706829070628274
		outer loop
			vertex 9.727914810180664 -49.073509216308594 -24.875
			vertex 9.600000381469727 -49 -25
			vertex 9.850000381469727 -49 -24.75
		endloop
	endfacet
	facet normal 0.7069050873902758 0.027784285006963158 -0.7067624996619435
		outer loop
			vertex 9.727914810180664 -49.073509216308594 -24.875
			vertex 9.850000381469727 -49 -24.75
			vertex 9.852618217468262 -49.06660461425781 -24.75
		endloop
	endfacet
	facet normal 0.706833852146971 0.027781485168147702 -0.706833852146971
		outer loop
			vertex 9.852618217468262 -49.06660461425781 -24.75
			vertex 9.850000381469727 -49 -24.75
			vertex 9.975000381469727 -49 -24.625
		endloop
	endfacet
	facet normal 0.7069191591187858 0.027486281682030746 -0.7067600772469288
		outer loop
			vertex 9.852618217468262 -49.06660461425781 -24.75
			vertex 9.975000381469727 -49 -24.625
			vertex 9.97732162475586 -49.05970001220703 -24.625
		endloop
	endfacet
	facet normal 0.7068396827375628 0.027483191498134628 -0.7068396827375628
		outer loop
			vertex 9.97732162475586 -49.05970001220703 -24.625
			vertex 9.975000381469727 -49 -24.625
			vertex 10.100000381469727 -49 -24.5
		endloop
	endfacet
	facet normal 0.7027635326040026 0.04276349317902207 -0.7101371000680577
		outer loop
			vertex 9.97732162475586 -49.05970001220703 -24.625
			vertex 10.100000381469727 -49 -24.5
			vertex 10.105180740356445 -49.08513259887695 -24.5
		endloop
	endfacet
	facet normal 0.7049074369082826 0.07978363549760223 -0.704797897909877
		outer loop
			vertex 9.97732162475586 -49.05970001220703 -24.625
			vertex 10.105180740356445 -49.08513259887695 -24.5
			vertex 9.984163284301758 -49.120147705078125 -24.625
		endloop
	endfacet
	facet normal 0.6959478311915477 0.12134400321152246 -0.70776567389524
		outer loop
			vertex 9.984163284301758 -49.120147705078125 -24.625
			vertex 10.105180740356445 -49.08513259887695 -24.5
			vertex 10.120278358459473 -49.171722412109375 -24.5
		endloop
	endfacet
	facet normal 0.6966772058644429 0.1277430534604328 -0.7059196718618328
		outer loop
			vertex 9.984163284301758 -49.120147705078125 -24.625
			vertex 10.120278358459473 -49.171722412109375 -24.5
			vertex 9.995336532592773 -49.18108367919922 -24.625
		endloop
	endfacet
	facet normal 0.37934435432434654 0.6082240147757543 -0.697252758110219
		outer loop
			vertex 10.59254264831543 -49.85839080810547 -24.5
			vertex 10.670183181762695 -49.90681457519531 -24.5
			vertex 10.57889461517334 -49.9931755065918 -24.625
		endloop
	endfacet
	facet normal 0.3562884921129063 0.6266129549626628 -0.6931195532235919
		outer loop
			vertex 10.57889461517334 -49.9931755065918 -24.625
			vertex 10.670183181762695 -49.90681457519531 -24.5
			vertex 10.646380424499512 -50.03154754638672 -24.625
		endloop
	endfacet
	facet normal 0.35568723254460705 0.6255555056115562 -0.6943823888923373
		outer loop
			vertex 10.57889461517334 -49.9931755065918 -24.625
			vertex 10.646380424499512 -50.03154754638672 -24.625
			vertex 10.604494094848633 -50.146484375 -24.75
		endloop
	endfacet
	facet normal 0.301707903890103 0.649300017462728 -0.6981273723706451
		outer loop
			vertex 10.604494094848633 -50.146484375 -24.75
			vertex 10.646380424499512 -50.03154754638672 -24.625
			vertex 10.681795120239258 -50.182403564453125 -24.75
		endloop
	endfacet
	facet normal 0.3020933692141218 0.650129570279839 -0.697188022074829
		outer loop
			vertex 10.604494094848633 -50.146484375 -24.75
			vertex 10.681795120239258 -50.182403564453125 -24.75
			vertex 10.648202896118164 -50.30084228515625 -24.875
		endloop
	endfacet
	facet normal 0.24375581006294494 0.6704534731114151 -0.7007676115898898
		outer loop
			vertex 10.648202896118164 -50.30084228515625 -24.875
			vertex 10.681795120239258 -50.182403564453125 -24.75
			vertex 10.735163688659668 -50.33245849609375 -24.875
		endloop
	endfacet
	facet normal 0.3143932224518697 0.6413652232026138 -0.6998625237449072
		outer loop
			vertex 10.670183181762695 -49.90681457519531 -24.5
			vertex 10.750415802001953 -49.946144104003906 -24.5
			vertex 10.646380424499512 -50.03154754638672 -24.625
		endloop
	endfacet
	facet normal 0.3048777368212546 0.6489189363057172 -0.697103851441524
		outer loop
			vertex 10.646380424499512 -50.03154754638672 -24.625
			vertex 10.750415802001953 -49.946144104003906 -24.5
			vertex 10.715387344360352 -50.063968658447266 -24.625
		endloop
	endfacet
	facet normal 0.30494882693875835 0.649070248513402 -0.6969318657110076
		outer loop
			vertex 10.646380424499512 -50.03154754638672 -24.625
			vertex 10.715387344360352 -50.063968658447266 -24.625
			vertex 10.681795120239258 -50.182403564453125 -24.75
		endloop
	endfacet
	facet normal 0.2456719659564843 0.6698422560859179 -0.7006829790317471
		outer loop
			vertex 10.681795120239258 -50.182403564453125 -24.75
			vertex 10.715387344360352 -50.063968658447266 -24.625
			vertex 10.760375022888184 -50.21122360229492 -24.75
		endloop
	endfacet
	facet normal 0.2459246513506977 0.6705312209577577 -0.6999349595347674
		outer loop
			vertex 10.681795120239258 -50.182403564453125 -24.75
			vertex 10.760375022888184 -50.21122360229492 -24.75
			vertex 10.735163688659668 -50.33245849609375 -24.875
		endloop
	endfacet
	facet normal 0.18193210361278808 0.6872634338648163 -0.703256483899983
		outer loop
			vertex 10.735163688659668 -50.33245849609375 -24.875
			vertex 10.760375022888184 -50.21122360229492 -24.75
			vertex 10.823066711425781 -50.35572814941406 -24.875
		endloop
	endfacet
	facet normal 0.24804578859866927 0.6692871850135942 -0.7003770061438649
		outer loop
			vertex 10.715387344360352 -50.063968658447266 -24.625
			vertex 10.750415802001953 -49.946144104003906 -24.5
			vertex 10.785585403442383 -50.08998489379883 -24.625
		endloop
	endfacet
	facet normal 0.23864463072604283 0.6695791313114623 -0.7033580362360399
		outer loop
			vertex 10.785585403442383 -50.08998489379883 -24.625
			vertex 10.750415802001953 -49.946144104003906 -24.5
			vertex 10.832572937011719 -49.975425720214844 -24.5
		endloop
	endfacet
	facet normal 0.18556419186939802 0.6886838417914478 -0.7009140437680139
		outer loop
			vertex 10.785585403442383 -50.08998489379883 -24.625
			vertex 10.832572937011719 -49.975425720214844 -24.5
			vertex 10.85664176940918 -50.109130859375 -24.625
		endloop
	endfacet
	facet normal 0.1510265404149176 0.6894645335883312 -0.7083993513648402
		outer loop
			vertex 10.85664176940918 -50.109130859375 -24.625
			vertex 10.832572937011719 -49.975425720214844 -24.5
			vertex 10.915989875793457 -49.99369812011719 -24.5
		endloop
	endfacet
	facet normal 0.11591887164254124 0.7016737569852824 -0.7030055148825498
		outer loop
			vertex 10.85664176940918 -50.109130859375 -24.625
			vertex 10.915989875793457 -49.99369812011719 -24.5
			vertex 10.928223609924316 -50.12095642089844 -24.625
		endloop
	endfacet
	facet normal 0.11559435817208322 0.699709429841806 -0.705013941811961
		outer loop
			vertex 10.85664176940918 -50.109130859375 -24.625
			vertex 10.928223609924316 -50.12095642089844 -24.625
			vertex 10.919855117797852 -50.245521545410156 -24.75
		endloop
	endfacet
	facet normal 0.11452504158793986 0.6998224186835308 -0.7050763059110791
		outer loop
			vertex 10.919855117797852 -50.245521545410156 -24.75
			vertex 10.911486625671387 -50.37009048461914 -24.875
			vertex 10.83985424041748 -50.23242950439453 -24.75
		endloop
	endfacet
	facet normal 0.1136464001819107 0.6996498003230976 -0.7053897168470369
		outer loop
			vertex 10.83985424041748 -50.23242950439453 -24.75
			vertex 10.911486625671387 -50.37009048461914 -24.875
			vertex 10.823066711425781 -50.35572814941406 -24.875
		endloop
	endfacet
	facet normal 0.1834139890735381 0.6874312758314745 -0.7027073001049893
		outer loop
			vertex 10.83985424041748 -50.23242950439453 -24.75
			vertex 10.823066711425781 -50.35572814941406 -24.875
			vertex 10.760375022888184 -50.21122360229492 -24.75
		endloop
	endfacet
	facet normal 0.18513318183022084 0.6870842354954221 -0.7025958712653313
		outer loop
			vertex 10.785585403442383 -50.08998489379883 -24.625
			vertex 10.85664176940918 -50.109130859375 -24.625
			vertex 10.83985424041748 -50.23242950439453 -24.75
		endloop
	endfacet
	facet normal 0.11447646665916503 0.6995255943063357 -0.7053786794988923
		outer loop
			vertex 10.83985424041748 -50.23242950439453 -24.75
			vertex 10.85664176940918 -50.109130859375 -24.625
			vertex 10.919855117797852 -50.245521545410156 -24.75
		endloop
	endfacet
	facet normal 0.18328122735500235 0.6869336880628664 -0.7032283412260861
		outer loop
			vertex 10.785585403442383 -50.08998489379883 -24.625
			vertex 10.83985424041748 -50.23242950439453 -24.75
			vertex 10.760375022888184 -50.21122360229492 -24.75
		endloop
	endfacet
	facet normal 0.24825473721517552 0.6698509786266363 -0.6997637114649214
		outer loop
			vertex 10.715387344360352 -50.063968658447266 -24.625
			vertex 10.785585403442383 -50.08998489379883 -24.625
			vertex 10.760375022888184 -50.21122360229492 -24.75
		endloop
	endfacet
	facet normal 0.6449725857237704 0.3120852686886317 -0.697576625706695
		outer loop
			vertex 9.893691062927246 -49.593841552734375 -24.875
			vertex 9.82275390625 -49.44723892211914 -24.875
			vertex 9.937868118286133 -49.405738830566406 -24.75
		endloop
	endfacet
	facet normal 0.6672819757558348 0.2558941965684495 -0.6994661714436069
		outer loop
			vertex 9.937868118286133 -49.405738830566406 -24.75
			vertex 9.82275390625 -49.44723892211914 -24.875
			vertex 9.911906242370605 -49.33803939819336 -24.75
		endloop
	endfacet
	facet normal 0.6665645200073362 0.25561906136473367 -0.7002504095924557
		outer loop
			vertex 9.937868118286133 -49.405738830566406 -24.75
			vertex 9.911906242370605 -49.33803939819336 -24.75
			vertex 10.029932975769043 -49.303382873535156 -24.625
		endloop
	endfacet
	facet normal 0.6657835087090219 0.25790592749722435 -0.7001548772185339
		outer loop
			vertex 9.793879508972168 -49.37269973754883 -24.875
			vertex 9.911906242370605 -49.33803939819336 -24.75
			vertex 9.82275390625 -49.44723892211914 -24.875
		endloop
	endfacet
	facet normal 0.6978634218983158 0.12796055857895125 -0.7047075562419748
		outer loop
			vertex 9.984163284301758 -49.120147705078125 -24.625
			vertex 9.995336532592773 -49.18108367919922 -24.625
			vertex 9.8729248046875 -49.20188522338867 -24.75
		endloop
	endfacet
	facet normal 0.6976042379513215 0.12941172060438771 -0.704699179623879
		outer loop
			vertex 9.8729248046875 -49.20188522338867 -24.75
			vertex 9.750513076782227 -49.22269058227539 -24.875
			vertex 9.860330581665039 -49.133995056152344 -24.75
		endloop
	endfacet
	facet normal 0.6970712168879488 0.13052543962317537 -0.7050211544326391
		outer loop
			vertex 9.860330581665039 -49.133995056152344 -24.75
			vertex 9.750513076782227 -49.22269058227539 -24.875
			vertex 9.73649787902832 -49.14784240722656 -24.875
		endloop
	endfacet
	facet normal 0.7036345889352945 0.08052605174798662 -0.7059843626056739
		outer loop
			vertex 9.860330581665039 -49.133995056152344 -24.75
			vertex 9.73649787902832 -49.14784240722656 -24.875
			vertex 9.852618217468262 -49.06660461425781 -24.75
		endloop
	endfacet
	facet normal 0.7033609101915757 0.08121533654577877 -0.7061780930645146
		outer loop
			vertex 9.852618217468262 -49.06660461425781 -24.75
			vertex 9.73649787902832 -49.14784240722656 -24.875
			vertex 9.727914810180664 -49.073509216308594 -24.875
		endloop
	endfacet
	facet normal 0.7034216690753905 0.08050168456091762 -0.7061992879195266
		outer loop
			vertex 9.852618217468262 -49.06660461425781 -24.75
			vertex 9.97732162475586 -49.05970001220703 -24.625
			vertex 9.860330581665039 -49.133995056152344 -24.75
		endloop
	endfacet
	facet normal 0.7037333416838653 0.07965074771614365 -0.7059852280258556
		outer loop
			vertex 9.860330581665039 -49.133995056152344 -24.75
			vertex 9.97732162475586 -49.05970001220703 -24.625
			vertex 9.984163284301758 -49.120147705078125 -24.625
		endloop
	endfacet
	facet normal 0.6972471102478848 0.12934547027495596 -0.7050646896351601
		outer loop
			vertex 9.860330581665039 -49.133995056152344 -24.75
			vertex 9.984163284301758 -49.120147705078125 -24.625
			vertex 9.8729248046875 -49.20188522338867 -24.75
		endloop
	endfacet
endsolid exported
