solid exported
	facet normal 0 0.7071202985927124 0.7070932635219722
		outer loop
			vertex -153.90133666992188 701.107666015625 -12.000125885009766
			vertex -153.90133666992188 701.556640625 -12.449117660522461
			vertex -168.9009246826172 701.107666015625 -12.000125885009766
		endloop
	endfacet
	facet normal 1.348714710121042e-7 0.7071180457455143 0.7070955164481152
		outer loop
			vertex -168.9009246826172 701.107666015625 -12.000125885009766
			vertex -153.90133666992188 701.556640625 -12.449117660522461
			vertex -168.9009246826172 701.556640625 -12.449114799499512
		endloop
	endfacet
	facet normal 1 0 0
		outer loop
			vertex -168.9009246826172 701.107666015625 -12.000125885009766
			vertex -168.9009246826172 701.556640625 -12.449114799499512
			vertex -168.9009246826172 722.6322021484375 -12.000125885009766
		endloop
	endfacet
	facet normal 1 0 0
		outer loop
			vertex -168.9009246826172 722.6322021484375 -12.000125885009766
			vertex -168.9009246826172 701.556640625 -12.449114799499512
			vertex -168.9009246826172 722.2066040039062 -12.449117660522461
		endloop
	endfacet
	facet normal 1 0 0
		outer loop
			vertex -168.9009246826172 722.6322021484375 -12.000125885009766
			vertex -168.9009246826172 722.2066040039062 -12.449117660522461
			vertex -168.9009246826172 722.6322021484375 -12.023521423339844
		endloop
	endfacet
	facet normal 1 0 0
		outer loop
			vertex -168.9009246826172 722.2066040039062 -12.449117660522461
			vertex -168.9009246826172 701.556640625 -12.449114799499512
			vertex -168.9009246826172 722.2066040039062 -13.799117088317871
		endloop
	endfacet
	facet normal 1 0 0
		outer loop
			vertex -168.9009246826172 722.2066040039062 -13.799117088317871
			vertex -168.9009246826172 701.556640625 -12.449114799499512
			vertex -168.9009246826172 701.556640625 -13.799115180969238
		endloop
	endfacet
	facet normal 1 0 0
		outer loop
			vertex -168.9009246826172 722.2066040039062 -13.799117088317871
			vertex -168.9009246826172 701.556640625 -13.799115180969238
			vertex -168.9009246826172 699.056640625 -15.649114608764648
		endloop
	endfacet
	facet normal 1 0 0
		outer loop
			vertex -168.9009246826172 699.056640625 -15.649114608764648
			vertex -168.9009246826172 701.556640625 -13.799115180969238
			vertex -168.9009246826172 699.056640625 -13.799114227294922
		endloop
	endfacet
	facet normal 1 0 0
		outer loop
			vertex -168.9009246826172 722.2066040039062 -13.799117088317871
			vertex -168.9009246826172 699.056640625 -15.649114608764648
			vertex -168.9009246826172 724.2566528320312 -14.929117202758789
		endloop
	endfacet
	facet normal 1 0 0
		outer loop
			vertex -168.9009246826172 724.2566528320312 -14.929117202758789
			vertex -168.9009246826172 699.056640625 -15.649114608764648
			vertex -168.9009246826172 701.556640625 -18.14911460876465
		endloop
	endfacet
	facet normal 1 0 0
		outer loop
			vertex -168.9009246826172 724.2566528320312 -14.929117202758789
			vertex -168.9009246826172 701.556640625 -18.14911460876465
			vertex -168.9009246826172 720.4066162109375 -18.779117584228516
		endloop
	endfacet
	facet normal 0.9999999998390668 -5.992765314026967e-7 -0.000017930626403547877
		outer loop
			vertex -168.9009246826172 720.4066162109375 -18.779117584228516
			vertex -168.9009246826172 701.556640625 -18.14911460876465
			vertex -168.90093994140625 701.556640625 -19.000104904174805
		endloop
	endfacet
	facet normal 0.9999999976162516 -1.3973155837475472e-11 -0.00006904706404054799
		outer loop
			vertex -168.9009246826172 720.4066162109375 -18.779117584228516
			vertex -168.90093994140625 701.556640625 -19.000104904174805
			vertex -168.90093994140625 720.4066162109375 -19.00010871887207
		endloop
	endfacet
	facet normal 1 0 0
		outer loop
			vertex -168.9009246826172 724.2566528320312 -14.929117202758789
			vertex -168.9009246826172 724.2566528320312 -13.799118041992188
			vertex -168.9009246826172 722.2066040039062 -13.799117088317871
		endloop
	endfacet
	facet normal -1 0 0
		outer loop
			vertex -153.90133666992188 701.107666015625 -12.000125885009766
			vertex -153.90133666992188 722.6322021484375 -12.000125885009766
			vertex -153.90133666992188 701.556640625 -12.449117660522461
		endloop
	endfacet
	facet normal -1 0 0
		outer loop
			vertex -153.90133666992188 701.556640625 -12.449117660522461
			vertex -153.90133666992188 722.6322021484375 -12.000125885009766
			vertex -153.90133666992188 722.2066040039062 -12.449119567871094
		endloop
	endfacet
	facet normal -1 0 0
		outer loop
			vertex -153.90133666992188 701.556640625 -12.449117660522461
			vertex -153.90133666992188 722.2066040039062 -12.449119567871094
			vertex -153.90133666992188 701.556640625 -13.799117088317871
		endloop
	endfacet
	facet normal -1 0 0
		outer loop
			vertex -153.90133666992188 701.556640625 -13.799117088317871
			vertex -153.90133666992188 722.2066040039062 -12.449119567871094
			vertex -153.90133666992188 722.2066040039062 -13.79911994934082
		endloop
	endfacet
	facet normal -1 0 0
		outer loop
			vertex -153.90133666992188 701.556640625 -13.799117088317871
			vertex -153.90133666992188 722.2066040039062 -13.79911994934082
			vertex -153.90133666992188 699.056640625 -15.649117469787598
		endloop
	endfacet
	facet normal -1 0 0
		outer loop
			vertex -153.90133666992188 699.056640625 -15.649117469787598
			vertex -153.90133666992188 722.2066040039062 -13.79911994934082
			vertex -153.90133666992188 724.2566528320312 -14.929120063781738
		endloop
	endfacet
	facet normal -1 0 0
		outer loop
			vertex -153.90133666992188 699.056640625 -15.649117469787598
			vertex -153.90133666992188 724.2566528320312 -14.929120063781738
			vertex -153.90133666992188 701.556640625 -18.149118423461914
		endloop
	endfacet
	facet normal -1 0 0
		outer loop
			vertex -153.90133666992188 701.556640625 -18.149118423461914
			vertex -153.90133666992188 724.2566528320312 -14.929120063781738
			vertex -153.90133666992188 720.4066162109375 -18.77911949157715
		endloop
	endfacet
	facet normal -1 0 0
		outer loop
			vertex -153.90133666992188 701.556640625 -18.149118423461914
			vertex -153.90133666992188 720.4066162109375 -18.77911949157715
			vertex -153.90133666992188 701.556640625 -19.00010871887207
		endloop
	endfacet
	facet normal -1 0 0
		outer loop
			vertex -153.90133666992188 701.556640625 -19.00010871887207
			vertex -153.90133666992188 720.4066162109375 -18.77911949157715
			vertex -153.90133666992188 720.4066162109375 -19.000110626220703
		endloop
	endfacet
	facet normal -1 0 0
		outer loop
			vertex -153.90133666992188 722.6322021484375 -12.000125885009766
			vertex -153.90133666992188 722.6322021484375 -12.023524284362793
			vertex -153.90133666992188 722.2066040039062 -12.449119567871094
		endloop
	endfacet
	facet normal -1 0 0
		outer loop
			vertex -153.90133666992188 722.2066040039062 -13.79911994934082
			vertex -153.90133666992188 724.2566528320312 -13.79911994934082
			vertex -153.90133666992188 724.2566528320312 -14.929120063781738
		endloop
	endfacet
	facet normal -1 0 0
		outer loop
			vertex -153.90133666992188 699.056640625 -15.649117469787598
			vertex -153.90133666992188 699.056640625 -13.799117088317871
			vertex -153.90133666992188 701.556640625 -13.799117088317871
		endloop
	endfacet
	facet normal 0.000002877175548409266 0.7070752418421093 0.7071383191184342
		outer loop
			vertex -129.90133666992188 701.1076049804688 -12.000125885009766
			vertex -129.90133666992188 701.556640625 -12.449121475219727
			vertex -144.9009246826172 701.107666015625 -12.000125885009766
		endloop
	endfacet
	facet normal 8.991383653817286e-8 0.7071218004788743 0.7070917615751913
		outer loop
			vertex -144.9009246826172 701.107666015625 -12.000125885009766
			vertex -129.90133666992188 701.556640625 -12.449121475219727
			vertex -144.9009246826172 701.556640625 -12.449119567871094
		endloop
	endfacet
	facet normal 1 0 0
		outer loop
			vertex -144.9009246826172 701.107666015625 -12.000125885009766
			vertex -144.9009246826172 701.556640625 -12.449119567871094
			vertex -144.9009246826172 722.6322021484375 -12.000125885009766
		endloop
	endfacet
	facet normal 1 0 0
		outer loop
			vertex -144.9009246826172 722.6322021484375 -12.000125885009766
			vertex -144.9009246826172 701.556640625 -12.449119567871094
			vertex -144.9009246826172 722.2066040039062 -12.449121475219727
		endloop
	endfacet
	facet normal 1 0 0
		outer loop
			vertex -144.9009246826172 722.6322021484375 -12.000125885009766
			vertex -144.9009246826172 722.2066040039062 -12.449121475219727
			vertex -144.9009246826172 722.6322021484375 -12.023526191711426
		endloop
	endfacet
	facet normal 1 0 0
		outer loop
			vertex -144.9009246826172 722.2066040039062 -12.449121475219727
			vertex -144.9009246826172 701.556640625 -12.449119567871094
			vertex -144.9009246826172 722.2066040039062 -13.799121856689453
		endloop
	endfacet
	facet normal 1 0 0
		outer loop
			vertex -144.9009246826172 722.2066040039062 -13.799121856689453
			vertex -144.9009246826172 701.556640625 -12.449119567871094
			vertex -144.9009246826172 701.556640625 -13.799118995666504
		endloop
	endfacet
	facet normal 1 0 0
		outer loop
			vertex -144.9009246826172 722.2066040039062 -13.799121856689453
			vertex -144.9009246826172 701.556640625 -13.799118995666504
			vertex -144.9009246826172 699.056640625 -15.649118423461914
		endloop
	endfacet
	facet normal 1 0 0
		outer loop
			vertex -144.9009246826172 699.056640625 -15.649118423461914
			vertex -144.9009246826172 701.556640625 -13.799118995666504
			vertex -144.9009246826172 699.056640625 -13.799118995666504
		endloop
	endfacet
	facet normal 1 0 0
		outer loop
			vertex -144.9009246826172 722.2066040039062 -13.799121856689453
			vertex -144.9009246826172 699.056640625 -15.649118423461914
			vertex -144.9009246826172 724.2566528320312 -14.929121971130371
		endloop
	endfacet
	facet normal 1 0 0
		outer loop
			vertex -144.9009246826172 724.2566528320312 -14.929121971130371
			vertex -144.9009246826172 699.056640625 -15.649118423461914
			vertex -144.9009246826172 701.556640625 -18.149118423461914
		endloop
	endfacet
	facet normal 1 0 0
		outer loop
			vertex -144.9009246826172 724.2566528320312 -14.929121971130371
			vertex -144.9009246826172 701.556640625 -18.149118423461914
			vertex -144.9009246826172 720.4066162109375 -18.77912139892578
		endloop
	endfacet
	facet normal 0.9999999998390675 -5.992751882302579e-7 -0.000017930586215217552
		outer loop
			vertex -144.9009246826172 720.4066162109375 -18.77912139892578
			vertex -144.9009246826172 701.556640625 -18.149118423461914
			vertex -144.90093994140625 701.556640625 -19.000110626220703
		endloop
	endfacet
	facet normal 0.9999999976162516 -6.986577918737736e-12 -0.00006904706404054799
		outer loop
			vertex -144.9009246826172 720.4066162109375 -18.77912139892578
			vertex -144.90093994140625 701.556640625 -19.000110626220703
			vertex -144.90093994140625 720.4066162109375 -19.000112533569336
		endloop
	endfacet
	facet normal 1 0 0
		outer loop
			vertex -144.9009246826172 724.2566528320312 -14.929121971130371
			vertex -144.9009246826172 724.2566528320312 -13.799121856689453
			vertex -144.9009246826172 722.2066040039062 -13.799121856689453
		endloop
	endfacet
	facet normal -1 0 0
		outer loop
			vertex -129.90133666992188 701.1076049804688 -12.000125885009766
			vertex -129.90133666992188 722.6322021484375 -12.000125885009766
			vertex -129.90133666992188 701.556640625 -12.449121475219727
		endloop
	endfacet
	facet normal -1 0 0
		outer loop
			vertex -129.90133666992188 701.556640625 -12.449121475219727
			vertex -129.90133666992188 722.6322021484375 -12.000125885009766
			vertex -129.90133666992188 722.2066040039062 -12.449124336242676
		endloop
	endfacet
	facet normal -1 0 0
		outer loop
			vertex -129.90133666992188 701.556640625 -12.449121475219727
			vertex -129.90133666992188 722.2066040039062 -12.449124336242676
			vertex -129.90133666992188 701.556640625 -13.799121856689453
		endloop
	endfacet
	facet normal -1 0 0
		outer loop
			vertex -129.90133666992188 701.556640625 -13.799121856689453
			vertex -129.90133666992188 722.2066040039062 -12.449124336242676
			vertex -129.90133666992188 722.2066040039062 -13.799124717712402
		endloop
	endfacet
	facet normal -1 0 0
		outer loop
			vertex -129.90133666992188 701.556640625 -13.799121856689453
			vertex -129.90133666992188 722.2066040039062 -13.799124717712402
			vertex -129.90133666992188 699.056640625 -15.649121284484863
		endloop
	endfacet
	facet normal -1 0 0
		outer loop
			vertex -129.90133666992188 699.056640625 -15.649121284484863
			vertex -129.90133666992188 722.2066040039062 -13.799124717712402
			vertex -129.90133666992188 724.2566528320312 -14.92912483215332
		endloop
	endfacet
	facet normal -1 0 0
		outer loop
			vertex -129.90133666992188 699.056640625 -15.649121284484863
			vertex -129.90133666992188 724.2566528320312 -14.92912483215332
			vertex -129.90133666992188 701.556640625 -18.14912223815918
		endloop
	endfacet
	facet normal -1 0 0
		outer loop
			vertex -129.90133666992188 701.556640625 -18.14912223815918
			vertex -129.90133666992188 724.2566528320312 -14.92912483215332
			vertex -129.90133666992188 720.4066162109375 -18.779123306274414
		endloop
	endfacet
	facet normal -1 0 0
		outer loop
			vertex -129.90133666992188 701.556640625 -18.14912223815918
			vertex -129.90133666992188 720.4066162109375 -18.779123306274414
			vertex -129.90133666992188 701.556640625 -19.000112533569336
		endloop
	endfacet
	facet normal -1 0 0
		outer loop
			vertex -129.90133666992188 701.556640625 -19.000112533569336
			vertex -129.90133666992188 720.4066162109375 -18.779123306274414
			vertex -129.90133666992188 720.4066162109375 -19.00011444091797
		endloop
	endfacet
	facet normal -1 0 0
		outer loop
			vertex -129.90133666992188 722.6322021484375 -12.000125885009766
			vertex -129.90133666992188 722.6322021484375 -12.023529052734375
			vertex -129.90133666992188 722.2066040039062 -12.449124336242676
		endloop
	endfacet
	facet normal -1 0 0
		outer loop
			vertex -129.90133666992188 722.2066040039062 -13.799124717712402
			vertex -129.90133666992188 724.2566528320312 -13.799124717712402
			vertex -129.90133666992188 724.2566528320312 -14.92912483215332
		endloop
	endfacet
	facet normal -1 0 0
		outer loop
			vertex -129.90133666992188 699.056640625 -15.649121284484863
			vertex -129.90133666992188 699.056640625 -13.799121856689453
			vertex -129.90133666992188 701.556640625 -13.799121856689453
		endloop
	endfacet
	facet normal 0 0 1
		outer loop
			vertex -153.90133666992188 701.107666015625 -12.000125885009766
			vertex -144.9009246826172 722.6322021484375 -12.000125885009766
			vertex -153.90133666992188 722.6322021484375 -12.000125885009766
		endloop
	endfacet
	facet normal 0 0 1
		outer loop
			vertex -153.90133666992188 722.6322021484375 -12.000125885009766
			vertex -144.9009246826172 722.6322021484375 -12.000125885009766
			vertex -168.90113830566406 726.8944091796875 -12.000125885009766
		endloop
	endfacet
	facet normal 0 0 1
		outer loop
			vertex -153.90133666992188 722.6322021484375 -12.000125885009766
			vertex -168.90113830566406 726.8944091796875 -12.000125885009766
			vertex -168.9009246826172 722.6322021484375 -12.000125885009766
		endloop
	endfacet
	facet normal 0 0 1
		outer loop
			vertex -168.9009246826172 722.6322021484375 -12.000125885009766
			vertex -168.90113830566406 726.8944091796875 -12.000125885009766
			vertex -169.61270141601562 726.8435668945312 -12.000125885009766
		endloop
	endfacet
	facet normal 0 0 1
		outer loop
			vertex -168.9009246826172 722.6322021484375 -12.000125885009766
			vertex -169.61270141601562 726.8435668945312 -12.000125885009766
			vertex -170.30979919433594 726.69189453125 -12.000125885009766
		endloop
	endfacet
	facet normal 0 0 1
		outer loop
			vertex -168.9009246826172 701.107666015625 -12.000125885009766
			vertex -168.90113830566406 696.8944091796875 -12.000125885009766
			vertex -153.90133666992188 701.107666015625 -12.000125885009766
		endloop
	endfacet
	facet normal 0 0 1
		outer loop
			vertex -153.90133666992188 701.107666015625 -12.000125885009766
			vertex -168.90113830566406 696.8944091796875 -12.000125885009766
			vertex -144.9009246826172 701.107666015625 -12.000125885009766
		endloop
	endfacet
	facet normal 0 0 1
		outer loop
			vertex -153.90133666992188 701.107666015625 -12.000125885009766
			vertex -144.9009246826172 701.107666015625 -12.000125885009766
			vertex -144.9009246826172 722.6322021484375 -12.000125885009766
		endloop
	endfacet
	facet normal 0 0 1
		outer loop
			vertex -168.9009246826172 722.6322021484375 -12.000125885009766
			vertex -173.90113830566406 701.8944091796875 -12.000125885009766
			vertex -168.9009246826172 701.107666015625 -12.000125885009766
		endloop
	endfacet
	facet normal 0 0 1
		outer loop
			vertex -168.9009246826172 701.107666015625 -12.000125885009766
			vertex -173.90113830566406 701.8944091796875 -12.000125885009766
			vertex -173.85023498535156 701.182861328125 -12.000125885009766
		endloop
	endfacet
	facet normal 0 0 1
		outer loop
			vertex -168.9009246826172 701.107666015625 -12.000125885009766
			vertex -173.85023498535156 701.182861328125 -12.000125885009766
			vertex -173.69859313964844 700.4857788085938 -12.000125885009766
		endloop
	endfacet
	facet normal 0 0 1
		outer loop
			vertex -129.90133666992188 701.1076049804688 -12.000125885009766
			vertex -124.90113067626953 701.8944091796875 -12.000125885009766
			vertex -129.90133666992188 722.6322021484375 -12.000125885009766
		endloop
	endfacet
	facet normal 0 0 1
		outer loop
			vertex -129.90133666992188 722.6322021484375 -12.000125885009766
			vertex -124.90113067626953 701.8944091796875 -12.000125885009766
			vertex -124.90113067626953 721.8944091796875 -12.000125885009766
		endloop
	endfacet
	facet normal 0 0 1
		outer loop
			vertex -129.90133666992188 722.6322021484375 -12.000125885009766
			vertex -124.90113067626953 721.8944091796875 -12.000125885009766
			vertex -124.9520263671875 722.6060180664062 -12.000125885009766
		endloop
	endfacet
	facet normal 0 0 1
		outer loop
			vertex -144.9009246826172 701.107666015625 -12.000125885009766
			vertex -129.90113830566406 696.8944091796875 -12.000125885009766
			vertex -129.90133666992188 701.1076049804688 -12.000125885009766
		endloop
	endfacet
	facet normal 0 0 1
		outer loop
			vertex -129.90133666992188 701.1076049804688 -12.000125885009766
			vertex -129.90113830566406 696.8944091796875 -12.000125885009766
			vertex -129.18955993652344 696.9453125 -12.000125885009766
		endloop
	endfacet
	facet normal 0 0 1
		outer loop
			vertex -129.90133666992188 701.1076049804688 -12.000125885009766
			vertex -129.18955993652344 696.9453125 -12.000125885009766
			vertex -128.4924774169922 697.0969848632812 -12.000125885009766
		endloop
	endfacet
	facet normal 0 0 1
		outer loop
			vertex -168.90113830566406 726.8944091796875 -12.000125885009766
			vertex -144.9009246826172 722.6322021484375 -12.000125885009766
			vertex -129.90113830566406 726.8944091796875 -12.000125885009766
		endloop
	endfacet
	facet normal 0 0 1
		outer loop
			vertex -129.90113830566406 726.8944091796875 -12.000125885009766
			vertex -144.9009246826172 722.6322021484375 -12.000125885009766
			vertex -129.90133666992188 722.6322021484375 -12.000125885009766
		endloop
	endfacet
	facet normal 0 0 1
		outer loop
			vertex -129.90113830566406 726.8944091796875 -12.000125885009766
			vertex -129.90133666992188 722.6322021484375 -12.000125885009766
			vertex -129.18955993652344 726.843505859375 -12.000125885009766
		endloop
	endfacet
	facet normal 0 0 1
		outer loop
			vertex -129.18955993652344 726.843505859375 -12.000125885009766
			vertex -129.90133666992188 722.6322021484375 -12.000125885009766
			vertex -128.4924774169922 726.69189453125 -12.000125885009766
		endloop
	endfacet
	facet normal 0 0 1
		outer loop
			vertex -128.4924774169922 726.69189453125 -12.000125885009766
			vertex -129.90133666992188 722.6322021484375 -12.000125885009766
			vertex -127.82405853271484 726.4425659179688 -12.000125885009766
		endloop
	endfacet
	facet normal 0 0 1
		outer loop
			vertex -127.82405853271484 726.4425659179688 -12.000125885009766
			vertex -129.90133666992188 722.6322021484375 -12.000125885009766
			vertex -127.19792938232422 726.1007080078125 -12.000125885009766
		endloop
	endfacet
	facet normal 0 0 1
		outer loop
			vertex -127.19792938232422 726.1007080078125 -12.000125885009766
			vertex -129.90133666992188 722.6322021484375 -12.000125885009766
			vertex -126.6268310546875 725.6731567382812 -12.000125885009766
		endloop
	endfacet
	facet normal 0 0 1
		outer loop
			vertex -126.6268310546875 725.6731567382812 -12.000125885009766
			vertex -129.90133666992188 722.6322021484375 -12.000125885009766
			vertex -126.12238311767578 725.168701171875 -12.000125885009766
		endloop
	endfacet
	facet normal 0 0 1
		outer loop
			vertex -126.12238311767578 725.168701171875 -12.000125885009766
			vertex -129.90133666992188 722.6322021484375 -12.000125885009766
			vertex -125.69486236572266 724.59765625 -12.000125885009766
		endloop
	endfacet
	facet normal 0 0 1
		outer loop
			vertex -125.69486236572266 724.59765625 -12.000125885009766
			vertex -129.90133666992188 722.6322021484375 -12.000125885009766
			vertex -125.35297393798828 723.9714965820312 -12.000125885009766
		endloop
	endfacet
	facet normal 0 0 1
		outer loop
			vertex -125.35297393798828 723.9714965820312 -12.000125885009766
			vertex -129.90133666992188 722.6322021484375 -12.000125885009766
			vertex -125.10366821289062 723.3031005859375 -12.000125885009766
		endloop
	endfacet
	facet normal 0 0 1
		outer loop
			vertex -125.10366821289062 723.3031005859375 -12.000125885009766
			vertex -129.90133666992188 722.6322021484375 -12.000125885009766
			vertex -124.9520263671875 722.6060180664062 -12.000125885009766
		endloop
	endfacet
	facet normal 0 0 1
		outer loop
			vertex -170.30979919433594 726.69189453125 -12.000125885009766
			vertex -170.97821044921875 726.4425659179688 -12.000125885009766
			vertex -168.9009246826172 722.6322021484375 -12.000125885009766
		endloop
	endfacet
	facet normal 0 0 1
		outer loop
			vertex -168.9009246826172 722.6322021484375 -12.000125885009766
			vertex -170.97821044921875 726.4425659179688 -12.000125885009766
			vertex -171.60433959960938 726.1007080078125 -12.000125885009766
		endloop
	endfacet
	facet normal 0 0 1
		outer loop
			vertex -168.9009246826172 722.6322021484375 -12.000125885009766
			vertex -171.60433959960938 726.1007080078125 -12.000125885009766
			vertex -172.17543029785156 725.6731567382812 -12.000125885009766
		endloop
	endfacet
	facet normal 0 0 1
		outer loop
			vertex -172.17543029785156 725.6731567382812 -12.000125885009766
			vertex -172.6798858642578 725.1687622070312 -12.000125885009766
			vertex -168.9009246826172 722.6322021484375 -12.000125885009766
		endloop
	endfacet
	facet normal 0 0 1
		outer loop
			vertex -168.9009246826172 722.6322021484375 -12.000125885009766
			vertex -172.6798858642578 725.1687622070312 -12.000125885009766
			vertex -173.10740661621094 724.59765625 -12.000125885009766
		endloop
	endfacet
	facet normal 0 0 1
		outer loop
			vertex -168.9009246826172 722.6322021484375 -12.000125885009766
			vertex -173.10740661621094 724.59765625 -12.000125885009766
			vertex -173.4492950439453 723.9714965820312 -12.000125885009766
		endloop
	endfacet
	facet normal 0 0 1
		outer loop
			vertex -173.4492950439453 723.9714965820312 -12.000125885009766
			vertex -173.69859313964844 723.3031005859375 -12.000125885009766
			vertex -168.9009246826172 722.6322021484375 -12.000125885009766
		endloop
	endfacet
	facet normal 0 0 1
		outer loop
			vertex -168.9009246826172 722.6322021484375 -12.000125885009766
			vertex -173.69859313964844 723.3031005859375 -12.000125885009766
			vertex -173.85023498535156 722.6060180664062 -12.000125885009766
		endloop
	endfacet
	facet normal 0 0 1
		outer loop
			vertex -168.9009246826172 722.6322021484375 -12.000125885009766
			vertex -173.85023498535156 722.6060180664062 -12.000125885009766
			vertex -173.90113830566406 721.8944091796875 -12.000125885009766
		endloop
	endfacet
	facet normal 0 0 1
		outer loop
			vertex -173.90113830566406 721.8944091796875 -12.000125885009766
			vertex -173.90113830566406 701.8944091796875 -12.000125885009766
			vertex -168.9009246826172 722.6322021484375 -12.000125885009766
		endloop
	endfacet
	facet normal 0 0 1
		outer loop
			vertex -173.69859313964844 700.4857788085938 -12.000125885009766
			vertex -173.4492950439453 699.8173828125 -12.000125885009766
			vertex -168.9009246826172 701.107666015625 -12.000125885009766
		endloop
	endfacet
	facet normal 0 0 1
		outer loop
			vertex -168.9009246826172 701.107666015625 -12.000125885009766
			vertex -173.4492950439453 699.8173828125 -12.000125885009766
			vertex -173.10740661621094 699.1912231445312 -12.000125885009766
		endloop
	endfacet
	facet normal 0 0 1
		outer loop
			vertex -168.9009246826172 701.107666015625 -12.000125885009766
			vertex -173.10740661621094 699.1912231445312 -12.000125885009766
			vertex -172.6798858642578 698.6201171875 -12.000125885009766
		endloop
	endfacet
	facet normal 0 0 1
		outer loop
			vertex -172.6798858642578 698.6201171875 -12.000125885009766
			vertex -172.17543029785156 698.1156616210938 -12.000125885009766
			vertex -168.9009246826172 701.107666015625 -12.000125885009766
		endloop
	endfacet
	facet normal 0 0 1
		outer loop
			vertex -168.9009246826172 701.107666015625 -12.000125885009766
			vertex -172.17543029785156 698.1156616210938 -12.000125885009766
			vertex -171.60433959960938 697.6881713867188 -12.000125885009766
		endloop
	endfacet
	facet normal 0 0 1
		outer loop
			vertex -168.9009246826172 701.107666015625 -12.000125885009766
			vertex -171.60433959960938 697.6881713867188 -12.000125885009766
			vertex -170.97821044921875 697.3462524414062 -12.000125885009766
		endloop
	endfacet
	facet normal 0 0 1
		outer loop
			vertex -170.97821044921875 697.3462524414062 -12.000125885009766
			vertex -170.30979919433594 697.0969848632812 -12.000125885009766
			vertex -168.9009246826172 701.107666015625 -12.000125885009766
		endloop
	endfacet
	facet normal 0 0 1
		outer loop
			vertex -168.9009246826172 701.107666015625 -12.000125885009766
			vertex -170.30979919433594 697.0969848632812 -12.000125885009766
			vertex -169.61270141601562 696.9453125 -12.000125885009766
		endloop
	endfacet
	facet normal 0 0 1
		outer loop
			vertex -168.9009246826172 701.107666015625 -12.000125885009766
			vertex -169.61270141601562 696.9453125 -12.000125885009766
			vertex -168.90113830566406 696.8944091796875 -12.000125885009766
		endloop
	endfacet
	facet normal 0 0 1
		outer loop
			vertex -168.90113830566406 696.8944091796875 -12.000125885009766
			vertex -129.90113830566406 696.8944091796875 -12.000125885009766
			vertex -144.9009246826172 701.107666015625 -12.000125885009766
		endloop
	endfacet
	facet normal 0 0 1
		outer loop
			vertex -128.4924774169922 697.0969848632812 -12.000125885009766
			vertex -127.82405853271484 697.3462524414062 -12.000125885009766
			vertex -129.90133666992188 701.1076049804688 -12.000125885009766
		endloop
	endfacet
	facet normal 0 0 1
		outer loop
			vertex -129.90133666992188 701.1076049804688 -12.000125885009766
			vertex -127.82405853271484 697.3462524414062 -12.000125885009766
			vertex -127.19792938232422 697.6881713867188 -12.000125885009766
		endloop
	endfacet
	facet normal 0 0 1
		outer loop
			vertex -129.90133666992188 701.1076049804688 -12.000125885009766
			vertex -127.19792938232422 697.6881713867188 -12.000125885009766
			vertex -126.6268310546875 698.1156616210938 -12.000125885009766
		endloop
	endfacet
	facet normal 0 0 1
		outer loop
			vertex -126.6268310546875 698.1156616210938 -12.000125885009766
			vertex -126.12238311767578 698.6201171875 -12.000125885009766
			vertex -129.90133666992188 701.1076049804688 -12.000125885009766
		endloop
	endfacet
	facet normal 0 0 1
		outer loop
			vertex -129.90133666992188 701.1076049804688 -12.000125885009766
			vertex -126.12238311767578 698.6201171875 -12.000125885009766
			vertex -125.69486999511719 699.1912231445312 -12.000125885009766
		endloop
	endfacet
	facet normal 0 0 1
		outer loop
			vertex -129.90133666992188 701.1076049804688 -12.000125885009766
			vertex -125.69486999511719 699.1912231445312 -12.000125885009766
			vertex -125.35297393798828 699.8173217773438 -12.000125885009766
		endloop
	endfacet
	facet normal 0 0 1
		outer loop
			vertex -125.35297393798828 699.8173217773438 -12.000125885009766
			vertex -125.10366821289062 700.4857788085938 -12.000125885009766
			vertex -129.90133666992188 701.1076049804688 -12.000125885009766
		endloop
	endfacet
	facet normal 0 0 1
		outer loop
			vertex -129.90133666992188 701.1076049804688 -12.000125885009766
			vertex -125.10366821289062 700.4857788085938 -12.000125885009766
			vertex -124.9520263671875 701.182861328125 -12.000125885009766
		endloop
	endfacet
	facet normal 0 0 1
		outer loop
			vertex -129.90133666992188 701.1076049804688 -12.000125885009766
			vertex -124.9520263671875 701.182861328125 -12.000125885009766
			vertex -124.90113067626953 701.8944091796875 -12.000125885009766
		endloop
	endfacet
	facet normal 0 -1 0
		outer loop
			vertex -153.90133666992188 722.6322021484375 -12.000125885009766
			vertex -168.9009246826172 722.6322021484375 -12.000125885009766
			vertex -153.90133666992188 722.6322021484375 -12.023524284362793
		endloop
	endfacet
	facet normal 0 -1 0
		outer loop
			vertex -153.90133666992188 722.6322021484375 -12.023524284362793
			vertex -168.9009246826172 722.6322021484375 -12.000125885009766
			vertex -168.9009246826172 722.6322021484375 -12.023521423339844
		endloop
	endfacet
	facet normal 0 -1 0
		outer loop
			vertex -129.90133666992188 722.6322021484375 -12.000125885009766
			vertex -144.9009246826172 722.6322021484375 -12.000125885009766
			vertex -129.90133666992188 722.6322021484375 -12.023529052734375
		endloop
	endfacet
	facet normal 0 -1 0
		outer loop
			vertex -129.90133666992188 722.6322021484375 -12.023529052734375
			vertex -144.9009246826172 722.6322021484375 -12.000125885009766
			vertex -144.9009246826172 722.6322021484375 -12.023526191711426
		endloop
	endfacet
	facet normal 0.9974513118118377 -0.07135040690034074 0
		outer loop
			vertex -173.90113830566406 721.8944091796875 -10.000107765197754
			vertex -173.90113830566406 721.8944091796875 -12.000125885009766
			vertex -173.85023498535156 722.6060180664062 -10.000107765197754
		endloop
	endfacet
	facet normal 0.9974513118118377 -0.07135040690034074 0
		outer loop
			vertex -173.85023498535156 722.6060180664062 -10.000107765197754
			vertex -173.90113830566406 721.8944091796875 -12.000125885009766
			vertex -173.85023498535156 722.6060180664062 -12.000125885009766
		endloop
	endfacet
	facet normal 0.9771466256089286 -0.21256639447731224 0
		outer loop
			vertex -173.85023498535156 722.6060180664062 -10.000107765197754
			vertex -173.85023498535156 722.6060180664062 -12.000125885009766
			vertex -173.69859313964844 723.3031005859375 -10.000107765197754
		endloop
	endfacet
	facet normal 0.9771466256089286 -0.21256639447731224 0
		outer loop
			vertex -173.69859313964844 723.3031005859375 -10.000107765197754
			vertex -173.85023498535156 722.6060180664062 -12.000125885009766
			vertex -173.69859313964844 723.3031005859375 -12.000125885009766
		endloop
	endfacet
	facet normal 0.936950056257815 -0.34946329146060134 0
		outer loop
			vertex -173.69859313964844 723.3031005859375 -10.000107765197754
			vertex -173.69859313964844 723.3031005859375 -12.000125885009766
			vertex -173.4492950439453 723.9714965820312 -10.000107765197754
		endloop
	endfacet
	facet normal 0.936950056257815 -0.34946329146060134 0
		outer loop
			vertex -173.4492950439453 723.9714965820312 -10.000107765197754
			vertex -173.69859313964844 723.3031005859375 -12.000125885009766
			vertex -173.4492950439453 723.9714965820312 -12.000125885009766
		endloop
	endfacet
	facet normal 0.8776911459604244 -0.479226723276861 0
		outer loop
			vertex -173.4492950439453 723.9714965820312 -10.000107765197754
			vertex -173.4492950439453 723.9714965820312 -12.000125885009766
			vertex -173.10740661621094 724.59765625 -10.000107765197754
		endloop
	endfacet
	facet normal 0.8776911459604244 -0.479226723276861 0
		outer loop
			vertex -173.10740661621094 724.59765625 -10.000107765197754
			vertex -173.4492950439453 723.9714965820312 -12.000125885009766
			vertex -173.10740661621094 724.59765625 -12.000125885009766
		endloop
	endfacet
	facet normal 0.8005438046742684 -0.5992742417271468 0
		outer loop
			vertex -173.10740661621094 724.59765625 -10.000107765197754
			vertex -173.10740661621094 724.59765625 -12.000125885009766
			vertex -172.6798858642578 725.1687622070312 -10.000107765197754
		endloop
	endfacet
	facet normal 0.8005438046742684 -0.5992742417271468 0
		outer loop
			vertex -172.6798858642578 725.1687622070312 -10.000107765197754
			vertex -173.10740661621094 724.59765625 -12.000125885009766
			vertex -172.6798858642578 725.1687622070312 -12.000125885009766
		endloop
	endfacet
	facet normal 0.7070640001247909 -0.7071495596601399 0
		outer loop
			vertex -172.6798858642578 725.1687622070312 -10.000107765197754
			vertex -172.6798858642578 725.1687622070312 -12.000125885009766
			vertex -172.17543029785156 725.6731567382812 -10.000107765197754
		endloop
	endfacet
	facet normal 0.7070640001247909 -0.7071495596601399 0
		outer loop
			vertex -172.17543029785156 725.6731567382812 -10.000107765197754
			vertex -172.6798858642578 725.1687622070312 -12.000125885009766
			vertex -172.17543029785156 725.6731567382812 -12.000125885009766
		endloop
	endfacet
	facet normal 0.5993119169942437 -0.8005156001907051 0
		outer loop
			vertex -172.17543029785156 725.6731567382812 -10.000107765197754
			vertex -172.17543029785156 725.6731567382812 -12.000125885009766
			vertex -171.60433959960938 726.1007080078125 -10.00010871887207
		endloop
	endfacet
	facet normal 0.5993119169942437 -0.8005156001907052 0
		outer loop
			vertex -171.60433959960938 726.1007080078125 -10.00010871887207
			vertex -172.17543029785156 725.6731567382812 -12.000125885009766
			vertex -171.60433959960938 726.1007080078125 -12.000125885009766
		endloop
	endfacet
	facet normal 0.4792117621195246 -0.8776993147122198 0
		outer loop
			vertex -171.60433959960938 726.1007080078125 -10.00010871887207
			vertex -171.60433959960938 726.1007080078125 -12.000125885009766
			vertex -170.97821044921875 726.4425659179688 -10.00010871887207
		endloop
	endfacet
	facet normal 0.4792117621195246 -0.8776993147122198 0
		outer loop
			vertex -170.97821044921875 726.4425659179688 -10.00010871887207
			vertex -171.60433959960938 726.1007080078125 -12.000125885009766
			vertex -170.97821044921875 726.4425659179688 -12.000125885009766
		endloop
	endfacet
	facet normal 0.3494938414248255 -0.9369386611759167 0
		outer loop
			vertex -170.97821044921875 726.4425659179688 -10.00010871887207
			vertex -170.97821044921875 726.4425659179688 -12.000125885009766
			vertex -170.30979919433594 726.69189453125 -10.00010871887207
		endloop
	endfacet
	facet normal 0.3494938414248255 -0.9369386611759167 0
		outer loop
			vertex -170.30979919433594 726.69189453125 -10.00010871887207
			vertex -170.97821044921875 726.4425659179688 -12.000125885009766
			vertex -170.30979919433594 726.69189453125 -12.000125885009766
		endloop
	endfacet
	facet normal 0.21260279608903315 -0.9771387061697665 0
		outer loop
			vertex -170.30979919433594 726.69189453125 -10.00010871887207
			vertex -170.30979919433594 726.69189453125 -12.000125885009766
			vertex -169.61270141601562 726.8435668945312 -10.00010871887207
		endloop
	endfacet
	facet normal 0.21260279608903315 -0.9771387061697665 0
		outer loop
			vertex -169.61270141601562 726.8435668945312 -10.00010871887207
			vertex -170.30979919433594 726.69189453125 -12.000125885009766
			vertex -169.61270141601562 726.8435668945312 -12.000125885009766
		endloop
	endfacet
	facet normal 0.07126985097097065 -0.9974570709271532 0
		outer loop
			vertex -169.61270141601562 726.8435668945312 -10.00010871887207
			vertex -169.61270141601562 726.8435668945312 -12.000125885009766
			vertex -168.90113830566406 726.8944091796875 -10.00010871887207
		endloop
	endfacet
	facet normal 0.07126985097097065 -0.9974570709271532 0
		outer loop
			vertex -168.90113830566406 726.8944091796875 -10.00010871887207
			vertex -169.61270141601562 726.8435668945312 -12.000125885009766
			vertex -168.90113830566406 726.8944091796875 -12.000125885009766
		endloop
	endfacet
	facet normal 1 0 0
		outer loop
			vertex -173.90113830566406 721.8944091796875 -10.000107765197754
			vertex -173.90113830566406 701.8944091796875 -10.000104904174805
			vertex -173.90113830566406 721.8944091796875 -12.000125885009766
		endloop
	endfacet
	facet normal 1 0 0
		outer loop
			vertex -173.90113830566406 721.8944091796875 -12.000125885009766
			vertex -173.90113830566406 701.8944091796875 -10.000104904174805
			vertex -173.90113830566406 701.8944091796875 -12.000125885009766
		endloop
	endfacet
	facet normal 0.07135497365364592 0.9974509851290377 0
		outer loop
			vertex -168.90113830566406 696.8944091796875 -12.000125885009766
			vertex -169.61270141601562 696.9453125 -12.000125885009766
			vertex -168.90113830566406 696.8944091796875 -10.000104904174805
		endloop
	endfacet
	facet normal 0.07135497365364592 0.9974509851290377 0
		outer loop
			vertex -168.90113830566406 696.8944091796875 -10.000104904174805
			vertex -169.61270141601562 696.9453125 -12.000125885009766
			vertex -169.61270141601562 696.9453125 -10.000104904174805
		endloop
	endfacet
	facet normal 0.21260279608903312 0.9771387061697664 0
		outer loop
			vertex -169.61270141601562 696.9453125 -10.000104904174805
			vertex -169.61270141601562 696.9453125 -12.000125885009766
			vertex -170.30979919433594 697.0969848632812 -12.000125885009766
		endloop
	endfacet
	facet normal 0.21260279608903312 0.9771387061697664 0
		outer loop
			vertex -169.61270141601562 696.9453125 -10.000104904174805
			vertex -170.30979919433594 697.0969848632812 -12.000125885009766
			vertex -170.30979919433594 697.0969848632812 -10.000104904174805
		endloop
	endfacet
	facet normal 0.34941873289457476 0.9369666744886661 0
		outer loop
			vertex -170.30979919433594 697.0969848632812 -10.000104904174805
			vertex -170.30979919433594 697.0969848632812 -12.000125885009766
			vertex -170.97821044921875 697.3462524414062 -12.000125885009766
		endloop
	endfacet
	facet normal 0.34941873289457476 0.9369666744886661 0
		outer loop
			vertex -170.30979919433594 697.0969848632812 -10.000104904174805
			vertex -170.97821044921875 697.3462524414062 -12.000125885009766
			vertex -170.97821044921875 697.3462524414062 -10.000104904174805
		endloop
	endfacet
	facet normal 0.47927766838524105 0.8776633275847903 0
		outer loop
			vertex -170.97821044921875 697.3462524414062 -10.000104904174805
			vertex -170.97821044921875 697.3462524414062 -12.000125885009766
			vertex -171.60433959960938 697.6881713867188 -12.000125885009766
		endloop
	endfacet
	facet normal 0.47927766838524105 0.8776633275847903 0
		outer loop
			vertex -170.97821044921875 697.3462524414062 -10.000104904174805
			vertex -171.60433959960938 697.6881713867188 -12.000125885009766
			vertex -171.60433959960938 697.6881713867188 -10.000104904174805
		endloop
	endfacet
	facet normal 0.5992570870536462 0.8005566461006859 0
		outer loop
			vertex -171.60433959960938 697.6881713867188 -10.000104904174805
			vertex -171.60433959960938 697.6881713867188 -12.000125885009766
			vertex -172.17543029785156 698.1156616210938 -12.000125885009766
		endloop
	endfacet
	facet normal 0.5992570870536462 0.8005566461006859 0
		outer loop
			vertex -171.60433959960938 697.6881713867188 -10.000104904174805
			vertex -172.17543029785156 698.1156616210938 -12.000125885009766
			vertex -172.17543029785156 698.1156616210938 -10.000104904174805
		endloop
	endfacet
	facet normal 0.7071067811865476 0.7071067811865476 0
		outer loop
			vertex -172.17543029785156 698.1156616210938 -10.000104904174805
			vertex -172.17543029785156 698.1156616210938 -12.000125885009766
			vertex -172.6798858642578 698.6201171875 -12.000125885009766
		endloop
	endfacet
	facet normal 0.7071067811865476 0.7071067811865476 0
		outer loop
			vertex -172.17543029785156 698.1156616210938 -10.000104904174805
			vertex -172.6798858642578 698.6201171875 -12.000125885009766
			vertex -172.6798858642578 698.6201171875 -10.000104904174805
		endloop
	endfacet
	facet normal 0.8005438046742684 0.5992742417271468 0
		outer loop
			vertex -172.6798858642578 698.6201171875 -10.000104904174805
			vertex -172.6798858642578 698.6201171875 -12.000125885009766
			vertex -173.10740661621094 699.1912231445312 -12.000125885009766
		endloop
	endfacet
	facet normal 0.8005438046742684 0.5992742417271468 0
		outer loop
			vertex -172.6798858642578 698.6201171875 -10.000104904174805
			vertex -173.10740661621094 699.1912231445312 -12.000125885009766
			vertex -173.10740661621094 699.1912231445312 -10.000104904174805
		endloop
	endfacet
	facet normal 0.8776911459604243 0.479226723276861 0
		outer loop
			vertex -173.10740661621094 699.1912231445312 -10.000104904174805
			vertex -173.10740661621094 699.1912231445312 -12.000125885009766
			vertex -173.4492950439453 699.8173828125 -10.000104904174805
		endloop
	endfacet
	facet normal 0.8776911459604243 0.479226723276861 0
		outer loop
			vertex -173.4492950439453 699.8173828125 -10.000104904174805
			vertex -173.10740661621094 699.1912231445312 -12.000125885009766
			vertex -173.4492950439453 699.8173828125 -12.000125885009766
		endloop
	endfacet
	facet normal 0.9369500562578151 0.3494632914606014 0
		outer loop
			vertex -173.4492950439453 699.8173828125 -10.000104904174805
			vertex -173.4492950439453 699.8173828125 -12.000125885009766
			vertex -173.69859313964844 700.4857788085938 -10.000104904174805
		endloop
	endfacet
	facet normal 0.9369500562578151 0.3494632914606014 0
		outer loop
			vertex -173.69859313964844 700.4857788085938 -10.000104904174805
			vertex -173.4492950439453 699.8173828125 -12.000125885009766
			vertex -173.69859313964844 700.4857788085938 -12.000125885009766
		endloop
	endfacet
	facet normal 0.9771466256089287 0.21256639447731226 0
		outer loop
			vertex -173.69859313964844 700.4857788085938 -10.000104904174805
			vertex -173.69859313964844 700.4857788085938 -12.000125885009766
			vertex -173.85023498535156 701.182861328125 -10.000104904174805
		endloop
	endfacet
	facet normal 0.9771466256089287 0.21256639447731226 0
		outer loop
			vertex -173.85023498535156 701.182861328125 -10.000104904174805
			vertex -173.69859313964844 700.4857788085938 -12.000125885009766
			vertex -173.85023498535156 701.182861328125 -12.000125885009766
		endloop
	endfacet
	facet normal 0.9974508762208308 0.07135649603432603 0
		outer loop
			vertex -173.85023498535156 701.182861328125 -10.000104904174805
			vertex -173.85023498535156 701.182861328125 -12.000125885009766
			vertex -173.90113830566406 701.8944091796875 -10.000104904174805
		endloop
	endfacet
	facet normal 0.9974508762208308 0.07135649603432603 0
		outer loop
			vertex -173.90113830566406 701.8944091796875 -10.000104904174805
			vertex -173.85023498535156 701.182861328125 -12.000125885009766
			vertex -173.90113830566406 701.8944091796875 -12.000125885009766
		endloop
	endfacet
	facet normal 0 1 0
		outer loop
			vertex -168.90113830566406 696.8944091796875 -10.000104904174805
			vertex -129.90113830566406 696.8944091796875 -10.000112533569336
			vertex -168.90113830566406 696.8944091796875 -12.000125885009766
		endloop
	endfacet
	facet normal 0 1 0
		outer loop
			vertex -168.90113830566406 696.8944091796875 -12.000125885009766
			vertex -129.90113830566406 696.8944091796875 -10.000112533569336
			vertex -129.90113830566406 696.8944091796875 -12.000125885009766
		endloop
	endfacet
	facet normal -0.9974516373711961 0.07134585555952189 0
		outer loop
			vertex -124.90113067626953 701.8944091796875 -12.000125885009766
			vertex -124.9520263671875 701.182861328125 -12.000125885009766
			vertex -124.90113067626953 701.8944091796875 -10.000113487243652
		endloop
	endfacet
	facet normal -0.9974516373711961 0.07134585555952189 0
		outer loop
			vertex -124.90113067626953 701.8944091796875 -10.000113487243652
			vertex -124.9520263671875 701.182861328125 -12.000125885009766
			vertex -124.9520263671875 701.182861328125 -10.000113487243652
		endloop
	endfacet
	facet normal -0.9771466256089286 0.21256639447731226 0
		outer loop
			vertex -124.9520263671875 701.182861328125 -10.000113487243652
			vertex -124.9520263671875 701.182861328125 -12.000125885009766
			vertex -125.10366821289062 700.4857788085938 -12.000125885009766
		endloop
	endfacet
	facet normal -0.9771466256089286 0.21256639447731226 0
		outer loop
			vertex -124.9520263671875 701.182861328125 -10.000113487243652
			vertex -125.10366821289062 700.4857788085938 -12.000125885009766
			vertex -125.10366821289062 700.4857788085938 -10.000113487243652
		endloop
	endfacet
	facet normal -0.9369570024801058 0.3494446672986945 0
		outer loop
			vertex -125.10366821289062 700.4857788085938 -10.000113487243652
			vertex -125.10366821289062 700.4857788085938 -12.000125885009766
			vertex -125.35297393798828 699.8173217773438 -12.000125885009766
		endloop
	endfacet
	facet normal -0.9369570024801058 0.3494446672986945 0
		outer loop
			vertex -125.10366821289062 700.4857788085938 -10.000113487243652
			vertex -125.35297393798828 699.8173217773438 -12.000125885009766
			vertex -125.35297393798828 699.8173217773438 -10.000113487243652
		endloop
	endfacet
	facet normal -0.877666997035394 0.4792709487491118 0
		outer loop
			vertex -125.35297393798828 699.8173217773438 -10.000113487243652
			vertex -125.35297393798828 699.8173217773438 -12.000125885009766
			vertex -125.69486999511719 699.1912231445312 -12.000125885009766
		endloop
	endfacet
	facet normal -0.877666997035394 0.4792709487491118 0
		outer loop
			vertex -125.35297393798828 699.8173217773438 -10.000113487243652
			vertex -125.69486999511719 699.1912231445312 -12.000125885009766
			vertex -125.69486999511719 699.1912231445312 -10.000113487243652
		endloop
	endfacet
	facet normal -0.8005489352900922 0.5992673879045143 0
		outer loop
			vertex -125.69486999511719 699.1912231445312 -10.000113487243652
			vertex -125.69486999511719 699.1912231445312 -12.000125885009766
			vertex -126.12238311767578 698.6201171875 -12.000125885009766
		endloop
	endfacet
	facet normal -0.8005489352900922 0.5992673879045143 0
		outer loop
			vertex -125.69486999511719 699.1912231445312 -10.000113487243652
			vertex -126.12238311767578 698.6201171875 -12.000125885009766
			vertex -126.12238311767578 698.6201171875 -10.000113487243652
		endloop
	endfacet
	facet normal -0.7071121283542331 0.7071014339784262 0
		outer loop
			vertex -126.12238311767578 698.6201171875 -10.000113487243652
			vertex -126.12238311767578 698.6201171875 -12.000125885009766
			vertex -126.6268310546875 698.1156616210938 -12.000125885009766
		endloop
	endfacet
	facet normal -0.7071121283542331 0.7071014339784262 0
		outer loop
			vertex -126.12238311767578 698.6201171875 -10.000113487243652
			vertex -126.6268310546875 698.1156616210938 -12.000125885009766
			vertex -126.6268310546875 698.1156616210938 -10.000112533569336
		endloop
	endfacet
	facet normal -0.5992519563181747 0.8005604866896947 0
		outer loop
			vertex -126.6268310546875 698.1156616210938 -10.000112533569336
			vertex -126.6268310546875 698.1156616210938 -12.000125885009766
			vertex -127.19792938232422 697.6881713867188 -12.000125885009766
		endloop
	endfacet
	facet normal -0.5992519563181747 0.8005604866896947 0
		outer loop
			vertex -126.6268310546875 698.1156616210938 -10.000112533569336
			vertex -127.19792938232422 697.6881713867188 -12.000125885009766
			vertex -127.19792938232422 697.6881713867188 -10.000112533569336
		endloop
	endfacet
	facet normal -0.47927766838524105 0.8776633275847904 0
		outer loop
			vertex -127.19792938232422 697.6881713867188 -10.000112533569336
			vertex -127.19792938232422 697.6881713867188 -12.000125885009766
			vertex -127.82405853271484 697.3462524414062 -12.000125885009766
		endloop
	endfacet
	facet normal -0.47927766838524105 0.8776633275847904 0
		outer loop
			vertex -127.19792938232422 697.6881713867188 -10.000112533569336
			vertex -127.82405853271484 697.3462524414062 -12.000125885009766
			vertex -127.82405853271484 697.3462524414062 -10.000112533569336
		endloop
	endfacet
	facet normal -0.3494152315347544 0.9369679802274539 0
		outer loop
			vertex -127.82405853271484 697.3462524414062 -10.000112533569336
			vertex -127.82405853271484 697.3462524414062 -12.000125885009766
			vertex -128.4924774169922 697.0969848632812 -12.000125885009766
		endloop
	endfacet
	facet normal -0.3494152315347544 0.9369679802274539 0
		outer loop
			vertex -127.82405853271484 697.3462524414062 -10.000112533569336
			vertex -128.4924774169922 697.0969848632812 -12.000125885009766
			vertex -128.4924774169922 697.0969848632812 -10.000112533569336
		endloop
	endfacet
	facet normal -0.21260723950159122 0.9771377393753212 0
		outer loop
			vertex -128.4924774169922 697.0969848632812 -10.000112533569336
			vertex -128.4924774169922 697.0969848632812 -12.000125885009766
			vertex -129.18955993652344 696.9453125 -12.000125885009766
		endloop
	endfacet
	facet normal -0.21260723950159122 0.9771377393753212 0
		outer loop
			vertex -128.4924774169922 697.0969848632812 -10.000112533569336
			vertex -129.18955993652344 696.9453125 -12.000125885009766
			vertex -129.18955993652344 696.9453125 -10.000112533569336
		endloop
	endfacet
	facet normal -0.07135345133775774 0.997451094030274 0
		outer loop
			vertex -129.18955993652344 696.9453125 -10.000112533569336
			vertex -129.18955993652344 696.9453125 -12.000125885009766
			vertex -129.90113830566406 696.8944091796875 -12.000125885009766
		endloop
	endfacet
	facet normal -0.07135345133775774 0.997451094030274 0
		outer loop
			vertex -129.18955993652344 696.9453125 -10.000112533569336
			vertex -129.90113830566406 696.8944091796875 -12.000125885009766
			vertex -129.90113830566406 696.8944091796875 -10.000112533569336
		endloop
	endfacet
	facet normal -1 0 0
		outer loop
			vertex -124.90113067626953 701.8944091796875 -10.000113487243652
			vertex -124.90113067626953 721.8944091796875 -10.000116348266602
			vertex -124.90113067626953 701.8944091796875 -12.000125885009766
		endloop
	endfacet
	facet normal -1 0 0
		outer loop
			vertex -124.90113067626953 701.8944091796875 -12.000125885009766
			vertex -124.90113067626953 721.8944091796875 -10.000116348266602
			vertex -124.90113067626953 721.8944091796875 -12.000125885009766
		endloop
	endfacet
	facet normal -0.07135345133775772 -0.9974510940302739 0
		outer loop
			vertex -129.90113830566406 726.8944091796875 -10.000115394592285
			vertex -129.90113830566406 726.8944091796875 -12.000125885009766
			vertex -129.18955993652344 726.843505859375 -10.000116348266602
		endloop
	endfacet
	facet normal -0.07135345133775774 -0.997451094030274 0
		outer loop
			vertex -129.18955993652344 726.843505859375 -10.000116348266602
			vertex -129.90113830566406 726.8944091796875 -12.000125885009766
			vertex -129.18955993652344 726.843505859375 -12.000125885009766
		endloop
	endfacet
	facet normal -0.2125255483387733 -0.9771555102967511 0
		outer loop
			vertex -129.18955993652344 726.843505859375 -10.000116348266602
			vertex -129.18955993652344 726.843505859375 -12.000125885009766
			vertex -128.4924774169922 726.69189453125 -10.000116348266602
		endloop
	endfacet
	facet normal -0.2125255483387733 -0.9771555102967511 0
		outer loop
			vertex -128.4924774169922 726.69189453125 -10.000116348266602
			vertex -129.18955993652344 726.843505859375 -12.000125885009766
			vertex -128.4924774169922 726.69189453125 -12.000125885009766
		endloop
	endfacet
	facet normal -0.3494903395217831 -0.9369399674370545 0
		outer loop
			vertex -128.4924774169922 726.69189453125 -10.000116348266602
			vertex -128.4924774169922 726.69189453125 -12.000125885009766
			vertex -127.82405853271484 726.4425659179688 -10.000116348266602
		endloop
	endfacet
	facet normal -0.3494903395217831 -0.9369399674370545 0
		outer loop
			vertex -127.82405853271484 726.4425659179688 -10.000116348266602
			vertex -128.4924774169922 726.69189453125 -12.000125885009766
			vertex -127.82405853271484 726.4425659179688 -12.000125885009766
		endloop
	endfacet
	facet normal -0.47921176211952465 -0.87769931471222 0
		outer loop
			vertex -127.82405853271484 726.4425659179688 -10.000116348266602
			vertex -127.82405853271484 726.4425659179688 -12.000125885009766
			vertex -127.19792938232422 726.1007080078125 -10.000116348266602
		endloop
	endfacet
	facet normal -0.47921176211952465 -0.87769931471222 0
		outer loop
			vertex -127.19792938232422 726.1007080078125 -10.000116348266602
			vertex -127.82405853271484 726.4425659179688 -12.000125885009766
			vertex -127.19792938232422 726.1007080078125 -12.000125885009766
		endloop
	endfacet
	facet normal -0.5993067863154787 -0.8005194412856025 0
		outer loop
			vertex -127.19792938232422 726.1007080078125 -10.000116348266602
			vertex -127.19792938232422 726.1007080078125 -12.000125885009766
			vertex -126.6268310546875 725.6731567382812 -10.000116348266602
		endloop
	endfacet
	facet normal -0.5993067863154787 -0.8005194412856025 0
		outer loop
			vertex -126.6268310546875 725.6731567382812 -10.000116348266602
			vertex -127.19792938232422 726.1007080078125 -12.000125885009766
			vertex -126.6268310546875 725.6731567382812 -12.000125885009766
		endloop
	endfacet
	facet normal -0.7071121283542331 -0.7071014339784262 0
		outer loop
			vertex -126.6268310546875 725.6731567382812 -10.000116348266602
			vertex -126.6268310546875 725.6731567382812 -12.000125885009766
			vertex -126.12238311767578 725.168701171875 -10.000116348266602
		endloop
	endfacet
	facet normal -0.7071121283542331 -0.7071014339784262 0
		outer loop
			vertex -126.12238311767578 725.168701171875 -10.000116348266602
			vertex -126.6268310546875 725.6731567382812 -12.000125885009766
			vertex -126.12238311767578 725.168701171875 -12.000125885009766
		endloop
	endfacet
	facet normal -0.8005130759654123 -0.5993152886489665 0
		outer loop
			vertex -126.12238311767578 725.168701171875 -10.000116348266602
			vertex -126.12238311767578 725.168701171875 -12.000125885009766
			vertex -125.69486236572266 724.59765625 -10.000116348266602
		endloop
	endfacet
	facet normal -0.8005130759654123 -0.5993152886489665 0
		outer loop
			vertex -125.69486236572266 724.59765625 -10.000116348266602
			vertex -126.12238311767578 725.168701171875 -12.000125885009766
			vertex -125.69486236572266 724.59765625 -12.000125885009766
		endloop
	endfacet
	facet normal -0.8776911459604243 -0.47922672327686094 0
		outer loop
			vertex -125.69486236572266 724.59765625 -10.000116348266602
			vertex -125.69486236572266 724.59765625 -12.000125885009766
			vertex -125.35297393798828 723.9714965820312 -12.000125885009766
		endloop
	endfacet
	facet normal -0.8776911459604243 -0.47922672327686094 0
		outer loop
			vertex -125.69486236572266 724.59765625 -10.000116348266602
			vertex -125.35297393798828 723.9714965820312 -12.000125885009766
			vertex -125.35297393798828 723.9714965820312 -10.000116348266602
		endloop
	endfacet
	facet normal -0.9369465544291697 -0.3494726801100582 0
		outer loop
			vertex -125.35297393798828 723.9714965820312 -10.000116348266602
			vertex -125.35297393798828 723.9714965820312 -12.000125885009766
			vertex -125.10366821289062 723.3031005859375 -12.000125885009766
		endloop
	endfacet
	facet normal -0.9369465544291697 -0.3494726801100582 0
		outer loop
			vertex -125.35297393798828 723.9714965820312 -10.000116348266602
			vertex -125.10366821289062 723.3031005859375 -12.000125885009766
			vertex -125.10366821289062 723.3031005859375 -10.000116348266602
		endloop
	endfacet
	facet normal -0.9771466256089286 -0.21256639447731224 0
		outer loop
			vertex -125.10366821289062 723.3031005859375 -10.000116348266602
			vertex -125.10366821289062 723.3031005859375 -12.000125885009766
			vertex -124.9520263671875 722.6060180664062 -12.000125885009766
		endloop
	endfacet
	facet normal -0.9771466256089286 -0.21256639447731224 0
		outer loop
			vertex -125.10366821289062 723.3031005859375 -10.000116348266602
			vertex -124.9520263671875 722.6060180664062 -12.000125885009766
			vertex -124.9520263671875 722.6060180664062 -10.000116348266602
		endloop
	endfacet
	facet normal -0.9974520728326366 -0.07133976732424006 0
		outer loop
			vertex -124.9520263671875 722.6060180664062 -10.000116348266602
			vertex -124.9520263671875 722.6060180664062 -12.000125885009766
			vertex -124.90113067626953 721.8944091796875 -12.000125885009766
		endloop
	endfacet
	facet normal -0.9974520728326366 -0.07133976732424006 0
		outer loop
			vertex -124.9520263671875 722.6060180664062 -10.000116348266602
			vertex -124.90113067626953 721.8944091796875 -12.000125885009766
			vertex -124.90113067626953 721.8944091796875 -10.000116348266602
		endloop
	endfacet
	facet normal 0 -1 0
		outer loop
			vertex -168.90113830566406 726.8944091796875 -10.00010871887207
			vertex -168.90113830566406 726.8944091796875 -12.000125885009766
			vertex -129.90113830566406 726.8944091796875 -10.000115394592285
		endloop
	endfacet
	facet normal 0 -1 0
		outer loop
			vertex -129.90113830566406 726.8944091796875 -10.000115394592285
			vertex -168.90113830566406 726.8944091796875 -12.000125885009766
			vertex -129.90113830566406 726.8944091796875 -12.000125885009766
		endloop
	endfacet
	facet normal 9.983464790227614e-7 -8.731876351382442e-8 -0.9999999999994978
		outer loop
			vertex -263.5408935546875 824.3768310546875 -19.000102996826172
			vertex -263.5864562988281 823.8558959960938 -19.000102996826172
			vertex -265.1354675292969 827.989013671875 -19.000104904174805
		endloop
	endfacet
	facet normal 0.0000016061683537087943 1.40480922793628e-7 -0.9999999999987003
		outer loop
			vertex -265.1354675292969 827.989013671875 -19.000104904174805
			vertex -263.5864562988281 823.8558959960938 -19.000102996826172
			vertex -263.5408935546875 823.3349609375 -19.000102996826172
		endloop
	endfacet
	facet normal 0.00000548796723520329 0.0000014704648796596541 -0.9999999999838601
		outer loop
			vertex -265.1354675292969 827.989013671875 -19.000104904174805
			vertex -263.5408935546875 823.3349609375 -19.000102996826172
			vertex -263.4055480957031 822.829833984375 -19.000102996826172
		endloop
	endfacet
	facet normal -2.1551142610706826e-7 -1.0049798762829288e-7 -0.9999999999999717
		outer loop
			vertex -263.1845397949219 822.3558959960938 -19.000102996826172
			vertex -263.1845397949219 746.4400024414062 -19.00009536743164
			vertex -263.4055480957031 822.829833984375 -19.000102996826172
		endloop
	endfacet
	facet normal 2.1285376171294108e-7 -9.925865694302121e-8 -0.9999999999999725
		outer loop
			vertex -263.4055480957031 822.829833984375 -19.000102996826172
			vertex -263.1845397949219 746.4400024414062 -19.00009536743164
			vertex -263.4055480957031 745.966064453125 -19.00009536743164
		endloop
	endfacet
	facet normal -8.170917447209052e-7 -9.925865694299032e-8 -0.9999999999996613
		outer loop
			vertex -263.4055480957031 822.829833984375 -19.000102996826172
			vertex -263.4055480957031 745.966064453125 -19.00009536743164
			vertex -265.1354675292969 740.99072265625 -19.000093460083008
		endloop
	endfacet
	facet normal 0.00004253791720131337 -0.000015173735060662376 -0.9999999989801417
		outer loop
			vertex -265.1354675292969 740.99072265625 -19.000093460083008
			vertex -263.4055480957031 745.966064453125 -19.00009536743164
			vertex -263.5408935546875 745.4609375 -19.000093460083008
		endloop
	endfacet
	facet normal 0 0 -1
		outer loop
			vertex -265.1354675292969 740.99072265625 -19.000093460083008
			vertex -263.5408935546875 745.4609375 -19.000093460083008
			vertex -263.5864562988281 744.9400024414062 -19.000093460083008
		endloop
	endfacet
	facet normal 1.4351304856554453e-7 -1.004979876282942e-7 -0.9999999999999847
		outer loop
			vertex -263.1845397949219 746.4400024414062 -19.00009536743164
			vertex -263.1845397949219 822.3558959960938 -19.000102996826172
			vertex -262.88458251953125 746.8683471679688 -19.00009536743164
		endloop
	endfacet
	facet normal -1.451510370915827e-7 -1.0164502305308965e-7 -0.9999999999999845
		outer loop
			vertex -262.88458251953125 746.8683471679688 -19.00009536743164
			vertex -263.1845397949219 822.3558959960938 -19.000102996826172
			vertex -262.88458251953125 821.9275512695312 -19.000102996826172
		endloop
	endfacet
	facet normal 1.0164502305309017e-7 -1.0164502305309017e-7 -0.9999999999999897
		outer loop
			vertex -262.88458251953125 746.8683471679688 -19.00009536743164
			vertex -262.88458251953125 821.9275512695312 -19.000102996826172
			vertex -262.51483154296875 747.2380981445312 -19.00009536743164
		endloop
	endfacet
	facet normal -1.0265641963973237e-7 -1.0265641963973237e-7 -0.9999999999999895
		outer loop
			vertex -262.51483154296875 747.2380981445312 -19.00009536743164
			vertex -262.88458251953125 821.9275512695312 -19.000102996826172
			vertex -262.51483154296875 821.5578002929688 -19.000102996826172
		endloop
	endfacet
	facet normal 7.188947816902273e-8 -1.0265641963973267e-7 -0.9999999999999923
		outer loop
			vertex -262.51483154296875 747.2380981445312 -19.00009536743164
			vertex -262.51483154296875 821.5578002929688 -19.000102996826172
			vertex -262.0864562988281 747.5380859375 -19.00009536743164
		endloop
	endfacet
	facet normal -7.247455808993959e-8 -1.0349189948204292e-7 -0.9999999999999921
		outer loop
			vertex -262.0864562988281 747.5380859375 -19.00009536743164
			vertex -262.51483154296875 821.5578002929688 -19.000102996826172
			vertex -262.0864562988281 821.2578125 -19.000102996826172
		endloop
	endfacet
	facet normal 4.82473504346421e-8 -1.0349189948204308e-7 -0.9999999999999936
		outer loop
			vertex -262.0864562988281 747.5380859375 -19.00009536743164
			vertex -262.0864562988281 821.2578125 -19.000102996826172
			vertex -261.6125183105469 747.759033203125 -19.00009536743164
		endloop
	endfacet
	facet normal -4.855174999683624e-8 -1.0411608360271566e-7 -0.9999999999999934
		outer loop
			vertex -261.6125183105469 747.759033203125 -19.00009536743164
			vertex -262.0864562988281 821.2578125 -19.000102996826172
			vertex -261.6125183105469 821.0368041992188 -19.000102996826172
		endloop
	endfacet
	facet normal 2.790519889200937e-8 -1.0411608360271574e-7 -0.9999999999999942
		outer loop
			vertex -261.6125183105469 747.759033203125 -19.00009536743164
			vertex -261.6125183105469 821.0368041992188 -19.000102996826172
			vertex -261.107421875 747.8944091796875 -19.00009536743164
		endloop
	endfacet
	facet normal -2.799434155366926e-8 -1.0450210676507297e-7 -0.9999999999999942
		outer loop
			vertex -261.107421875 747.8944091796875 -19.00009536743164
			vertex -261.6125183105469 821.0368041992188 -19.000102996826172
			vertex -261.1073913574219 820.9014892578125 -19.000102996826172
		endloop
	endfacet
	facet normal 9.145695665230237e-9 -1.0450212228992328e-7 -0.9999999999999946
		outer loop
			vertex -261.107421875 747.8944091796875 -19.00009536743164
			vertex -261.1073913574219 820.9014892578125 -19.000102996826172
			vertex -260.5864562988281 747.9400024414062 -19.00009536743164
		endloop
	endfacet
	facet normal -0.0000036728413453098457 -1.3079100726984113e-7 -0.9999999999932467
		outer loop
			vertex -260.5864562988281 747.9400024414062 -19.00009536743164
			vertex -261.1073913574219 820.9014892578125 -19.000102996826172
			vertex -260.5864562988281 820.8558959960938 -19.000104904174805
		endloop
	endfacet
	facet normal -1.1447086400847135e-8 -1.307910072707233e-7 -0.9999999999999915
		outer loop
			vertex -260.5864562988281 747.9400024414062 -19.00009536743164
			vertex -260.5864562988281 820.8558959960938 -19.000104904174805
			vertex -260.0655212402344 747.8944091796875 -19.00009536743164
		endloop
	endfacet
	facet normal 1.1432788883246583e-8 -1.3062764808368084e-7 -0.9999999999999915
		outer loop
			vertex -260.0655212402344 747.8944091796875 -19.00009536743164
			vertex -260.5864562988281 820.8558959960938 -19.000104904174805
			vertex -260.0655212402344 820.9014892578125 -19.000104904174805
		endloop
	endfacet
	facet normal -3.5008714771580954e-8 -1.3062764808368078e-7 -0.999999999999991
		outer loop
			vertex -260.0655212402344 747.8944091796875 -19.00009536743164
			vertex -260.0655212402344 820.9014892578125 -19.000104904174805
			vertex -259.5603942871094 747.759033203125 -19.00009536743164
		endloop
	endfacet
	facet normal 3.486366562155934e-8 -1.3014510450339426e-7 -0.999999999999991
		outer loop
			vertex -259.5603942871094 747.759033203125 -19.00009536743164
			vertex -260.0655212402344 820.9014892578125 -19.000104904174805
			vertex -259.5603942871094 821.0368041992188 -19.000104904174805
		endloop
	endfacet
	facet normal -6.067292701896801e-8 -1.301451045033941e-7 -0.9999999999999897
		outer loop
			vertex -259.5603942871094 747.759033203125 -19.00009536743164
			vertex -259.5603942871094 821.0368041992188 -19.000104904174805
			vertex -259.0864562988281 747.5380859375 -19.00009536743164
		endloop
	endfacet
	facet normal 6.032584803999945e-8 -1.2936487435255336e-7 -0.9999999999999898
		outer loop
			vertex -259.0864562988281 747.5380859375 -19.00009536743164
			vertex -259.5603942871094 821.0368041992188 -19.000104904174805
			vertex -259.0864562988281 821.2578125 -19.000104904174805
		endloop
	endfacet
	facet normal -9.059965195822148e-8 -1.2936487435255307e-7 -0.9999999999999876
		outer loop
			vertex -259.0864562988281 747.5380859375 -19.00009536743164
			vertex -259.0864562988281 821.2578125 -19.000104904174805
			vertex -258.6581115722656 747.2380981445312 -19.00009536743164
		endloop
	endfacet
	facet normal 8.98682499517818e-8 -1.2832052454966524e-7 -0.9999999999999878
		outer loop
			vertex -258.6581115722656 747.2380981445312 -19.00009536743164
			vertex -259.0864562988281 821.2578125 -19.000104904174805
			vertex -258.6581115722656 821.5578002929688 -19.000104904174805
		endloop
	endfacet
	facet normal -1.283099344263215e-7 -1.2832052454966472e-7 -0.9999999999999836
		outer loop
			vertex -258.6581115722656 747.2380981445312 -19.00009536743164
			vertex -258.6581115722656 821.5578002929688 -19.000104904174805
			vertex -258.288330078125 746.8683471679688 -19.00009536743164
		endloop
	endfacet
	facet normal 1.2704579302954872e-7 -1.27056278816362e-7 -0.9999999999999839
		outer loop
			vertex -258.288330078125 746.8683471679688 -19.00009536743164
			vertex -258.6581115722656 821.5578002929688 -19.000104904174805
			vertex -258.288330078125 821.9275512695312 -19.000104904174805
		endloop
	endfacet
	facet normal -1.8143879636447673e-7 -1.270562788163609e-7 -0.9999999999999755
		outer loop
			vertex -258.288330078125 746.8683471679688 -19.00009536743164
			vertex -258.288330078125 821.9275512695312 -19.000104904174805
			vertex -257.9883728027344 746.4400024414062 -19.00009536743164
		endloop
	endfacet
	facet normal 1.7939131070692913e-7 -1.2562248453536667e-7 -0.999999999999976
		outer loop
			vertex -257.9883728027344 746.4400024414062 -19.00009536743164
			vertex -258.288330078125 821.9275512695312 -19.000104904174805
			vertex -257.9883728027344 822.3558959960938 -19.000104904174805
		endloop
	endfacet
	facet normal -1.7711951981341581e-7 -1.256224845353667e-7 -0.9999999999999765
		outer loop
			vertex -257.9883728027344 746.4400024414062 -19.00009536743164
			vertex -257.9883728027344 822.3558959960938 -19.000104904174805
			vertex -154.29653930664062 827.9889526367188 -19.000123977661133
		endloop
	endfacet
	facet normal -1.8872424992193008e-7 8.799435245876985e-8 -0.9999999999999784
		outer loop
			vertex -154.29653930664062 827.9889526367188 -19.000123977661133
			vertex -257.9883728027344 822.3558959960938 -19.000104904174805
			vertex -257.76739501953125 822.829833984375 -19.000104904174805
		endloop
	endfacet
	facet normal -1.8683285232724216e-7 5.0060639201988825e-8 -0.9999999999999813
		outer loop
			vertex -154.29653930664062 827.9889526367188 -19.000123977661133
			vertex -257.76739501953125 822.829833984375 -19.000104904174805
			vertex -257.6320495605469 823.3349609375 -19.000104904174805
		endloop
	endfacet
	facet normal -1.8530868451320207e-7 1.6218580823826825e-8 -0.9999999999999828
		outer loop
			vertex -257.6320495605469 823.3349609375 -19.000104904174805
			vertex -257.5864562988281 823.8558959960938 -19.000104904174805
			vertex -154.29653930664062 827.9889526367188 -19.000123977661133
		endloop
	endfacet
	facet normal -1.840152692512713e-7 -1.6105378574188596e-8 -0.999999999999983
		outer loop
			vertex -154.29653930664062 827.9889526367188 -19.000123977661133
			vertex -257.5864562988281 823.8558959960938 -19.000104904174805
			vertex -257.6320495605469 824.3768310546875 -19.000104904174805
		endloop
	endfacet
	facet normal -1.8286551190700086e-7 -4.899761631872576e-8 -0.9999999999999821
		outer loop
			vertex -154.29653930664062 827.9889526367188 -19.000123977661133
			vertex -257.6320495605469 824.3768310546875 -19.000104904174805
			vertex -257.76739501953125 824.8819580078125 -19.000104904174805
		endloop
	endfacet
	facet normal -1.817915905919354e-7 -8.476193866556368e-8 -0.99999999999998
		outer loop
			vertex -257.76739501953125 824.8819580078125 -19.000104904174805
			vertex -257.9883728027344 825.3558959960938 -19.000104904174805
			vertex -154.29653930664062 827.9889526367188 -19.000123977661133
		endloop
	endfacet
	facet normal -1.8073065640924172e-7 -1.2654235801727005e-7 -0.9999999999999758
		outer loop
			vertex -154.29653930664062 827.9889526367188 -19.000123977661133
			vertex -257.9883728027344 825.3558959960938 -19.000104904174805
			vertex -258.288330078125 825.7843017578125 -19.000104904174805
		endloop
	endfacet
	facet normal -1.796053930843573e-7 -1.79620216903529e-7 -0.9999999999999678
		outer loop
			vertex -154.29653930664062 827.9889526367188 -19.000123977661133
			vertex -258.288330078125 825.7843017578125 -19.000104904174805
			vertex -258.6581115722656 826.154052734375 -19.000104904174805
		endloop
	endfacet
	facet normal -1.7828668871390723e-7 -2.5462270683642673e-7 -0.9999999999999517
		outer loop
			vertex -258.6581115722656 826.154052734375 -19.000104904174805
			vertex -259.0864562988281 826.4539794921875 -19.000104904174805
			vertex -154.29653930664062 827.9889526367188 -19.000123977661133
		endloop
	endfacet
	facet normal -1.7647307279450173e-7 -3.784350760147213e-7 -0.9999999999999128
		outer loop
			vertex -154.29653930664062 827.9889526367188 -19.000123977661133
			vertex -259.0864562988281 826.4539794921875 -19.000104904174805
			vertex -259.5603942871094 826.6749877929688 -19.000104904174805
		endloop
	endfacet
	facet normal -1.7312957700198954e-7 -6.46287947347075e-7 -0.9999999999997762
		outer loop
			vertex -154.29653930664062 827.9889526367188 -19.000123977661133
			vertex -259.5603942871094 826.6749877929688 -19.000104904174805
			vertex -260.0655212402344 826.810302734375 -19.000104904174805
		endloop
	endfacet
	facet normal -1.7208332677617706e-7 -7.401757260765289e-7 -0.9999999999997115
		outer loop
			vertex -154.29653930664062 827.9889526367188 -19.000123977661133
			vertex -260.0655212402344 826.810302734375 -19.000104904174805
			vertex -265.1354675292969 827.989013671875 -19.000104904174805
		endloop
	endfacet
	facet normal 0 0 -1
		outer loop
			vertex -265.1354675292969 827.989013671875 -19.000104904174805
			vertex -260.0655212402344 826.810302734375 -19.000104904174805
			vertex -260.5864562988281 826.8558959960938 -19.000104904174805
		endloop
	endfacet
	facet normal 0 0 -1
		outer loop
			vertex -265.1354675292969 827.989013671875 -19.000104904174805
			vertex -260.5864562988281 826.8558959960938 -19.000104904174805
			vertex -261.1073913574219 826.810302734375 -19.000104904174805
		endloop
	endfacet
	facet normal 0 0 -1
		outer loop
			vertex -261.1073913574219 826.810302734375 -19.000104904174805
			vertex -261.6125183105469 826.6749877929688 -19.000104904174805
			vertex -265.1354675292969 827.989013671875 -19.000104904174805
		endloop
	endfacet
	facet normal 0 0 -1
		outer loop
			vertex -265.1354675292969 827.989013671875 -19.000104904174805
			vertex -261.6125183105469 826.6749877929688 -19.000104904174805
			vertex -262.0864562988281 826.4539794921875 -19.000104904174805
		endloop
	endfacet
	facet normal 0 0 -1
		outer loop
			vertex -265.1354675292969 827.989013671875 -19.000104904174805
			vertex -262.0864562988281 826.4539794921875 -19.000104904174805
			vertex -262.51483154296875 826.154052734375 -19.000104904174805
		endloop
	endfacet
	facet normal 0 0 -1
		outer loop
			vertex -262.51483154296875 826.154052734375 -19.000104904174805
			vertex -262.88458251953125 825.7843017578125 -19.000104904174805
			vertex -265.1354675292969 827.989013671875 -19.000104904174805
		endloop
	endfacet
	facet normal 0 0 -1
		outer loop
			vertex -265.1354675292969 827.989013671875 -19.000104904174805
			vertex -262.88458251953125 825.7843017578125 -19.000104904174805
			vertex -263.1845397949219 825.3558959960938 -19.000104904174805
		endloop
	endfacet
	facet normal 0 0 -1
		outer loop
			vertex -265.1354675292969 827.989013671875 -19.000104904174805
			vertex -263.1845397949219 825.3558959960938 -19.000104904174805
			vertex -263.4055480957031 824.8819580078125 -19.000104904174805
		endloop
	endfacet
	facet normal -0.000004578526952664184 -0.000002549192421705908 -0.9999999999862695
		outer loop
			vertex -263.4055480957031 824.8819580078125 -19.000104904174805
			vertex -263.5408935546875 824.3768310546875 -19.000102996826172
			vertex -265.1354675292969 827.989013671875 -19.000104904174805
		endloop
	endfacet
	facet normal 0 0 -1
		outer loop
			vertex -263.5864562988281 744.9400024414062 -19.000093460083008
			vertex -263.5408935546875 744.4190063476562 -19.000093460083008
			vertex -265.1354675292969 740.99072265625 -19.000093460083008
		endloop
	endfacet
	facet normal 0 0 -1
		outer loop
			vertex -265.1354675292969 740.99072265625 -19.000093460083008
			vertex -263.5408935546875 744.4190063476562 -19.000093460083008
			vertex -263.4055480957031 743.9139404296875 -19.000093460083008
		endloop
	endfacet
	facet normal 0 0 -1
		outer loop
			vertex -265.1354675292969 740.99072265625 -19.000093460083008
			vertex -263.4055480957031 743.9139404296875 -19.000093460083008
			vertex -263.1845397949219 743.4400024414062 -19.000093460083008
		endloop
	endfacet
	facet normal 0 0 -1
		outer loop
			vertex -263.1845397949219 743.4400024414062 -19.000093460083008
			vertex -262.88458251953125 743.0115966796875 -19.000093460083008
			vertex -265.1354675292969 740.99072265625 -19.000093460083008
		endloop
	endfacet
	facet normal 0 0 -1
		outer loop
			vertex -265.1354675292969 740.99072265625 -19.000093460083008
			vertex -262.88458251953125 743.0115966796875 -19.000093460083008
			vertex -262.51483154296875 742.641845703125 -19.000093460083008
		endloop
	endfacet
	facet normal 0 0 -1
		outer loop
			vertex -265.1354675292969 740.99072265625 -19.000093460083008
			vertex -262.51483154296875 742.641845703125 -19.000093460083008
			vertex -262.0864562988281 742.3419189453125 -19.000093460083008
		endloop
	endfacet
	facet normal 0 0 -1
		outer loop
			vertex -262.0864562988281 742.3419189453125 -19.000093460083008
			vertex -261.6125183105469 742.1209106445312 -19.000093460083008
			vertex -265.1354675292969 740.99072265625 -19.000093460083008
		endloop
	endfacet
	facet normal 0 0 -1
		outer loop
			vertex -265.1354675292969 740.99072265625 -19.000093460083008
			vertex -261.6125183105469 742.1209106445312 -19.000093460083008
			vertex -261.107421875 741.9855346679688 -19.000093460083008
		endloop
	endfacet
	facet normal -0.000002704201184671294 0.000010949451456100029 -0.9999999999363984
		outer loop
			vertex -265.1354675292969 740.99072265625 -19.000093460083008
			vertex -261.107421875 741.9855346679688 -19.000093460083008
			vertex -260.5864562988281 741.9400024414062 -19.00009536743164
		endloop
	endfacet
	facet normal 3.021917414456094e-7 -0.0000034573813850379037 -0.9999999999939777
		outer loop
			vertex -260.5864562988281 741.9400024414062 -19.00009536743164
			vertex -260.0655212402344 741.9855346679688 -19.00009536743164
			vertex -265.1354675292969 740.99072265625 -19.000093460083008
		endloop
	endfacet
	facet normal -3.21139638591719e-7 -2.806438910815038e-7 -0.9999999999999092
		outer loop
			vertex -265.1354675292969 740.99072265625 -19.000093460083008
			vertex -260.0655212402344 741.9855346679688 -19.00009536743164
			vertex -218.03570556640625 693.8909912109375 -19.00009536743164
		endloop
	endfacet
	facet normal 0 0 -1
		outer loop
			vertex -218.03570556640625 693.8909912109375 -19.00009536743164
			vertex -260.0655212402344 741.9855346679688 -19.00009536743164
			vertex -259.5603942871094 742.1209106445312 -19.00009536743164
		endloop
	endfacet
	facet normal 0 0 -1
		outer loop
			vertex -218.03570556640625 693.8909912109375 -19.00009536743164
			vertex -259.5603942871094 742.1209106445312 -19.00009536743164
			vertex -259.0864562988281 742.3419189453125 -19.00009536743164
		endloop
	endfacet
	facet normal 0 0 -1
		outer loop
			vertex -259.0864562988281 742.3419189453125 -19.00009536743164
			vertex -258.6581115722656 742.641845703125 -19.00009536743164
			vertex -218.03570556640625 693.8909912109375 -19.00009536743164
		endloop
	endfacet
	facet normal 0 0 -1
		outer loop
			vertex -218.03570556640625 693.8909912109375 -19.00009536743164
			vertex -258.6581115722656 742.641845703125 -19.00009536743164
			vertex -258.288330078125 743.0115966796875 -19.00009536743164
		endloop
	endfacet
	facet normal 0 0 -1
		outer loop
			vertex -218.03570556640625 693.8909912109375 -19.00009536743164
			vertex -258.288330078125 743.0115966796875 -19.00009536743164
			vertex -257.9883728027344 743.4400024414062 -19.00009536743164
		endloop
	endfacet
	facet normal 0 0 -1
		outer loop
			vertex -257.9883728027344 743.4400024414062 -19.00009536743164
			vertex -257.76739501953125 743.9139404296875 -19.00009536743164
			vertex -218.03570556640625 693.8909912109375 -19.00009536743164
		endloop
	endfacet
	facet normal 0 0 -1
		outer loop
			vertex -218.03570556640625 693.8909912109375 -19.00009536743164
			vertex -257.76739501953125 743.9139404296875 -19.00009536743164
			vertex -257.6320495605469 744.4190063476562 -19.00009536743164
		endloop
	endfacet
	facet normal 0 0 -1
		outer loop
			vertex -218.03570556640625 693.8909912109375 -19.00009536743164
			vertex -257.6320495605469 744.4190063476562 -19.00009536743164
			vertex -257.5864562988281 744.9400024414062 -19.00009536743164
		endloop
	endfacet
	facet normal -1.9161624047356178e-7 -1.4845666900459688e-7 -0.9999999999999708
		outer loop
			vertex -218.03570556640625 693.8909912109375 -19.00009536743164
			vertex -257.5864562988281 744.9400024414062 -19.00009536743164
			vertex -168.90093994140625 720.4066162109375 -19.00010871887207
		endloop
	endfacet
	facet normal -1.5428358874581645e-7 -1.3503203373535429e-8 -0.9999999999999881
		outer loop
			vertex -168.90093994140625 720.4066162109375 -19.00010871887207
			vertex -257.5864562988281 744.9400024414062 -19.00009536743164
			vertex -257.6320495605469 745.4609375 -19.00009536743164
		endloop
	endfacet
	facet normal -1.6278677348979975e-7 -4.361764985664946e-8 -0.9999999999999858
		outer loop
			vertex -168.90093994140625 720.4066162109375 -19.00010871887207
			vertex -257.6320495605469 745.4609375 -19.00009536743164
			vertex -257.76739501953125 745.966064453125 -19.00009536743164
		endloop
	endfacet
	facet normal -1.7350994588701717e-7 -8.090054849761051e-8 -0.9999999999999817
		outer loop
			vertex -257.76739501953125 745.966064453125 -19.00009536743164
			vertex -257.9883728027344 746.4400024414062 -19.00009536743164
			vertex -168.90093994140625 720.4066162109375 -19.00010871887207
		endloop
	endfacet
	facet normal -1.8401614228855854e-7 -1.1685323088261977e-7 -0.9999999999999762
		outer loop
			vertex -168.90093994140625 720.4066162109375 -19.00010871887207
			vertex -257.9883728027344 746.4400024414062 -19.00009536743164
			vertex -154.29653930664062 827.9889526367188 -19.000123977661133
		endloop
	endfacet
	facet normal -1.2715993871908033e-7 -1.2457151255494072e-7 -0.9999999999999842
		outer loop
			vertex -168.90093994140625 720.4066162109375 -19.00010871887207
			vertex -154.29653930664062 827.9889526367188 -19.000123977661133
			vertex -153.90133666992188 720.4066162109375 -19.000110626220703
		endloop
	endfacet
	facet normal -2.1191828430956384e-7 -1.2488287148963158e-7 -0.9999999999999698
		outer loop
			vertex -153.90133666992188 720.4066162109375 -19.000110626220703
			vertex -154.29653930664062 827.9889526367188 -19.000123977661133
			vertex -144.90093994140625 720.4066162109375 -19.000112533569336
		endloop
	endfacet
	facet normal -2.119182843095644e-7 -1.0118573491603734e-7 -0.9999999999999725
		outer loop
			vertex -153.90133666992188 720.4066162109375 -19.000110626220703
			vertex -144.90093994140625 720.4066162109375 -19.000112533569336
			vertex -144.90093994140625 701.556640625 -19.000110626220703
		endloop
	endfacet
	facet normal 7.102586120339867e-7 -1.3154386900331918e-7 -0.9999999999997392
		outer loop
			vertex -265.1354675292969 740.99072265625 -19.000093460083008
			vertex -265.1354675292969 827.989013671875 -19.000104904174805
			vertex -263.4055480957031 822.829833984375 -19.000102996826172
		endloop
	endfacet
	facet normal -1.2715993871908044e-7 -1.1748058330287636e-7 -0.9999999999999851
		outer loop
			vertex -144.90093994140625 720.4066162109375 -19.000112533569336
			vertex -154.29653930664062 827.9889526367188 -19.000123977661133
			vertex -129.90133666992188 720.4066162109375 -19.00011444091797
		endloop
	endfacet
	facet normal -1.6547780502656788e-7 -1.2616948284004778e-7 -0.9999999999999785
		outer loop
			vertex -129.90133666992188 720.4066162109375 -19.00011444091797
			vertex -154.29653930664062 827.9889526367188 -19.000123977661133
			vertex -95.43730926513672 886.8482055664062 -19.000141143798828
		endloop
	endfacet
	facet normal -2.0194757920603236e-7 -1.1861791293714812e-7 -0.9999999999999727
		outer loop
			vertex -129.90133666992188 720.4066162109375 -19.00011444091797
			vertex -95.43730926513672 886.8482055664062 -19.000141143798828
			vertex -95.43731689453125 693.8909912109375 -19.000118255615234
		endloop
	endfacet
	facet normal -1.8669236881251082e-7 -1.7976861498244035e-7 -0.9999999999999666
		outer loop
			vertex -218.03570556640625 693.8909912109375 -19.00009536743164
			vertex -153.90133666992188 701.556640625 -19.00010871887207
			vertex -95.43731689453125 693.8909912109375 -19.000118255615234
		endloop
	endfacet
	facet normal -2.1191828430955081e-7 -3.721604584923097e-7 -0.9999999999999083
		outer loop
			vertex -95.43731689453125 693.8909912109375 -19.000118255615234
			vertex -153.90133666992188 701.556640625 -19.00010871887207
			vertex -144.90093994140625 701.556640625 -19.000110626220703
		endloop
	endfacet
	facet normal -1.2715993871907938e-7 1.7475404671234723e-7 -0.9999999999999767
		outer loop
			vertex -95.43731689453125 693.8909912109375 -19.000118255615234
			vertex -144.90093994140625 701.556640625 -19.000110626220703
			vertex -129.90133666992188 701.556640625 -19.000112533569336
		endloop
	endfacet
	facet normal -1.8853576310467784e-7 -1.0118573491603783e-7 -0.9999999999999772
		outer loop
			vertex -129.90133666992188 701.556640625 -19.000112533569336
			vertex -129.90133666992188 720.4066162109375 -19.00011444091797
			vertex -95.43731689453125 693.8909912109375 -19.000118255615234
		endloop
	endfacet
	facet normal -1.6252106473584055e-7 -2.0237146983207343e-7 -0.9999999999999664
		outer loop
			vertex -168.90093994140625 720.4066162109375 -19.00010871887207
			vertex -168.90093994140625 701.556640625 -19.000104904174805
			vertex -218.03570556640625 693.8909912109375 -19.00009536743164
		endloop
	endfacet
	facet normal -2.5431987743813753e-7 3.8603440462741775e-7 -0.9999999999998933
		outer loop
			vertex -218.03570556640625 693.8909912109375 -19.00009536743164
			vertex -168.90093994140625 701.556640625 -19.000104904174805
			vertex -153.90133666992188 701.556640625 -19.00010871887207
		endloop
	endfacet
	facet normal -2.119182843095644e-7 -1.0118573491603734e-7 -0.9999999999999725
		outer loop
			vertex -153.90133666992188 701.556640625 -19.00010871887207
			vertex -153.90133666992188 720.4066162109375 -19.000110626220703
			vertex -144.90093994140625 701.556640625 -19.000110626220703
		endloop
	endfacet
	facet normal 0 -1 0
		outer loop
			vertex -168.90093994140625 720.4066162109375 -19.00010871887207
			vertex -153.90133666992188 720.4066162109375 -19.000110626220703
			vertex -168.9009246826172 720.4066162109375 -18.779117584228516
		endloop
	endfacet
	facet normal 0 -1 0
		outer loop
			vertex -168.9009246826172 720.4066162109375 -18.779117584228516
			vertex -153.90133666992188 720.4066162109375 -19.000110626220703
			vertex -153.90133666992188 720.4066162109375 -18.77911949157715
		endloop
	endfacet
	facet normal 0 -1 0
		outer loop
			vertex -144.90093994140625 720.4066162109375 -19.000112533569336
			vertex -129.90133666992188 720.4066162109375 -19.00011444091797
			vertex -144.9009246826172 720.4066162109375 -18.77912139892578
		endloop
	endfacet
	facet normal 0 -1 0
		outer loop
			vertex -144.9009246826172 720.4066162109375 -18.77912139892578
			vertex -129.90133666992188 720.4066162109375 -19.00011444091797
			vertex -129.90133666992188 720.4066162109375 -18.779123306274414
		endloop
	endfacet
	facet normal 0.7071064528597483 -1.1183407430255449e-7 -0.7071071095131855
		outer loop
			vertex -95.43731689453125 693.8909912109375 -19.000118255615234
			vertex -95.43730926513672 886.8482055664062 -19.000141143798828
			vertex -90.48632049560547 688.9400024414062 -14.049125671386719
		endloop
	endfacet
	facet normal 0.7071065044515783 -1.0925276493196937e-7 -0.7071070579214
		outer loop
			vertex -90.48632049560547 688.9400024414062 -14.049125671386719
			vertex -95.43730926513672 886.8482055664062 -19.000141143798828
			vertex -90.48631286621094 898.8009643554688 -14.049150466918945
		endloop
	endfacet
	facet normal -1.3201139423049225e-7 -0.7071070262560198 -0.7071065361169779
		outer loop
			vertex -218.03570556640625 693.8909912109375 -19.00009536743164
			vertex -95.43731689453125 693.8909912109375 -19.000118255615234
			vertex -220.0864715576172 688.9400024414062 -14.049102783203125
		endloop
	endfacet
	facet normal -1.248793464471808e-7 -0.7071071160361642 -0.7071064463367615
		outer loop
			vertex -220.0864715576172 688.9400024414062 -14.049102783203125
			vertex -95.43731689453125 693.8909912109375 -19.000118255615234
			vertex -90.48632049560547 688.9400024414062 -14.049125671386719
		endloop
	endfacet
	facet normal -0.5000000395205807 -0.5000003348532969 -0.7071065164641103
		outer loop
			vertex -218.03570556640625 693.8909912109375 -19.00009536743164
			vertex -220.0864715576172 688.9400024414062 -14.049102783203125
			vertex -265.1354675292969 740.99072265625 -19.000093460083008
		endloop
	endfacet
	facet normal -0.5000019769210967 -0.5000017838717804 -0.7071041218943874
		outer loop
			vertex -265.1354675292969 740.99072265625 -19.000093460083008
			vertex -220.0864715576172 688.9400024414062 -14.049102783203125
			vertex -270.0864562988281 738.9400024414062 -14.049099922180176
		endloop
	endfacet
	facet normal 1.3487425442014715e-7 -0.7071034532357551 0.7071101091216646
		outer loop
			vertex -168.9009246826172 724.2566528320312 -14.929117202758789
			vertex -168.9009246826172 720.4066162109375 -18.779117584228516
			vertex -153.90133666992188 724.2566528320312 -14.929120063781738
		endloop
	endfacet
	facet normal 8.991618074978659e-8 -0.7071033656574717 0.7071101966991197
		outer loop
			vertex -153.90133666992188 724.2566528320312 -14.929120063781738
			vertex -168.9009246826172 720.4066162109375 -18.779117584228516
			vertex -153.90133666992188 720.4066162109375 -18.77911949157715
		endloop
	endfacet
	facet normal 0 -1 0
		outer loop
			vertex -168.9009246826172 724.2566528320312 -14.929117202758789
			vertex -153.90133666992188 724.2566528320312 -14.929120063781738
			vertex -168.9009246826172 724.2566528320312 -13.799118041992188
		endloop
	endfacet
	facet normal 0 -1 0
		outer loop
			vertex -168.9009246826172 724.2566528320312 -13.799118041992188
			vertex -153.90133666992188 724.2566528320312 -14.929120063781738
			vertex -153.90133666992188 724.2566528320312 -13.79911994934082
		endloop
	endfacet
	facet normal -1.9074010211459697e-7 -4.6519590329873843e-7 -0.9999999999998737
		outer loop
			vertex -168.9009246826172 722.2066040039062 -13.799117088317871
			vertex -168.9009246826172 724.2566528320312 -13.799118041992188
			vertex -153.90133666992188 722.2066040039062 -13.79911994934082
		endloop
	endfacet
	facet normal -1.27160068076413e-7 0 -0.9999999999999919
		outer loop
			vertex -153.90133666992188 722.2066040039062 -13.79911994934082
			vertex -168.9009246826172 724.2566528320312 -13.799118041992188
			vertex -153.90133666992188 724.2566528320312 -13.79911994934082
		endloop
	endfacet
	facet normal 0 -1 0
		outer loop
			vertex -168.9009246826172 722.2066040039062 -12.449117660522461
			vertex -168.9009246826172 722.2066040039062 -13.799117088317871
			vertex -153.90133666992188 722.2066040039062 -12.449119567871094
		endloop
	endfacet
	facet normal 0 -1 0
		outer loop
			vertex -153.90133666992188 722.2066040039062 -12.449119567871094
			vertex -168.9009246826172 722.2066040039062 -13.799117088317871
			vertex -153.90133666992188 722.2066040039062 -13.79911994934082
		endloop
	endfacet
	facet normal 1.348739218727041e-7 -0.7071051967063184 0.7071083656632132
		outer loop
			vertex -168.9009246826172 722.6322021484375 -12.023521423339844
			vertex -168.9009246826172 722.2066040039062 -12.449117660522461
			vertex -153.90133666992188 722.6322021484375 -12.023524284362793
		endloop
	endfacet
	facet normal 8.991604865638658e-8 -0.7071044044622165 0.7071091579028843
		outer loop
			vertex -153.90133666992188 722.6322021484375 -12.023524284362793
			vertex -168.9009246826172 722.2066040039062 -12.449117660522461
			vertex -153.90133666992188 722.2066040039062 -12.449119567871094
		endloop
	endfacet
	facet normal 0 1 0
		outer loop
			vertex -144.90093994140625 701.556640625 -19.000110626220703
			vertex -144.9009246826172 701.556640625 -18.149118423461914
			vertex -129.90133666992188 701.556640625 -19.000112533569336
		endloop
	endfacet
	facet normal 0 1 0
		outer loop
			vertex -129.90133666992188 701.556640625 -19.000112533569336
			vertex -144.9009246826172 701.556640625 -18.149118423461914
			vertex -129.90133666992188 701.556640625 -18.14912223815918
		endloop
	endfacet
	facet normal 1.3487427112467922e-7 -0.7071033656574682 0.7071101966991162
		outer loop
			vertex -144.9009246826172 724.2566528320312 -14.929121971130371
			vertex -144.9009246826172 720.4066162109375 -18.77912139892578
			vertex -129.90133666992188 724.2566528320312 -14.92912483215332
		endloop
	endfacet
	facet normal 8.991619188614268e-8 -0.7071032780791524 0.7071102842765822
		outer loop
			vertex -129.90133666992188 724.2566528320312 -14.92912483215332
			vertex -144.9009246826172 720.4066162109375 -18.77912139892578
			vertex -129.90133666992188 720.4066162109375 -18.779123306274414
		endloop
	endfacet
	facet normal 0 -1 0
		outer loop
			vertex -144.9009246826172 724.2566528320312 -14.929121971130371
			vertex -129.90133666992188 724.2566528320312 -14.92912483215332
			vertex -144.9009246826172 724.2566528320312 -13.799121856689453
		endloop
	endfacet
	facet normal 0 -1 0
		outer loop
			vertex -144.9009246826172 724.2566528320312 -13.799121856689453
			vertex -129.90133666992188 724.2566528320312 -14.92912483215332
			vertex -129.90133666992188 724.2566528320312 -13.799124717712402
		endloop
	endfacet
	facet normal -1.907401021146176e-7 0 -0.9999999999999819
		outer loop
			vertex -144.9009246826172 722.2066040039062 -13.799121856689453
			vertex -144.9009246826172 724.2566528320312 -13.799121856689453
			vertex -129.90133666992188 722.2066040039062 -13.799124717712402
		endloop
	endfacet
	facet normal -1.907401021146176e-7 0 -0.9999999999999819
		outer loop
			vertex -129.90133666992188 722.2066040039062 -13.799124717712402
			vertex -144.9009246826172 724.2566528320312 -13.799121856689453
			vertex -129.90133666992188 724.2566528320312 -13.799124717712402
		endloop
	endfacet
	facet normal 0 -1 0
		outer loop
			vertex -144.9009246826172 722.2066040039062 -12.449121475219727
			vertex -144.9009246826172 722.2066040039062 -13.799121856689453
			vertex -129.90133666992188 722.2066040039062 -12.449124336242676
		endloop
	endfacet
	facet normal 0 -1 0
		outer loop
			vertex -129.90133666992188 722.2066040039062 -12.449124336242676
			vertex -144.9009246826172 722.2066040039062 -13.799121856689453
			vertex -129.90133666992188 722.2066040039062 -13.799124717712402
		endloop
	endfacet
	facet normal 1.3487407298457918e-7 -0.7071044044622129 0.7071091579028806
		outer loop
			vertex -144.9009246826172 722.6322021484375 -12.023526191711426
			vertex -144.9009246826172 722.2066040039062 -12.449121475219727
			vertex -129.90133666992188 722.6322021484375 -12.023529052734375
		endloop
	endfacet
	facet normal 1.3487407298457918e-7 -0.7071044044622129 0.7071091579028806
		outer loop
			vertex -129.90133666992188 722.6322021484375 -12.023529052734375
			vertex -144.9009246826172 722.2066040039062 -12.449121475219727
			vertex -129.90133666992188 722.2066040039062 -12.449124336242676
		endloop
	endfacet
	facet normal -0.4999982803135528 0.49999787965621784 -0.7071094964874791
		outer loop
			vertex -154.29653930664062 827.9889526367188 -19.000123977661133
			vertex -156.34730529785156 832.9400024414062 -14.049131393432617
			vertex -95.43730926513672 886.8482055664062 -19.000141143798828
		endloop
	endfacet
	facet normal -0.4999998193605379 0.4999998462624759 -0.7071070176267026
		outer loop
			vertex -95.43730926513672 886.8482055664062 -19.000141143798828
			vertex -156.34730529785156 832.9400024414062 -14.049131393432617
			vertex -90.48631286621094 898.8009643554688 -14.049150466918945
		endloop
	endfacet
	facet normal 0.9999999999999994 -3.6354519972009905e-8 0
		outer loop
			vertex -90.48632049560547 688.9400024414062 -14.049125671386719
			vertex -90.48631286621094 898.8009643554688 -14.049150466918945
			vertex -90.48632049560547 688.9400024414062 -10.000118255615234
		endloop
	endfacet
	facet normal 0.9999999999999994 -3.6354519972009905e-8 0
		outer loop
			vertex -90.48632049560547 688.9400024414062 -10.000118255615234
			vertex -90.48631286621094 898.8009643554688 -14.049150466918945
			vertex -90.48631286621094 898.8009643554688 -10.000143051147461
		endloop
	endfacet
	facet normal -0.7071066173563803 0.7071069450050822 0.000004049369187994135
		outer loop
			vertex -156.34730529785156 832.9400024414062 -14.049131393432617
			vertex -124.06241607666016 865.224853515625 -10.000133514404297
			vertex -90.48631286621094 898.8009643554688 -14.049150466918945
		endloop
	endfacet
	facet normal -0.7071061695335383 0.7071073927459068 0.000011475749929371528
		outer loop
			vertex -90.48631286621094 898.8009643554688 -14.049150466918945
			vertex -124.06241607666016 865.224853515625 -10.000133514404297
			vertex -110.83131408691406 878.4559326171875 -10.000137329101562
		endloop
	endfacet
	facet normal -0.7071073115173626 0.7071062508553346 0
		outer loop
			vertex -90.48631286621094 898.8009643554688 -14.049150466918945
			vertex -110.83131408691406 878.4559326171875 -10.000137329101562
			vertex -90.48631286621094 898.8009643554688 -10.000143051147461
		endloop
	endfacet
	facet normal -0.7071063634368262 0.7071071989360221 0
		outer loop
			vertex -156.34730529785156 832.9400024414062 -14.049131393432617
			vertex -156.34730529785156 832.9400024414062 -10.000123977661133
			vertex -124.06241607666016 865.224853515625 -10.000133514404297
		endloop
	endfacet
	facet normal -0.7071061695817659 0.7071073927907884 -1.2963082929037332e-7
		outer loop
			vertex -124.06241607666016 865.224853515625 -10.000133514404297
			vertex -118.06240844726562 871.224853515625 4.99986457824707
			vertex -110.83131408691406 878.4559326171875 -10.000137329101562
		endloop
	endfacet
	facet normal -0.7071090193394135 0.7071045430207437 -0.0000028772157512237296
		outer loop
			vertex -110.83131408691406 878.4559326171875 -10.000137329101562
			vertex -118.06240844726562 871.224853515625 4.99986457824707
			vertex -110.83131408691406 878.4559936523438 4.9998626708984375
		endloop
	endfacet
	facet normal 0 -1 0
		outer loop
			vertex -220.0864715576172 688.9400024414062 -10.00009536743164
			vertex -220.0864715576172 688.9400024414062 -14.049102783203125
			vertex -124.06242370605469 688.9400024414062 -10.000112533569336
		endloop
	endfacet
	facet normal 0 -1 0
		outer loop
			vertex -124.06242370605469 688.9400024414062 -10.000112533569336
			vertex -220.0864715576172 688.9400024414062 -14.049102783203125
			vertex -90.48632049560547 688.9400024414062 -14.049125671386719
		endloop
	endfacet
	facet normal 0 -1 0
		outer loop
			vertex -124.06242370605469 688.9400024414062 -10.000112533569336
			vertex -90.48632049560547 688.9400024414062 -14.049125671386719
			vertex -110.48632049560547 688.9400024414062 -10.000114440917969
		endloop
	endfacet
	facet normal 0 -1 0
		outer loop
			vertex -110.48632049560547 688.9400024414062 -10.000114440917969
			vertex -90.48632049560547 688.9400024414062 -14.049125671386719
			vertex -90.48632049560547 688.9400024414062 -10.000118255615234
		endloop
	endfacet
	facet normal 0 -1 0
		outer loop
			vertex -110.48632049560547 688.9400024414062 4.999885082244873
			vertex -118.06241607666016 688.9400024414062 4.999886512756348
			vertex -110.48632049560547 688.9400024414062 -10.000114440917969
		endloop
	endfacet
	facet normal 0 -1 0
		outer loop
			vertex -110.48632049560547 688.9400024414062 -10.000114440917969
			vertex -118.06241607666016 688.9400024414062 4.999886512756348
			vertex -124.06242370605469 688.9400024414062 -10.000112533569336
		endloop
	endfacet
	facet normal 1.9073486328124517e-7 1.2077181119987367e-7 0.9999999999999746
		outer loop
			vertex -110.48632049560547 688.9400024414062 -10.000114440917969
			vertex -90.48632049560547 688.9400024414062 -10.000118255615234
			vertex -110.48631286621094 878.4559326171875 -10.000137329101562
		endloop
	endfacet
	facet normal 1.65911798375236e-7 1.1815218387738603e-7 0.9999999999999792
		outer loop
			vertex -110.48631286621094 878.4559326171875 -10.000137329101562
			vertex -90.48632049560547 688.9400024414062 -10.000118255615234
			vertex -90.48631286621094 898.8009643554688 -10.000143051147461
		endloop
	endfacet
	facet normal 0 2.8125028125027015e-7 0.9999999999999605
		outer loop
			vertex -110.48631286621094 878.4559326171875 -10.000137329101562
			vertex -90.48631286621094 898.8009643554688 -10.000143051147461
			vertex -110.83131408691406 878.4559326171875 -10.000137329101562
		endloop
	endfacet
	facet normal -0.7071068849495306 -0.7071066691514456 -0.00010815969505585626
		outer loop
			vertex -270.0864562988281 738.9400024414062 -14.049099922180176
			vertex -220.0864715576172 688.9400024414062 -14.049102783203125
			vertex -270.4862976074219 739.3397827148438 -13.649277687072754
		endloop
	endfacet
	facet normal -0.7071064600663747 -0.7071071023065746 0
		outer loop
			vertex -270.4862976074219 739.3397827148438 -13.649277687072754
			vertex -220.0864715576172 688.9400024414062 -14.049102783203125
			vertex -220.0864715576172 688.9400024414062 -10.00009536743164
		endloop
	endfacet
	facet normal -0.7071064600663748 -0.7071071023065746 0
		outer loop
			vertex -270.4862976074219 739.3397827148438 -13.649277687072754
			vertex -220.0864715576172 688.9400024414062 -10.00009536743164
			vertex -270.4862976074219 739.3397827148438 -10.000092506408691
		endloop
	endfacet
	facet normal 0 1 0
		outer loop
			vertex -270.48626708984375 832.9400024414062 -10.000103950500488
			vertex -156.34730529785156 832.9400024414062 -10.000123977661133
			vertex -270.48626708984375 832.9400024414062 -13.64928913116455
		endloop
	endfacet
	facet normal 0 1 0
		outer loop
			vertex -270.48626708984375 832.9400024414062 -13.64928913116455
			vertex -156.34730529785156 832.9400024414062 -10.000123977661133
			vertex -156.34730529785156 832.9400024414062 -14.049131393432617
		endloop
	endfacet
	facet normal 0 1 0
		outer loop
			vertex -270.48626708984375 832.9400024414062 -13.64928913116455
			vertex -156.34730529785156 832.9400024414062 -14.049131393432617
			vertex -270.0864562988281 832.9400024414062 -14.049111366271973
		endloop
	endfacet
	facet normal -0.7071071024351848 -9.301551953747752e-8 -0.7071064599377583
		outer loop
			vertex -265.1354675292969 740.99072265625 -19.000093460083008
			vertex -270.0864562988281 738.9400024414062 -14.049099922180176
			vertex -265.1354675292969 827.989013671875 -19.000104904174805
		endloop
	endfacet
	facet normal -0.707107164742399 -8.608713324086001e-8 -0.7071063976304829
		outer loop
			vertex -265.1354675292969 827.989013671875 -19.000104904174805
			vertex -270.0864562988281 738.9400024414062 -14.049099922180176
			vertex -270.0864562988281 832.9400024414062 -14.049111366271973
		endloop
	endfacet
	facet normal -0.7070899581928299 -8.6089228014848e-8 -0.7071236037800285
		outer loop
			vertex -270.0864562988281 832.9400024414062 -14.049111366271973
			vertex -270.0864562988281 738.9400024414062 -14.049099922180176
			vertex -270.4862976074219 739.3397827148438 -13.649277687072754
		endloop
	endfacet
	facet normal -0.7071169009999327 1.4409598833009068e-7 -0.7070966612283153
		outer loop
			vertex -270.0864562988281 832.9400024414062 -14.049111366271973
			vertex -270.4862976074219 739.3397827148438 -13.649277687072754
			vertex -270.48626708984375 832.9400024414062 -13.64928913116455
		endloop
	endfacet
	facet normal 1.8716438147337183e-7 0.08714033518201322 0.9961960459589928
		outer loop
			vertex -116.83131408691406 861.1433715820312 -1.7727882862091064
			vertex -110.48631286621094 861.1433715820312 -1.772789478302002
			vertex -116.83131408691406 861.4559936523438 -1.800134301185608
		endloop
	endfacet
	facet normal 0.0000010255649947299512 0.08715722220561466 0.9961945686543113
		outer loop
			vertex -116.83131408691406 861.4559936523438 -1.800134301185608
			vertex -110.48631286621094 861.1433715820312 -1.772789478302002
			vertex -110.48631286621094 861.4559326171875 -1.8001354932785034
		endloop
	endfacet
	facet normal -6.512367868926559e-7 -0.08715722220564201 0.9961945686546241
		outer loop
			vertex -116.83131408691406 861.4559936523438 -1.800134301185608
			vertex -110.48631286621094 861.4559326171875 -1.8001354932785034
			vertex -116.83131408691406 861.7685546875 -1.7727882862091064
		endloop
	endfacet
	facet normal 1.8716438147337183e-7 -0.08714033518201322 0.9961960459589928
		outer loop
			vertex -116.83131408691406 861.7685546875 -1.7727882862091064
			vertex -110.48631286621094 861.4559326171875 -1.8001354932785034
			vertex -110.48631286621094 861.7685546875 -1.772789478302002
		endloop
	endfacet
	facet normal 1.8147603229732266e-7 -0.2588430519360231 0.9659193933576511
		outer loop
			vertex -116.83131408691406 861.7685546875 -1.7727882862091064
			vertex -110.48631286621094 861.7685546875 -1.772789478302002
			vertex -116.83131408691406 862.0715942382812 -1.6915810108184814
		endloop
	endfacet
	facet normal 1.8147603229732266e-7 -0.2588430519360231 0.9659193933576511
		outer loop
			vertex -116.83131408691406 862.0715942382812 -1.6915810108184814
			vertex -110.48631286621094 861.7685546875 -1.772789478302002
			vertex -110.48631286621094 862.0715942382812 -1.691582202911377
		endloop
	endfacet
	facet normal 1.7027617792546493e-7 -0.42261919228945827 0.9063073531140401
		outer loop
			vertex -116.83131408691406 862.0715942382812 -1.6915810108184814
			vertex -110.48631286621094 862.0715942382812 -1.691582202911377
			vertex -116.83131408691406 862.35595703125 -1.558980107307434
		endloop
	endfacet
	facet normal 1.532485355259261e-7 -0.4226195043678766 0.9063072075890312
		outer loop
			vertex -116.83131408691406 862.35595703125 -1.558980107307434
			vertex -110.48631286621094 862.0715942382812 -1.691582202911377
			vertex -110.48631286621094 862.35595703125 -1.55898118019104
		endloop
	endfacet
	facet normal 1.38511605231605e-7 -0.5735744327652614 0.8191534472111983
		outer loop
			vertex -116.83131408691406 862.35595703125 -1.558980107307434
			vertex -110.48631286621094 862.35595703125 -1.55898118019104
			vertex -116.83131408691406 862.6129760742188 -1.3790143728256226
		endloop
	endfacet
	facet normal 1.38511605231605e-7 -0.5735744327652614 0.8191534472111983
		outer loop
			vertex -116.83131408691406 862.6129760742188 -1.3790143728256226
			vertex -110.48631286621094 862.35595703125 -1.55898118019104
			vertex -110.48631286621094 862.6129760742188 -1.3790154457092285
		endloop
	endfacet
	facet normal 1.1956563317524544e-7 -0.7071060213130029 0.7071075410592655
		outer loop
			vertex -116.83131408691406 862.6129760742188 -1.3790143728256226
			vertex -110.48631286621094 862.6129760742188 -1.3790154457092285
			vertex -116.83131408691406 862.8348388671875 -1.1571520566940308
		endloop
	endfacet
	facet normal 1.1956563317524544e-7 -0.7071060213130029 0.7071075410592655
		outer loop
			vertex -116.83131408691406 862.8348388671875 -1.1571520566940308
			vertex -110.48631286621094 862.6129760742188 -1.3790154457092285
			vertex -110.48631286621094 862.8348388671875 -1.1571531295776367
		endloop
	endfacet
	facet normal 9.699643902147824e-8 -0.819111728523358 0.5736340089250874
		outer loop
			vertex -116.83131408691406 862.8348388671875 -1.1571520566940308
			vertex -110.48631286621094 862.8348388671875 -1.1571531295776367
			vertex -116.83131408691406 863.0148315429688 -0.9001343250274658
		endloop
	endfacet
	facet normal 1.023851460091245e-7 -0.8191116660161574 0.5736340981812575
		outer loop
			vertex -116.83131408691406 863.0148315429688 -0.9001343250274658
			vertex -110.48631286621094 862.8348388671875 -1.1571531295776367
			vertex -110.48631286621094 863.0148315429688 -0.9001354575157166
		endloop
	endfacet
	facet normal 7.541583142859178e-8 -0.9063475879325321 0.42253289794863974
		outer loop
			vertex -116.83131408691406 863.0148315429688 -0.9001343250274658
			vertex -110.48631286621094 863.0148315429688 -0.9001354575157166
			vertex -116.83131408691406 863.1473999023438 -0.6157706379890442
		endloop
	endfacet
	facet normal 7.144656484084323e-8 -0.9063476218498653 0.42253282519478724
		outer loop
			vertex -116.83131408691406 863.1473999023438 -0.6157706379890442
			vertex -110.48631286621094 863.0148315429688 -0.9001354575157166
			vertex -110.48631286621094 863.1473999023438 -0.6157717108726501
		endloop
	endfacet
	facet normal 4.377937193314457e-8 -0.9659014819030103 0.25890988250270963
		outer loop
			vertex -116.83131408691406 863.1473999023438 -0.6157706379890442
			vertex -110.48631286621094 863.1473999023438 -0.6157717108726501
			vertex -116.83131408691406 863.2286376953125 -0.3127010762691498
		endloop
	endfacet
	facet normal 4.621156774194942e-8 -0.965901469168918 0.25890993000911305
		outer loop
			vertex -116.83131408691406 863.2286376953125 -0.3127010762691498
			vertex -110.48631286621094 863.1473999023438 -0.6157717108726501
			vertex -110.48631286621094 863.2286376953125 -0.3127022087574005
		endloop
	endfacet
	facet normal 1.5554706907905954e-8 -0.9961953331140214 0.0871484841052551
		outer loop
			vertex -116.83131408691406 863.2286376953125 -0.3127010762691498
			vertex -110.48631286621094 863.2286376953125 -0.3127022087574005
			vertex -116.83131408691406 863.2559814453125 -0.00013435271102935076
		endloop
	endfacet
	facet normal 1.5436783004945863e-8 -0.9961953333218443 0.08714848172962805
		outer loop
			vertex -116.83131408691406 863.2559814453125 -0.00013435271102935076
			vertex -110.48631286621094 863.2286376953125 -0.3127022087574005
			vertex -110.48631286621094 863.2559814453125 -0.00013547661365009844
		endloop
	endfacet
	facet normal -1.5436783049165473e-8 -0.9961953333000054 -0.08714848197927022
		outer loop
			vertex -116.83131408691406 863.2559814453125 -0.00013435271102935076
			vertex -110.48631286621094 863.2559814453125 -0.00013547661365009844
			vertex -116.83131408691406 863.2286376953125 0.3124323785305023
		endloop
	endfacet
	facet normal -1.5554706952463368e-8 -0.9961953330921824 -0.08714848435489728
		outer loop
			vertex -116.83131408691406 863.2286376953125 0.3124323785305023
			vertex -110.48631286621094 863.2559814453125 -0.00013547661365009844
			vertex -110.48631286621094 863.2286376953125 0.3124312460422516
		endloop
	endfacet
	facet normal -4.621156774194942e-8 -0.965901469168918 -0.25890993000911305
		outer loop
			vertex -116.83131408691406 863.2286376953125 0.3124323785305023
			vertex -110.48631286621094 863.2286376953125 0.3124312460422516
			vertex -116.83131408691406 863.1473999023438 0.615501880645752
		endloop
	endfacet
	facet normal -4.377937193314457e-8 -0.9659014819030103 -0.25890988250270963
		outer loop
			vertex -116.83131408691406 863.1473999023438 0.615501880645752
			vertex -110.48631286621094 863.2286376953125 0.3124312460422516
			vertex -110.48631286621094 863.1473999023438 0.615500807762146
		endloop
	endfacet
	facet normal -7.144656484084323e-8 -0.9063476218498653 -0.42253282519478724
		outer loop
			vertex -116.83131408691406 863.1473999023438 0.615501880645752
			vertex -110.48631286621094 863.1473999023438 0.615500807762146
			vertex -116.83131408691406 863.0148315429688 0.8998656272888184
		endloop
	endfacet
	facet normal -7.541583142859178e-8 -0.9063475879325321 -0.42253289794863974
		outer loop
			vertex -116.83131408691406 863.0148315429688 0.8998656272888184
			vertex -110.48631286621094 863.1473999023438 0.615500807762146
			vertex -110.48631286621094 863.0148315429688 0.8998644948005676
		endloop
	endfacet
	facet normal -1.0238513007822698e-7 -0.8191117285233577 -0.5736340089250872
		outer loop
			vertex -116.83131408691406 863.0148315429688 0.8998656272888184
			vertex -110.48631286621094 863.0148315429688 0.8998644948005676
			vertex -116.83131408691406 862.8348388671875 1.1568833589553833
		endloop
	endfacet
	facet normal -1.077738379043415e-7 -0.8191116660161569 -0.5736340981812571
		outer loop
			vertex -116.83131408691406 862.8348388671875 1.1568833589553833
			vertex -110.48631286621094 863.0148315429688 0.8998644948005676
			vertex -110.48631286621094 862.8348388671875 1.1568821668624878
		endloop
	endfacet
	facet normal -1.3285070352805025e-7 -0.7071060213130017 -0.7071075410592643
		outer loop
			vertex -116.83131408691406 862.8348388671875 1.1568833589553833
			vertex -110.48631286621094 862.8348388671875 1.1568821668624878
			vertex -116.83131408691406 862.6129760742188 1.378745675086975
		endloop
	endfacet
	facet normal -1.3285070352805025e-7 -0.7071060213130017 -0.7071075410592643
		outer loop
			vertex -116.83131408691406 862.6129760742188 1.378745675086975
			vertex -110.48631286621094 862.8348388671875 1.1568821668624878
			vertex -110.48631286621094 862.6129760742188 1.3787444829940796
		endloop
	endfacet
	facet normal -1.5390178359067187e-7 -0.5735744327652601 -0.8191534472111964
		outer loop
			vertex -116.83131408691406 862.6129760742188 1.378745675086975
			vertex -110.48631286621094 862.6129760742188 1.3787444829940796
			vertex -116.83131408691406 862.35595703125 1.5587114095687866
		endloop
	endfacet
	facet normal -1.5390178359067187e-7 -0.5735744327652601 -0.8191534472111964
		outer loop
			vertex -116.83131408691406 862.35595703125 1.5587114095687866
			vertex -110.48631286621094 862.6129760742188 1.3787444829940796
			vertex -110.48631286621094 862.35595703125 1.5587102174758911
		endloop
	endfacet
	facet normal -1.7027617792546493e-7 -0.42261919228945827 -0.9063073531140401
		outer loop
			vertex -116.83131408691406 862.35595703125 1.5587114095687866
			vertex -110.48631286621094 862.35595703125 1.5587102174758911
			vertex -116.83131408691406 862.0715942382812 1.691312313079834
		endloop
	endfacet
	facet normal -1.532485355259261e-7 -0.4226195043678766 -0.9063072075890312
		outer loop
			vertex -116.83131408691406 862.0715942382812 1.691312313079834
			vertex -110.48631286621094 862.35595703125 1.5587102174758911
			vertex -110.48631286621094 862.0715942382812 1.691311240196228
		endloop
	endfacet
	facet normal -1.6332842906759089e-7 -0.2588430519360239 -0.9659193933576541
		outer loop
			vertex -116.83131408691406 862.0715942382812 1.691312313079834
			vertex -110.48631286621094 862.0715942382812 1.691311240196228
			vertex -116.83131408691406 861.7685546875 1.772519588470459
		endloop
	endfacet
	facet normal -1.6332842906759089e-7 -0.2588430519360239 -0.9659193933576541
		outer loop
			vertex -116.83131408691406 861.7685546875 1.772519588470459
			vertex -110.48631286621094 862.0715942382812 1.691311240196228
			vertex -110.48631286621094 861.7685546875 1.772518515586853
		endloop
	endfacet
	facet normal -1.6844769352696106e-7 -0.08715722220565925 -0.9961945686548211
		outer loop
			vertex -116.83131408691406 861.7685546875 1.772519588470459
			vertex -110.48631286621094 861.7685546875 1.772518515586853
			vertex -116.83131408691406 861.4559936523438 1.7998656034469604
		endloop
	endfacet
	facet normal -0.0000010066863909648262 -0.08714033518197059 -0.9961960459585054
		outer loop
			vertex -116.83131408691406 861.4559936523438 1.7998656034469604
			vertex -110.48631286621094 861.7685546875 1.772518515586853
			vertex -110.48631286621094 861.4559326171875 1.7998645305633545
		endloop
	endfacet
	facet normal 6.697905043131108e-7 0.0871403351819952 -0.9961960459587866
		outer loop
			vertex -116.83131408691406 861.4559936523438 1.7998656034469604
			vertex -110.48631286621094 861.4559326171875 1.7998645305633545
			vertex -116.83131408691406 861.1433715820312 1.772519588470459
		endloop
	endfacet
	facet normal -1.6844769352696106e-7 0.08715722220565925 -0.9961945686548211
		outer loop
			vertex -116.83131408691406 861.1433715820312 1.772519588470459
			vertex -110.48631286621094 861.4559326171875 1.7998645305633545
			vertex -110.48631286621094 861.1433715820312 1.772518515586853
		endloop
	endfacet
	facet normal -1.6332842906759089e-7 0.2588430519360239 -0.9659193933576541
		outer loop
			vertex -116.83131408691406 861.1433715820312 1.772519588470459
			vertex -110.48631286621094 861.1433715820312 1.772518515586853
			vertex -116.83131408691406 860.84033203125 1.691312313079834
		endloop
	endfacet
	facet normal -1.6332842906759089e-7 0.2588430519360239 -0.9659193933576541
		outer loop
			vertex -116.83131408691406 860.84033203125 1.691312313079834
			vertex -110.48631286621094 861.1433715820312 1.772518515586853
			vertex -110.48631286621094 860.84033203125 1.691311240196228
		endloop
	endfacet
	facet normal -1.5324856013291884e-7 0.4226191922894594 -0.9063073531140425
		outer loop
			vertex -116.83131408691406 860.84033203125 1.691312313079834
			vertex -110.48631286621094 860.84033203125 1.691311240196228
			vertex -116.83131408691406 860.5559692382812 1.5587114095687866
		endloop
	endfacet
	facet normal -1.7027615058436186e-7 0.4226195043678754 -0.9063072075890286
		outer loop
			vertex -116.83131408691406 860.5559692382812 1.5587114095687866
			vertex -110.48631286621094 860.84033203125 1.691311240196228
			vertex -110.48631286621094 860.5559692382812 1.5587102174758911
		endloop
	endfacet
	facet normal -1.5390178359067187e-7 0.5735744327652601 -0.8191534472111964
		outer loop
			vertex -116.83131408691406 860.5559692382812 1.5587114095687866
			vertex -110.48631286621094 860.5559692382812 1.5587102174758911
			vertex -116.83131408691406 860.2989501953125 1.378745675086975
		endloop
	endfacet
	facet normal -1.5390178359067187e-7 0.5735744327652601 -0.8191534472111964
		outer loop
			vertex -116.83131408691406 860.2989501953125 1.378745675086975
			vertex -110.48631286621094 860.5559692382812 1.5587102174758911
			vertex -110.48631286621094 860.2989501953125 1.3787444829940796
		endloop
	endfacet
	facet normal -1.3285070352805025e-7 0.7071060213130017 -0.7071075410592643
		outer loop
			vertex -116.83131408691406 860.2989501953125 1.378745675086975
			vertex -110.48631286621094 860.2989501953125 1.3787444829940796
			vertex -116.83131408691406 860.0770874023438 1.1568833589553833
		endloop
	endfacet
	facet normal -1.3285070352805025e-7 0.7071060213130017 -0.7071075410592643
		outer loop
			vertex -116.83131408691406 860.0770874023438 1.1568833589553833
			vertex -110.48631286621094 860.2989501953125 1.3787444829940796
			vertex -110.48631286621094 860.0770874023438 1.1568821668624878
		endloop
	endfacet
	facet normal -1.0777382113497573e-7 0.8191117285233572 -0.5736340089250869
		outer loop
			vertex -116.83131408691406 860.0770874023438 1.1568833589553833
			vertex -110.48631286621094 860.0770874023438 1.1568821668624878
			vertex -116.83131408691406 859.8970947265625 0.8998656272888184
		endloop
	endfacet
	facet normal -1.023851460091245e-7 0.8191116660161574 -0.5736340981812575
		outer loop
			vertex -116.83131408691406 859.8970947265625 0.8998656272888184
			vertex -110.48631286621094 860.0770874023438 1.1568821668624878
			vertex -110.48631286621094 859.8970947265625 0.8998644948005676
		endloop
	endfacet
	facet normal -7.541581844311228e-8 0.9063476218498651 -0.42253282519478713
		outer loop
			vertex -116.83131408691406 859.8970947265625 0.8998656272888184
			vertex -110.48631286621094 859.8970947265625 0.8998644948005676
			vertex -116.83131408691406 859.7645263671875 0.615501880645752
		endloop
	endfacet
	facet normal -7.144657714287644e-8 0.9063475879325323 -0.4225328979486398
		outer loop
			vertex -116.83131408691406 859.7645263671875 0.615501880645752
			vertex -110.48631286621094 859.8970947265625 0.8998644948005676
			vertex -110.48631286621094 859.7645263671875 0.615500807762146
		endloop
	endfacet
	facet normal -4.377937996605735e-8 0.9659014691689182 -0.2589099300091131
		outer loop
			vertex -116.83131408691406 859.7645263671875 0.615501880645752
			vertex -110.48631286621094 859.7645263671875 0.615500807762146
			vertex -116.83131408691406 859.6832885742188 0.3124323785305023
		endloop
	endfacet
	facet normal -4.6211559262763714e-8 0.9659014819030103 -0.25890988250270963
		outer loop
			vertex -116.83131408691406 859.6832885742188 0.3124323785305023
			vertex -110.48631286621094 859.7645263671875 0.615500807762146
			vertex -110.48631286621094 859.6832885742188 0.3124312460422516
		endloop
	endfacet
	facet normal -1.555470652844931e-8 0.9961953333000054 -0.08714848197927022
		outer loop
			vertex -116.83131408691406 859.6832885742188 0.3124323785305023
			vertex -110.48631286621094 859.6832885742188 0.3124312460422516
			vertex -116.83131408691406 859.6559448242188 -0.00013435271102935076
		endloop
	endfacet
	facet normal -1.5436783469964993e-8 0.9961953330921824 -0.08714848435489728
		outer loop
			vertex -116.83131408691406 859.6559448242188 -0.00013435271102935076
			vertex -110.48631286621094 859.6832885742188 0.3124312460422516
			vertex -110.48631286621094 859.6559448242188 -0.00013547661365009844
		endloop
	endfacet
	facet normal 1.5436783425745383e-8 0.9961953331140214 0.0871484841052551
		outer loop
			vertex -116.83131408691406 859.6559448242188 -0.00013435271102935076
			vertex -110.48631286621094 859.6559448242188 -0.00013547661365009844
			vertex -116.83131408691406 859.6832885742188 -0.3127010762691498
		endloop
	endfacet
	facet normal 1.55547064838919e-8 0.9961953333218443 0.08714848172962805
		outer loop
			vertex -116.83131408691406 859.6832885742188 -0.3127010762691498
			vertex -110.48631286621094 859.6559448242188 -0.00013547661365009844
			vertex -110.48631286621094 859.6832885742188 -0.3127022087574005
		endloop
	endfacet
	facet normal 4.6211559262763714e-8 0.9659014819030103 0.25890988250270963
		outer loop
			vertex -116.83131408691406 859.6832885742188 -0.3127010762691498
			vertex -110.48631286621094 859.6832885742188 -0.3127022087574005
			vertex -116.83131408691406 859.7645263671875 -0.6157706379890442
		endloop
	endfacet
	facet normal 4.377937996605735e-8 0.9659014691689182 0.2589099300091131
		outer loop
			vertex -116.83131408691406 859.7645263671875 -0.6157706379890442
			vertex -110.48631286621094 859.6832885742188 -0.3127022087574005
			vertex -110.48631286621094 859.7645263671875 -0.6157717108726501
		endloop
	endfacet
	facet normal 7.144657714287644e-8 0.9063475879325323 0.4225328979486398
		outer loop
			vertex -116.83131408691406 859.7645263671875 -0.6157706379890442
			vertex -110.48631286621094 859.7645263671875 -0.6157717108726501
			vertex -116.83131408691406 859.8970947265625 -0.9001343250274658
		endloop
	endfacet
	facet normal 7.541581844311228e-8 0.9063476218498651 0.42253282519478713
		outer loop
			vertex -116.83131408691406 859.8970947265625 -0.9001343250274658
			vertex -110.48631286621094 859.7645263671875 -0.6157717108726501
			vertex -110.48631286621094 859.8970947265625 -0.9001354575157166
		endloop
	endfacet
	facet normal 1.0238513007822698e-7 0.8191117285233577 0.5736340089250872
		outer loop
			vertex -116.83131408691406 859.8970947265625 -0.9001343250274658
			vertex -110.48631286621094 859.8970947265625 -0.9001354575157166
			vertex -116.83131408691406 860.0770874023438 -1.1571520566940308
		endloop
	endfacet
	facet normal 9.699645411390747e-8 0.8191116660161578 0.5736340981812578
		outer loop
			vertex -116.83131408691406 860.0770874023438 -1.1571520566940308
			vertex -110.48631286621094 859.8970947265625 -0.9001354575157166
			vertex -110.48631286621094 860.0770874023438 -1.1571531295776367
		endloop
	endfacet
	facet normal 1.1956563317524544e-7 0.7071060213130029 0.7071075410592655
		outer loop
			vertex -116.83131408691406 860.0770874023438 -1.1571520566940308
			vertex -110.48631286621094 860.0770874023438 -1.1571531295776367
			vertex -116.83131408691406 860.2989501953125 -1.3790143728256226
		endloop
	endfacet
	facet normal 1.1956563317524544e-7 0.7071060213130029 0.7071075410592655
		outer loop
			vertex -116.83131408691406 860.2989501953125 -1.3790143728256226
			vertex -110.48631286621094 860.0770874023438 -1.1571531295776367
			vertex -110.48631286621094 860.2989501953125 -1.3790154457092285
		endloop
	endfacet
	facet normal 1.38511605231605e-7 0.5735744327652614 0.8191534472111983
		outer loop
			vertex -116.83131408691406 860.2989501953125 -1.3790143728256226
			vertex -110.48631286621094 860.2989501953125 -1.3790154457092285
			vertex -116.83131408691406 860.5559692382812 -1.558980107307434
		endloop
	endfacet
	facet normal 1.38511605231605e-7 0.5735744327652614 0.8191534472111983
		outer loop
			vertex -116.83131408691406 860.5559692382812 -1.558980107307434
			vertex -110.48631286621094 860.2989501953125 -1.3790154457092285
			vertex -110.48631286621094 860.5559692382812 -1.55898118019104
		endloop
	endfacet
	facet normal 1.5324856013291884e-7 0.4226191922894594 0.9063073531140425
		outer loop
			vertex -116.83131408691406 860.5559692382812 -1.558980107307434
			vertex -110.48631286621094 860.5559692382812 -1.55898118019104
			vertex -116.83131408691406 860.84033203125 -1.6915810108184814
		endloop
	endfacet
	facet normal 1.7027615058436186e-7 0.4226195043678754 0.9063072075890286
		outer loop
			vertex -116.83131408691406 860.84033203125 -1.6915810108184814
			vertex -110.48631286621094 860.5559692382812 -1.55898118019104
			vertex -110.48631286621094 860.84033203125 -1.691582202911377
		endloop
	endfacet
	facet normal 1.8147603229732266e-7 0.2588430519360231 0.9659193933576511
		outer loop
			vertex -116.83131408691406 860.84033203125 -1.6915810108184814
			vertex -110.48631286621094 860.84033203125 -1.691582202911377
			vertex -116.83131408691406 861.1433715820312 -1.7727882862091064
		endloop
	endfacet
	facet normal 1.8147603229732266e-7 0.2588430519360231 0.9659193933576511
		outer loop
			vertex -116.83131408691406 861.1433715820312 -1.7727882862091064
			vertex -110.48631286621094 860.84033203125 -1.691582202911377
			vertex -110.48631286621094 861.1433715820312 -1.772789478302002
		endloop
	endfacet
	facet normal 1.684479433260352e-7 0.08714033518201351 0.996196045958996
		outer loop
			vertex -116.8313217163086 708.6273803710938 -1.7727699279785156
			vertex -110.48632049560547 708.6273803710938 -1.7727710008621216
			vertex -116.8313217163086 708.9400024414062 -1.800115942955017
		endloop
	endfacet
	facet normal 1.8716437527783938e-7 0.08714071216771978 0.9961960129828203
		outer loop
			vertex -116.8313217163086 708.9400024414062 -1.800115942955017
			vertex -110.48632049560547 708.6273803710938 -1.7727710008621216
			vertex -110.48632049560547 708.9400024414062 -1.8001171350479126
		endloop
	endfacet
	facet normal 1.87164103918845e-7 -0.08715722220565895 0.9961945686548178
		outer loop
			vertex -116.8313217163086 708.9400024414062 -1.800115942955017
			vertex -110.48632049560547 708.9400024414062 -1.8001171350479126
			vertex -116.8313217163086 709.2525634765625 -1.7727699279785156
		endloop
	endfacet
	facet normal 1.6844768794882881e-7 -0.08715759926330396 0.9961945356659156
		outer loop
			vertex -116.8313217163086 709.2525634765625 -1.7727699279785156
			vertex -110.48632049560547 708.9400024414062 -1.8001171350479126
			vertex -110.48632049560547 709.2525634765625 -1.7727710008621216
		endloop
	endfacet
	facet normal 1.6332842906759089e-7 -0.2588430519360239 0.9659193933576541
		outer loop
			vertex -116.8313217163086 709.2525634765625 -1.7727699279785156
			vertex -110.48632049560547 709.2525634765625 -1.7727710008621216
			vertex -116.8313217163086 709.5556030273438 -1.6915626525878906
		endloop
	endfacet
	facet normal 1.8147605014604788e-7 -0.2588426974219275 0.9659194883587905
		outer loop
			vertex -116.8313217163086 709.5556030273438 -1.6915626525878906
			vertex -110.48632049560547 709.2525634765625 -1.7727710008621216
			vertex -110.48632049560547 709.5556030273438 -1.6915638446807861
		endloop
	endfacet
	facet normal 1.7027617792546493e-7 -0.42261919228945827 0.9063073531140401
		outer loop
			vertex -116.8313217163086 709.5556030273438 -1.6915626525878906
			vertex -110.48632049560547 709.5556030273438 -1.6915638446807861
			vertex -116.8313217163086 709.8399658203125 -1.5589617490768433
		endloop
	endfacet
	facet normal 1.532485355259261e-7 -0.4226195043678766 0.9063072075890312
		outer loop
			vertex -116.8313217163086 709.8399658203125 -1.5589617490768433
			vertex -110.48632049560547 709.5556030273438 -1.6915638446807861
			vertex -110.48632049560547 709.8399658203125 -1.5589628219604492
		endloop
	endfacet
	facet normal 1.38511605231605e-7 -0.5735744327652614 0.8191534472111983
		outer loop
			vertex -116.8313217163086 709.8399658203125 -1.5589617490768433
			vertex -110.48632049560547 709.8399658203125 -1.5589628219604492
			vertex -116.8313217163086 710.0969848632812 -1.3789960145950317
		endloop
	endfacet
	facet normal 1.38511605231605e-7 -0.5735744327652614 0.8191534472111983
		outer loop
			vertex -116.8313217163086 710.0969848632812 -1.3789960145950317
			vertex -110.48632049560547 709.8399658203125 -1.5589628219604492
			vertex -110.48632049560547 710.0969848632812 -1.3789970874786377
		endloop
	endfacet
	facet normal 1.1956563317524544e-7 -0.7071060213130029 0.7071075410592655
		outer loop
			vertex -116.8313217163086 710.0969848632812 -1.3789960145950317
			vertex -110.48632049560547 710.0969848632812 -1.3789970874786377
			vertex -116.8313217163086 710.31884765625 -1.15713369846344
		endloop
	endfacet
	facet normal 1.1956563317524544e-7 -0.7071060213130029 0.7071075410592655
		outer loop
			vertex -116.8313217163086 710.31884765625 -1.15713369846344
			vertex -110.48632049560547 710.0969848632812 -1.3789970874786377
			vertex -110.48632049560547 710.31884765625 -1.157134771347046
		endloop
	endfacet
	facet normal 9.699643902147824e-8 -0.819111728523358 0.5736340089250874
		outer loop
			vertex -116.8313217163086 710.31884765625 -1.15713369846344
			vertex -110.48632049560547 710.31884765625 -1.157134771347046
			vertex -116.8313217163086 710.4988403320312 -0.900115966796875
		endloop
	endfacet
	facet normal 1.023851460091245e-7 -0.8191116660161574 0.5736340981812575
		outer loop
			vertex -116.8313217163086 710.4988403320312 -0.900115966796875
			vertex -110.48632049560547 710.31884765625 -1.157134771347046
			vertex -110.48632049560547 710.4988403320312 -0.9001170992851257
		endloop
	endfacet
	facet normal 7.541581844311228e-8 -0.9063476218498651 0.42253282519478713
		outer loop
			vertex -116.8313217163086 710.4988403320312 -0.900115966796875
			vertex -110.48632049560547 710.4988403320312 -0.9001170992851257
			vertex -116.8313217163086 710.6314086914062 -0.6157522201538086
		endloop
	endfacet
	facet normal 7.541581844311228e-8 -0.9063476218498651 0.42253282519478713
		outer loop
			vertex -116.8313217163086 710.6314086914062 -0.6157522201538086
			vertex -110.48632049560547 710.4988403320312 -0.9001170992851257
			vertex -110.48632049560547 710.6314086914062 -0.6157533526420593
		endloop
	endfacet
	facet normal 4.621156350235618e-8 -0.965901475535965 0.2589099062559092
		outer loop
			vertex -116.8313217163086 710.6314086914062 -0.6157522201538086
			vertex -110.48632049560547 710.6314086914062 -0.6157533526420593
			vertex -116.8313217163086 710.712646484375 -0.3126826882362366
		endloop
	endfacet
	facet normal 4.621156350235618e-8 -0.965901475535965 0.2589099062559092
		outer loop
			vertex -116.8313217163086 710.712646484375 -0.3126826882362366
			vertex -110.48632049560547 710.6314086914062 -0.6157533526420593
			vertex -110.48632049560547 710.712646484375 -0.3126838207244873
		endloop
	endfacet
	facet normal 1.555470699989545e-8 -0.9961953330689344 0.0871484846206454
		outer loop
			vertex -116.8313217163086 710.712646484375 -0.3126826882362366
			vertex -110.48632049560547 710.712646484375 -0.3126838207244873
			vertex -116.8313217163086 710.739990234375 -0.00011596654076129198
		endloop
	endfacet
	facet normal 1.5436883031746812e-8 -0.9961953332765812 0.08714848224703156
		outer loop
			vertex -116.8313217163086 710.739990234375 -0.00011596654076129198
			vertex -110.48632049560547 710.712646484375 -0.3126838207244873
			vertex -110.48632049560547 710.739990234375 -0.00011709045065799728
		endloop
	endfacet
	facet normal -1.5436882893024725e-8 -0.9961953333450925 -0.08714848146387998
		outer loop
			vertex -116.8313217163086 710.739990234375 -0.00011596654076129198
			vertex -110.48632049560547 710.739990234375 -0.00011709045065799728
			vertex -116.8313217163086 710.712646484375 0.3124507665634155
		endloop
	endfacet
	facet normal -1.555470686011454e-8 -0.9961953331374456 -0.08714848383749374
		outer loop
			vertex -116.8313217163086 710.712646484375 0.3124507665634155
			vertex -110.48632049560547 710.739990234375 -0.00011709045065799728
			vertex -110.48632049560547 710.712646484375 0.3124496340751648
		endloop
	endfacet
	facet normal -4.621156350235618e-8 -0.965901475535965 -0.2589099062559092
		outer loop
			vertex -116.8313217163086 710.712646484375 0.3124507665634155
			vertex -110.48632049560547 710.712646484375 0.3124496340751648
			vertex -116.8313217163086 710.6314086914062 0.6155202984809875
		endloop
	endfacet
	facet normal -4.621156350235618e-8 -0.965901475535965 -0.2589099062559092
		outer loop
			vertex -116.8313217163086 710.6314086914062 0.6155202984809875
			vertex -110.48632049560547 710.712646484375 0.3124496340751648
			vertex -110.48632049560547 710.6314086914062 0.6155191659927368
		endloop
	endfacet
	facet normal -7.541581844311228e-8 -0.9063476218498651 -0.42253282519478713
		outer loop
			vertex -116.8313217163086 710.6314086914062 0.6155202984809875
			vertex -110.48632049560547 710.6314086914062 0.6155191659927368
			vertex -116.8313217163086 710.4988403320312 0.899884045124054
		endloop
	endfacet
	facet normal -7.541581844311228e-8 -0.9063476218498651 -0.42253282519478713
		outer loop
			vertex -116.8313217163086 710.4988403320312 0.899884045124054
			vertex -110.48632049560547 710.6314086914062 0.6155191659927368
			vertex -110.48632049560547 710.4988403320312 0.8998829126358032
		endloop
	endfacet
	facet normal -1.023851460091245e-7 -0.8191116660161574 -0.5736340981812575
		outer loop
			vertex -116.8313217163086 710.4988403320312 0.899884045124054
			vertex -110.48632049560547 710.4988403320312 0.8998829126358032
			vertex -116.8313217163086 710.31884765625 1.1569017171859741
		endloop
	endfacet
	facet normal -9.699643902147824e-8 -0.819111728523358 -0.5736340089250874
		outer loop
			vertex -116.8313217163086 710.31884765625 1.1569017171859741
			vertex -110.48632049560547 710.4988403320312 0.8998829126358032
			vertex -110.48632049560547 710.31884765625 1.1569006443023682
		endloop
	endfacet
	facet normal -1.1956563317524544e-7 -0.7071060213130029 -0.7071075410592655
		outer loop
			vertex -116.8313217163086 710.31884765625 1.1569017171859741
			vertex -110.48632049560547 710.31884765625 1.1569006443023682
			vertex -116.8313217163086 710.0969848632812 1.378764033317566
		endloop
	endfacet
	facet normal -1.1956563317524544e-7 -0.7071060213130029 -0.7071075410592655
		outer loop
			vertex -116.8313217163086 710.0969848632812 1.378764033317566
			vertex -110.48632049560547 710.31884765625 1.1569006443023682
			vertex -110.48632049560547 710.0969848632812 1.37876296043396
		endloop
	endfacet
	facet normal -1.38511605231605e-7 -0.5735744327652614 -0.8191534472111983
		outer loop
			vertex -116.8313217163086 710.0969848632812 1.378764033317566
			vertex -110.48632049560547 710.0969848632812 1.37876296043396
			vertex -116.8313217163086 709.8399658203125 1.5587297677993774
		endloop
	endfacet
	facet normal -1.38511605231605e-7 -0.5735744327652614 -0.8191534472111983
		outer loop
			vertex -116.8313217163086 709.8399658203125 1.5587297677993774
			vertex -110.48632049560547 710.0969848632812 1.37876296043396
			vertex -110.48632049560547 709.8399658203125 1.5587286949157715
		endloop
	endfacet
	facet normal -1.532485355259261e-7 -0.4226195043678766 -0.9063072075890312
		outer loop
			vertex -116.8313217163086 709.8399658203125 1.5587297677993774
			vertex -110.48632049560547 709.8399658203125 1.5587286949157715
			vertex -116.8313217163086 709.5556030273438 1.6913307905197144
		endloop
	endfacet
	facet normal -1.7027617792546493e-7 -0.42261919228945827 -0.9063073531140401
		outer loop
			vertex -116.8313217163086 709.5556030273438 1.6913307905197144
			vertex -110.48632049560547 709.8399658203125 1.5587286949157715
			vertex -110.48632049560547 709.5556030273438 1.6913295984268188
		endloop
	endfacet
	facet normal -1.8147605014604788e-7 -0.2588426974219275 -0.9659194883587905
		outer loop
			vertex -116.8313217163086 709.5556030273438 1.6913307905197144
			vertex -110.48632049560547 709.5556030273438 1.6913295984268188
			vertex -116.8313217163086 709.2525634765625 1.7725379467010498
		endloop
	endfacet
	facet normal -1.6332842906759089e-7 -0.2588430519360239 -0.9659193933576541
		outer loop
			vertex -116.8313217163086 709.2525634765625 1.7725379467010498
			vertex -110.48632049560547 709.5556030273438 1.6913295984268188
			vertex -110.48632049560547 709.2525634765625 1.7725368738174438
		endloop
	endfacet
	facet normal -1.6844768794882881e-7 -0.08715759926330396 -0.9961945356659156
		outer loop
			vertex -116.8313217163086 709.2525634765625 1.7725379467010498
			vertex -110.48632049560547 709.2525634765625 1.7725368738174438
			vertex -116.8313217163086 708.9400024414062 1.7998840808868408
		endloop
	endfacet
	facet normal -1.87164103918845e-7 -0.08715722220565895 -0.9961945686548178
		outer loop
			vertex -116.8313217163086 708.9400024414062 1.7998840808868408
			vertex -110.48632049560547 709.2525634765625 1.7725368738174438
			vertex -110.48632049560547 708.9400024414062 1.7998828887939453
		endloop
	endfacet
	facet normal -1.8716437527783938e-7 0.08714071216771978 -0.9961960129828203
		outer loop
			vertex -116.8313217163086 708.9400024414062 1.7998840808868408
			vertex -110.48632049560547 708.9400024414062 1.7998828887939453
			vertex -116.8313217163086 708.6273803710938 1.7725379467010498
		endloop
	endfacet
	facet normal -1.684479433260352e-7 0.08714033518201351 -0.996196045958996
		outer loop
			vertex -116.8313217163086 708.6273803710938 1.7725379467010498
			vertex -110.48632049560547 708.9400024414062 1.7998828887939453
			vertex -110.48632049560547 708.6273803710938 1.7725368738174438
		endloop
	endfacet
	facet normal -1.633284451314436e-7 0.25884269742192834 -0.9659194883587935
		outer loop
			vertex -116.8313217163086 708.6273803710938 1.7725379467010498
			vertex -110.48632049560547 708.6273803710938 1.7725368738174438
			vertex -116.8313217163086 708.3243408203125 1.6913307905197144
		endloop
	endfacet
	facet normal -1.8147603229732266e-7 0.2588430519360231 -0.9659193933576511
		outer loop
			vertex -116.8313217163086 708.3243408203125 1.6913307905197144
			vertex -110.48632049560547 708.6273803710938 1.7725368738174438
			vertex -110.48632049560547 708.3243408203125 1.6913295984268188
		endloop
	endfacet
	facet normal -1.7027615058436186e-7 0.4226195043678754 -0.9063072075890286
		outer loop
			vertex -116.8313217163086 708.3243408203125 1.6913307905197144
			vertex -110.48632049560547 708.3243408203125 1.6913295984268188
			vertex -116.8313217163086 708.0399780273438 1.5587297677993774
		endloop
	endfacet
	facet normal -1.5324856013291884e-7 0.4226191922894594 -0.9063073531140425
		outer loop
			vertex -116.8313217163086 708.0399780273438 1.5587297677993774
			vertex -110.48632049560547 708.3243408203125 1.6913295984268188
			vertex -110.48632049560547 708.0399780273438 1.5587286949157715
		endloop
	endfacet
	facet normal -1.38511605231605e-7 0.5735744327652614 -0.8191534472111983
		outer loop
			vertex -116.8313217163086 708.0399780273438 1.5587297677993774
			vertex -110.48632049560547 708.0399780273438 1.5587286949157715
			vertex -116.8313217163086 707.782958984375 1.378764033317566
		endloop
	endfacet
	facet normal -1.38511605231605e-7 0.5735744327652614 -0.8191534472111983
		outer loop
			vertex -116.8313217163086 707.782958984375 1.378764033317566
			vertex -110.48632049560547 708.0399780273438 1.5587286949157715
			vertex -110.48632049560547 707.782958984375 1.37876296043396
		endloop
	endfacet
	facet normal -1.1956563317524544e-7 0.7071060213130029 -0.7071075410592655
		outer loop
			vertex -116.8313217163086 707.782958984375 1.378764033317566
			vertex -110.48632049560547 707.782958984375 1.37876296043396
			vertex -116.8313217163086 707.5610961914062 1.1569017171859741
		endloop
	endfacet
	facet normal -1.1956563317524544e-7 0.7071060213130029 -0.7071075410592655
		outer loop
			vertex -116.8313217163086 707.5610961914062 1.1569017171859741
			vertex -110.48632049560547 707.782958984375 1.37876296043396
			vertex -110.48632049560547 707.5610961914062 1.1569006443023682
		endloop
	endfacet
	facet normal -9.699645411390747e-8 0.8191116660161578 -0.5736340981812578
		outer loop
			vertex -116.8313217163086 707.5610961914062 1.1569017171859741
			vertex -110.48632049560547 707.5610961914062 1.1569006443023682
			vertex -116.8313217163086 707.381103515625 0.899884045124054
		endloop
	endfacet
	facet normal -1.0238513007822698e-7 0.8191117285233577 -0.5736340089250872
		outer loop
			vertex -116.8313217163086 707.381103515625 0.899884045124054
			vertex -110.48632049560547 707.5610961914062 1.1569006443023682
			vertex -110.48632049560547 707.381103515625 0.8998829126358032
		endloop
	endfacet
	facet normal -7.541581844311228e-8 0.9063476218498651 -0.42253282519478713
		outer loop
			vertex -116.8313217163086 707.381103515625 0.899884045124054
			vertex -110.48632049560547 707.381103515625 0.8998829126358032
			vertex -116.8313217163086 707.24853515625 0.6155202984809875
		endloop
	endfacet
	facet normal -7.541581844311228e-8 0.9063476218498651 -0.42253282519478713
		outer loop
			vertex -116.8313217163086 707.24853515625 0.6155202984809875
			vertex -110.48632049560547 707.381103515625 0.8998829126358032
			vertex -110.48632049560547 707.24853515625 0.6155191659927368
		endloop
	endfacet
	facet normal -4.621156350235618e-8 0.965901475535965 -0.2589099062559092
		outer loop
			vertex -116.8313217163086 707.24853515625 0.6155202984809875
			vertex -110.48632049560547 707.24853515625 0.6155191659927368
			vertex -116.8313217163086 707.1672973632812 0.3124507665634155
		endloop
	endfacet
	facet normal -4.621156350235618e-8 0.965901475535965 -0.2589099062559092
		outer loop
			vertex -116.8313217163086 707.1672973632812 0.3124507665634155
			vertex -110.48632049560547 707.24853515625 0.6155191659927368
			vertex -110.48632049560547 707.1672973632812 0.3124496340751648
		endloop
	endfacet
	facet normal -1.555470643645982e-8 0.9961953333450925 -0.08714848146387998
		outer loop
			vertex -116.8313217163086 707.1672973632812 0.3124507665634155
			vertex -110.48632049560547 707.1672973632812 0.3124496340751648
			vertex -116.8313217163086 707.1399536132812 -0.00011596654076129198
		endloop
	endfacet
	facet normal -1.543688331347035e-8 0.9961953331374456 -0.08714848383749374
		outer loop
			vertex -116.8313217163086 707.1399536132812 -0.00011596654076129198
			vertex -110.48632049560547 707.1672973632812 0.3124496340751648
			vertex -110.48632049560547 707.1399536132812 -0.00011709045065799728
		endloop
	endfacet
	facet normal 1.5436883452192447e-8 0.9961953330689344 0.0871484846206454
		outer loop
			vertex -116.8313217163086 707.1399536132812 -0.00011596654076129198
			vertex -110.48632049560547 707.1399536132812 -0.00011709045065799728
			vertex -116.8313217163086 707.1672973632812 -0.3126826882362366
		endloop
	endfacet
	facet normal 1.555470657624072e-8 0.9961953332765812 0.08714848224703156
		outer loop
			vertex -116.8313217163086 707.1672973632812 -0.3126826882362366
			vertex -110.48632049560547 707.1399536132812 -0.00011709045065799728
			vertex -110.48632049560547 707.1672973632812 -0.3126838207244873
		endloop
	endfacet
	facet normal 4.621156350235618e-8 0.965901475535965 0.2589099062559092
		outer loop
			vertex -116.8313217163086 707.1672973632812 -0.3126826882362366
			vertex -110.48632049560547 707.1672973632812 -0.3126838207244873
			vertex -116.8313217163086 707.24853515625 -0.6157522201538086
		endloop
	endfacet
	facet normal 4.621156350235618e-8 0.965901475535965 0.2589099062559092
		outer loop
			vertex -116.8313217163086 707.24853515625 -0.6157522201538086
			vertex -110.48632049560547 707.1672973632812 -0.3126838207244873
			vertex -110.48632049560547 707.24853515625 -0.6157533526420593
		endloop
	endfacet
	facet normal 7.541581844311228e-8 0.9063476218498651 0.42253282519478713
		outer loop
			vertex -116.8313217163086 707.24853515625 -0.6157522201538086
			vertex -110.48632049560547 707.24853515625 -0.6157533526420593
			vertex -116.8313217163086 707.381103515625 -0.900115966796875
		endloop
	endfacet
	facet normal 7.541581844311228e-8 0.9063476218498651 0.42253282519478713
		outer loop
			vertex -116.8313217163086 707.381103515625 -0.900115966796875
			vertex -110.48632049560547 707.24853515625 -0.6157533526420593
			vertex -110.48632049560547 707.381103515625 -0.9001170992851257
		endloop
	endfacet
	facet normal 1.0238513007822698e-7 0.8191117285233577 0.5736340089250872
		outer loop
			vertex -116.8313217163086 707.381103515625 -0.900115966796875
			vertex -110.48632049560547 707.381103515625 -0.9001170992851257
			vertex -116.8313217163086 707.5610961914062 -1.15713369846344
		endloop
	endfacet
	facet normal 9.699645411390747e-8 0.8191116660161578 0.5736340981812578
		outer loop
			vertex -116.8313217163086 707.5610961914062 -1.15713369846344
			vertex -110.48632049560547 707.381103515625 -0.9001170992851257
			vertex -110.48632049560547 707.5610961914062 -1.157134771347046
		endloop
	endfacet
	facet normal 1.1956563317524544e-7 0.7071060213130029 0.7071075410592655
		outer loop
			vertex -116.8313217163086 707.5610961914062 -1.15713369846344
			vertex -110.48632049560547 707.5610961914062 -1.157134771347046
			vertex -116.8313217163086 707.782958984375 -1.3789960145950317
		endloop
	endfacet
	facet normal 1.1956563317524544e-7 0.7071060213130029 0.7071075410592655
		outer loop
			vertex -116.8313217163086 707.782958984375 -1.3789960145950317
			vertex -110.48632049560547 707.5610961914062 -1.157134771347046
			vertex -110.48632049560547 707.782958984375 -1.3789970874786377
		endloop
	endfacet
	facet normal 1.38511605231605e-7 0.5735744327652614 0.8191534472111983
		outer loop
			vertex -116.8313217163086 707.782958984375 -1.3789960145950317
			vertex -110.48632049560547 707.782958984375 -1.3789970874786377
			vertex -116.8313217163086 708.0399780273438 -1.5589617490768433
		endloop
	endfacet
	facet normal 1.38511605231605e-7 0.5735744327652614 0.8191534472111983
		outer loop
			vertex -116.8313217163086 708.0399780273438 -1.5589617490768433
			vertex -110.48632049560547 707.782958984375 -1.3789970874786377
			vertex -110.48632049560547 708.0399780273438 -1.5589628219604492
		endloop
	endfacet
	facet normal 1.5324856013291884e-7 0.4226191922894594 0.9063073531140425
		outer loop
			vertex -116.8313217163086 708.0399780273438 -1.5589617490768433
			vertex -110.48632049560547 708.0399780273438 -1.5589628219604492
			vertex -116.8313217163086 708.3243408203125 -1.6915626525878906
		endloop
	endfacet
	facet normal 1.7027615058436186e-7 0.4226195043678754 0.9063072075890286
		outer loop
			vertex -116.8313217163086 708.3243408203125 -1.6915626525878906
			vertex -110.48632049560547 708.0399780273438 -1.5589628219604492
			vertex -110.48632049560547 708.3243408203125 -1.6915638446807861
		endloop
	endfacet
	facet normal 1.8147603229732266e-7 0.2588430519360231 0.9659193933576511
		outer loop
			vertex -116.8313217163086 708.3243408203125 -1.6915626525878906
			vertex -110.48632049560547 708.3243408203125 -1.6915638446807861
			vertex -116.8313217163086 708.6273803710938 -1.7727699279785156
		endloop
	endfacet
	facet normal 1.633284451314436e-7 0.25884269742192834 0.9659194883587935
		outer loop
			vertex -116.8313217163086 708.6273803710938 -1.7727699279785156
			vertex -110.48632049560547 708.3243408203125 -1.6915638446807861
			vertex -110.48632049560547 708.6273803710938 -1.7727710008621216
		endloop
	endfacet
	facet normal 0.00007334782369874882 0.99999999730177 -0.000004069010405687541
		outer loop
			vertex -110.83131408691406 878.4559936523438 4.9998626708984375
			vertex -110.80958557128906 878.4559936523438 5.391540050506592
			vertex -110.83131408691406 878.4559326171875 -10.000137329101562
		endloop
	endfacet
	facet normal 0.00002393002604258943 0.9999999997056801 -0.000003999247038426184
		outer loop
			vertex -110.83131408691406 878.4559326171875 -10.000137329101562
			vertex -110.80958557128906 878.4559936523438 5.391540050506592
			vertex -110.7445297241211 878.4559936523438 5.780810356140137
		endloop
	endfacet
	facet normal 0.000014046242747332639 0.9999999998935705 -0.000003944893026176533
		outer loop
			vertex -110.83131408691406 878.4559326171875 -10.000137329101562
			vertex -110.7445297241211 878.4559936523438 5.780810356140137
			vertex -110.63655090332031 878.4559936523438 6.165281295776367
		endloop
	endfacet
	facet normal 0.00000926592880308781 0.999999999950265 -0.00000368954635049197
		outer loop
			vertex -110.48631286621094 878.4559936523438 6.54258918762207
			vertex -110.48631286621094 878.4559326171875 -10.000137329101562
			vertex -110.63655090332031 878.4559936523438 6.165281295776367
		endloop
	endfacet
	facet normal 0 0.9999999999928723 -0.000003775661964957363
		outer loop
			vertex -110.63655090332031 878.4559936523438 6.165281295776367
			vertex -110.48631286621094 878.4559326171875 -10.000137329101562
			vertex -110.83131408691406 878.4559326171875 -10.000137329101562
		endloop
	endfacet
	facet normal 1 0 0
		outer loop
			vertex -110.48632049560547 693.2283935546875 9.948991775512695
			vertex -110.48632049560547 692.5313110351562 9.79734992980957
			vertex -110.48632049560547 693.9400024414062 9.999884605407715
		endloop
	endfacet
	facet normal 1 0 0
		outer loop
			vertex -110.48632049560547 693.9400024414062 9.999884605407715
			vertex -110.48632049560547 692.5313110351562 9.79734992980957
			vertex -110.48632049560547 691.8629150390625 9.54804515838623
		endloop
	endfacet
	facet normal 1 0 0
		outer loop
			vertex -110.48632049560547 693.9400024414062 9.999884605407715
			vertex -110.48632049560547 691.8629150390625 9.54804515838623
			vertex -110.48632049560547 691.2367553710938 9.20615291595459
		endloop
	endfacet
	facet normal 1 0 0
		outer loop
			vertex -110.48632049560547 691.2367553710938 9.20615291595459
			vertex -110.48632049560547 690.6656494140625 8.778633117675781
			vertex -110.48632049560547 693.9400024414062 9.999884605407715
		endloop
	endfacet
	facet normal 1 0 0
		outer loop
			vertex -110.48632049560547 693.9400024414062 9.999884605407715
			vertex -110.48632049560547 690.6656494140625 8.778633117675781
			vertex -110.48632049560547 690.1612548828125 8.274188995361328
		endloop
	endfacet
	facet normal 1 0 0
		outer loop
			vertex -110.48632049560547 693.9400024414062 9.999884605407715
			vertex -110.48632049560547 690.1612548828125 8.274188995361328
			vertex -110.48632049560547 709.2525634765625 1.7725368738174438
		endloop
	endfacet
	facet normal 1 0 0
		outer loop
			vertex -110.48632049560547 709.2525634765625 1.7725368738174438
			vertex -110.48632049560547 690.1612548828125 8.274188995361328
			vertex -110.48632049560547 689.7337036132812 7.703089237213135
		endloop
	endfacet
	facet normal 1 0 0
		outer loop
			vertex -110.48632049560547 709.2525634765625 1.7725368738174438
			vertex -110.48632049560547 689.7337036132812 7.703089237213135
			vertex -110.48632049560547 689.391845703125 7.076960563659668
		endloop
	endfacet
	facet normal 1 0 0
		outer loop
			vertex -110.48632049560547 689.391845703125 7.076960563659668
			vertex -110.48632049560547 689.1425170898438 6.408547878265381
			vertex -110.48632049560547 709.2525634765625 1.7725368738174438
		endloop
	endfacet
	facet normal 1 0 0
		outer loop
			vertex -110.48632049560547 709.2525634765625 1.7725368738174438
			vertex -110.48632049560547 689.1425170898438 6.408547878265381
			vertex -110.48632049560547 708.9400024414062 1.7998828887939453
		endloop
	endfacet
	facet normal 1 0 0
		outer loop
			vertex -110.48632049560547 708.9400024414062 1.7998828887939453
			vertex -110.48632049560547 689.1425170898438 6.408547878265381
			vertex -110.48632049560547 688.9908447265625 5.711459636688232
		endloop
	endfacet
	facet normal 1 0 0
		outer loop
			vertex -110.48632049560547 708.9400024414062 1.7998828887939453
			vertex -110.48632049560547 688.9908447265625 5.711459636688232
			vertex -110.48632049560547 688.9400024414062 4.999885082244873
		endloop
	endfacet
	facet normal 1 0 0
		outer loop
			vertex -110.48632049560547 688.9400024414062 -10.000114440917969
			vertex -110.48632049560547 707.5610961914062 -1.157134771347046
			vertex -110.48632049560547 688.9400024414062 4.999885082244873
		endloop
	endfacet
	facet normal 1 0 0
		outer loop
			vertex -110.48632049560547 688.9400024414062 4.999885082244873
			vertex -110.48632049560547 707.5610961914062 -1.157134771347046
			vertex -110.48632049560547 707.381103515625 -0.9001170992851257
		endloop
	endfacet
	facet normal 1 0 0
		outer loop
			vertex -110.48632049560547 688.9400024414062 4.999885082244873
			vertex -110.48632049560547 707.381103515625 -0.9001170992851257
			vertex -110.48632049560547 707.24853515625 -0.6157533526420593
		endloop
	endfacet
	facet normal 0.9999999999999943 -4.0257260955753985e-8 9.939150787005614e-8
		outer loop
			vertex -110.48631286621094 878.4559326171875 -10.000137329101562
			vertex -110.48632049560547 709.2525634765625 -1.7727710008621216
			vertex -110.48632049560547 688.9400024414062 -10.000114440917969
		endloop
	endfacet
	facet normal 1 0 0
		outer loop
			vertex -110.48632049560547 688.9400024414062 -10.000114440917969
			vertex -110.48632049560547 709.2525634765625 -1.7727710008621216
			vertex -110.48632049560547 708.9400024414062 -1.8001171350479126
		endloop
	endfacet
	facet normal 1 0 0
		outer loop
			vertex -110.48632049560547 688.9400024414062 -10.000114440917969
			vertex -110.48632049560547 708.9400024414062 -1.8001171350479126
			vertex -110.48632049560547 708.6273803710938 -1.7727710008621216
		endloop
	endfacet
	facet normal 1 0 0
		outer loop
			vertex -110.48631286621094 878.4559936523438 6.54258918762207
			vertex -110.48631286621094 863.1473999023438 -0.6157717108726501
			vertex -110.48631286621094 878.4559326171875 -10.000137329101562
		endloop
	endfacet
	facet normal 1 0 0
		outer loop
			vertex -110.48631286621094 878.4559326171875 -10.000137329101562
			vertex -110.48631286621094 863.1473999023438 -0.6157717108726501
			vertex -110.48631286621094 863.0148315429688 -0.9001354575157166
		endloop
	endfacet
	facet normal 1 0 0
		outer loop
			vertex -110.48631286621094 878.4559326171875 -10.000137329101562
			vertex -110.48631286621094 863.0148315429688 -0.9001354575157166
			vertex -110.48631286621094 862.8348388671875 -1.1571531295776367
		endloop
	endfacet
	facet normal 1 0 0
		outer loop
			vertex -110.48631286621094 878.2639770507812 6.911131858825684
			vertex -110.48631286621094 861.1433715820312 1.772518515586853
			vertex -110.48631286621094 878.4559936523438 6.54258918762207
		endloop
	endfacet
	facet normal 1 0 0
		outer loop
			vertex -110.48631286621094 878.4559936523438 6.54258918762207
			vertex -110.48631286621094 861.1433715820312 1.772518515586853
			vertex -110.48631286621094 861.4559326171875 1.7998645305633545
		endloop
	endfacet
	facet normal 1 0 0
		outer loop
			vertex -110.48631286621094 878.4559936523438 6.54258918762207
			vertex -110.48631286621094 861.4559326171875 1.7998645305633545
			vertex -110.48631286621094 861.7685546875 1.772518515586853
		endloop
	endfacet
	facet normal 1 0 0
		outer loop
			vertex -110.48631286621094 878.2639770507812 6.911131858825684
			vertex -110.48631286621094 878.0316772460938 7.267881870269775
			vertex -110.48631286621094 861.1433715820312 1.772518515586853
		endloop
	endfacet
	facet normal 1 0 0
		outer loop
			vertex -110.48631286621094 861.1433715820312 1.772518515586853
			vertex -110.48631286621094 878.0316772460938 7.267881870269775
			vertex -110.48631286621094 877.7604370117188 7.610637664794922
		endloop
	endfacet
	facet normal 1 0 0
		outer loop
			vertex -110.48631286621094 861.1433715820312 1.772518515586853
			vertex -110.48631286621094 877.7604370117188 7.610637664794922
			vertex -110.48631286621094 871.7299194335938 9.999863624572754
		endloop
	endfacet
	facet normal 1 0 0
		outer loop
			vertex -110.48631286621094 871.7299194335938 9.999863624572754
			vertex -110.48631286621094 877.7604370117188 7.610637664794922
			vertex -110.48631286621094 877.4520263671875 7.937284469604492
		endloop
	endfacet
	facet normal 1 0 0
		outer loop
			vertex -110.48631286621094 871.7299194335938 9.999863624572754
			vertex -110.48631286621094 877.4520263671875 7.937284469604492
			vertex -110.48631286621094 877.1083374023438 8.245806694030762
		endloop
	endfacet
	facet normal 1 0 0
		outer loop
			vertex -110.48631286621094 877.1083374023438 8.245806694030762
			vertex -110.48631286621094 876.7314453125 8.534300804138184
			vertex -110.48631286621094 871.7299194335938 9.999863624572754
		endloop
	endfacet
	facet normal 1 0 0
		outer loop
			vertex -110.48631286621094 871.7299194335938 9.999863624572754
			vertex -110.48631286621094 876.7314453125 8.534300804138184
			vertex -110.48631286621094 876.3236694335938 8.800986289978027
		endloop
	endfacet
	facet normal 1 0 0
		outer loop
			vertex -110.48631286621094 871.7299194335938 9.999863624572754
			vertex -110.48631286621094 876.3236694335938 8.800986289978027
			vertex -110.48631286621094 875.8875732421875 9.044219017028809
		endloop
	endfacet
	facet normal 1 0 0
		outer loop
			vertex -110.48631286621094 875.8875732421875 9.044219017028809
			vertex -110.48631286621094 875.4258422851562 9.262496948242188
			vertex -110.48631286621094 871.7299194335938 9.999863624572754
		endloop
	endfacet
	facet normal 1 0 0
		outer loop
			vertex -110.48631286621094 871.7299194335938 9.999863624572754
			vertex -110.48631286621094 875.4258422851562 9.262496948242188
			vertex -110.48631286621094 874.9412841796875 9.454473495483398
		endloop
	endfacet
	facet normal 1 0 0
		outer loop
			vertex -110.48631286621094 871.7299194335938 9.999863624572754
			vertex -110.48631286621094 874.9412841796875 9.454473495483398
			vertex -110.48631286621094 874.4368896484375 9.618964195251465
		endloop
	endfacet
	facet normal 1 0 0
		outer loop
			vertex -110.48631286621094 874.4368896484375 9.618964195251465
			vertex -110.48631286621094 873.9158325195312 9.75495433807373
			vertex -110.48631286621094 871.7299194335938 9.999863624572754
		endloop
	endfacet
	facet normal 1 0 0
		outer loop
			vertex -110.48631286621094 871.7299194335938 9.999863624572754
			vertex -110.48631286621094 873.9158325195312 9.75495433807373
			vertex -110.48631286621094 873.3812255859375 9.861603736877441
		endloop
	endfacet
	facet normal 1 0 0
		outer loop
			vertex -110.48631286621094 871.7299194335938 9.999863624572754
			vertex -110.48631286621094 873.3812255859375 9.861603736877441
			vertex -110.48631286621094 872.8364868164062 9.93825626373291
		endloop
	endfacet
	facet normal 1 0 0
		outer loop
			vertex -110.48631286621094 872.8364868164062 9.93825626373291
			vertex -110.48631286621094 872.284912109375 9.984437942504883
			vertex -110.48631286621094 871.7299194335938 9.999863624572754
		endloop
	endfacet
	facet normal 0.9999999999999968 -5.0229460491170504e-8 6.463282869551203e-8
		outer loop
			vertex -110.48631286621094 861.1433715820312 1.772518515586853
			vertex -110.48631286621094 871.7299194335938 9.999863624572754
			vertex -110.48632049560547 709.2525634765625 1.7725368738174438
		endloop
	endfacet
	facet normal 0.9999999999999959 -4.2912423471549575e-8 -7.986767121213719e-8
		outer loop
			vertex -110.48632049560547 709.2525634765625 1.7725368738174438
			vertex -110.48631286621094 871.7299194335938 9.999863624572754
			vertex -110.48632049560547 693.9400024414062 9.999884605407715
		endloop
	endfacet
	facet normal 1 0 0
		outer loop
			vertex -110.48631286621094 861.7685546875 -1.772789478302002
			vertex -110.48631286621094 861.4559326171875 -1.8001354932785034
			vertex -110.48631286621094 878.4559326171875 -10.000137329101562
		endloop
	endfacet
	facet normal 1 0 0
		outer loop
			vertex -110.48631286621094 878.4559326171875 -10.000137329101562
			vertex -110.48631286621094 861.4559326171875 -1.8001354932785034
			vertex -110.48631286621094 861.1433715820312 -1.772789478302002
		endloop
	endfacet
	facet normal 0.9999999999999931 -5.022948116090724e-8 -1.0569638893752705e-7
		outer loop
			vertex -110.48631286621094 878.4559326171875 -10.000137329101562
			vertex -110.48631286621094 861.1433715820312 -1.772789478302002
			vertex -110.48632049560547 709.2525634765625 -1.7727710008621216
		endloop
	endfacet
	facet normal 0.9999999999999813 -5.0229491105021564e-8 -1.8744037830622476e-7
		outer loop
			vertex -110.48632049560547 709.2525634765625 -1.7727710008621216
			vertex -110.48631286621094 861.1433715820312 -1.772789478302002
			vertex -110.48631286621094 860.84033203125 -1.691582202911377
		endloop
	endfacet
	facet normal 0.9999999999999811 -5.0430675499253834e-8 1.881914103082627e-7
		outer loop
			vertex -110.48632049560547 709.2525634765625 -1.7727710008621216
			vertex -110.48631286621094 860.84033203125 -1.691582202911377
			vertex -110.48632049560547 709.5556030273438 -1.6915638446807861
		endloop
	endfacet
	facet normal 0.999999999999993 -5.0430711459781925e-8 -1.0814862259659877e-7
		outer loop
			vertex -110.48632049560547 709.5556030273438 -1.6915638446807861
			vertex -110.48631286621094 860.84033203125 -1.691582202911377
			vertex -110.48631286621094 860.5559692382812 -1.55898118019104
		endloop
	endfacet
	facet normal 0.9999999999999929 -5.0620984934053005e-8 1.0855666391831397e-7
		outer loop
			vertex -110.48632049560547 709.5556030273438 -1.6915638446807861
			vertex -110.48631286621094 860.5559692382812 -1.55898118019104
			vertex -110.48632049560547 709.8399658203125 -1.5589628219604492
		endloop
	endfacet
	facet normal 0.9999999999999961 -5.0621006962970816e-8 -7.229466654415883e-8
		outer loop
			vertex -110.48632049560547 709.8399658203125 -1.5589628219604492
			vertex -110.48631286621094 860.5559692382812 -1.55898118019104
			vertex -110.48631286621094 860.2989501953125 -1.3790154457092285
		endloop
	endfacet
	facet normal 0.9999999999999962 -5.079423017296015e-8 7.254205621408475e-8
		outer loop
			vertex -110.48632049560547 709.8399658203125 -1.5589628219604492
			vertex -110.48631286621094 860.2989501953125 -1.3790154457092285
			vertex -110.48632049560547 710.0969848632812 -1.3789970874786377
		endloop
	endfacet
	facet normal 0.9999999999999974 -5.079424524758498e-8 -5.079435441701933e-8
		outer loop
			vertex -110.48632049560547 710.0969848632812 -1.3789970874786377
			vertex -110.48631286621094 860.2989501953125 -1.3790154457092285
			vertex -110.48631286621094 860.0770874023438 -1.1571531295776367
		endloop
	endfacet
	facet normal 0.9999999999999976 -5.0944733384473504e-8 5.09448428773442e-8
		outer loop
			vertex -110.48632049560547 710.0969848632812 -1.3789970874786377
			vertex -110.48631286621094 860.0770874023438 -1.1571531295776367
			vertex -110.48632049560547 710.31884765625 -1.157134771347046
		endloop
	endfacet
	facet normal 0.9999999999999982 -5.0944744003108924e-8 -3.567723852039724e-8
		outer loop
			vertex -110.48632049560547 710.31884765625 -1.157134771347046
			vertex -110.48631286621094 860.0770874023438 -1.1571531295776367
			vertex -110.48631286621094 859.8970947265625 -0.9001354575157166
		endloop
	endfacet
	facet normal 0.9999999999999981 -5.106749008293771e-8 3.576319912836944e-8
		outer loop
			vertex -110.48632049560547 710.31884765625 -1.157134771347046
			vertex -110.48631286621094 859.8970947265625 -0.9001354575157166
			vertex -110.48632049560547 710.4988403320312 -0.9001170992851257
		endloop
	endfacet
	facet normal 0.9999999999999986 -5.1067497403030253e-8 -2.380730465126562e-8
		outer loop
			vertex -110.48632049560547 710.4988403320312 -0.9001170992851257
			vertex -110.48631286621094 859.8970947265625 -0.9001354575157166
			vertex -110.48631286621094 859.7645263671875 -0.6157717108726501
		endloop
	endfacet
	facet normal 0.9999999999999984 -5.115828202558935e-8 2.384962779762733e-8
		outer loop
			vertex -110.48632049560547 710.4988403320312 -0.9001170992851257
			vertex -110.48631286621094 859.7645263671875 -0.6157717108726501
			vertex -110.48632049560547 710.6314086914062 -0.6157533526420593
		endloop
	endfacet
	facet normal 0.9999999999999986 -5.115828664953233e-8 -1.3712980918450378e-8
		outer loop
			vertex -110.48632049560547 710.6314086914062 -0.6157533526420593
			vertex -110.48631286621094 859.7645263671875 -0.6157717108726501
			vertex -110.48631286621094 859.6832885742188 -0.3127022087574005
		endloop
	endfacet
	facet normal 0.9999999999999986 -5.1214079309794525e-8 1.3727934793477677e-8
		outer loop
			vertex -110.48632049560547 710.6314086914062 -0.6157533526420593
			vertex -110.48631286621094 859.6832885742188 -0.3127022087574005
			vertex -110.48632049560547 710.712646484375 -0.3126838207244873
		endloop
	endfacet
	facet normal 0.9999999999999987 -5.121408155730561e-8 -4.48027540544057e-9
		outer loop
			vertex -110.48632049560547 710.712646484375 -0.3126838207244873
			vertex -110.48631286621094 859.6832885742188 -0.3127022087574005
			vertex -110.48631286621094 859.6559448242188 -0.00013547661365009844
		endloop
	endfacet
	facet normal 0.9999999999999987 -5.123288817412584e-8 4.481920659898679e-9
		outer loop
			vertex -110.48632049560547 710.712646484375 -0.3126838207244873
			vertex -110.48631286621094 859.6559448242188 -0.00013547661365009844
			vertex -110.48632049560547 710.739990234375 -0.00011709045065799728
		endloop
	endfacet
	facet normal 0.9999999999999987 -5.1232888174125824e-8 4.481920769132786e-9
		outer loop
			vertex -110.48632049560547 710.739990234375 -0.00011709045065799728
			vertex -110.48631286621094 859.6559448242188 -0.00013547661365009844
			vertex -110.48631286621094 859.6832885742188 0.3124312460422516
		endloop
	endfacet
	facet normal 0.9999999999999987 -5.121408155730562e-8 -4.480275514634579e-9
		outer loop
			vertex -110.48632049560547 710.739990234375 -0.00011709045065799728
			vertex -110.48631286621094 859.6832885742188 0.3124312460422516
			vertex -110.48632049560547 710.712646484375 0.3124496340751648
		endloop
	endfacet
	facet normal 0.9999999999999986 -5.12140793097947e-8 1.3727933443542295e-8
		outer loop
			vertex -110.48632049560547 710.712646484375 0.3124496340751648
			vertex -110.48631286621094 859.6832885742188 0.3124312460422516
			vertex -110.48631286621094 859.7645263671875 0.615500807762146
		endloop
	endfacet
	facet normal 0.9999999999999987 -5.115828664953217e-8 -1.3712979569985264e-8
		outer loop
			vertex -110.48632049560547 710.712646484375 0.3124496340751648
			vertex -110.48631286621094 859.7645263671875 0.615500807762146
			vertex -110.48632049560547 710.6314086914062 0.6155191659927368
		endloop
	endfacet
	facet normal 0.9999999999999984 -5.115828202558874e-8 2.384963279667811e-8
		outer loop
			vertex -110.48632049560547 710.6314086914062 0.6155191659927368
			vertex -110.48631286621094 859.7645263671875 0.615500807762146
			vertex -110.48631286621094 859.8970947265625 0.8998644948005676
		endloop
	endfacet
	facet normal 0.9999999999999986 -5.106749741252853e-8 -2.380730465569365e-8
		outer loop
			vertex -110.48632049560547 710.6314086914062 0.6155191659927368
			vertex -110.48631286621094 859.8970947265625 0.8998644948005676
			vertex -110.48632049560547 710.4988403320312 0.8998829126358032
		endloop
	endfacet
	facet normal 0.9999999999999982 -5.106749006866946e-8 3.576319911837721e-8
		outer loop
			vertex -110.48632049560547 710.4988403320312 0.8998829126358032
			vertex -110.48631286621094 859.8970947265625 0.8998644948005676
			vertex -110.48631286621094 860.0770874023438 1.1568821668624878
		endloop
	endfacet
	facet normal 0.9999999999999982 -5.09447440315074e-8 -3.567723026642349e-8
		outer loop
			vertex -110.48632049560547 710.4988403320312 0.8998829126358032
			vertex -110.48631286621094 860.0770874023438 1.1568821668624878
			vertex -110.48632049560547 710.31884765625 1.1569006443023682
		endloop
	endfacet
	facet normal 0.9999999999999974 -5.0944733343920816e-8 5.0944842836791425e-8
		outer loop
			vertex -110.48632049560547 710.31884765625 1.1569006443023682
			vertex -110.48631286621094 860.0770874023438 1.1568821668624878
			vertex -110.48631286621094 860.2989501953125 1.3787444829940796
		endloop
	endfacet
	facet normal 0.9999999999999974 -5.079424528789843e-8 -5.079435445733287e-8
		outer loop
			vertex -110.48632049560547 710.31884765625 1.1569006443023682
			vertex -110.48631286621094 860.2989501953125 1.3787444829940796
			vertex -110.48632049560547 710.0969848632812 1.37876296043396
		endloop
	endfacet
	facet normal 0.9999999999999961 -5.079423011538642e-8 7.254205613186052e-8
		outer loop
			vertex -110.48632049560547 710.0969848632812 1.37876296043396
			vertex -110.48631286621094 860.2989501953125 1.3787444829940796
			vertex -110.48631286621094 860.5559692382812 1.5587102174758911
		endloop
	endfacet
	facet normal 0.9999999999999962 -5.062100702015253e-8 -7.229466662582318e-8
		outer loop
			vertex -110.48632049560547 710.0969848632812 1.37876296043396
			vertex -110.48631286621094 860.5559692382812 1.5587102174758911
			vertex -110.48632049560547 709.8399658203125 1.5587286949157715
		endloop
	endfacet
	facet normal 0.9999999999999929 -5.06209848481898e-8 1.0855666373418037e-7
		outer loop
			vertex -110.48632049560547 709.8399658203125 1.5587286949157715
			vertex -110.48631286621094 860.5559692382812 1.5587102174758911
			vertex -110.48631286621094 860.84033203125 1.691311240196228
		endloop
	endfacet
	facet normal 0.999999999999993 -5.0430711459793724e-8 -1.0814871982311443e-7
		outer loop
			vertex -110.48632049560547 709.8399658203125 1.5587286949157715
			vertex -110.48631286621094 860.84033203125 1.691311240196228
			vertex -110.48632049560547 709.5556030273438 1.6913295984268188
		endloop
	endfacet
	facet normal 0.9999999999999811 -5.043067549928736e-8 1.8819113405032824e-7
		outer loop
			vertex -110.48632049560547 709.5556030273438 1.6913295984268188
			vertex -110.48631286621094 860.84033203125 1.691311240196228
			vertex -110.48631286621094 861.1433715820312 1.772518515586853
		endloop
	endfacet
	facet normal 0.9999999999999813 -5.022949095791164e-8 -1.8744037775725765e-7
		outer loop
			vertex -110.48632049560547 709.5556030273438 1.6913295984268188
			vertex -110.48631286621094 861.1433715820312 1.772518515586853
			vertex -110.48632049560547 709.2525634765625 1.7725368738174438
		endloop
	endfacet
	facet normal 1 0 0
		outer loop
			vertex -110.48631286621094 861.7685546875 1.772518515586853
			vertex -110.48631286621094 862.0715942382812 1.691311240196228
			vertex -110.48631286621094 878.4559936523438 6.54258918762207
		endloop
	endfacet
	facet normal 1 0 0
		outer loop
			vertex -110.48631286621094 878.4559936523438 6.54258918762207
			vertex -110.48631286621094 862.0715942382812 1.691311240196228
			vertex -110.48631286621094 862.35595703125 1.5587102174758911
		endloop
	endfacet
	facet normal 1 0 0
		outer loop
			vertex -110.48631286621094 878.4559936523438 6.54258918762207
			vertex -110.48631286621094 862.35595703125 1.5587102174758911
			vertex -110.48631286621094 862.6129760742188 1.3787444829940796
		endloop
	endfacet
	facet normal 1 0 0
		outer loop
			vertex -110.48631286621094 862.6129760742188 1.3787444829940796
			vertex -110.48631286621094 862.8348388671875 1.1568821668624878
			vertex -110.48631286621094 878.4559936523438 6.54258918762207
		endloop
	endfacet
	facet normal 1 0 0
		outer loop
			vertex -110.48631286621094 878.4559936523438 6.54258918762207
			vertex -110.48631286621094 862.8348388671875 1.1568821668624878
			vertex -110.48631286621094 863.0148315429688 0.8998644948005676
		endloop
	endfacet
	facet normal 1 0 0
		outer loop
			vertex -110.48631286621094 878.4559936523438 6.54258918762207
			vertex -110.48631286621094 863.0148315429688 0.8998644948005676
			vertex -110.48631286621094 863.1473999023438 0.615500807762146
		endloop
	endfacet
	facet normal 1 0 0
		outer loop
			vertex -110.48631286621094 863.1473999023438 0.615500807762146
			vertex -110.48631286621094 863.2286376953125 0.3124312460422516
			vertex -110.48631286621094 878.4559936523438 6.54258918762207
		endloop
	endfacet
	facet normal 1 0 0
		outer loop
			vertex -110.48631286621094 878.4559936523438 6.54258918762207
			vertex -110.48631286621094 863.2286376953125 0.3124312460422516
			vertex -110.48631286621094 863.2559814453125 -0.00013547661365009844
		endloop
	endfacet
	facet normal 1 0 0
		outer loop
			vertex -110.48631286621094 878.4559936523438 6.54258918762207
			vertex -110.48631286621094 863.2559814453125 -0.00013547661365009844
			vertex -110.48631286621094 863.2286376953125 -0.3127022087574005
		endloop
	endfacet
	facet normal 1 0 0
		outer loop
			vertex -110.48631286621094 863.2286376953125 -0.3127022087574005
			vertex -110.48631286621094 863.1473999023438 -0.6157717108726501
			vertex -110.48631286621094 878.4559936523438 6.54258918762207
		endloop
	endfacet
	facet normal 1 0 0
		outer loop
			vertex -110.48631286621094 862.8348388671875 -1.1571531295776367
			vertex -110.48631286621094 862.6129760742188 -1.3790154457092285
			vertex -110.48631286621094 878.4559326171875 -10.000137329101562
		endloop
	endfacet
	facet normal 1 0 0
		outer loop
			vertex -110.48631286621094 878.4559326171875 -10.000137329101562
			vertex -110.48631286621094 862.6129760742188 -1.3790154457092285
			vertex -110.48631286621094 862.35595703125 -1.55898118019104
		endloop
	endfacet
	facet normal 1 0 0
		outer loop
			vertex -110.48631286621094 878.4559326171875 -10.000137329101562
			vertex -110.48631286621094 862.35595703125 -1.55898118019104
			vertex -110.48631286621094 862.0715942382812 -1.691582202911377
		endloop
	endfacet
	facet normal 1 0 0
		outer loop
			vertex -110.48631286621094 862.0715942382812 -1.691582202911377
			vertex -110.48631286621094 861.7685546875 -1.772789478302002
			vertex -110.48631286621094 878.4559326171875 -10.000137329101562
		endloop
	endfacet
	facet normal 1 0 0
		outer loop
			vertex -110.48632049560547 708.6273803710938 -1.7727710008621216
			vertex -110.48632049560547 708.3243408203125 -1.6915638446807861
			vertex -110.48632049560547 688.9400024414062 -10.000114440917969
		endloop
	endfacet
	facet normal 1 0 0
		outer loop
			vertex -110.48632049560547 688.9400024414062 -10.000114440917969
			vertex -110.48632049560547 708.3243408203125 -1.6915638446807861
			vertex -110.48632049560547 708.0399780273438 -1.5589628219604492
		endloop
	endfacet
	facet normal 1 0 0
		outer loop
			vertex -110.48632049560547 688.9400024414062 -10.000114440917969
			vertex -110.48632049560547 708.0399780273438 -1.5589628219604492
			vertex -110.48632049560547 707.782958984375 -1.3789970874786377
		endloop
	endfacet
	facet normal 1 0 0
		outer loop
			vertex -110.48632049560547 707.782958984375 -1.3789970874786377
			vertex -110.48632049560547 707.5610961914062 -1.157134771347046
			vertex -110.48632049560547 688.9400024414062 -10.000114440917969
		endloop
	endfacet
	facet normal 1 0 0
		outer loop
			vertex -110.48632049560547 707.24853515625 -0.6157533526420593
			vertex -110.48632049560547 707.1672973632812 -0.3126838207244873
			vertex -110.48632049560547 688.9400024414062 4.999885082244873
		endloop
	endfacet
	facet normal 1 0 0
		outer loop
			vertex -110.48632049560547 688.9400024414062 4.999885082244873
			vertex -110.48632049560547 707.1672973632812 -0.3126838207244873
			vertex -110.48632049560547 707.1399536132812 -0.00011709045065799728
		endloop
	endfacet
	facet normal 1 0 0
		outer loop
			vertex -110.48632049560547 688.9400024414062 4.999885082244873
			vertex -110.48632049560547 707.1399536132812 -0.00011709045065799728
			vertex -110.48632049560547 707.1672973632812 0.3124496340751648
		endloop
	endfacet
	facet normal 1 0 0
		outer loop
			vertex -110.48632049560547 707.1672973632812 0.3124496340751648
			vertex -110.48632049560547 707.24853515625 0.6155191659927368
			vertex -110.48632049560547 688.9400024414062 4.999885082244873
		endloop
	endfacet
	facet normal 1 0 0
		outer loop
			vertex -110.48632049560547 688.9400024414062 4.999885082244873
			vertex -110.48632049560547 707.24853515625 0.6155191659927368
			vertex -110.48632049560547 707.381103515625 0.8998829126358032
		endloop
	endfacet
	facet normal 1 0 0
		outer loop
			vertex -110.48632049560547 688.9400024414062 4.999885082244873
			vertex -110.48632049560547 707.381103515625 0.8998829126358032
			vertex -110.48632049560547 707.5610961914062 1.1569006443023682
		endloop
	endfacet
	facet normal 1 0 0
		outer loop
			vertex -110.48632049560547 707.5610961914062 1.1569006443023682
			vertex -110.48632049560547 707.782958984375 1.37876296043396
			vertex -110.48632049560547 688.9400024414062 4.999885082244873
		endloop
	endfacet
	facet normal 1 0 0
		outer loop
			vertex -110.48632049560547 688.9400024414062 4.999885082244873
			vertex -110.48632049560547 707.782958984375 1.37876296043396
			vertex -110.48632049560547 708.0399780273438 1.5587286949157715
		endloop
	endfacet
	facet normal 1 0 0
		outer loop
			vertex -110.48632049560547 688.9400024414062 4.999885082244873
			vertex -110.48632049560547 708.0399780273438 1.5587286949157715
			vertex -110.48632049560547 708.3243408203125 1.6913295984268188
		endloop
	endfacet
	facet normal 1 0 0
		outer loop
			vertex -110.48632049560547 708.3243408203125 1.6913295984268188
			vertex -110.48632049560547 708.6273803710938 1.7725368738174438
			vertex -110.48632049560547 688.9400024414062 4.999885082244873
		endloop
	endfacet
	facet normal 1 0 0
		outer loop
			vertex -110.48632049560547 688.9400024414062 4.999885082244873
			vertex -110.48632049560547 708.6273803710938 1.7725368738174438
			vertex -110.48632049560547 708.9400024414062 1.7998828887939453
		endloop
	endfacet
	facet normal -0.7065655994434056 0.7065611369045588 0.039197110854225864
		outer loop
			vertex -110.83131408691406 878.4559936523438 4.9998626708984375
			vertex -118.06240844726562 871.224853515625 4.99986457824707
			vertex -110.80958557128906 878.4559936523438 5.391540050506592
		endloop
	endfacet
	facet normal -0.706523130237105 0.705973580491606 0.04925819817882977
		outer loop
			vertex -110.80958557128906 878.4559936523438 5.391540050506592
			vertex -118.06240844726562 871.224853515625 4.99986457824707
			vertex -117.86637878417969 871.3868408203125 5.489950180053711
		endloop
	endfacet
	facet normal -0.7020203693273411 0.7024262326926834 0.11732343616970942
		outer loop
			vertex -110.80958557128906 878.4559936523438 5.391540050506592
			vertex -117.86637878417969 871.3868408203125 5.489950180053711
			vertex -110.7445297241211 878.4559936523438 5.780810356140137
		endloop
	endfacet
	facet normal -0.699844760316885 0.6990153430970868 0.1469519022396921
		outer loop
			vertex -110.7445297241211 878.4559936523438 5.780810356140137
			vertex -117.86637878417969 871.3868408203125 5.489950180053711
			vertex -117.67222595214844 871.4791870117188 5.975316047668457
		endloop
	endfacet
	facet normal -0.6932987556278903 0.6938469498843185 0.19471323935738638
		outer loop
			vertex -110.7445297241211 878.4559936523438 5.780810356140137
			vertex -117.67222595214844 871.4791870117188 5.975316047668457
			vertex -110.63655090332031 878.4559936523438 6.165281295776367
		endloop
	endfacet
	facet normal -0.6863029286788753 0.6854736900885396 0.2431339348655375
		outer loop
			vertex -110.63655090332031 878.4559936523438 6.165281295776367
			vertex -117.67222595214844 871.4791870117188 5.975316047668457
			vertex -117.48184204101562 871.5009765625 6.451287746429443
		endloop
	endfacet
	facet normal -0.680453750088607 0.6808604847757288 0.27094592497638936
		outer loop
			vertex -110.63655090332031 878.4559936523438 6.165281295776367
			vertex -117.48184204101562 871.5009765625 6.451287746429443
			vertex -110.48631286621094 878.4559936523438 6.54258918762207
		endloop
	endfacet
	facet normal -0.6660151433978614 0.6654705826658046 0.3370055375971749
		outer loop
			vertex -110.48631286621094 878.4559936523438 6.54258918762207
			vertex -117.48184204101562 871.5009765625 6.451287746429443
			vertex -117.29704284667969 871.4519653320312 6.9132819175720215
		endloop
	endfacet
	facet normal -0.6635191295498497 0.6635033938879968 0.3456958359895583
		outer loop
			vertex -110.48631286621094 878.4559936523438 6.54258918762207
			vertex -117.29704284667969 871.4519653320312 6.9132819175720215
			vertex -110.48631286621094 878.2639770507812 6.911131858825684
		endloop
	endfacet
	facet normal -0.6422866944058154 0.6422978494553799 0.41823590804024086
		outer loop
			vertex -110.48631286621094 878.2639770507812 6.911131858825684
			vertex -117.29704284667969 871.4519653320312 6.9132819175720215
			vertex -110.48631286621094 878.0316772460938 7.267881870269775
		endloop
	endfacet
	facet normal -0.6395007965077534 0.6389100507955384 0.42758938043219896
		outer loop
			vertex -110.48631286621094 878.0316772460938 7.267881870269775
			vertex -117.29704284667969 871.4519653320312 6.9132819175720215
			vertex -117.11961364746094 871.3327026367188 7.356848239898682
		endloop
	endfacet
	facet normal -0.6167954750512719 0.6172355899221383 0.48845016991474777
		outer loop
			vertex -110.48631286621094 878.0316772460938 7.267881870269775
			vertex -117.11961364746094 871.3327026367188 7.356848239898682
			vertex -110.48631286621094 877.7604370117188 7.610637664794922
		endloop
	endfacet
	facet normal -0.6069509216711905 0.6060634971805294 0.5140988388119534
		outer loop
			vertex -110.48631286621094 877.7604370117188 7.610637664794922
			vertex -117.11961364746094 871.3327026367188 7.356848239898682
			vertex -116.9512710571289 871.144287109375 7.777715682983398
		endloop
	endfacet
	facet normal -0.5876962814852111 0.5882930968643814 0.555449649302411
		outer loop
			vertex -110.48631286621094 877.7604370117188 7.610637664794922
			vertex -116.9512710571289 871.144287109375 7.777715682983398
			vertex -110.48631286621094 877.4520263671875 7.937284469604492
		endloop
	endfacet
	facet normal -0.5684627246736129 0.5675648581440584 0.5955839675953066
		outer loop
			vertex -110.48631286621094 877.4520263671875 7.937284469604492
			vertex -116.9512710571289 871.144287109375 7.777715682983398
			vertex -116.79362487792969 870.8886108398438 8.171831130981445
		endloop
	endfacet
	facet normal -0.5551577289902108 0.5556138455062699 0.6189451919388071
		outer loop
			vertex -110.48631286621094 877.4520263671875 7.937284469604492
			vertex -116.79362487792969 870.8886108398438 8.171831130981445
			vertex -110.48631286621094 877.1083374023438 8.245806694030762
		endloop
	endfacet
	facet normal -0.5242644875438598 0.5236603712262287 0.6715106571809435
		outer loop
			vertex -110.48631286621094 877.1083374023438 8.245806694030762
			vertex -116.79362487792969 870.8886108398438 8.171831130981445
			vertex -116.648193359375 870.5679931640625 8.535398483276367
		endloop
	endfacet
	facet normal -0.5194128434681015 0.5194012419021726 0.6785518756520112
		outer loop
			vertex -110.48631286621094 877.1083374023438 8.245806694030762
			vertex -116.648193359375 870.5679931640625 8.535398483276367
			vertex -110.48631286621094 876.7314453125 8.534300804138184
		endloop
	endfacet
	facet normal -0.48011966125462385 0.48012797933403156 0.7341404731639342
		outer loop
			vertex -110.48631286621094 876.7314453125 8.534300804138184
			vertex -116.648193359375 870.5679931640625 8.535398483276367
			vertex -110.48631286621094 876.3236694335938 8.800986289978027
		endloop
	endfacet
	facet normal -0.4752864816067744 0.47464547767614357 0.7408201069918654
		outer loop
			vertex -110.48631286621094 876.3236694335938 8.800986289978027
			vertex -116.648193359375 870.5679931640625 8.535398483276367
			vertex -116.51638793945312 870.1856689453125 8.864916801452637
		endloop
	endfacet
	facet normal -0.4375234648000561 0.43800989758127884 0.7853155718373294
		outer loop
			vertex -110.48631286621094 876.3236694335938 8.800986289978027
			vertex -116.51638793945312 870.1856689453125 8.864916801452637
			vertex -110.48631286621094 875.8875732421875 9.044219017028809
		endloop
	endfacet
	facet normal -0.4218951718410847 0.4209256861898206 0.8030106043401982
		outer loop
			vertex -110.48631286621094 875.8875732421875 9.044219017028809
			vertex -116.51638793945312 870.1856689453125 8.864916801452637
			vertex -116.39946746826172 869.7452392578125 9.157212257385254
		endloop
	endfacet
	facet normal -0.39244645495139885 0.3931005536227561 0.8315393765406197
		outer loop
			vertex -110.48631286621094 875.8875732421875 9.044219017028809
			vertex -116.39946746826172 869.7452392578125 9.157212257385254
			vertex -110.48631286621094 875.4258422851562 9.262496948242188
		endloop
	endfacet
	facet normal -0.3642437657146149 0.3632614887502088 0.8575357543152466
		outer loop
			vertex -110.48631286621094 875.4258422851562 9.262496948242188
			vertex -116.39946746826172 869.7452392578125 9.157212257385254
			vertex -116.29856872558594 869.2509155273438 9.409470558166504
		endloop
	endfacet
	facet normal -0.34519902968809024 0.3456925425403326 0.872544724317557
		outer loop
			vertex -110.48631286621094 875.4258422851562 9.262496948242188
			vertex -116.29856872558594 869.2509155273438 9.409470558166504
			vertex -110.48631286621094 874.9412841796875 9.454473495483398
		endloop
	endfacet
	facet normal -0.3028510315544493 0.3021897948528755 0.9038598235197663
		outer loop
			vertex -110.48631286621094 874.9412841796875 9.454473495483398
			vertex -116.29856872558594 869.2509155273438 9.409470558166504
			vertex -116.21465301513672 868.70751953125 9.6192626953125
		endloop
	endfacet
	facet normal -0.29614324327061986 0.29613731636688884 0.9080759160555774
		outer loop
			vertex -110.48631286621094 874.9412841796875 9.454473495483398
			vertex -116.21465301513672 868.70751953125 9.6192626953125
			vertex -110.48631286621094 874.4368896484375 9.618964195251465
		endloop
	endfacet
	facet normal -0.24483909716205443 0.2448439594983056 0.9381392497908093
		outer loop
			vertex -110.48631286621094 874.4368896484375 9.618964195251465
			vertex -116.21465301513672 868.70751953125 9.6192626953125
			vertex -110.48631286621094 873.9158325195312 9.75495433807373
		endloop
	endfacet
	facet normal -0.23880391564928263 0.23812072420445718 0.9414197844611697
		outer loop
			vertex -110.48631286621094 873.9158325195312 9.75495433807373
			vertex -116.21465301513672 868.70751953125 9.6192626953125
			vertex -116.14852905273438 868.1203002929688 9.784565925598145
		endloop
	endfacet
	facet normal -0.19150281648303263 0.1920155445293654 0.9625262084422207
		outer loop
			vertex -110.48631286621094 873.9158325195312 9.75495433807373
			vertex -116.14852905273438 868.1203002929688 9.784565925598145
			vertex -110.48631286621094 873.3812255859375 9.861603736877441
		endloop
	endfacet
	facet normal -0.1727429062177267 0.1717169433262307 0.9698830752859593
		outer loop
			vertex -110.48631286621094 873.3812255859375 9.861603736877441
			vertex -116.14852905273438 868.1203002929688 9.784565925598145
			vertex -116.10083770751953 867.494873046875 9.903791427612305
		endloop
	endfacet
	facet normal -0.13733334384151652 0.13802125432468326 0.9808617058606933
		outer loop
			vertex -110.48631286621094 873.3812255859375 9.861603736877441
			vertex -116.10083770751953 867.494873046875 9.903791427612305
			vertex -110.48631286621094 872.8364868164062 9.93825626373291
		endloop
	endfacet
	facet normal -0.10473314638729161 0.10370244630622653 0.9890787484714868
		outer loop
			vertex -110.48631286621094 872.8364868164062 9.93825626373291
			vertex -116.10083770751953 867.494873046875 9.903791427612305
			vertex -116.07203674316406 866.8372802734375 9.975788116455078
		endloop
	endfacet
	facet normal -0.0826319249590746 0.08314969549718727 0.9931052779621519
		outer loop
			vertex -110.48631286621094 872.8364868164062 9.93825626373291
			vertex -116.07203674316406 866.8372802734375 9.975788116455078
			vertex -110.48631286621094 872.284912109375 9.984437942504883
		endloop
	endfacet
	facet normal -0.03537428952220158 0.03468512829730664 0.9987720468233975
		outer loop
			vertex -110.48631286621094 872.284912109375 9.984437942504883
			vertex -116.07203674316406 866.8372802734375 9.975788116455078
			vertex -116.06240844726562 866.15380859375 9.99986457824707
		endloop
	endfacet
	facet normal -0.027772846621613296 0.027772941519013713 0.9992283686474849
		outer loop
			vertex -110.48631286621094 872.284912109375 9.984437942504883
			vertex -116.06240844726562 866.15380859375 9.99986457824707
			vertex -110.48631286621094 871.7299194335938 9.999863624572754
		endloop
	endfacet
	facet normal 1.7102904757343612e-7 1.2183014895756324e-7 0.999999999999978
		outer loop
			vertex -116.06241607666016 693.9400024414062 9.999885559082031
			vertex -110.48632049560547 693.9400024414062 9.999884605407715
			vertex -116.06240844726562 866.15380859375 9.99986457824707
		endloop
	endfacet
	facet normal 5.30195882930995e-8 1.1800913635249582e-7 0.9999999999999917
		outer loop
			vertex -116.06240844726562 866.15380859375 9.99986457824707
			vertex -110.48632049560547 693.9400024414062 9.999884605407715
			vertex -110.48631286621094 871.7299194335938 9.999863624572754
		endloop
	endfacet
	facet normal 1.705933268205122e-7 -0.07133577747692306 0.997452358186462
		outer loop
			vertex -110.48632049560547 693.9400024414062 9.999884605407715
			vertex -116.06241607666016 693.9400024414062 9.999885559082031
			vertex -110.48632049560547 693.2283935546875 9.948991775512695
		endloop
	endfacet
	facet normal 1.699728503909327e-7 -0.07133578231417177 0.9974523578405119
		outer loop
			vertex -110.48632049560547 693.2283935546875 9.948991775512695
			vertex -116.06241607666016 693.9400024414062 9.999885559082031
			vertex -116.08277130126953 693.2283935546875 9.948992729187012
		endloop
	endfacet
	facet normal 1.665126117544209e-7 -0.21256639447730932 0.9771466256089151
		outer loop
			vertex -110.48632049560547 693.2283935546875 9.948991775512695
			vertex -116.08277130126953 693.2283935546875 9.948992729187012
			vertex -110.48632049560547 692.5313110351562 9.79734992980957
		endloop
	endfacet
	facet normal 1.647270934955623e-7 -0.21256640816443156 0.977146622631448
		outer loop
			vertex -110.48632049560547 692.5313110351562 9.79734992980957
			vertex -116.08277130126953 693.2283935546875 9.948992729187012
			vertex -116.1434326171875 692.5313110351562 9.797350883483887
		endloop
	endfacet
	facet normal 1.579502514807118e-7 -0.3494715065346287 0.9369469921614522
		outer loop
			vertex -110.48632049560547 692.5313110351562 9.79734992980957
			vertex -116.1434326171875 692.5313110351562 9.797350883483887
			vertex -110.48632049560547 691.8629150390625 9.54804515838623
		endloop
	endfacet
	facet normal 1.552141288596609e-7 -0.34947152686411215 0.9369469845787658
		outer loop
			vertex -110.48632049560547 691.8629150390625 9.54804515838623
			vertex -116.1434326171875 692.5313110351562 9.797350883483887
			vertex -116.24315643310547 691.8629150390625 9.548046112060547
		endloop
	endfacet
	facet normal 1.4539746622282457e-7 -0.47923084234019375 0.877688896904756
		outer loop
			vertex -110.48632049560547 691.8629150390625 9.54804515838623
			vertex -116.24315643310547 691.8629150390625 9.548046112060547
			vertex -110.48632049560547 691.2367553710938 9.20615291595459
		endloop
	endfacet
	facet normal 1.4202361273322038e-7 -0.479230866235132 0.8776888838577739
		outer loop
			vertex -110.48632049560547 691.2367553710938 9.20615291595459
			vertex -116.24315643310547 691.8629150390625 9.548046112060547
			vertex -116.37991333007812 691.2367553710938 9.206153869628906
		endloop
	endfacet
	facet normal 1.2954045159466726e-7 -0.5992733850065193 0.8005444460008524
		outer loop
			vertex -110.48632049560547 691.2367553710938 9.20615291595459
			vertex -116.37991333007812 691.2367553710938 9.206153869628906
			vertex -110.48632049560547 690.6656494140625 8.778633117675781
		endloop
	endfacet
	facet normal 1.2588775868336375e-7 -0.5992734091637502 0.8005444279171773
		outer loop
			vertex -110.48632049560547 690.6656494140625 8.778633117675781
			vertex -116.37991333007812 691.2367553710938 9.206153869628906
			vertex -116.55091857910156 690.6656494140625 8.778634071350098
		endloop
	endfacet
	facet normal 1.1118897202296694e-7 -0.7071415392877798 0.7070720213766751
		outer loop
			vertex -110.48632049560547 690.6656494140625 8.778633117675781
			vertex -116.55091857910156 690.6656494140625 8.778634071350098
			vertex -110.48632049560547 690.1612548828125 8.274188995361328
		endloop
	endfacet
	facet normal 1.0760873003781881e-7 -0.7071415608092 0.7070719998531386
		outer loop
			vertex -110.48632049560547 690.1612548828125 8.274188995361328
			vertex -116.55091857910156 690.6656494140625 8.778634071350098
			vertex -116.75269317626953 690.1612548828125 8.274189949035645
		endloop
	endfacet
	facet normal 9.120788077135689e-8 -0.80052016147991 0.599305824320247
		outer loop
			vertex -110.48632049560547 690.1612548828125 8.274188995361328
			vertex -116.75269317626953 690.1612548828125 8.274189949035645
			vertex -110.48632049560547 689.7337036132812 7.703089237213135
		endloop
	endfacet
	facet normal 1.3199970379069382e-7 -0.8005199467474112 0.5993061111481384
		outer loop
			vertex -110.48632049560547 689.7337036132812 7.703089237213135
			vertex -116.75269317626953 690.1612548828125 8.274189949035645
			vertex -116.98114013671875 689.7337036132812 7.703090667724609
		endloop
	endfacet
	facet normal 1.0554847779249106e-7 -0.8776991612126153 0.47921204326129024
		outer loop
			vertex -110.48632049560547 689.7337036132812 7.703089237213135
			vertex -116.98114013671875 689.7337036132812 7.703090667724609
			vertex -110.48632049560547 689.391845703125 7.076960563659668
		endloop
	endfacet
	facet normal 6.775295058031008e-8 -0.8776993261110085 0.4792117412420914
		outer loop
			vertex -110.48632049560547 689.391845703125 7.076960563659668
			vertex -116.98114013671875 689.7337036132812 7.703090667724609
			vertex -117.2315902709961 689.391845703125 7.076961517333984
		endloop
	endfacet
	facet normal 4.941280115010797e-8 -0.9369389061028698 0.3494931848130309
		outer loop
			vertex -110.48632049560547 689.391845703125 7.076960563659668
			vertex -117.2315902709961 689.391845703125 7.076961517333984
			vertex -110.48632049560547 689.1425170898438 6.408547878265381
		endloop
	endfacet
	facet normal 7.129336404624863e-8 -0.9369388337988074 0.3494933786493328
		outer loop
			vertex -110.48632049560547 689.1425170898438 6.408547878265381
			vertex -117.2315902709961 689.391845703125 7.076961517333984
			vertex -117.49895477294922 689.1425170898438 6.4085493087768555
		endloop
	endfacet
	facet normal 4.336953846459632e-8 -0.9771381019303408 0.21260557320063125
		outer loop
			vertex -110.48632049560547 689.1425170898438 6.408547878265381
			vertex -117.49895477294922 689.1425170898438 6.4085493087768555
			vertex -110.48632049560547 688.9908447265625 5.711459636688232
		endloop
	endfacet
	facet normal 2.7807348868867614e-8 -0.9771381344535754 0.2126054237233509
		outer loop
			vertex -110.48632049560547 688.9908447265625 5.711459636688232
			vertex -117.49895477294922 689.1425170898438 6.4085493087768555
			vertex -117.77778625488281 688.9908447265625 5.711460590362549
		endloop
	endfacet
	facet normal 9.321464446752983e-9 -0.9974571524094754 0.07126871057610362
		outer loop
			vertex -110.48632049560547 688.9908447265625 5.711459636688232
			vertex -117.77778625488281 688.9908447265625 5.711460590362549
			vertex -110.48632049560547 688.9400024414062 4.999885082244873
		endloop
	endfacet
	facet normal 1.345690104880305e-8 -0.9974571493971041 0.07126875273640593
		outer loop
			vertex -110.48632049560547 688.9400024414062 4.999885082244873
			vertex -117.77778625488281 688.9908447265625 5.711460590362549
			vertex -118.06241607666016 688.9400024414062 4.999886512756348
		endloop
	endfacet
	facet normal -1 0 0
		outer loop
			vertex -116.8313217163086 708.6273803710938 -1.7727699279785156
			vertex -116.8313217163086 708.9400024414062 -1.800115942955017
			vertex -116.8313217163086 708.9400024414062 -3.0001158714294434
		endloop
	endfacet
	facet normal -1 0 0
		outer loop
			vertex -116.8313217163086 708.9400024414062 -3.0001158714294434
			vertex -116.8313217163086 708.9400024414062 -1.800115942955017
			vertex -116.8313217163086 709.2525634765625 -1.7727699279785156
		endloop
	endfacet
	facet normal -1 0 0
		outer loop
			vertex -116.8313217163086 708.9400024414062 -3.0001158714294434
			vertex -116.8313217163086 709.2525634765625 -1.7727699279785156
			vertex -116.8313217163086 709.4609375 -2.9545392990112305
		endloop
	endfacet
	facet normal -1 0 0
		outer loop
			vertex -116.8313217163086 709.4609375 -2.9545392990112305
			vertex -116.8313217163086 709.2525634765625 -1.7727699279785156
			vertex -116.8313217163086 709.5556030273438 -1.6915626525878906
		endloop
	endfacet
	facet normal -1 0 0
		outer loop
			vertex -116.8313217163086 709.4609375 -2.9545392990112305
			vertex -116.8313217163086 709.5556030273438 -1.6915626525878906
			vertex -116.8313217163086 709.966064453125 -2.8191938400268555
		endloop
	endfacet
	facet normal -1 0 0
		outer loop
			vertex -116.8313217163086 709.966064453125 -2.8191938400268555
			vertex -116.8313217163086 709.5556030273438 -1.6915626525878906
			vertex -116.8313217163086 709.8399658203125 -1.5589617490768433
		endloop
	endfacet
	facet normal -1 0 0
		outer loop
			vertex -116.8313217163086 709.966064453125 -2.8191938400268555
			vertex -116.8313217163086 709.8399658203125 -1.5589617490768433
			vertex -116.8313217163086 710.4400024414062 -2.5981922149658203
		endloop
	endfacet
	facet normal -1 0 0
		outer loop
			vertex -116.8313217163086 710.4400024414062 -2.5981922149658203
			vertex -116.8313217163086 709.8399658203125 -1.5589617490768433
			vertex -116.8313217163086 710.0969848632812 -1.3789960145950317
		endloop
	endfacet
	facet normal -1 0 0
		outer loop
			vertex -116.8313217163086 710.4400024414062 -2.5981922149658203
			vertex -116.8313217163086 710.0969848632812 -1.3789960145950317
			vertex -116.8313217163086 710.8683471679688 -2.2982492446899414
		endloop
	endfacet
	facet normal -1 0 0
		outer loop
			vertex -116.8313217163086 710.8683471679688 -2.2982492446899414
			vertex -116.8313217163086 710.0969848632812 -1.3789960145950317
			vertex -116.8313217163086 710.31884765625 -1.15713369846344
		endloop
	endfacet
	facet normal -1 0 0
		outer loop
			vertex -116.8313217163086 710.8683471679688 -2.2982492446899414
			vertex -116.8313217163086 710.31884765625 -1.15713369846344
			vertex -116.8313217163086 711.2380981445312 -1.9284788370132446
		endloop
	endfacet
	facet normal -1 0 0
		outer loop
			vertex -116.8313217163086 711.2380981445312 -1.9284788370132446
			vertex -116.8313217163086 710.31884765625 -1.15713369846344
			vertex -116.8313217163086 710.4988403320312 -0.900115966796875
		endloop
	endfacet
	facet normal -1 0 0
		outer loop
			vertex -116.8313217163086 711.2380981445312 -1.9284788370132446
			vertex -116.8313217163086 710.4988403320312 -0.900115966796875
			vertex -116.8313217163086 711.5380249023438 -1.500115990638733
		endloop
	endfacet
	facet normal -1 0 0
		outer loop
			vertex -116.8313217163086 711.5380249023438 -1.500115990638733
			vertex -116.8313217163086 710.4988403320312 -0.900115966796875
			vertex -116.8313217163086 710.6314086914062 -0.6157522201538086
		endloop
	endfacet
	facet normal -1 0 0
		outer loop
			vertex -116.8313217163086 711.5380249023438 -1.500115990638733
			vertex -116.8313217163086 710.6314086914062 -0.6157522201538086
			vertex -116.8313217163086 711.759033203125 -1.0261764526367188
		endloop
	endfacet
	facet normal -1 0 0
		outer loop
			vertex -116.8313217163086 711.759033203125 -1.0261764526367188
			vertex -116.8313217163086 710.6314086914062 -0.6157522201538086
			vertex -116.8313217163086 710.712646484375 -0.3126826882362366
		endloop
	endfacet
	facet normal -1 0 0
		outer loop
			vertex -116.8313217163086 711.759033203125 -1.0261764526367188
			vertex -116.8313217163086 710.712646484375 -0.3126826882362366
			vertex -116.8313217163086 711.8944091796875 -0.5210605263710022
		endloop
	endfacet
	facet normal -1 0 0
		outer loop
			vertex -116.8313217163086 711.8944091796875 -0.5210605263710022
			vertex -116.8313217163086 710.712646484375 -0.3126826882362366
			vertex -116.8313217163086 710.739990234375 -0.00011596654076129198
		endloop
	endfacet
	facet normal -1 0 0
		outer loop
			vertex -116.8313217163086 711.8944091796875 -0.5210605263710022
			vertex -116.8313217163086 710.739990234375 -0.00011596654076129198
			vertex -116.8313217163086 711.9400024414062 -0.00011596654076129198
		endloop
	endfacet
	facet normal -1 0 0
		outer loop
			vertex -116.8313217163086 711.9400024414062 -0.00011596654076129198
			vertex -116.8313217163086 710.739990234375 -0.00011596654076129198
			vertex -116.8313217163086 711.8944091796875 0.5208285450935364
		endloop
	endfacet
	facet normal -1 0 0
		outer loop
			vertex -116.8313217163086 711.8944091796875 0.5208285450935364
			vertex -116.8313217163086 710.739990234375 -0.00011596654076129198
			vertex -116.8313217163086 710.712646484375 0.3124507665634155
		endloop
	endfacet
	facet normal -1 0 0
		outer loop
			vertex -116.8313217163086 711.8944091796875 0.5208285450935364
			vertex -116.8313217163086 710.712646484375 0.3124507665634155
			vertex -116.8313217163086 711.759033203125 1.025944471359253
		endloop
	endfacet
	facet normal -1 0 0
		outer loop
			vertex -116.8313217163086 711.759033203125 1.025944471359253
			vertex -116.8313217163086 710.712646484375 0.3124507665634155
			vertex -116.8313217163086 710.6314086914062 0.6155202984809875
		endloop
	endfacet
	facet normal -1 0 0
		outer loop
			vertex -116.8313217163086 711.759033203125 1.025944471359253
			vertex -116.8313217163086 710.6314086914062 0.6155202984809875
			vertex -116.8313217163086 711.5380249023438 1.499884009361267
		endloop
	endfacet
	facet normal -1 0 0
		outer loop
			vertex -116.8313217163086 711.5380249023438 1.499884009361267
			vertex -116.8313217163086 710.6314086914062 0.6155202984809875
			vertex -116.8313217163086 710.4988403320312 0.899884045124054
		endloop
	endfacet
	facet normal -1 0 0
		outer loop
			vertex -116.8313217163086 711.5380249023438 1.499884009361267
			vertex -116.8313217163086 710.4988403320312 0.899884045124054
			vertex -116.8313217163086 711.2380981445312 1.9282468557357788
		endloop
	endfacet
	facet normal -1 0 0
		outer loop
			vertex -116.8313217163086 711.2380981445312 1.9282468557357788
			vertex -116.8313217163086 710.4988403320312 0.899884045124054
			vertex -116.8313217163086 710.31884765625 1.1569017171859741
		endloop
	endfacet
	facet normal -1 0 0
		outer loop
			vertex -116.8313217163086 711.2380981445312 1.9282468557357788
			vertex -116.8313217163086 710.31884765625 1.1569017171859741
			vertex -116.8313217163086 710.8683471679688 2.2980172634124756
		endloop
	endfacet
	facet normal -1 0 0
		outer loop
			vertex -116.8313217163086 710.8683471679688 2.2980172634124756
			vertex -116.8313217163086 710.31884765625 1.1569017171859741
			vertex -116.8313217163086 710.0969848632812 1.378764033317566
		endloop
	endfacet
	facet normal -1 0 0
		outer loop
			vertex -116.8313217163086 710.8683471679688 2.2980172634124756
			vertex -116.8313217163086 710.0969848632812 1.378764033317566
			vertex -116.8313217163086 710.4400024414062 2.5979602336883545
		endloop
	endfacet
	facet normal -1 0 0
		outer loop
			vertex -116.8313217163086 710.4400024414062 2.5979602336883545
			vertex -116.8313217163086 710.0969848632812 1.378764033317566
			vertex -116.8313217163086 709.8399658203125 1.5587297677993774
		endloop
	endfacet
	facet normal -1 0 0
		outer loop
			vertex -116.8313217163086 710.4400024414062 2.5979602336883545
			vertex -116.8313217163086 709.8399658203125 1.5587297677993774
			vertex -116.8313217163086 709.966064453125 2.8189618587493896
		endloop
	endfacet
	facet normal -1 0 0
		outer loop
			vertex -116.8313217163086 709.966064453125 2.8189618587493896
			vertex -116.8313217163086 709.8399658203125 1.5587297677993774
			vertex -116.8313217163086 709.5556030273438 1.6913307905197144
		endloop
	endfacet
	facet normal -1 0 0
		outer loop
			vertex -116.8313217163086 709.966064453125 2.8189618587493896
			vertex -116.8313217163086 709.5556030273438 1.6913307905197144
			vertex -116.8313217163086 709.4609375 2.9543073177337646
		endloop
	endfacet
	facet normal -1 0 0
		outer loop
			vertex -116.8313217163086 709.4609375 2.9543073177337646
			vertex -116.8313217163086 709.5556030273438 1.6913307905197144
			vertex -116.8313217163086 709.2525634765625 1.7725379467010498
		endloop
	endfacet
	facet normal -1 0 0
		outer loop
			vertex -116.8313217163086 709.4609375 2.9543073177337646
			vertex -116.8313217163086 709.2525634765625 1.7725379467010498
			vertex -116.8313217163086 708.9400024414062 2.9998841285705566
		endloop
	endfacet
	facet normal -1 0 0
		outer loop
			vertex -116.8313217163086 708.9400024414062 2.9998841285705566
			vertex -116.8313217163086 709.2525634765625 1.7725379467010498
			vertex -116.8313217163086 708.9400024414062 1.7998840808868408
		endloop
	endfacet
	facet normal -1 0 0
		outer loop
			vertex -116.8313217163086 708.9400024414062 2.9998841285705566
			vertex -116.8313217163086 708.9400024414062 1.7998840808868408
			vertex -116.8313217163086 708.4190063476562 2.9543073177337646
		endloop
	endfacet
	facet normal -1 0 0
		outer loop
			vertex -116.8313217163086 708.4190063476562 2.9543073177337646
			vertex -116.8313217163086 708.9400024414062 1.7998840808868408
			vertex -116.8313217163086 708.6273803710938 1.7725379467010498
		endloop
	endfacet
	facet normal -1 0 0
		outer loop
			vertex -116.8313217163086 708.4190063476562 2.9543073177337646
			vertex -116.8313217163086 708.6273803710938 1.7725379467010498
			vertex -116.8313217163086 708.3243408203125 1.6913307905197144
		endloop
	endfacet
	facet normal -1 0 0
		outer loop
			vertex -116.8313217163086 708.4190063476562 2.9543073177337646
			vertex -116.8313217163086 708.3243408203125 1.6913307905197144
			vertex -116.8313217163086 707.9139404296875 2.8189618587493896
		endloop
	endfacet
	facet normal -1 0 0
		outer loop
			vertex -116.8313217163086 707.9139404296875 2.8189618587493896
			vertex -116.8313217163086 708.3243408203125 1.6913307905197144
			vertex -116.8313217163086 708.0399780273438 1.5587297677993774
		endloop
	endfacet
	facet normal -1 0 0
		outer loop
			vertex -116.8313217163086 707.9139404296875 2.8189618587493896
			vertex -116.8313217163086 708.0399780273438 1.5587297677993774
			vertex -116.8313217163086 707.4400024414062 2.5979602336883545
		endloop
	endfacet
	facet normal -1 0 0
		outer loop
			vertex -116.8313217163086 707.4400024414062 2.5979602336883545
			vertex -116.8313217163086 708.0399780273438 1.5587297677993774
			vertex -116.8313217163086 707.782958984375 1.378764033317566
		endloop
	endfacet
	facet normal -1 0 0
		outer loop
			vertex -116.8313217163086 707.4400024414062 2.5979602336883545
			vertex -116.8313217163086 707.782958984375 1.378764033317566
			vertex -116.8313217163086 707.0115966796875 2.2980172634124756
		endloop
	endfacet
	facet normal -1 0 0
		outer loop
			vertex -116.8313217163086 707.0115966796875 2.2980172634124756
			vertex -116.8313217163086 707.782958984375 1.378764033317566
			vertex -116.8313217163086 707.5610961914062 1.1569017171859741
		endloop
	endfacet
	facet normal -1 0 0
		outer loop
			vertex -116.8313217163086 707.0115966796875 2.2980172634124756
			vertex -116.8313217163086 707.5610961914062 1.1569017171859741
			vertex -116.8313217163086 706.641845703125 1.9282468557357788
		endloop
	endfacet
	facet normal -1 0 0
		outer loop
			vertex -116.8313217163086 706.641845703125 1.9282468557357788
			vertex -116.8313217163086 707.5610961914062 1.1569017171859741
			vertex -116.8313217163086 707.381103515625 0.899884045124054
		endloop
	endfacet
	facet normal -1 0 0
		outer loop
			vertex -116.8313217163086 706.641845703125 1.9282468557357788
			vertex -116.8313217163086 707.381103515625 0.899884045124054
			vertex -116.8313217163086 706.3419189453125 1.499884009361267
		endloop
	endfacet
	facet normal -1 0 0
		outer loop
			vertex -116.8313217163086 706.3419189453125 1.499884009361267
			vertex -116.8313217163086 707.381103515625 0.899884045124054
			vertex -116.8313217163086 707.24853515625 0.6155202984809875
		endloop
	endfacet
	facet normal -1 0 0
		outer loop
			vertex -116.8313217163086 706.3419189453125 1.499884009361267
			vertex -116.8313217163086 707.24853515625 0.6155202984809875
			vertex -116.8313217163086 706.1209106445312 1.025944471359253
		endloop
	endfacet
	facet normal -1 0 0
		outer loop
			vertex -116.8313217163086 706.1209106445312 1.025944471359253
			vertex -116.8313217163086 707.24853515625 0.6155202984809875
			vertex -116.8313217163086 707.1672973632812 0.3124507665634155
		endloop
	endfacet
	facet normal -1 0 0
		outer loop
			vertex -116.8313217163086 706.1209106445312 1.025944471359253
			vertex -116.8313217163086 707.1672973632812 0.3124507665634155
			vertex -116.8313217163086 705.9855346679688 0.5208285450935364
		endloop
	endfacet
	facet normal -1 0 0
		outer loop
			vertex -116.8313217163086 705.9855346679688 0.5208285450935364
			vertex -116.8313217163086 707.1672973632812 0.3124507665634155
			vertex -116.8313217163086 707.1399536132812 -0.00011596654076129198
		endloop
	endfacet
	facet normal -1 0 0
		outer loop
			vertex -116.8313217163086 705.9855346679688 0.5208285450935364
			vertex -116.8313217163086 707.1399536132812 -0.00011596654076129198
			vertex -116.8313217163086 705.9400024414062 -0.00011596654076129198
		endloop
	endfacet
	facet normal -1 0 0
		outer loop
			vertex -116.8313217163086 705.9400024414062 -0.00011596654076129198
			vertex -116.8313217163086 707.1399536132812 -0.00011596654076129198
			vertex -116.8313217163086 705.9855346679688 -0.5210605263710022
		endloop
	endfacet
	facet normal -1 0 0
		outer loop
			vertex -116.8313217163086 705.9855346679688 -0.5210605263710022
			vertex -116.8313217163086 707.1399536132812 -0.00011596654076129198
			vertex -116.8313217163086 707.1672973632812 -0.3126826882362366
		endloop
	endfacet
	facet normal -1 0 0
		outer loop
			vertex -116.8313217163086 705.9855346679688 -0.5210605263710022
			vertex -116.8313217163086 707.1672973632812 -0.3126826882362366
			vertex -116.8313217163086 706.1209106445312 -1.0261764526367188
		endloop
	endfacet
	facet normal -1 0 0
		outer loop
			vertex -116.8313217163086 706.1209106445312 -1.0261764526367188
			vertex -116.8313217163086 707.1672973632812 -0.3126826882362366
			vertex -116.8313217163086 707.24853515625 -0.6157522201538086
		endloop
	endfacet
	facet normal -1 0 0
		outer loop
			vertex -116.8313217163086 706.1209106445312 -1.0261764526367188
			vertex -116.8313217163086 707.24853515625 -0.6157522201538086
			vertex -116.8313217163086 706.3419189453125 -1.500115990638733
		endloop
	endfacet
	facet normal -1 0 0
		outer loop
			vertex -116.8313217163086 706.3419189453125 -1.500115990638733
			vertex -116.8313217163086 707.24853515625 -0.6157522201538086
			vertex -116.8313217163086 707.381103515625 -0.900115966796875
		endloop
	endfacet
	facet normal -1 0 0
		outer loop
			vertex -116.8313217163086 706.3419189453125 -1.500115990638733
			vertex -116.8313217163086 707.381103515625 -0.900115966796875
			vertex -116.8313217163086 706.641845703125 -1.9284788370132446
		endloop
	endfacet
	facet normal -1 0 0
		outer loop
			vertex -116.8313217163086 706.641845703125 -1.9284788370132446
			vertex -116.8313217163086 707.381103515625 -0.900115966796875
			vertex -116.8313217163086 707.5610961914062 -1.15713369846344
		endloop
	endfacet
	facet normal -1 0 0
		outer loop
			vertex -116.8313217163086 706.641845703125 -1.9284788370132446
			vertex -116.8313217163086 707.5610961914062 -1.15713369846344
			vertex -116.8313217163086 707.0115966796875 -2.2982492446899414
		endloop
	endfacet
	facet normal -1 0 0
		outer loop
			vertex -116.8313217163086 707.0115966796875 -2.2982492446899414
			vertex -116.8313217163086 707.5610961914062 -1.15713369846344
			vertex -116.8313217163086 707.782958984375 -1.3789960145950317
		endloop
	endfacet
	facet normal -1 0 0
		outer loop
			vertex -116.8313217163086 707.0115966796875 -2.2982492446899414
			vertex -116.8313217163086 707.782958984375 -1.3789960145950317
			vertex -116.8313217163086 707.4400024414062 -2.5981922149658203
		endloop
	endfacet
	facet normal -1 0 0
		outer loop
			vertex -116.8313217163086 707.4400024414062 -2.5981922149658203
			vertex -116.8313217163086 707.782958984375 -1.3789960145950317
			vertex -116.8313217163086 708.0399780273438 -1.5589617490768433
		endloop
	endfacet
	facet normal -1 0 0
		outer loop
			vertex -116.8313217163086 707.4400024414062 -2.5981922149658203
			vertex -116.8313217163086 708.0399780273438 -1.5589617490768433
			vertex -116.8313217163086 707.9139404296875 -2.8191938400268555
		endloop
	endfacet
	facet normal -1 0 0
		outer loop
			vertex -116.8313217163086 707.9139404296875 -2.8191938400268555
			vertex -116.8313217163086 708.0399780273438 -1.5589617490768433
			vertex -116.8313217163086 708.3243408203125 -1.6915626525878906
		endloop
	endfacet
	facet normal -1 0 0
		outer loop
			vertex -116.8313217163086 707.9139404296875 -2.8191938400268555
			vertex -116.8313217163086 708.3243408203125 -1.6915626525878906
			vertex -116.8313217163086 708.4190063476562 -2.9545392990112305
		endloop
	endfacet
	facet normal -1 0 0
		outer loop
			vertex -116.8313217163086 708.4190063476562 -2.9545392990112305
			vertex -116.8313217163086 708.3243408203125 -1.6915626525878906
			vertex -116.8313217163086 708.6273803710938 -1.7727699279785156
		endloop
	endfacet
	facet normal -1 0 0
		outer loop
			vertex -116.8313217163086 708.4190063476562 -2.9545392990112305
			vertex -116.8313217163086 708.6273803710938 -1.7727699279785156
			vertex -116.8313217163086 708.9400024414062 -3.0001158714294434
		endloop
	endfacet
	facet normal -1 0 0
		outer loop
			vertex -116.83131408691406 861.1433715820312 -1.7727882862091064
			vertex -116.83131408691406 861.4559936523438 -1.800134301185608
			vertex -116.83131408691406 861.4559936523438 -3.0001344680786133
		endloop
	endfacet
	facet normal -1 0 0
		outer loop
			vertex -116.83131408691406 861.4559936523438 -3.0001344680786133
			vertex -116.83131408691406 861.4559936523438 -1.800134301185608
			vertex -116.83131408691406 861.7685546875 -1.7727882862091064
		endloop
	endfacet
	facet normal -1 0 0
		outer loop
			vertex -116.83131408691406 861.4559936523438 -3.0001344680786133
			vertex -116.83131408691406 861.7685546875 -1.7727882862091064
			vertex -116.83131408691406 861.9769287109375 -2.9545576572418213
		endloop
	endfacet
	facet normal -1 0 0
		outer loop
			vertex -116.83131408691406 861.9769287109375 -2.9545576572418213
			vertex -116.83131408691406 861.7685546875 -1.7727882862091064
			vertex -116.83131408691406 862.0715942382812 -1.6915810108184814
		endloop
	endfacet
	facet normal -1 0 0
		outer loop
			vertex -116.83131408691406 861.9769287109375 -2.9545576572418213
			vertex -116.83131408691406 862.0715942382812 -1.6915810108184814
			vertex -116.83131408691406 862.4819946289062 -2.8192121982574463
		endloop
	endfacet
	facet normal -1 0 0
		outer loop
			vertex -116.83131408691406 862.4819946289062 -2.8192121982574463
			vertex -116.83131408691406 862.0715942382812 -1.6915810108184814
			vertex -116.83131408691406 862.35595703125 -1.558980107307434
		endloop
	endfacet
	facet normal -1 0 0
		outer loop
			vertex -116.83131408691406 862.4819946289062 -2.8192121982574463
			vertex -116.83131408691406 862.35595703125 -1.558980107307434
			vertex -116.83131408691406 862.9559936523438 -2.598210573196411
		endloop
	endfacet
	facet normal -1 0 0
		outer loop
			vertex -116.83131408691406 862.9559936523438 -2.598210573196411
			vertex -116.83131408691406 862.35595703125 -1.558980107307434
			vertex -116.83131408691406 862.6129760742188 -1.3790143728256226
		endloop
	endfacet
	facet normal -1 0 0
		outer loop
			vertex -116.83131408691406 862.9559936523438 -2.598210573196411
			vertex -116.83131408691406 862.6129760742188 -1.3790143728256226
			vertex -116.83131408691406 863.3843383789062 -2.2982676029205322
		endloop
	endfacet
	facet normal -1 0 0
		outer loop
			vertex -116.83131408691406 863.3843383789062 -2.2982676029205322
			vertex -116.83131408691406 862.6129760742188 -1.3790143728256226
			vertex -116.83131408691406 862.8348388671875 -1.1571520566940308
		endloop
	endfacet
	facet normal -1 0 0
		outer loop
			vertex -116.83131408691406 863.3843383789062 -2.2982676029205322
			vertex -116.83131408691406 862.8348388671875 -1.1571520566940308
			vertex -116.83131408691406 863.7540893554688 -1.9284971952438354
		endloop
	endfacet
	facet normal -1 0 0
		outer loop
			vertex -116.83131408691406 863.7540893554688 -1.9284971952438354
			vertex -116.83131408691406 862.8348388671875 -1.1571520566940308
			vertex -116.83131408691406 863.0148315429688 -0.9001343250274658
		endloop
	endfacet
	facet normal -1 0 0
		outer loop
			vertex -116.83131408691406 863.7540893554688 -1.9284971952438354
			vertex -116.83131408691406 863.0148315429688 -0.9001343250274658
			vertex -116.83131408691406 864.0540161132812 -1.5001343488693237
		endloop
	endfacet
	facet normal -1 0 0
		outer loop
			vertex -116.83131408691406 864.0540161132812 -1.5001343488693237
			vertex -116.83131408691406 863.0148315429688 -0.9001343250274658
			vertex -116.83131408691406 863.1473999023438 -0.6157706379890442
		endloop
	endfacet
	facet normal -1 0 0
		outer loop
			vertex -116.83131408691406 864.0540161132812 -1.5001343488693237
			vertex -116.83131408691406 863.1473999023438 -0.6157706379890442
			vertex -116.83131408691406 864.2750244140625 -1.0261948108673096
		endloop
	endfacet
	facet normal -1 0 0
		outer loop
			vertex -116.83131408691406 864.2750244140625 -1.0261948108673096
			vertex -116.83131408691406 863.1473999023438 -0.6157706379890442
			vertex -116.83131408691406 863.2286376953125 -0.3127010762691498
		endloop
	endfacet
	facet normal -1 0 0
		outer loop
			vertex -116.83131408691406 864.2750244140625 -1.0261948108673096
			vertex -116.83131408691406 863.2286376953125 -0.3127010762691498
			vertex -116.83131408691406 864.410400390625 -0.521078884601593
		endloop
	endfacet
	facet normal -1 0 0
		outer loop
			vertex -116.83131408691406 864.410400390625 -0.521078884601593
			vertex -116.83131408691406 863.2286376953125 -0.3127010762691498
			vertex -116.83131408691406 863.2559814453125 -0.00013435271102935076
		endloop
	endfacet
	facet normal -1 0 0
		outer loop
			vertex -116.83131408691406 864.410400390625 -0.521078884601593
			vertex -116.83131408691406 863.2559814453125 -0.00013435271102935076
			vertex -116.83131408691406 864.4559936523438 -0.00013435271102935076
		endloop
	endfacet
	facet normal -1 0 0
		outer loop
			vertex -116.83131408691406 864.4559936523438 -0.00013435271102935076
			vertex -116.83131408691406 863.2559814453125 -0.00013435271102935076
			vertex -116.83131408691406 864.410400390625 0.5208101868629456
		endloop
	endfacet
	facet normal -1 0 0
		outer loop
			vertex -116.83131408691406 864.410400390625 0.5208101868629456
			vertex -116.83131408691406 863.2559814453125 -0.00013435271102935076
			vertex -116.83131408691406 863.2286376953125 0.3124323785305023
		endloop
	endfacet
	facet normal -1 0 0
		outer loop
			vertex -116.83131408691406 864.410400390625 0.5208101868629456
			vertex -116.83131408691406 863.2286376953125 0.3124323785305023
			vertex -116.83131408691406 864.2750244140625 1.025926113128662
		endloop
	endfacet
	facet normal -1 0 0
		outer loop
			vertex -116.83131408691406 864.2750244140625 1.025926113128662
			vertex -116.83131408691406 863.2286376953125 0.3124323785305023
			vertex -116.83131408691406 863.1473999023438 0.615501880645752
		endloop
	endfacet
	facet normal -1 0 0
		outer loop
			vertex -116.83131408691406 864.2750244140625 1.025926113128662
			vertex -116.83131408691406 863.1473999023438 0.615501880645752
			vertex -116.83131408691406 864.0540161132812 1.4998656511306763
		endloop
	endfacet
	facet normal -1 0 0
		outer loop
			vertex -116.83131408691406 864.0540161132812 1.4998656511306763
			vertex -116.83131408691406 863.1473999023438 0.615501880645752
			vertex -116.83131408691406 863.0148315429688 0.8998656272888184
		endloop
	endfacet
	facet normal -1 0 0
		outer loop
			vertex -116.83131408691406 864.0540161132812 1.4998656511306763
			vertex -116.83131408691406 863.0148315429688 0.8998656272888184
			vertex -116.83131408691406 863.7540893554688 1.928228497505188
		endloop
	endfacet
	facet normal -1 0 0
		outer loop
			vertex -116.83131408691406 863.7540893554688 1.928228497505188
			vertex -116.83131408691406 863.0148315429688 0.8998656272888184
			vertex -116.83131408691406 862.8348388671875 1.1568833589553833
		endloop
	endfacet
	facet normal -1 0 0
		outer loop
			vertex -116.83131408691406 863.7540893554688 1.928228497505188
			vertex -116.83131408691406 862.8348388671875 1.1568833589553833
			vertex -116.83131408691406 863.3843383789062 2.2979989051818848
		endloop
	endfacet
	facet normal -1 0 0
		outer loop
			vertex -116.83131408691406 863.3843383789062 2.2979989051818848
			vertex -116.83131408691406 862.8348388671875 1.1568833589553833
			vertex -116.83131408691406 862.6129760742188 1.378745675086975
		endloop
	endfacet
	facet normal -1 0 0
		outer loop
			vertex -116.83131408691406 863.3843383789062 2.2979989051818848
			vertex -116.83131408691406 862.6129760742188 1.378745675086975
			vertex -116.83131408691406 862.9559936523438 2.5979418754577637
		endloop
	endfacet
	facet normal -1 0 0
		outer loop
			vertex -116.83131408691406 862.9559936523438 2.5979418754577637
			vertex -116.83131408691406 862.6129760742188 1.378745675086975
			vertex -116.83131408691406 862.35595703125 1.5587114095687866
		endloop
	endfacet
	facet normal -1 0 0
		outer loop
			vertex -116.83131408691406 862.9559936523438 2.5979418754577637
			vertex -116.83131408691406 862.35595703125 1.5587114095687866
			vertex -116.83131408691406 862.4819946289062 2.818943500518799
		endloop
	endfacet
	facet normal -1 0 0
		outer loop
			vertex -116.83131408691406 862.4819946289062 2.818943500518799
			vertex -116.83131408691406 862.35595703125 1.5587114095687866
			vertex -116.83131408691406 862.0715942382812 1.691312313079834
		endloop
	endfacet
	facet normal -1 0 0
		outer loop
			vertex -116.83131408691406 862.4819946289062 2.818943500518799
			vertex -116.83131408691406 862.0715942382812 1.691312313079834
			vertex -116.83131408691406 861.9769287109375 2.954288959503174
		endloop
	endfacet
	facet normal -1 0 0
		outer loop
			vertex -116.83131408691406 861.9769287109375 2.954288959503174
			vertex -116.83131408691406 862.0715942382812 1.691312313079834
			vertex -116.83131408691406 861.7685546875 1.772519588470459
		endloop
	endfacet
	facet normal -1 0 0
		outer loop
			vertex -116.83131408691406 861.9769287109375 2.954288959503174
			vertex -116.83131408691406 861.7685546875 1.772519588470459
			vertex -116.83131408691406 861.4559936523438 2.9998655319213867
		endloop
	endfacet
	facet normal -1 0 0
		outer loop
			vertex -116.83131408691406 861.4559936523438 2.9998655319213867
			vertex -116.83131408691406 861.7685546875 1.772519588470459
			vertex -116.83131408691406 861.4559936523438 1.7998656034469604
		endloop
	endfacet
	facet normal -1 0 0
		outer loop
			vertex -116.83131408691406 861.4559936523438 2.9998655319213867
			vertex -116.83131408691406 861.4559936523438 1.7998656034469604
			vertex -116.83131408691406 860.9349975585938 2.954288959503174
		endloop
	endfacet
	facet normal -1 0 0
		outer loop
			vertex -116.83131408691406 860.9349975585938 2.954288959503174
			vertex -116.83131408691406 861.4559936523438 1.7998656034469604
			vertex -116.83131408691406 861.1433715820312 1.772519588470459
		endloop
	endfacet
	facet normal -1 0 0
		outer loop
			vertex -116.83131408691406 860.9349975585938 2.954288959503174
			vertex -116.83131408691406 861.1433715820312 1.772519588470459
			vertex -116.83131408691406 860.84033203125 1.691312313079834
		endloop
	endfacet
	facet normal -1 0 0
		outer loop
			vertex -116.83131408691406 860.9349975585938 2.954288959503174
			vertex -116.83131408691406 860.84033203125 1.691312313079834
			vertex -116.83131408691406 860.429931640625 2.818943500518799
		endloop
	endfacet
	facet normal -1 0 0
		outer loop
			vertex -116.83131408691406 860.429931640625 2.818943500518799
			vertex -116.83131408691406 860.84033203125 1.691312313079834
			vertex -116.83131408691406 860.5559692382812 1.5587114095687866
		endloop
	endfacet
	facet normal -1 0 0
		outer loop
			vertex -116.83131408691406 860.429931640625 2.818943500518799
			vertex -116.83131408691406 860.5559692382812 1.5587114095687866
			vertex -116.83131408691406 859.9559936523438 2.5979418754577637
		endloop
	endfacet
	facet normal -1 0 0
		outer loop
			vertex -116.83131408691406 859.9559936523438 2.5979418754577637
			vertex -116.83131408691406 860.5559692382812 1.5587114095687866
			vertex -116.83131408691406 860.2989501953125 1.378745675086975
		endloop
	endfacet
	facet normal -1 0 0
		outer loop
			vertex -116.83131408691406 859.9559936523438 2.5979418754577637
			vertex -116.83131408691406 860.2989501953125 1.378745675086975
			vertex -116.83131408691406 859.527587890625 2.2979989051818848
		endloop
	endfacet
	facet normal -1 0 0
		outer loop
			vertex -116.83131408691406 859.527587890625 2.2979989051818848
			vertex -116.83131408691406 860.2989501953125 1.378745675086975
			vertex -116.83131408691406 860.0770874023438 1.1568833589553833
		endloop
	endfacet
	facet normal -1 0 0
		outer loop
			vertex -116.83131408691406 859.527587890625 2.2979989051818848
			vertex -116.83131408691406 860.0770874023438 1.1568833589553833
			vertex -116.83131408691406 859.1578369140625 1.928228497505188
		endloop
	endfacet
	facet normal -1 0 0
		outer loop
			vertex -116.83131408691406 859.1578369140625 1.928228497505188
			vertex -116.83131408691406 860.0770874023438 1.1568833589553833
			vertex -116.83131408691406 859.8970947265625 0.8998656272888184
		endloop
	endfacet
	facet normal -1 0 0
		outer loop
			vertex -116.83131408691406 859.1578369140625 1.928228497505188
			vertex -116.83131408691406 859.8970947265625 0.8998656272888184
			vertex -116.83131408691406 858.85791015625 1.4998656511306763
		endloop
	endfacet
	facet normal -1 0 0
		outer loop
			vertex -116.83131408691406 858.85791015625 1.4998656511306763
			vertex -116.83131408691406 859.8970947265625 0.8998656272888184
			vertex -116.83131408691406 859.7645263671875 0.615501880645752
		endloop
	endfacet
	facet normal -1 0 0
		outer loop
			vertex -116.83131408691406 858.85791015625 1.4998656511306763
			vertex -116.83131408691406 859.7645263671875 0.615501880645752
			vertex -116.83131408691406 858.6369018554688 1.025926113128662
		endloop
	endfacet
	facet normal -1 0 0
		outer loop
			vertex -116.83131408691406 858.6369018554688 1.025926113128662
			vertex -116.83131408691406 859.7645263671875 0.615501880645752
			vertex -116.83131408691406 859.6832885742188 0.3124323785305023
		endloop
	endfacet
	facet normal -1 0 0
		outer loop
			vertex -116.83131408691406 858.6369018554688 1.025926113128662
			vertex -116.83131408691406 859.6832885742188 0.3124323785305023
			vertex -116.83131408691406 858.5015258789062 0.5208101868629456
		endloop
	endfacet
	facet normal -1 0 0
		outer loop
			vertex -116.83131408691406 858.5015258789062 0.5208101868629456
			vertex -116.83131408691406 859.6832885742188 0.3124323785305023
			vertex -116.83131408691406 859.6559448242188 -0.00013435271102935076
		endloop
	endfacet
	facet normal -1 0 0
		outer loop
			vertex -116.83131408691406 858.5015258789062 0.5208101868629456
			vertex -116.83131408691406 859.6559448242188 -0.00013435271102935076
			vertex -116.83131408691406 858.4559936523438 -0.00013435271102935076
		endloop
	endfacet
	facet normal -1 0 0
		outer loop
			vertex -116.83131408691406 858.4559936523438 -0.00013435271102935076
			vertex -116.83131408691406 859.6559448242188 -0.00013435271102935076
			vertex -116.83131408691406 858.5015258789062 -0.521078884601593
		endloop
	endfacet
	facet normal -1 0 0
		outer loop
			vertex -116.83131408691406 858.5015258789062 -0.521078884601593
			vertex -116.83131408691406 859.6559448242188 -0.00013435271102935076
			vertex -116.83131408691406 859.6832885742188 -0.3127010762691498
		endloop
	endfacet
	facet normal -1 0 0
		outer loop
			vertex -116.83131408691406 858.5015258789062 -0.521078884601593
			vertex -116.83131408691406 859.6832885742188 -0.3127010762691498
			vertex -116.83131408691406 858.6369018554688 -1.0261948108673096
		endloop
	endfacet
	facet normal -1 0 0
		outer loop
			vertex -116.83131408691406 858.6369018554688 -1.0261948108673096
			vertex -116.83131408691406 859.6832885742188 -0.3127010762691498
			vertex -116.83131408691406 859.7645263671875 -0.6157706379890442
		endloop
	endfacet
	facet normal -1 0 0
		outer loop
			vertex -116.83131408691406 858.6369018554688 -1.0261948108673096
			vertex -116.83131408691406 859.7645263671875 -0.6157706379890442
			vertex -116.83131408691406 858.85791015625 -1.5001343488693237
		endloop
	endfacet
	facet normal -1 0 0
		outer loop
			vertex -116.83131408691406 858.85791015625 -1.5001343488693237
			vertex -116.83131408691406 859.7645263671875 -0.6157706379890442
			vertex -116.83131408691406 859.8970947265625 -0.9001343250274658
		endloop
	endfacet
	facet normal -1 0 0
		outer loop
			vertex -116.83131408691406 858.85791015625 -1.5001343488693237
			vertex -116.83131408691406 859.8970947265625 -0.9001343250274658
			vertex -116.83131408691406 859.1578369140625 -1.9284971952438354
		endloop
	endfacet
	facet normal -1 0 0
		outer loop
			vertex -116.83131408691406 859.1578369140625 -1.9284971952438354
			vertex -116.83131408691406 859.8970947265625 -0.9001343250274658
			vertex -116.83131408691406 860.0770874023438 -1.1571520566940308
		endloop
	endfacet
	facet normal -1 0 0
		outer loop
			vertex -116.83131408691406 859.1578369140625 -1.9284971952438354
			vertex -116.83131408691406 860.0770874023438 -1.1571520566940308
			vertex -116.83131408691406 859.527587890625 -2.2982676029205322
		endloop
	endfacet
	facet normal -1 0 0
		outer loop
			vertex -116.83131408691406 859.527587890625 -2.2982676029205322
			vertex -116.83131408691406 860.0770874023438 -1.1571520566940308
			vertex -116.83131408691406 860.2989501953125 -1.3790143728256226
		endloop
	endfacet
	facet normal -1 0 0
		outer loop
			vertex -116.83131408691406 859.527587890625 -2.2982676029205322
			vertex -116.83131408691406 860.2989501953125 -1.3790143728256226
			vertex -116.83131408691406 859.9559936523438 -2.598210573196411
		endloop
	endfacet
	facet normal -1 0 0
		outer loop
			vertex -116.83131408691406 859.9559936523438 -2.598210573196411
			vertex -116.83131408691406 860.2989501953125 -1.3790143728256226
			vertex -116.83131408691406 860.5559692382812 -1.558980107307434
		endloop
	endfacet
	facet normal -1 0 0
		outer loop
			vertex -116.83131408691406 859.9559936523438 -2.598210573196411
			vertex -116.83131408691406 860.5559692382812 -1.558980107307434
			vertex -116.83131408691406 860.429931640625 -2.8192121982574463
		endloop
	endfacet
	facet normal -1 0 0
		outer loop
			vertex -116.83131408691406 860.429931640625 -2.8192121982574463
			vertex -116.83131408691406 860.5559692382812 -1.558980107307434
			vertex -116.83131408691406 860.84033203125 -1.6915810108184814
		endloop
	endfacet
	facet normal -1 0 0
		outer loop
			vertex -116.83131408691406 860.429931640625 -2.8192121982574463
			vertex -116.83131408691406 860.84033203125 -1.6915810108184814
			vertex -116.83131408691406 860.9349975585938 -2.9545576572418213
		endloop
	endfacet
	facet normal -1 0 0
		outer loop
			vertex -116.83131408691406 860.9349975585938 -2.9545576572418213
			vertex -116.83131408691406 860.84033203125 -1.6915810108184814
			vertex -116.83131408691406 861.1433715820312 -1.7727882862091064
		endloop
	endfacet
	facet normal -1 0 0
		outer loop
			vertex -116.83131408691406 860.9349975585938 -2.9545576572418213
			vertex -116.83131408691406 861.1433715820312 -1.7727882862091064
			vertex -116.83131408691406 861.4559936523438 -3.0001344680786133
		endloop
	endfacet
	facet normal -0.006570918506781444 0.08714498161139683 -0.996173968345854
		outer loop
			vertex -116.83131408691406 860.9349975585938 2.954288959503174
			vertex -118.36885070800781 861.1429443359375 2.982621908187866
			vertex -116.83131408691406 861.4559936523438 2.9998655319213867
		endloop
	endfacet
	facet normal -3.1096347485047897e-7 0.05500091947499992 -0.9984863037902963
		outer loop
			vertex -116.83131408691406 861.4559936523438 2.9998655319213867
			vertex -118.36885070800781 861.1429443359375 2.982621908187866
			vertex -118.36241149902344 861.4559936523438 2.999866008758545
		endloop
	endfacet
	facet normal -3.110052038228124e-7 -0.0525119990262351 -0.9986202931836365
		outer loop
			vertex -116.83131408691406 861.4559936523438 2.9998655319213867
			vertex -118.36241149902344 861.4559936523438 2.999866008758545
			vertex -118.36859130859375 861.7694702148438 2.983381986618042
		endloop
	endfacet
	facet normal 0.003657459508234346 0.16150421141990182 -0.9868652454532896
		outer loop
			vertex -118.36885070800781 861.1429443359375 2.982621908187866
			vertex -116.83131408691406 860.9349975585938 2.954288959503174
			vertex -118.38778686523438 860.8341674804688 2.9320192337036133
		endloop
	endfacet
	facet normal -0.002947937953519619 0.25884192721675564 -0.965915196265458
		outer loop
			vertex -118.38778686523438 860.8341674804688 2.9320192337036133
			vertex -116.83131408691406 860.9349975585938 2.954288959503174
			vertex -116.83131408691406 860.429931640625 2.818943500518799
		endloop
	endfacet
	facet normal -0.0016785607432510483 0.2633865254196044 -0.9646889242969567
		outer loop
			vertex -118.38778686523438 860.8341674804688 2.9320192337036133
			vertex -116.83131408691406 860.429931640625 2.818943500518799
			vertex -118.41867065429688 860.5326538085938 2.8497514724731445
		endloop
	endfacet
	facet normal 0.0051219658698663986 0.35906050469459755 -0.9333002300621643
		outer loop
			vertex -118.41867065429688 860.5326538085938 2.8497514724731445
			vertex -116.83131408691406 860.429931640625 2.818943500518799
			vertex -118.46094512939453 860.2415161132812 2.7375125885009766
		endloop
	endfacet
	facet normal -0.0035754036615004052 0.4226166782480837 -0.9063014728859339
		outer loop
			vertex -118.46094512939453 860.2415161132812 2.7375125885009766
			vertex -116.83131408691406 860.429931640625 2.818943500518799
			vertex -116.83131408691406 859.9559936523438 2.5979418754577637
		endloop
	endfacet
	facet normal 0.0025622594918407217 0.4509286556306833 -0.8925563188714767
		outer loop
			vertex -118.46094512939453 860.2415161132812 2.7375125885009766
			vertex -116.83131408691406 859.9559936523438 2.5979418754577637
			vertex -118.51404571533203 859.9636840820312 2.596996545791626
		endloop
	endfacet
	facet normal 0.0029326472140601555 0.538077763364439 -0.8428900996885896
		outer loop
			vertex -118.51404571533203 859.9636840820312 2.596996545791626
			vertex -116.83131408691406 859.9559936523438 2.5979418754577637
			vertex -118.57742309570312 859.7022705078125 2.429896831512451
		endloop
	endfacet
	facet normal -0.004501902841195145 0.5735321654237435 -0.8191706709197787
		outer loop
			vertex -118.57742309570312 859.7022705078125 2.429896831512451
			vertex -116.83131408691406 859.9559936523438 2.5979418754577637
			vertex -116.83131408691406 859.527587890625 2.2979989051818848
		endloop
	endfacet
	facet normal 0.002897133105101208 0.620867772947538 -0.7839099534608143
		outer loop
			vertex -118.57742309570312 859.7022705078125 2.429896831512451
			vertex -116.83131408691406 859.527587890625 2.2979989051818848
			vertex -118.65052795410156 859.460205078125 2.2379074096679688
		endloop
	endfacet
	facet normal -0.002368612102666967 0.7004331735500937 -0.7137140597376875
		outer loop
			vertex -118.65052795410156 859.460205078125 2.2379074096679688
			vertex -116.83131408691406 859.527587890625 2.2979989051818848
			vertex -118.7327880859375 859.2406616210938 2.0227222442626953
		endloop
	endfacet
	facet normal -0.004337627049337531 0.7071187080385376 -0.7070815495637616
		outer loop
			vertex -118.7327880859375 859.2406616210938 2.0227222442626953
			vertex -116.83131408691406 859.527587890625 2.2979989051818848
			vertex -116.83131408691406 859.1578369140625 1.928228497505188
		endloop
	endfacet
	facet normal 0.002040112672781923 0.77200299774412 -0.635615614514287
		outer loop
			vertex -118.7327880859375 859.2406616210938 2.0227222442626953
			vertex -116.83131408691406 859.1578369140625 1.928228497505188
			vertex -118.82350158691406 859.0464477539062 1.7865437269210815
		endloop
	endfacet
	facet normal -0.0050105905291718085 0.8191562593688757 -0.5735485303959381
		outer loop
			vertex -118.82350158691406 859.0464477539062 1.7865437269210815
			vertex -116.83131408691406 859.1578369140625 1.928228497505188
			vertex -116.83131408691406 858.85791015625 1.4998656511306763
		endloop
	endfacet
	facet normal -0.000333494608473401 0.8344403494943817 -0.5510981690380039
		outer loop
			vertex -118.82350158691406 859.0464477539062 1.7865437269210815
			vertex -116.83131408691406 858.85791015625 1.4998656511306763
			vertex -118.92143249511719 858.8789672851562 1.533013939857483
		endloop
	endfacet
	facet normal 0.0015584280375032726 0.8856557747940155 -0.46433976770901764
		outer loop
			vertex -118.92143249511719 858.8789672851562 1.533013939857483
			vertex -116.83131408691406 858.85791015625 1.4998656511306763
			vertex -119.02545166015625 858.7387084960938 1.2651430368423462
		endloop
	endfacet
	facet normal -0.0040253715461607085 0.9062955627288117 -0.4226253061069368
		outer loop
			vertex -119.02545166015625 858.7387084960938 1.2651430368423462
			vertex -116.83131408691406 858.85791015625 1.4998656511306763
			vertex -116.83131408691406 858.6369018554688 1.025926113128662
		endloop
	endfacet
	facet normal 0.0021651129223006988 0.9271374751614581 -0.37471511103406363
		outer loop
			vertex -119.02545166015625 858.7387084960938 1.2651430368423462
			vertex -116.83131408691406 858.6369018554688 1.025926113128662
			vertex -119.13446807861328 858.6260986328125 0.9858886003494263
		endloop
	endfacet
	facet normal 0.00039625259776218175 0.9595039318395822 -0.2816949551700585
		outer loop
			vertex -119.13446807861328 858.6260986328125 0.9858886003494263
			vertex -116.83131408691406 858.6369018554688 1.025926113128662
			vertex -119.24735260009766 858.5416870117188 0.6982085704803467
		endloop
	endfacet
	facet normal -0.0029517894558250568 0.9659070013248426 -0.2588724622872411
		outer loop
			vertex -119.24735260009766 858.5416870117188 0.6982085704803467
			vertex -116.83131408691406 858.6369018554688 1.025926113128662
			vertex -116.83131408691406 858.5015258789062 0.5208101868629456
		endloop
	endfacet
	facet normal 0.0025146887772359064 0.9821467640987119 -0.18809946866161764
		outer loop
			vertex -119.24735260009766 858.5416870117188 0.6982085704803467
			vertex -116.83131408691406 858.5015258789062 0.5208101868629456
			vertex -119.3630142211914 858.48583984375 0.40506064891815186
		endloop
	endfacet
	facet normal -0.002091557285522069 0.9960089259920687 -0.0892291697386423
		outer loop
			vertex -119.3630142211914 858.48583984375 0.40506064891815186
			vertex -116.83131408691406 858.5015258789062 0.5208101868629456
			vertex -119.48033142089844 858.4591064453125 0.10940253734588623
		endloop
	endfacet
	facet normal -0.002429778560502261 0.9961991447897975 -0.08707100605955527
		outer loop
			vertex -119.48033142089844 858.4591064453125 0.10940253734588623
			vertex -116.83131408691406 858.5015258789062 0.5208101868629456
			vertex -116.83131408691406 858.4559936523438 -0.00013435271102935076
		endloop
	endfacet
	facet normal 0.0015343910844785847 0.9999610575670822 0.008690741816584238
		outer loop
			vertex -119.48033142089844 858.4591064453125 0.10940253734588623
			vertex -116.83131408691406 858.4559936523438 -0.00013435271102935076
			vertex -119.59821319580078 858.4618530273438 -0.1858079731464386
		endloop
	endfacet
	facet normal -0.0037332923623005984 0.996195143090105 0.08707065758234979
		outer loop
			vertex -119.59821319580078 858.4618530273438 -0.1858079731464386
			vertex -116.83131408691406 858.4559936523438 -0.00013435271102935076
			vertex -116.83131408691406 858.5015258789062 -0.521078884601593
		endloop
	endfacet
	facet normal -0.000781210387696638 0.9938032947545113 0.11115035333010956
		outer loop
			vertex -119.59821319580078 858.4618530273438 -0.1858079731464386
			vertex -116.83131408691406 858.5015258789062 -0.521078884601593
			vertex -119.71546936035156 858.494384765625 -0.47750070691108704
		endloop
	endfacet
	facet normal 0.0007401923308659817 0.9778660786441068 0.2092304575163739
		outer loop
			vertex -119.71546936035156 858.494384765625 -0.47750070691108704
			vertex -116.83131408691406 858.5015258789062 -0.521078884601593
			vertex -119.83084869384766 858.5554809570312 -0.7626336216926575
		endloop
	endfacet
	facet normal -0.003472626853133713 0.9659053853101625 0.2588720291796036
		outer loop
			vertex -119.83084869384766 858.5554809570312 -0.7626336216926575
			vertex -116.83131408691406 858.5015258789062 -0.521078884601593
			vertex -116.83131408691406 858.6369018554688 -1.0261948108673096
		endloop
	endfacet
	facet normal 0.0007871408808502586 0.9528854506786452 0.30332935613650924
		outer loop
			vertex -119.83084869384766 858.5554809570312 -0.7626336216926575
			vertex -116.83131408691406 858.6369018554688 -1.0261948108673096
			vertex -119.943359375 858.6435546875 -1.0390183925628662
		endloop
	endfacet
	facet normal 0.0003471609694311392 0.9196069651573622 0.39283954626962814
		outer loop
			vertex -119.943359375 858.6435546875 -1.0390183925628662
			vertex -116.83131408691406 858.6369018554688 -1.0261948108673096
			vertex -120.05206298828125 858.7570190429688 -1.30453360080719
		endloop
	endfacet
	facet normal -0.0027233979008863644 0.906299544467238 0.4226271628780504
		outer loop
			vertex -120.05206298828125 858.7570190429688 -1.30453360080719
			vertex -116.83131408691406 858.6369018554688 -1.0261948108673096
			vertex -116.83131408691406 858.85791015625 -1.5001343488693237
		endloop
	endfacet
	facet normal 0.001446635482325139 0.8788346662172336 0.4771242361278925
		outer loop
			vertex -120.05206298828125 858.7570190429688 -1.30453360080719
			vertex -116.83131408691406 858.85791015625 -1.5001343488693237
			vertex -120.15601348876953 858.894287109375 -1.5570580959320068
		endloop
	endfacet
	facet normal -0.000464608434847258 0.8301025313843885 0.5576105912984728
		outer loop
			vertex -120.15601348876953 858.894287109375 -1.5570580959320068
			vertex -116.83131408691406 858.85791015625 -1.5001343488693237
			vertex -120.2542495727539 859.0537109375 -1.7944706678390503
		endloop
	endfacet
	facet normal -0.0024612815260585865 0.8191640612171514 0.5735539930150193
		outer loop
			vertex -120.2542495727539 859.0537109375 -1.7944706678390503
			vertex -116.83131408691406 858.85791015625 -1.5001343488693237
			vertex -116.83131408691406 859.1578369140625 -1.9284971952438354
		endloop
	endfacet
	facet normal 0.0012350811585541846 0.7741581947268467 0.6329909668485023
		outer loop
			vertex -120.2542495727539 859.0537109375 -1.7944706678390503
			vertex -116.83131408691406 859.1578369140625 -1.9284971952438354
			vertex -120.34583282470703 859.23388671875 -2.0146498680114746
		endloop
	endfacet
	facet normal -0.0019152067676673043 0.7096453625609922 0.7045564501008524
		outer loop
			vertex -120.34583282470703 859.23388671875 -2.0146498680114746
			vertex -116.83131408691406 859.1578369140625 -1.9284971952438354
			vertex -120.42981719970703 859.4330444335938 -2.2154743671417236
		endloop
	endfacet
	facet normal -0.002309830922095912 0.7071234739824709 0.7070863152572486
		outer loop
			vertex -120.42981719970703 859.4330444335938 -2.2154743671417236
			vertex -116.83131408691406 859.1578369140625 -1.9284971952438354
			vertex -116.83131408691406 859.527587890625 -2.2982676029205322
		endloop
	endfacet
	facet normal 0.0009175970629333701 0.6388152187778943 0.7693596520960672
		outer loop
			vertex -120.42981719970703 859.4330444335938 -2.2154743671417236
			vertex -116.83131408691406 859.527587890625 -2.2982676029205322
			vertex -120.50530242919922 859.6494140625 -2.395040512084961
		endloop
	endfacet
	facet normal -0.0025591712277660533 0.5735360992816685 0.8191762896125565
		outer loop
			vertex -120.50530242919922 859.6494140625 -2.395040512084961
			vertex -116.83131408691406 859.527587890625 -2.2982676029205322
			vertex -116.83131408691406 859.9559936523438 -2.598210573196411
		endloop
	endfacet
	facet normal -0.0012601829961863217 0.5628577198161377 0.826552841131282
		outer loop
			vertex -120.50530242919922 859.6494140625 -2.395040512084961
			vertex -116.83131408691406 859.9559936523438 -2.598210573196411
			vertex -120.5717544555664 859.8804931640625 -2.552499771118164
		endloop
	endfacet
	facet normal 0.0009150378971173096 0.48434879837177586 0.8748745076989406
		outer loop
			vertex -120.5717544555664 859.8804931640625 -2.552499771118164
			vertex -116.83131408691406 859.9559936523438 -2.598210573196411
			vertex -120.62886047363281 860.1240234375 -2.6872634887695312
		endloop
	endfacet
	facet normal -0.0025533932387898 0.4226180018337727 0.906304311315464
		outer loop
			vertex -120.62886047363281 860.1240234375 -2.6872634887695312
			vertex -116.83131408691406 859.9559936523438 -2.598210573196411
			vertex -116.83131408691406 860.429931640625 -2.8192121982574463
		endloop
	endfacet
	facet normal -0.0005449440811793119 0.40175758141391094 0.9157458975132748
		outer loop
			vertex -120.62886047363281 860.1240234375 -2.6872634887695312
			vertex -116.83131408691406 860.429931640625 -2.8192121982574463
			vertex -120.67626953125 860.3780517578125 -2.798739433288574
		endloop
	endfacet
	facet normal 0.0007753461177168225 0.31682616828766275 0.9484833039788079
		outer loop
			vertex -120.67626953125 860.3780517578125 -2.798739433288574
			vertex -116.83131408691406 860.429931640625 -2.8192121982574463
			vertex -120.71365356445312 860.640380859375 -2.886335849761963
		endloop
	endfacet
	facet normal -0.00266918486325981 0.2588421298645325 0.9659159524820773
		outer loop
			vertex -120.71365356445312 860.640380859375 -2.886335849761963
			vertex -116.83131408691406 860.429931640625 -2.8192121982574463
			vertex -116.83131408691406 860.9349975585938 -2.9545576572418213
		endloop
	endfacet
	facet normal -0.0002638429493885329 0.22889059273906678 0.9734521184642093
		outer loop
			vertex -120.71365356445312 860.640380859375 -2.886335849761963
			vertex -116.83131408691406 860.9349975585938 -2.9545576572418213
			vertex -120.74067687988281 860.9088134765625 -2.949460506439209
		endloop
	endfacet
	facet normal 0.0003649327481319923 0.13830950846643528 0.9903889875659274
		outer loop
			vertex -120.74067687988281 860.9088134765625 -2.949460506439209
			vertex -116.83131408691406 860.9349975585938 -2.9545576572418213
			vertex -120.75700378417969 861.181396484375 -2.987521171569824
		endloop
	endfacet
	facet normal -0.002895045419347883 0.08714695021370882 0.9961912606424879
		outer loop
			vertex -120.75700378417969 861.181396484375 -2.987521171569824
			vertex -116.83131408691406 860.9349975585938 -2.9545576572418213
			vertex -116.83131408691406 861.4559936523438 -3.0001344680786133
		endloop
	endfacet
	facet normal 0.00003635291668605669 0.045366817219439734 0.9989703952439449
		outer loop
			vertex -120.75700378417969 861.181396484375 -2.987521171569824
			vertex -116.83131408691406 861.4559936523438 -3.0001344680786133
			vertex -120.7623291015625 861.4559936523438 -2.9999914169311523
		endloop
	endfacet
	facet normal 0.00003634938282800638 -0.047456907148603705 0.9988732855786119
		outer loop
			vertex -120.7623291015625 861.4559936523438 -2.9999914169311523
			vertex -116.83131408691406 861.4559936523438 -3.0001344680786133
			vertex -120.75668334960938 861.7305908203125 -2.986945390701294
		endloop
	endfacet
	facet normal -0.0027498714099709444 -0.08715711890634706 0.9961907823460192
		outer loop
			vertex -120.75668334960938 861.7305908203125 -2.986945390701294
			vertex -116.83131408691406 861.4559936523438 -3.0001344680786133
			vertex -116.83131408691406 861.9769287109375 -2.9545576572418213
		endloop
	endfacet
	facet normal 0.0005303875114569404 -0.13865848419878257 0.9903401150356296
		outer loop
			vertex -120.75668334960938 861.7305908203125 -2.986945390701294
			vertex -116.83131408691406 861.9769287109375 -2.9545576572418213
			vertex -120.74028778076172 862.0032348632812 -2.9487810134887695
		endloop
	endfacet
	facet normal -0.0000960009419765307 -0.22807071425066738 0.9736445655807924
		outer loop
			vertex -120.74028778076172 862.0032348632812 -2.9487810134887695
			vertex -116.83131408691406 861.9769287109375 -2.9545576572418213
			vertex -120.71338653564453 862.2716674804688 -2.885899543762207
		endloop
	endfacet
	facet normal -0.002568949068230107 -0.25884219781734613 0.9659162060602207
		outer loop
			vertex -120.71338653564453 862.2716674804688 -2.885899543762207
			vertex -116.83131408691406 861.9769287109375 -2.9545576572418213
			vertex -116.83131408691406 862.4819946289062 -2.8192121982574463
		endloop
	endfacet
	facet normal 0.0007984091954469238 -0.3155970842252072 0.9488929565400432
		outer loop
			vertex -120.71338653564453 862.2716674804688 -2.885899543762207
			vertex -116.83131408691406 862.4819946289062 -2.8192121982574463
			vertex -120.67621612548828 862.533935546875 -2.798701763153076
		endloop
	endfacet
	facet normal -0.0005262826752262021 -0.4007431462732089 0.916190293411579
		outer loop
			vertex -120.67621612548828 862.533935546875 -2.798701763153076
			vertex -116.83131408691406 862.4819946289062 -2.8192121982574463
			vertex -120.62899780273438 862.7879028320312 -2.687588930130005
		endloop
	endfacet
	facet normal -0.002626642767564297 -0.42257322073851306 0.9063249824772855
		outer loop
			vertex -120.62899780273438 862.7879028320312 -2.687588930130005
			vertex -116.83131408691406 862.4819946289062 -2.8192121982574463
			vertex -116.83131408691406 862.9559936523438 -2.598210573196411
		endloop
	endfacet
	facet normal 0.0008253535275721995 -0.48395669260346996 0.8750915600529268
		outer loop
			vertex -120.62899780273438 862.7879028320312 -2.687588930130005
			vertex -116.83131408691406 862.9559936523438 -2.598210573196411
			vertex -120.57197570800781 863.0314331054688 -2.552961826324463
		endloop
	endfacet
	facet normal -0.0013746844509135172 -0.5636200503425581 0.8260330193730228
		outer loop
			vertex -120.57197570800781 863.0314331054688 -2.552961826324463
			vertex -116.83131408691406 862.9559936523438 -2.598210573196411
			vertex -120.50538635253906 863.262451171875 -2.3952224254608154
		endloop
	endfacet
	facet normal -0.0025873119792163054 -0.5735908948424366 0.8191378340490539
		outer loop
			vertex -120.50538635253906 863.262451171875 -2.3952224254608154
			vertex -116.83131408691406 862.9559936523438 -2.598210573196411
			vertex -116.83131408691406 863.3843383789062 -2.2982676029205322
		endloop
	endfacet
	facet normal 0.0009712891005028822 -0.6402879852935129 0.7681343323184153
		outer loop
			vertex -120.50538635253906 863.262451171875 -2.3952224254608154
			vertex -116.83131408691406 863.3843383789062 -2.2982676029205322
			vertex -120.4296875 863.4786376953125 -2.2151131629943848
		endloop
	endfacet
	facet normal -0.0022946396512490996 -0.7092229035532764 0.7049805725722739
		outer loop
			vertex -120.4296875 863.4786376953125 -2.2151131629943848
			vertex -116.83131408691406 863.3843383789062 -2.2982676029205322
			vertex -120.34569549560547 863.677978515625 -2.0142993927001953
		endloop
	endfacet
	facet normal -0.0019490779821179382 -0.7071240172023306 0.7070868584485627
		outer loop
			vertex -120.34569549560547 863.677978515625 -2.0142993927001953
			vertex -116.83131408691406 863.3843383789062 -2.2982676029205322
			vertex -116.83131408691406 863.7540893554688 -1.9284971952438354
		endloop
	endfacet
	facet normal 0.0012444162501159873 -0.7728505261260635 0.6345868858516251
		outer loop
			vertex -120.34569549560547 863.677978515625 -2.0142993927001953
			vertex -116.83131408691406 863.7540893554688 -1.9284971952438354
			vertex -120.25426483154297 863.8585205078125 -1.794600248336792
		endloop
	endfacet
	facet normal -0.0025560158161440296 -0.8191638665374721 0.5735538567061739
		outer loop
			vertex -120.25426483154297 863.8585205078125 -1.794600248336792
			vertex -116.83131408691406 863.7540893554688 -1.9284971952438354
			vertex -116.83131408691406 864.0540161132812 -1.5001343488693237
		endloop
	endfacet
	facet normal -0.0009069082103404577 -0.8282227169667724 0.560398348157519
		outer loop
			vertex -120.25426483154297 863.8585205078125 -1.794600248336792
			vertex -116.83131408691406 864.0540161132812 -1.5001343488693237
			vertex -120.15623474121094 864.0186157226562 -1.5578340291976929
		endloop
	endfacet
	facet normal 0.0010340079386729631 -0.8778225982747594 0.47898477719624166
		outer loop
			vertex -120.15623474121094 864.0186157226562 -1.5578340291976929
			vertex -116.83131408691406 864.0540161132812 -1.5001343488693237
			vertex -120.05245971679688 864.15625 -1.3058193922042847
		endloop
	endfacet
	facet normal -0.003269559993962304 -0.9062980612385284 0.42262647121628666
		outer loop
			vertex -120.05245971679688 864.15625 -1.3058193922042847
			vertex -116.83131408691406 864.0540161132812 -1.5001343488693237
			vertex -116.83131408691406 864.2750244140625 -1.0261948108673096
		endloop
	endfacet
	facet normal -0.00022235410212871558 -0.9194848621733461 0.39312534743096406
		outer loop
			vertex -120.05245971679688 864.15625 -1.3058193922042847
			vertex -116.83131408691406 864.2750244140625 -1.0261948108673096
			vertex -119.94378662109375 864.2697143554688 -1.040374994277954
		endloop
	endfacet
	facet normal 0.00025554802743905095 -0.9536205531479138 0.3010112544558303
		outer loop
			vertex -119.94378662109375 864.2697143554688 -1.040374994277954
			vertex -116.83131408691406 864.2750244140625 -1.0261948108673096
			vertex -119.83108520507812 864.357177734375 -0.7633817791938782
		endloop
	endfacet
	facet normal -0.0037727476384325086 -0.9659043351223425 0.25887174771906296
		outer loop
			vertex -119.83108520507812 864.357177734375 -0.7633817791938782
			vertex -116.83131408691406 864.2750244140625 -1.0261948108673096
			vertex -116.83131408691406 864.410400390625 -0.521078884601593
		endloop
	endfacet
	facet normal 0.0007834711377001532 -0.9787038000547406 0.20527605299056878
		outer loop
			vertex -119.83108520507812 864.357177734375 -0.7633817791938782
			vertex -116.83131408691406 864.410400390625 -0.521078884601593
			vertex -119.71549224853516 864.417236328125 -0.47747892141342163
		endloop
	endfacet
	facet normal -0.000696082177953561 -0.9939541977142394 0.10979329813720066
		outer loop
			vertex -119.71549224853516 864.417236328125 -0.47747892141342163
			vertex -116.83131408691406 864.410400390625 -0.521078884601593
			vertex -119.5981674194336 864.4494018554688 -0.18554189801216125
		endloop
	endfacet
	facet normal -0.0034690644514413877 -0.9961859602999813 0.08718657060027021
		outer loop
			vertex -119.5981674194336 864.4494018554688 -0.18554189801216125
			vertex -116.83131408691406 864.410400390625 -0.521078884601593
			vertex -116.83131408691406 864.4559936523438 -0.00013435271102935076
		endloop
	endfacet
	facet normal 0.0015792612076558914 -0.999926954631414 0.011982960217922348
		outer loop
			vertex -119.5981674194336 864.4494018554688 -0.18554189801216125
			vertex -116.83131408691406 864.4559936523438 -0.00013435271102935076
			vertex -119.4802474975586 864.453125 0.10959771275520325
		endloop
	endfacet
	facet normal -0.0023941109855645537 -0.9964760101834673 -0.08384407767652657
		outer loop
			vertex -119.4802474975586 864.453125 0.10959771275520325
			vertex -116.83131408691406 864.4559936523438 -0.00013435271102935076
			vertex -119.36285400390625 864.427978515625 0.40510833263397217
		endloop
	endfacet
	facet normal -0.0029323836858115653 -0.9961876716462057 -0.08718671909201961
		outer loop
			vertex -119.36285400390625 864.427978515625 0.40510833263397217
			vertex -116.83131408691406 864.4559936523438 -0.00013435271102935076
			vertex -116.83131408691406 864.410400390625 0.5208101868629456
		endloop
	endfacet
	facet normal 0.0015585707096293932 -0.9830280190770632 -0.1834488609034367
		outer loop
			vertex -119.36285400390625 864.427978515625 0.40510833263397217
			vertex -116.83131408691406 864.410400390625 0.5208101868629456
			vertex -119.24713134765625 864.3734741210938 0.6981584429740906
		endloop
	endfacet
	facet normal -0.004240051672387972 -0.965902526722322 -0.25887126305028485
		outer loop
			vertex -119.24713134765625 864.3734741210938 0.6981584429740906
			vertex -116.83131408691406 864.410400390625 0.5208101868629456
			vertex -116.83131408691406 864.2750244140625 1.025926113128662
		endloop
	endfacet
	facet normal -0.001016401876954429 -0.9597690030898979 -0.2807889378786995
		outer loop
			vertex -119.24713134765625 864.3734741210938 0.6981584429740906
			vertex -116.83131408691406 864.2750244140625 1.025926113128662
			vertex -119.13423156738281 864.2891845703125 0.9858611822128296
		endloop
	endfacet
	facet normal 0.0008693696769987081 -0.9260979991685352 -0.3772820432148879
		outer loop
			vertex -119.13423156738281 864.2891845703125 0.9858611822128296
			vertex -116.83131408691406 864.2750244140625 1.025926113128662
			vertex -119.02530670166016 864.175537109375 1.2650777101516724
		endloop
	endfacet
	facet normal -0.004971105025296435 -0.9062917071548761 -0.4226235081690656
		outer loop
			vertex -119.02530670166016 864.175537109375 1.2650777101516724
			vertex -116.83131408691406 864.2750244140625 1.025926113128662
			vertex -116.83131408691406 864.0540161132812 1.4998656511306763
		endloop
	endfacet
	facet normal 0.0011697887046258524 -0.8835909484224025 -0.46825812054932475
		outer loop
			vertex -119.02530670166016 864.175537109375 1.2650777101516724
			vertex -116.83131408691406 864.0540161132812 1.4998656511306763
			vertex -118.9214096069336 864.0337524414062 1.532881259918213
		endloop
	endfacet
	facet normal -0.0006699904370613353 -0.8328091355766852 -0.5535598385114555
		outer loop
			vertex -118.9214096069336 864.0337524414062 1.532881259918213
			vertex -116.83131408691406 864.0540161132812 1.4998656511306763
			vertex -118.82357025146484 863.8651733398438 1.7863835096359253
		endloop
	endfacet
	facet normal -0.0048388179726043855 -0.8191569523340478 -0.5735490155892716
		outer loop
			vertex -118.82357025146484 863.8651733398438 1.7863835096359253
			vertex -116.83131408691406 864.0540161132812 1.4998656511306763
			vertex -116.83131408691406 863.7540893554688 1.928228497505188
		endloop
	endfacet
	facet normal 0.00217392812754261 -0.7722522108336903 -0.6353123616765014
		outer loop
			vertex -118.82357025146484 863.8651733398438 1.7863835096359253
			vertex -116.83131408691406 863.7540893554688 1.928228497505188
			vertex -118.7328109741211 863.6710205078125 2.022696018218994
		endloop
	endfacet
	facet normal -0.004237034636099025 -0.7071190130053852 -0.7070818545145834
		outer loop
			vertex -118.7328109741211 863.6710205078125 2.022696018218994
			vertex -116.83131408691406 863.7540893554688 1.928228497505188
			vertex -116.83131408691406 863.3843383789062 2.2979989051818848
		endloop
	endfacet
	facet normal -0.003388598259822787 -0.7042449034320131 -0.7099490357707856
		outer loop
			vertex -118.7328109741211 863.6710205078125 2.022696018218994
			vertex -116.83131408691406 863.3843383789062 2.2979989051818848
			vertex -118.65016174316406 863.45263671875 2.2389307022094727
		endloop
	endfacet
	facet normal 0.001854632475453723 -0.6254343160817796 -0.7802746161485057
		outer loop
			vertex -118.65016174316406 863.45263671875 2.2389307022094727
			vertex -116.83131408691406 863.3843383789062 2.2979989051818848
			vertex -118.57660675048828 863.211669921875 2.4322540760040283
		endloop
	endfacet
	facet normal -0.0062638532798392045 -0.5735815618998957 -0.8191245057929625
		outer loop
			vertex -118.57660675048828 863.211669921875 2.4322540760040283
			vertex -116.83131408691406 863.3843383789062 2.2979989051818848
			vertex -116.83131408691406 862.9559936523438 2.5979418754577637
		endloop
	endfacet
	facet normal 0.0003904920362014612 -0.5419514138105231 -0.840409728992201
		outer loop
			vertex -118.57660675048828 863.211669921875 2.4322540760040283
			vertex -116.83131408691406 862.9559936523438 2.5979418754577637
			vertex -118.51286315917969 862.950927734375 2.6004273891448975
		endloop
	endfacet
	facet normal 0.00004686739622864764 -0.45297006919236865 -0.8915257226907747
		outer loop
			vertex -118.51286315917969 862.950927734375 2.6004273891448975
			vertex -116.83131408691406 862.9559936523438 2.5979418754577637
			vertex -118.45958709716797 862.67333984375 2.7414681911468506
		endloop
	endfacet
	facet normal -0.0065341406539732435 -0.42256565745768543 -0.9063087609326462
		outer loop
			vertex -118.45958709716797 862.67333984375 2.7414681911468506
			vertex -116.83131408691406 862.9559936523438 2.5979418754577637
			vertex -116.83131408691406 862.4819946289062 2.818943500518799
		endloop
	endfacet
	facet normal 0.0023369205674229265 -0.3581511397256648 -0.933660698495695
		outer loop
			vertex -118.45958709716797 862.67333984375 2.7414681911468506
			vertex -116.83131408691406 862.4819946289062 2.818943500518799
			vertex -118.41742706298828 862.3818359375 2.8533942699432373
		endloop
	endfacet
	facet normal -0.004626216305963556 -0.2589637319996868 -0.9658759670017082
		outer loop
			vertex -118.41742706298828 862.3818359375 2.8533942699432373
			vertex -116.83131408691406 862.4819946289062 2.818943500518799
			vertex -118.38699340820312 862.079345703125 2.93435001373291
		endloop
	endfacet
	facet normal -0.004660622263231568 -0.2588402407040426 -0.9659089027400012
		outer loop
			vertex -118.38699340820312 862.079345703125 2.93435001373291
			vertex -116.83131408691406 862.4819946289062 2.818943500518799
			vertex -116.83131408691406 861.9769287109375 2.954288959503174
		endloop
	endfacet
	facet normal 0.002379699301746969 -0.15614850606896713 -0.9877307229623178
		outer loop
			vertex -118.38699340820312 862.079345703125 2.93435001373291
			vertex -116.83131408691406 861.9769287109375 2.954288959503174
			vertex -118.36859130859375 861.7694702148438 2.983381986618042
		endloop
	endfacet
	facet normal -0.0070908373978513725 -0.08715480481772318 -0.9961695438137937
		outer loop
			vertex -118.36859130859375 861.7694702148438 2.983381986618042
			vertex -116.83131408691406 861.9769287109375 2.954288959503174
			vertex -116.83131408691406 861.4559936523438 2.9998655319213867
		endloop
	endfacet
	facet normal -0.8271970494955365 -0.04575694006353063 -0.5600458407504705
		outer loop
			vertex -118.36241149902344 861.4559936523438 2.999866008758545
			vertex -118.67671966552734 861.4559936523438 3.464104413986206
			vertex -118.36859130859375 861.7694702148438 2.983381986618042
		endloop
	endfacet
	facet normal -0.8133365264585257 -0.08349571591700579 -0.5757709268032616
		outer loop
			vertex -118.36859130859375 861.7694702148438 2.983381986618042
			vertex -118.67671966552734 861.4559936523438 3.464104413986206
			vertex -118.53616333007812 861.9827270507812 3.189169406890869
		endloop
	endfacet
	facet normal -0.8263551565375109 -0.11796026433556624 -0.5506564548806717
		outer loop
			vertex -118.36859130859375 861.7694702148438 2.983381986618042
			vertex -118.53616333007812 861.9827270507812 3.189169406890869
			vertex -118.4571762084961 861.9693603515625 3.0734989643096924
		endloop
	endfacet
	facet normal -0.8181196506253592 -0.21333589539293493 -0.5340112667327679
		outer loop
			vertex -118.4571762084961 861.9693603515625 3.0734989643096924
			vertex -118.53616333007812 861.9827270507812 3.189169406890869
			vertex -118.50517272949219 862.4678955078125 2.9478676319122314
		endloop
	endfacet
	facet normal -0.7897773880509101 -0.2202985134980486 -0.5724685513406236
		outer loop
			vertex -118.4571762084961 861.9693603515625 3.0734989643096924
			vertex -118.50517272949219 862.4678955078125 2.9478676319122314
			vertex -118.38699340820312 862.079345703125 2.93435001373291
		endloop
	endfacet
	facet normal -0.8079738652315511 -0.2268301862376916 -0.5438072266108291
		outer loop
			vertex -118.38699340820312 862.079345703125 2.93435001373291
			vertex -118.50517272949219 862.4678955078125 2.9478676319122314
			vertex -118.41742706298828 862.3818359375 2.8533942699432373
		endloop
	endfacet
	facet normal -0.8201683091356639 -0.3045768052386286 -0.4843107622179968
		outer loop
			vertex -118.41742706298828 862.3818359375 2.8533942699432373
			vertex -118.50517272949219 862.4678955078125 2.9478676319122314
			vertex -118.45958709716797 862.67333984375 2.7414681911468506
		endloop
	endfacet
	facet normal -0.7700162497979923 -0.359021179249971 -0.5274265521349831
		outer loop
			vertex -118.45958709716797 862.67333984375 2.7414681911468506
			vertex -118.50517272949219 862.4678955078125 2.9478676319122314
			vertex -118.5836410522461 862.9370727539062 2.7430567741394043
		endloop
	endfacet
	facet normal -0.8133738929479992 -0.37993902705383786 -0.4405329113607745
		outer loop
			vertex -118.45958709716797 862.67333984375 2.7414681911468506
			vertex -118.5836410522461 862.9370727539062 2.7430567741394043
			vertex -118.51286315917969 862.950927734375 2.6004273891448975
		endloop
	endfacet
	facet normal -0.7737164487541457 -0.46598298949291567 -0.4292117314688858
		outer loop
			vertex -118.51286315917969 862.950927734375 2.6004273891448975
			vertex -118.5836410522461 862.9370727539062 2.7430567741394043
			vertex -118.57660675048828 863.211669921875 2.4322540760040283
		endloop
	endfacet
	facet normal -0.7676086531556178 -0.47159005428222833 -0.4340273911894315
		outer loop
			vertex -118.57660675048828 863.211669921875 2.4322540760040283
			vertex -118.5836410522461 862.9370727539062 2.7430567741394043
			vertex -118.69001007080078 863.36474609375 2.466491937637329
		endloop
	endfacet
	facet normal -0.791212278816292 -0.5110196043363451 -0.3359197729134978
		outer loop
			vertex -118.57660675048828 863.211669921875 2.4322540760040283
			vertex -118.69001007080078 863.36474609375 2.466491937637329
			vertex -118.65016174316406 863.45263671875 2.2389307022094727
		endloop
	endfacet
	facet normal -0.735715436649508 -0.5784791703636223 -0.3522565055907972
		outer loop
			vertex -118.65016174316406 863.45263671875 2.2389307022094727
			vertex -118.69001007080078 863.36474609375 2.466491937637329
			vertex -118.82147216796875 863.7390747070312 2.1263346672058105
		endloop
	endfacet
	facet normal -0.7699530325684766 -0.5718114603667169 -0.28320307454526156
		outer loop
			vertex -118.65016174316406 863.45263671875 2.2389307022094727
			vertex -118.82147216796875 863.7390747070312 2.1263346672058105
			vertex -118.7328109741211 863.6710205078125 2.022696018218994
		endloop
	endfacet
	facet normal -0.7461704043842627 -0.6256852216174683 -0.22748127630757964
		outer loop
			vertex -118.7328109741211 863.6710205078125 2.022696018218994
			vertex -118.82147216796875 863.7390747070312 2.1263346672058105
			vertex -118.82357025146484 863.8651733398438 1.7863835096359253
		endloop
	endfacet
	facet normal -0.7200602799301312 -0.652032980951352 -0.23741563768765353
		outer loop
			vertex -118.82357025146484 863.8651733398438 1.7863835096359253
			vertex -118.82147216796875 863.7390747070312 2.1263346672058105
			vertex -118.97445678710938 864.0513305664062 1.7327507734298706
		endloop
	endfacet
	facet normal -0.7486477023518924 -0.6476392414538796 -0.14173930538942175
		outer loop
			vertex -118.82357025146484 863.8651733398438 1.7863835096359253
			vertex -118.97445678710938 864.0513305664062 1.7327507734298706
			vertex -118.9214096069336 864.0337524414062 1.532881259918213
		endloop
	endfacet
	facet normal -0.6978692128332339 -0.70555513334557 -0.12316864694084138
		outer loop
			vertex -118.9214096069336 864.0337524414062 1.532881259918213
			vertex -118.97445678710938 864.0513305664062 1.7327507734298706
			vertex -119.14460754394531 864.2955932617188 1.2975927591323853
		endloop
	endfacet
	facet normal -0.7183112953457748 -0.6902876068204791 -0.08678653610284866
		outer loop
			vertex -118.9214096069336 864.0337524414062 1.532881259918213
			vertex -119.14460754394531 864.2955932617188 1.2975927591323853
			vertex -119.02530670166016 864.175537109375 1.2650777101516724
		endloop
	endfacet
	facet normal -0.7105474427816065 -0.7035893338469775 -0.009185905142458269
		outer loop
			vertex -119.02530670166016 864.175537109375 1.2650777101516724
			vertex -119.14460754394531 864.2955932617188 1.2975927591323853
			vertex -119.13423156738281 864.2891845703125 0.9858611822128296
		endloop
	endfacet
	facet normal -0.6720208164522845 -0.7404977883262063 -0.007144770031437929
		outer loop
			vertex -119.13423156738281 864.2891845703125 0.9858611822128296
			vertex -119.14460754394531 864.2955932617188 1.2975927591323853
			vertex -119.32770538330078 864.4662475585938 0.8324175477027893
		endloop
	endfacet
	facet normal -0.7023987251165099 -0.7085227983441184 0.0680549423724788
		outer loop
			vertex -119.13423156738281 864.2891845703125 0.9858611822128296
			vertex -119.32770538330078 864.4662475585938 0.8324175477027893
			vertex -119.24713134765625 864.3734741210938 0.6981584429740906
		endloop
	endfacet
	facet normal -0.6563758768301731 -0.7447184202351037 0.12068629946250319
		outer loop
			vertex -119.24713134765625 864.3734741210938 0.6981584429740906
			vertex -119.32770538330078 864.4662475585938 0.8324175477027893
			vertex -119.36285400390625 864.427978515625 0.40510833263397217
		endloop
	endfacet
	facet normal -0.6637537014401282 -0.7381472799596472 0.12070466814793537
		outer loop
			vertex -119.36285400390625 864.427978515625 0.40510833263397217
			vertex -119.32770538330078 864.4662475585938 0.8324175477027893
			vertex -119.51918029785156 864.5594482421875 0.3494507074356079
		endloop
	endfacet
	facet normal -0.6717766721867539 -0.7114386686647486 0.2063277088377153
		outer loop
			vertex -119.36285400390625 864.427978515625 0.40510833263397217
			vertex -119.51918029785156 864.5594482421875 0.3494507074356079
			vertex -119.4802474975586 864.453125 0.10959771275520325
		endloop
	endfacet
	facet normal -0.6304972966054994 -0.7423398163879827 0.22672616959277836
		outer loop
			vertex -119.4802474975586 864.453125 0.10959771275520325
			vertex -119.51918029785156 864.5594482421875 0.3494507074356079
			vertex -119.71417236328125 864.5758666992188 -0.13904118537902832
		endloop
	endfacet
	facet normal -0.6574266290584763 -0.7028933693672378 0.27153478359941413
		outer loop
			vertex -119.4802474975586 864.453125 0.10959771275520325
			vertex -119.71417236328125 864.5758666992188 -0.13904118537902832
			vertex -119.5981674194336 864.4494018554688 -0.18554189801216125
		endloop
	endfacet
	facet normal -0.631579147257075 -0.7010730101924111 0.33106557527139174
		outer loop
			vertex -119.5981674194336 864.4494018554688 -0.18554189801216125
			vertex -119.71417236328125 864.5758666992188 -0.13904118537902832
			vertex -119.71549224853516 864.417236328125 -0.47747892141342163
		endloop
	endfacet
	facet normal -0.6183898519919788 -0.7106547834807635 0.3355052453677105
		outer loop
			vertex -119.71549224853516 864.417236328125 -0.47747892141342163
			vertex -119.71417236328125 864.5758666992188 -0.13904118537902832
			vertex -119.90813446044922 864.5167846679688 -0.6216897368431091
		endloop
	endfacet
	facet normal -0.6379826918287469 -0.6600658432926901 0.3965995050996106
		outer loop
			vertex -119.71549224853516 864.417236328125 -0.47747892141342163
			vertex -119.90813446044922 864.5167846679688 -0.6216897368431091
			vertex -119.83108520507812 864.357177734375 -0.7633817791938782
		endloop
	endfacet
	facet normal -0.5969441454040313 -0.6742125155436525 0.43485074583372985
		outer loop
			vertex -119.83108520507812 864.357177734375 -0.7633817791938782
			vertex -119.90813446044922 864.5167846679688 -0.6216897368431091
			vertex -120.09611511230469 864.3836669921875 -1.0861331224441528
		endloop
	endfacet
	facet normal -0.6171367107715793 -0.6426556574483754 0.45402201066427694
		outer loop
			vertex -119.83108520507812 864.357177734375 -0.7633817791938782
			vertex -120.09611511230469 864.3836669921875 -1.0861331224441528
			vertex -119.94378662109375 864.2697143554688 -1.040374994277954
		endloop
	endfacet
	facet normal -0.6083541415694809 -0.6087328459001289 0.5092637438082451
		outer loop
			vertex -119.94378662109375 864.2697143554688 -1.040374994277954
			vertex -120.09611511230469 864.3836669921875 -1.0861331224441528
			vertex -120.05245971679688 864.15625 -1.3058193922042847
		endloop
	endfacet
	facet normal -0.5822655472934883 -0.6199026988273643 0.5260109090328494
		outer loop
			vertex -120.05245971679688 864.15625 -1.3058193922042847
			vertex -120.09611511230469 864.3836669921875 -1.0861331224441528
			vertex -120.2735366821289 864.180908203125 -1.5214799642562866
		endloop
	endfacet
	facet normal -0.6078163688639503 -0.5644343002397537 0.5585455956803366
		outer loop
			vertex -120.05245971679688 864.15625 -1.3058193922042847
			vertex -120.2735366821289 864.180908203125 -1.5214799642562866
			vertex -120.15623474121094 864.0186157226562 -1.5578340291976929
		endloop
	endfacet
	facet normal -0.5720719415222044 -0.5498185004766912 0.6086323276466493
		outer loop
			vertex -120.15623474121094 864.0186157226562 -1.5578340291976929
			vertex -120.2735366821289 864.180908203125 -1.5214799642562866
			vertex -120.25426483154297 863.8585205078125 -1.794600248336792
		endloop
	endfacet
	facet normal -0.5821985871369055 -0.5455327246103527 0.6028588985119122
		outer loop
			vertex -120.25426483154297 863.8585205078125 -1.794600248336792
			vertex -120.2735366821289 864.180908203125 -1.5214799642562866
			vertex -120.43659973144531 863.91552734375 -1.9191004037857056
		endloop
	endfacet
	facet normal -0.5915194430858695 -0.484609342150192 0.6444055663571979
		outer loop
			vertex -120.25426483154297 863.8585205078125 -1.794600248336792
			vertex -120.43659973144531 863.91552734375 -1.9191004037857056
			vertex -120.34569549560547 863.677978515625 -2.0142993927001953
		endloop
	endfacet
	facet normal -0.5601153333767195 -0.4838283116678608 0.6724440334666625
		outer loop
			vertex -120.34569549560547 863.677978515625 -2.0142993927001953
			vertex -120.43659973144531 863.91552734375 -1.9191004037857056
			vertex -120.58154296875 863.5948486328125 -2.270562171936035
		endloop
	endfacet
	facet normal -0.5852579968306678 -0.43970745126661626 0.6812711900897986
		outer loop
			vertex -120.34569549560547 863.677978515625 -2.0142993927001953
			vertex -120.58154296875 863.5948486328125 -2.270562171936035
			vertex -120.4296875 863.4786376953125 -2.2151131629943848
		endloop
	endfacet
	facet normal -0.5685328518044553 -0.39988239210373094 0.7189328681486828
		outer loop
			vertex -120.4296875 863.4786376953125 -2.2151131629943848
			vertex -120.58154296875 863.5948486328125 -2.270562171936035
			vertex -120.50538635253906 863.262451171875 -2.3952224254608154
		endloop
	endfacet
	facet normal -0.5563756549742837 -0.40051113944599526 0.7280363711598531
		outer loop
			vertex -120.50538635253906 863.262451171875 -2.3952224254608154
			vertex -120.58154296875 863.5948486328125 -2.270562171936035
			vertex -120.7047119140625 863.2259521484375 -2.567628860473633
		endloop
	endfacet
	facet normal -0.5790854016995616 -0.3392601578818966 0.7413249239115113
		outer loop
			vertex -120.50538635253906 863.262451171875 -2.3952224254608154
			vertex -120.7047119140625 863.2259521484375 -2.567628860473633
			vertex -120.57197570800781 863.0314331054688 -2.552961826324463
		endloop
	endfacet
	facet normal -0.5481020813772677 -0.31561022217497836 0.7745800772344767
		outer loop
			vertex -120.57197570800781 863.0314331054688 -2.552961826324463
			vertex -120.7047119140625 863.2259521484375 -2.567628860473633
			vertex -120.8028564453125 862.8178100585938 -2.8033785820007324
		endloop
	endfacet
	facet normal -0.5643232332401347 -0.2942662576136952 0.7713278538050025
		outer loop
			vertex -120.57197570800781 863.0314331054688 -2.552961826324463
			vertex -120.8028564453125 862.8178100585938 -2.8033785820007324
			vertex -120.62899780273438 862.7879028320312 -2.687588930130005
		endloop
	endfacet
	facet normal -0.5663831501333877 -0.23968048008140275 0.7885197490950554
		outer loop
			vertex -120.62899780273438 862.7879028320312 -2.687588930130005
			vertex -120.8028564453125 862.8178100585938 -2.8033785820007324
			vertex -120.67621612548828 862.533935546875 -2.798701763153076
		endloop
	endfacet
	facet normal -0.5418411603251353 -0.2283969739204373 0.808852878638321
		outer loop
			vertex -120.67621612548828 862.533935546875 -2.798701763153076
			vertex -120.8028564453125 862.8178100585938 -2.8033785820007324
			vertex -120.87452697753906 862.3802490234375 -2.974944591522217
		endloop
	endfacet
	facet normal -0.5682494582143277 -0.18596539811595997 0.801566855566456
		outer loop
			vertex -120.67621612548828 862.533935546875 -2.798701763153076
			vertex -120.87452697753906 862.3802490234375 -2.974944591522217
			vertex -120.71338653564453 862.2716674804688 -2.885899543762207
		endloop
	endfacet
	facet normal -0.548714935982661 -0.13815606370424302 0.8245149004665068
		outer loop
			vertex -120.71338653564453 862.2716674804688 -2.885899543762207
			vertex -120.87452697753906 862.3802490234375 -2.974944591522217
			vertex -120.74028778076172 862.0032348632812 -2.9487810134887695
		endloop
	endfacet
	facet normal -0.5462749221891946 -0.13716347071494495 0.8262989118282923
		outer loop
			vertex -120.74028778076172 862.0032348632812 -2.9487810134887695
			vertex -120.87452697753906 862.3802490234375 -2.974944591522217
			vertex -120.91854858398438 861.9230346679688 -3.079944133758545
		endloop
	endfacet
	facet normal -0.5669216870627437 -0.08066430560639312 0.819812826527477
		outer loop
			vertex -120.74028778076172 862.0032348632812 -2.9487810134887695
			vertex -120.91854858398438 861.9230346679688 -3.079944133758545
			vertex -120.75668334960938 861.7305908203125 -2.986945390701294
		endloop
	endfacet
	facet normal -0.5393447799419129 -0.04735002189613203 0.8407527483010955
		outer loop
			vertex -120.75668334960938 861.7305908203125 -2.986945390701294
			vertex -120.91854858398438 861.9230346679688 -3.079944133758545
			vertex -120.9337387084961 861.4559326171875 -3.115995168685913
		endloop
	endfacet
	facet normal -0.560252129472807 -0.027812284261265734 0.8278550768494182
		outer loop
			vertex -120.75668334960938 861.7305908203125 -2.986945390701294
			vertex -120.9337387084961 861.4559326171875 -3.115995168685913
			vertex -120.7623291015625 861.4559936523438 -2.9999914169311523
		endloop
	endfacet
	facet normal -0.5602819939197928 0.026730315433601222 0.8278705077040015
		outer loop
			vertex -120.7623291015625 861.4559936523438 -2.9999914169311523
			vertex -120.9337387084961 861.4559326171875 -3.115995168685913
			vertex -120.75700378417969 861.181396484375 -2.987521171569824
		endloop
	endfacet
	facet normal -0.5394617274175431 0.0461579169781298 0.8407440105953302
		outer loop
			vertex -120.75700378417969 861.181396484375 -2.987521171569824
			vertex -120.9337387084961 861.4559326171875 -3.115995168685913
			vertex -120.91901397705078 860.9888305664062 -3.080902576446533
		endloop
	endfacet
	facet normal -0.5677611758006184 0.0803856492628621 0.8192590522210222
		outer loop
			vertex -120.75700378417969 861.181396484375 -2.987521171569824
			vertex -120.91901397705078 860.9888305664062 -3.080902576446533
			vertex -120.74067687988281 860.9088134765625 -2.949460506439209
		endloop
	endfacet
	facet normal -0.5469584591715161 0.13748330158059435 0.8257934279995335
		outer loop
			vertex -120.74067687988281 860.9088134765625 -2.949460506439209
			vertex -120.91901397705078 860.9888305664062 -3.080902576446533
			vertex -120.87481689453125 860.5316772460938 -2.9755191802978516
		endloop
	endfacet
	facet normal -0.5493843326120675 0.13846891554294335 0.8240165134927542
		outer loop
			vertex -120.74067687988281 860.9088134765625 -2.949460506439209
			vertex -120.87481689453125 860.5316772460938 -2.9755191802978516
			vertex -120.71365356445312 860.640380859375 -2.886335849761963
		endloop
	endfacet
	facet normal -0.5689489583234131 0.1863798583474326 0.8009741763784236
		outer loop
			vertex -120.71365356445312 860.640380859375 -2.886335849761963
			vertex -120.87481689453125 860.5316772460938 -2.9755191802978516
			vertex -120.67626953125 860.3780517578125 -2.798739433288574
		endloop
	endfacet
	facet normal -0.542354940829382 0.22916877781331318 0.808290040414646
		outer loop
			vertex -120.67626953125 860.3780517578125 -2.798739433288574
			vertex -120.87481689453125 860.5316772460938 -2.9755191802978516
			vertex -120.80276489257812 860.09423828125 -2.8031489849090576
		endloop
	endfacet
	facet normal -0.5664509602349537 0.24021881715345045 0.7883071923649408
		outer loop
			vertex -120.67626953125 860.3780517578125 -2.798739433288574
			vertex -120.80276489257812 860.09423828125 -2.8031489849090576
			vertex -120.62886047363281 860.1240234375 -2.6872634887695312
		endloop
	endfacet
	facet normal -0.5643604057846158 0.2944433175479513 0.7712330809385579
		outer loop
			vertex -120.62886047363281 860.1240234375 -2.6872634887695312
			vertex -120.80276489257812 860.09423828125 -2.8031489849090576
			vertex -120.5717544555664 859.8804931640625 -2.552499771118164
		endloop
	endfacet
	facet normal -0.5480931194611625 0.3158447826862294 0.7744908041088806
		outer loop
			vertex -120.5717544555664 859.8804931640625 -2.552499771118164
			vertex -120.80276489257812 860.09423828125 -2.8031489849090576
			vertex -120.70449829101562 859.6860961914062 -2.5671632289886475
		endloop
	endfacet
	facet normal -0.5785473850575742 0.33910515094793503 0.7418157586918879
		outer loop
			vertex -120.5717544555664 859.8804931640625 -2.552499771118164
			vertex -120.70449829101562 859.6860961914062 -2.5671632289886475
			vertex -120.50530242919922 859.6494140625 -2.395040512084961
		endloop
	endfacet
	facet normal -0.5560885115260303 0.3996516169723639 0.728727762885523
		outer loop
			vertex -120.50530242919922 859.6494140625 -2.395040512084961
			vertex -120.70449829101562 859.6860961914062 -2.5671632289886475
			vertex -120.5816879272461 859.3168334960938 -2.270934820175171
		endloop
	endfacet
	facet normal -0.5681676280793256 0.3990508399025347 0.7196832453071246
		outer loop
			vertex -120.50530242919922 859.6494140625 -2.395040512084961
			vertex -120.5816879272461 859.3168334960938 -2.270934820175171
			vertex -120.42981719970703 859.4330444335938 -2.2154743671417236
		endloop
	endfacet
	facet normal -0.5853397167414741 0.43992435130228974 0.6810609232192599
		outer loop
			vertex -120.42981719970703 859.4330444335938 -2.2154743671417236
			vertex -120.5816879272461 859.3168334960938 -2.270934820175171
			vertex -120.34583282470703 859.23388671875 -2.0146498680114746
		endloop
	endfacet
	facet normal -0.5599937882531542 0.48440343810207637 0.6721311377051129
		outer loop
			vertex -120.34583282470703 859.23388671875 -2.0146498680114746
			vertex -120.5816879272461 859.3168334960938 -2.270934820175171
			vertex -120.43666076660156 858.9964599609375 -1.9192112684249878
		endloop
	endfacet
	facet normal -0.5922192352352528 0.4851609170939122 0.6433469219184673
		outer loop
			vertex -120.34583282470703 859.23388671875 -2.0146498680114746
			vertex -120.43666076660156 858.9964599609375 -1.9192112684249878
			vertex -120.2542495727539 859.0537109375 -1.7944706678390503
		endloop
	endfacet
	facet normal -0.5837176412599152 0.5414184161090452 0.6050948801468525
		outer loop
			vertex -120.2542495727539 859.0537109375 -1.7944706678390503
			vertex -120.43666076660156 858.9964599609375 -1.9192112684249878
			vertex -120.15601348876953 858.894287109375 -1.5570580959320068
		endloop
	endfacet
	facet normal -0.5765150415292397 0.5519458446957441 0.6024833536402815
		outer loop
			vertex -120.15601348876953 858.894287109375 -1.5570580959320068
			vertex -120.43666076660156 858.9964599609375 -1.9192112684249878
			vertex -120.27330780029297 858.7321166992188 -1.5207295417785645
		endloop
	endfacet
	facet normal -0.6083535186304029 0.5648955362732627 0.5574935241494301
		outer loop
			vertex -120.15601348876953 858.894287109375 -1.5570580959320068
			vertex -120.27330780029297 858.7321166992188 -1.5207295417785645
			vertex -120.05206298828125 858.7570190429688 -1.30453360080719
		endloop
	endfacet
	facet normal -0.5830919060387196 0.6197042881304184 0.5253288725978272
		outer loop
			vertex -120.05206298828125 858.7570190429688 -1.30453360080719
			vertex -120.27330780029297 858.7321166992188 -1.5207295417785645
			vertex -120.09573364257812 858.52978515625 -1.0849496126174927
		endloop
	endfacet
	facet normal -0.6081703751225476 0.6089550541337148 0.5092175732123786
		outer loop
			vertex -120.05206298828125 858.7570190429688 -1.30453360080719
			vertex -120.09573364257812 858.52978515625 -1.0849496126174927
			vertex -119.943359375 858.6435546875 -1.0390183925628662
		endloop
	endfacet
	facet normal -0.6166692630320438 0.6419805908782463 0.4556094171185819
		outer loop
			vertex -119.943359375 858.6435546875 -1.0390183925628662
			vertex -120.09573364257812 858.52978515625 -1.0849496126174927
			vertex -119.83084869384766 858.5554809570312 -0.7626336216926575
		endloop
	endfacet
	facet normal -0.5965816712496445 0.6734050606822338 0.4365958471819657
		outer loop
			vertex -119.83084869384766 858.5554809570312 -0.7626336216926575
			vertex -120.09573364257812 858.52978515625 -1.0849496126174927
			vertex -119.90801239013672 858.3955078125 -0.6213306784629822
		endloop
	endfacet
	facet normal -0.6368574150457322 0.659672556025445 0.39905482296061073
		outer loop
			vertex -119.83084869384766 858.5554809570312 -0.7626336216926575
			vertex -119.90801239013672 858.3955078125 -0.6213306784629822
			vertex -119.71546936035156 858.494384765625 -0.47750070691108704
		endloop
	endfacet
	facet normal -0.6168685608048814 0.7113920075902229 0.336741132366194
		outer loop
			vertex -119.71546936035156 858.494384765625 -0.47750070691108704
			vertex -119.90801239013672 858.3955078125 -0.6213306784629822
			vertex -119.71426391601562 858.3353881835938 -0.13939975202083588
		endloop
	endfacet
	facet normal -0.6311948426702929 0.7010180789615987 0.3319137290854566
		outer loop
			vertex -119.71546936035156 858.494384765625 -0.47750070691108704
			vertex -119.71426391601562 858.3353881835938 -0.13939975202083588
			vertex -119.59821319580078 858.4618530273438 -0.1858079731464386
		endloop
	endfacet
	facet normal -0.6582722510366971 0.7029243843987671 0.2693973892462472
		outer loop
			vertex -119.59821319580078 858.4618530273438 -0.1858079731464386
			vertex -119.71426391601562 858.3353881835938 -0.13939975202083588
			vertex -119.48033142089844 858.4591064453125 0.10940253734588623
		endloop
	endfacet
	facet normal -0.6309575793153246 0.7428121778798267 0.22388077518620217
		outer loop
			vertex -119.48033142089844 858.4591064453125 0.10940253734588623
			vertex -119.71426391601562 858.3353881835938 -0.13939975202083588
			vertex -119.5193099975586 858.3536987304688 0.34928157925605774
		endloop
	endfacet
	facet normal -0.6734228784549924 0.71085689166811 0.20293867630726692
		outer loop
			vertex -119.48033142089844 858.4591064453125 0.10940253734588623
			vertex -119.5193099975586 858.3536987304688 0.34928157925605774
			vertex -119.3630142211914 858.48583984375 0.40506064891815186
		endloop
	endfacet
	facet normal -0.6659053220981397 0.7359040222169762 0.12253722734846408
		outer loop
			vertex -119.3630142211914 858.48583984375 0.40506064891815186
			vertex -119.5193099975586 858.3536987304688 0.34928157925605774
			vertex -119.24735260009766 858.5416870117188 0.6982085704803467
		endloop
	endfacet
	facet normal -0.6608374316047361 0.7415844026423599 0.11552689188076513
		outer loop
			vertex -119.24735260009766 858.5416870117188 0.6982085704803467
			vertex -119.5193099975586 858.3536987304688 0.34928157925605774
			vertex -119.32795715332031 858.448974609375 0.8322688341140747
		endloop
	endfacet
	facet normal -0.7023905168768306 0.7085642670738509 0.06770702495011385
		outer loop
			vertex -119.24735260009766 858.5416870117188 0.6982085704803467
			vertex -119.32795715332031 858.448974609375 0.8322688341140747
			vertex -119.13446807861328 858.6260986328125 0.9858886003494263
		endloop
	endfacet
	facet normal -0.6730225674521808 0.7396045527831302 -0.005072396134063077
		outer loop
			vertex -119.13446807861328 858.6260986328125 0.9858886003494263
			vertex -119.32795715332031 858.448974609375 0.8322688341140747
			vertex -119.1447982788086 858.6188354492188 1.2974916696548462
		endloop
	endfacet
	facet normal -0.7096008182452539 0.704568126324875 -0.007101697875960338
		outer loop
			vertex -119.13446807861328 858.6260986328125 0.9858886003494263
			vertex -119.1447982788086 858.6188354492188 1.2974916696548462
			vertex -119.02545166015625 858.7387084960938 1.2651430368423462
		endloop
	endfacet
	facet normal -0.7173687182676194 0.6916608817809211 -0.0835903503109759
		outer loop
			vertex -119.02545166015625 858.7387084960938 1.2651430368423462
			vertex -119.1447982788086 858.6188354492188 1.2974916696548462
			vertex -118.92143249511719 858.8789672851562 1.533013939857483
		endloop
	endfacet
	facet normal -0.6965694332482874 0.7072856930532241 -0.12057351726801574
		outer loop
			vertex -118.92143249511719 858.8789672851562 1.533013939857483
			vertex -119.1447982788086 858.6188354492188 1.2974916696548462
			vertex -118.97443389892578 858.86083984375 1.7328743934631348
		endloop
	endfacet
	facet normal -0.7481265505908833 0.6487141772102767 -0.13955852029661364
		outer loop
			vertex -118.92143249511719 858.8789672851562 1.533013939857483
			vertex -118.97443389892578 858.86083984375 1.7328743934631348
			vertex -118.82350158691406 859.0464477539062 1.7865437269210815
		endloop
	endfacet
	facet normal -0.7186695392761357 0.6532816992454857 -0.23819553889096567
		outer loop
			vertex -118.82350158691406 859.0464477539062 1.7865437269210815
			vertex -118.97443389892578 858.86083984375 1.7328743934631348
			vertex -118.82147979736328 859.1725463867188 2.1262853145599365
		endloop
	endfacet
	facet normal -0.7462678498927322 0.6254843122010284 -0.22771401232002617
		outer loop
			vertex -118.82350158691406 859.0464477539062 1.7865437269210815
			vertex -118.82147979736328 859.1725463867188 2.1262853145599365
			vertex -118.7327880859375 859.2406616210938 2.0227222442626953
		endloop
	endfacet
	facet normal -0.7709459683369703 0.5691126141117364 -0.2859250712404865
		outer loop
			vertex -118.7327880859375 859.2406616210938 2.0227222442626953
			vertex -118.82147979736328 859.1725463867188 2.1262853145599365
			vertex -118.65052795410156 859.460205078125 2.2379074096679688
		endloop
	endfacet
	facet normal -0.7367836823220973 0.5755446619747481 -0.3548212895758426
		outer loop
			vertex -118.65052795410156 859.460205078125 2.2379074096679688
			vertex -118.82147979736328 859.1725463867188 2.1262853145599365
			vertex -118.69065856933594 859.5486450195312 2.464694023132324
		endloop
	endfacet
	facet normal -0.7924947170024007 0.5075425364932257 -0.3381607564063397
		outer loop
			vertex -118.65052795410156 859.460205078125 2.2379074096679688
			vertex -118.69065856933594 859.5486450195312 2.464694023132324
			vertex -118.57742309570312 859.7022705078125 2.429896831512451
		endloop
	endfacet
	facet normal -0.7691010102514462 0.46840135733053073 -0.43483767601384515
		outer loop
			vertex -118.57742309570312 859.7022705078125 2.429896831512451
			vertex -118.69065856933594 859.5486450195312 2.464694023132324
			vertex -118.58489227294922 859.9774780273438 2.7395575046539307
		endloop
	endfacet
	facet normal -0.775179271046454 0.4628047194195475 -0.4300103364140007
		outer loop
			vertex -118.57742309570312 859.7022705078125 2.429896831512451
			vertex -118.58489227294922 859.9774780273438 2.7395575046539307
			vertex -118.51404571533203 859.9636840820312 2.596996545791626
		endloop
	endfacet
	facet normal -0.8137417824794003 0.378578381194303 -0.4410246260012582
		outer loop
			vertex -118.51404571533203 859.9636840820312 2.596996545791626
			vertex -118.58489227294922 859.9774780273438 2.7395575046539307
			vertex -118.46094512939453 860.2415161132812 2.7375125885009766
		endloop
	endfacet
	facet normal -0.7717233879238423 0.35819958839860133 -0.5254865054427367
		outer loop
			vertex -118.46094512939453 860.2415161132812 2.7375125885009766
			vertex -118.58489227294922 859.9774780273438 2.7395575046539307
			vertex -118.50648498535156 860.4465942382812 2.9441840648651123
		endloop
	endfacet
	facet normal -0.81997543906463 0.30564185042759273 -0.4839662577060148
		outer loop
			vertex -118.46094512939453 860.2415161132812 2.7375125885009766
			vertex -118.50648498535156 860.4465942382812 2.9441840648651123
			vertex -118.41867065429688 860.5326538085938 2.8497514724731445
		endloop
	endfacet
	facet normal -0.8083931613143943 0.23057897062760602 -0.5416030234816213
		outer loop
			vertex -118.41867065429688 860.5326538085938 2.8497514724731445
			vertex -118.50648498535156 860.4465942382812 2.9441840648651123
			vertex -118.38778686523438 860.8341674804688 2.9320192337036133
		endloop
	endfacet
	facet normal -0.7901335811568355 0.22407960722105622 -0.5705061380528098
		outer loop
			vertex -118.38778686523438 860.8341674804688 2.9320192337036133
			vertex -118.50648498535156 860.4465942382812 2.9441840648651123
			vertex -118.45774841308594 860.9435424804688 3.071873426437378
		endloop
	endfacet
	facet normal -0.8384714715474166 0.1378232242945842 -0.527228935327107
		outer loop
			vertex -118.38778686523438 860.8341674804688 2.9320192337036133
			vertex -118.45774841308594 860.9435424804688 3.071873426437378
			vertex -118.36885070800781 861.1429443359375 2.982621908187866
		endloop
	endfacet
	facet normal -0.762453714411395 0.05121322398745253 -0.6450128208563595
		outer loop
			vertex -118.36885070800781 861.1429443359375 2.982621908187866
			vertex -118.45774841308594 860.9435424804688 3.071873426437378
			vertex -118.36241149902344 861.4559936523438 2.999866008758545
		endloop
	endfacet
	facet normal -0.8275884978960145 0.07581163714375518 -0.5561922993208392
		outer loop
			vertex -118.36241149902344 861.4559936523438 2.999866008758545
			vertex -118.45774841308594 860.9435424804688 3.071873426437378
			vertex -118.5367431640625 860.93017578125 3.187592029571533
		endloop
	endfacet
	facet normal -0.8391691405398872 0.08652308474002006 -0.5369440467801262
		outer loop
			vertex -118.36241149902344 861.4559936523438 2.999866008758545
			vertex -118.5367431640625 860.93017578125 3.187592029571533
			vertex -118.6838150024414 861.1095581054688 3.446350574493408
		endloop
	endfacet
	facet normal -0.8181634996328476 0.1353224975080026 -0.5588347783886827
		outer loop
			vertex -118.6838150024414 861.1095581054688 3.446350574493408
			vertex -118.5367431640625 860.93017578125 3.187592029571533
			vertex -118.7047348022461 860.7671508789062 3.394063949584961
		endloop
	endfacet
	facet normal -0.8330787120144995 0.21069981846116903 -0.5114542463297115
		outer loop
			vertex -118.7047348022461 860.7671508789062 3.394063949584961
			vertex -118.5367431640625 860.93017578125 3.187592029571533
			vertex -118.58673858642578 860.419677734375 3.058720827102661
		endloop
	endfacet
	facet normal -0.8294594704537157 0.21561509625418335 -0.515273827340319
		outer loop
			vertex -118.7047348022461 860.7671508789062 3.394063949584961
			vertex -118.58673858642578 860.419677734375 3.058720827102661
			vertex -118.73887634277344 860.4318237304688 3.308706283569336
		endloop
	endfacet
	facet normal -0.808770295013551 0.29855191093001 -0.5067123112612653
		outer loop
			vertex -118.73887634277344 860.4318237304688 3.308706283569336
			vertex -118.58673858642578 860.419677734375 3.058720827102661
			vertex -118.78565979003906 860.1065673828125 3.1917388439178467
		endloop
	endfacet
	facet normal -0.8266939197370544 0.3323215620728348 -0.4540259270694305
		outer loop
			vertex -118.78565979003906 860.1065673828125 3.1917388439178467
			vertex -118.58673858642578 860.419677734375 3.058720827102661
			vertex -118.66719055175781 859.9368896484375 2.851834535598755
		endloop
	endfacet
	facet normal -0.803674374391849 0.3709605482000481 -0.4652910611917989
		outer loop
			vertex -118.78565979003906 860.1065673828125 3.1917388439178467
			vertex -118.66719055175781 859.9368896484375 2.851834535598755
			vertex -118.8445053100586 859.7945556640625 3.044623613357544
		endloop
	endfacet
	facet normal -0.7994241086024908 0.43582879011726794 -0.41349045973278736
		outer loop
			vertex -118.8445053100586 859.7945556640625 3.044623613357544
			vertex -118.66719055175781 859.9368896484375 2.851834535598755
			vertex -118.91482543945312 859.498779296875 2.8688220977783203
		endloop
	endfacet
	facet normal -0.8089364345025047 0.44221780392185916 -0.3873825742452843
		outer loop
			vertex -118.91482543945312 859.498779296875 2.8688220977783203
			vertex -118.66719055175781 859.9368896484375 2.851834535598755
			vertex -118.77578735351562 859.4943237304688 2.573395013809204
		endloop
	endfacet
	facet normal -0.7787593456418945 0.5035662764941229 -0.3741054487083195
		outer loop
			vertex -118.91482543945312 859.498779296875 2.8688220977783203
			vertex -118.77578735351562 859.4943237304688 2.573395013809204
			vertex -118.99604034423828 859.2223510742188 2.6657962799072266
		endloop
	endfacet
	facet normal -0.7885759903736647 0.5365368342001628 -0.30045986912175293
		outer loop
			vertex -118.99604034423828 859.2223510742188 2.6657962799072266
			vertex -118.77578735351562 859.4943237304688 2.573395013809204
			vertex -118.91017150878906 859.1044311523438 2.229856252670288
		endloop
	endfacet
	facet normal -0.7769877969817507 0.5521296691425913 -0.30239509221205757
		outer loop
			vertex -118.99604034423828 859.2223510742188 2.6657962799072266
			vertex -118.91017150878906 859.1044311523438 2.229856252670288
			vertex -119.08755493164062 858.96826171875 2.4370076656341553
		endloop
	endfacet
	facet normal -0.7550689042657774 0.6071544786787807 -0.2474558320815582
		outer loop
			vertex -119.08755493164062 858.96826171875 2.4370076656341553
			vertex -118.91017150878906 859.1044311523438 2.229856252670288
			vertex -119.18863677978516 858.7395629882812 2.184309244155884
		endloop
	endfacet
	facet normal -0.7678889175723557 0.6103317731897221 -0.19452952707660023
		outer loop
			vertex -119.18863677978516 858.7395629882812 2.184309244155884
			vertex -118.91017150878906 859.1044311523438 2.229856252670288
			vertex -119.06739807128906 858.7789916992188 1.8294363021850586
		endloop
	endfacet
	facet normal -0.7403169622561279 0.6474368037779898 -0.18098723852691853
		outer loop
			vertex -119.18863677978516 858.7395629882812 2.184309244155884
			vertex -119.06739807128906 858.7789916992188 1.8294363021850586
			vertex -119.2979965209961 858.5380859375 1.9109044075012207
		endloop
	endfacet
	facet normal -0.7350319046431454 0.6712630275544529 -0.09557220827782487
		outer loop
			vertex -119.2979965209961 858.5380859375 1.9109044075012207
			vertex -119.06739807128906 858.7789916992188 1.8294363021850586
			vertex -119.2426986694336 858.5237426757812 1.3848750591278076
		endloop
	endfacet
	facet normal -0.7438355394652484 0.6613990664009013 -0.09622871293153286
		outer loop
			vertex -119.2979965209961 858.5380859375 1.9109044075012207
			vertex -119.2426986694336 858.5237426757812 1.3848750591278076
			vertex -119.41445922851562 858.36474609375 1.6197469234466553
		endloop
	endfacet
	facet normal -0.7114934524673405 0.7012098296164391 -0.04562720619749466
		outer loop
			vertex -119.41445922851562 858.36474609375 1.6197469234466553
			vertex -119.2426986694336 858.5237426757812 1.3848750591278076
			vertex -119.53685760498047 858.2206420898438 1.3137562274932861
		endloop
	endfacet
	facet normal -0.7197996330457519 0.6938966979761341 0.019896251029242838
		outer loop
			vertex -119.53685760498047 858.2206420898438 1.3137562274932861
			vertex -119.2426986694336 858.5237426757812 1.3848750591278076
			vertex -119.43138885498047 858.3416748046875 0.9082610607147217
		endloop
	endfacet
	facet normal -0.705025544059671 0.7086236109729327 0.02813467957960147
		outer loop
			vertex -119.53685760498047 858.2206420898438 1.3137562274932861
			vertex -119.43138885498047 858.3416748046875 0.9082610607147217
			vertex -119.66401672363281 858.1067504882812 0.995851457118988
		endloop
	endfacet
	facet normal -0.6896285473694458 0.7180100475996346 0.09420211355950905
		outer loop
			vertex -119.66401672363281 858.1067504882812 0.995851457118988
			vertex -119.43138885498047 858.3416748046875 0.9082610607147217
			vertex -119.7947769165039 858.0240478515625 0.6689518094062805
		endloop
	endfacet
	facet normal -0.6991224910899915 0.7034652492477751 0.1279233581207539
		outer loop
			vertex -119.7947769165039 858.0240478515625 0.6689518094062805
			vertex -119.43138885498047 858.3416748046875 0.9082610607147217
			vertex -119.62881469726562 858.2357788085938 0.41163015365600586
		endloop
	endfacet
	facet normal -0.6733717444028113 0.7218570731808883 0.15966483563589237
		outer loop
			vertex -119.7947769165039 858.0240478515625 0.6689518094062805
			vertex -119.62881469726562 858.2357788085938 0.41163015365600586
			vertex -119.92797088623047 857.9734497070312 0.33597663044929504
		endloop
	endfacet
	facet normal -0.6738353770904348 0.7015998525361407 0.23174022417926796
		outer loop
			vertex -119.92797088623047 857.9734497070312 0.33597663044929504
			vertex -119.62881469726562 858.2357788085938 0.41163015365600586
			vertex -119.830322265625 858.2089233398438 -0.09299150109291077
		endloop
	endfacet
	facet normal -0.6724552188847115 0.7026318393006442 0.23262088684318222
		outer loop
			vertex -119.92797088623047 857.9734497070312 0.33597663044929504
			vertex -119.830322265625 858.2089233398438 -0.09299150109291077
			vertex -120.06242370605469 857.9560546875 -0.0001548617728985846
		endloop
	endfacet
	facet normal -0.6479429855477973 0.7026646949327644 0.2939935611105321
		outer loop
			vertex -120.06242370605469 857.9560546875 -0.0001548617728985846
			vertex -119.830322265625 858.2089233398438 -0.09299150109291077
			vertex -120.1969223022461 857.9727172851562 -0.3364059031009674
		endloop
	endfacet
	facet normal -0.6578227785298918 0.6734717627473559 0.33720168568555886
		outer loop
			vertex -120.1969223022461 857.9727172851562 -0.3364059031009674
			vertex -119.830322265625 858.2089233398438 -0.09299150109291077
			vertex -120.0310287475586 858.2633056640625 -0.5931499004364014
		endloop
	endfacet
	facet normal -0.6384603885367622 0.6811271440596328 0.3583771001259078
		outer loop
			vertex -120.1969223022461 857.9727172851562 -0.3364059031009674
			vertex -120.0310287475586 858.2633056640625 -0.5931499004364014
			vertex -120.33012390136719 858.0230712890625 -0.6694110631942749
		endloop
	endfacet
	facet normal -0.6294284103380579 0.6470596571903251 0.4302716308287644
		outer loop
			vertex -120.33012390136719 858.0230712890625 -0.6694110631942749
			vertex -120.0310287475586 858.2633056640625 -0.5931499004364014
			vertex -120.22602081298828 858.395263671875 -1.0768402814865112
		endloop
	endfacet
	facet normal -0.6439258635506437 0.6396385423566513 0.4197880624582077
		outer loop
			vertex -120.33012390136719 858.0230712890625 -0.6694110631942749
			vertex -120.22602081298828 858.395263671875 -1.0768402814865112
			vertex -120.46086120605469 858.10595703125 -0.9962475299835205
		endloop
	endfacet
	facet normal -0.6150377073230935 0.6309743660528456 0.4728635828174573
		outer loop
			vertex -120.46086120605469 858.10595703125 -0.9962475299835205
			vertex -120.22602081298828 858.395263671875 -1.0768402814865112
			vertex -120.58797454833984 858.22021484375 -1.3140416145324707
		endloop
	endfacet
	facet normal -0.6225011410830247 0.5892657387078769 0.5150322499954664
		outer loop
			vertex -120.58797454833984 858.22021484375 -1.3140416145324707
			vertex -120.22602081298828 858.395263671875 -1.0768402814865112
			vertex -120.41097259521484 858.5992431640625 -1.5337647199630737
		endloop
	endfacet
	facet normal -0.6134682380141803 0.590477008915141 0.5243983437143999
		outer loop
			vertex -120.58797454833984 858.22021484375 -1.3140416145324707
			vertex -120.41097259521484 858.5992431640625 -1.5337647199630737
			vertex -120.7103271484375 858.36474609375 -1.6199194192886353
		endloop
	endfacet
	facet normal -0.6012584501007311 0.5570974612856907 0.57282693268692
		outer loop
			vertex -120.7103271484375 858.36474609375 -1.6199194192886353
			vertex -120.41097259521484 858.5992431640625 -1.5337647199630737
			vertex -120.8267593383789 858.5383911132812 -1.9110074043273926
		endloop
	endfacet
	facet normal -0.6115238633498951 0.5286093578902095 0.5887365381089571
		outer loop
			vertex -120.8267593383789 858.5383911132812 -1.9110074043273926
			vertex -120.41097259521484 858.5992431640625 -1.5337647199630737
			vertex -120.58158111572266 858.8695678710938 -1.9536933898925781
		endloop
	endfacet
	facet normal -0.5915567456954337 0.5176204792269291 0.6181663660432459
		outer loop
			vertex -120.8267593383789 858.5383911132812 -1.9110074043273926
			vertex -120.58158111572266 858.8695678710938 -1.9536933898925781
			vertex -120.9361343383789 858.7399291992188 -2.184431791305542
		endloop
	endfacet
	facet normal -0.5960958836515146 0.4639906920565798 0.6552727181705158
		outer loop
			vertex -120.9361343383789 858.7399291992188 -2.184431791305542
			vertex -120.58158111572266 858.8695678710938 -1.9536933898925781
			vertex -120.73355102539062 859.20068359375 -2.3263981342315674
		endloop
	endfacet
	facet normal -0.5947169513114294 0.4638095317803502 0.6566524697680893
		outer loop
			vertex -120.9361343383789 858.7399291992188 -2.184431791305542
			vertex -120.73355102539062 859.20068359375 -2.3263981342315674
			vertex -121.03728485107422 858.96826171875 -2.4373185634613037
		endloop
	endfacet
	facet normal -0.5781215797549999 0.4223136663375002 0.698159441851331
		outer loop
			vertex -121.03728485107422 858.96826171875 -2.4373185634613037
			vertex -120.73355102539062 859.20068359375 -2.3263981342315674
			vertex -121.12904357910156 859.2218627929688 -2.66670298576355
		endloop
	endfacet
	facet normal -0.5903118321768961 0.3840678769403305 0.7099463407149187
		outer loop
			vertex -121.12904357910156 859.2218627929688 -2.66670298576355
			vertex -120.73355102539062 859.20068359375 -2.3263981342315674
			vertex -120.86272430419922 859.5857543945312 -2.642120361328125
		endloop
	endfacet
	facet normal -0.5730961444689578 0.37003334228676704 0.7311881664735145
		outer loop
			vertex -121.12904357910156 859.2218627929688 -2.66670298576355
			vertex -120.86272430419922 859.5857543945312 -2.642120361328125
			vertex -121.21046447753906 859.4979858398438 -2.870257616043091
		endloop
	endfacet
	facet normal -0.5750054912843708 0.3078612186581848 0.7580172524679876
		outer loop
			vertex -121.21046447753906 859.4979858398438 -2.870257616043091
			vertex -120.86272430419922 859.5857543945312 -2.642120361328125
			vertex -120.96640014648438 860.014404296875 -2.894857168197632
		endloop
	endfacet
	facet normal -0.580616096545694 0.3102616265712599 0.7527434300672425
		outer loop
			vertex -121.21046447753906 859.4979858398438 -2.870257616043091
			vertex -120.96640014648438 860.014404296875 -2.894857168197632
			vertex -121.28093719482422 859.7935791015625 -3.0464515686035156
		endloop
	endfacet
	facet normal -0.5627215243392051 0.26368399837686163 0.7834636143723285
		outer loop
			vertex -121.28093719482422 859.7935791015625 -3.0464515686035156
			vertex -120.96640014648438 860.014404296875 -2.894857168197632
			vertex -121.3398666381836 860.1055297851562 -3.193768262863159
		endloop
	endfacet
	facet normal -0.5759889292041912 0.22098180324938543 0.7870221064664318
		outer loop
			vertex -121.3398666381836 860.1055297851562 -3.193768262863159
			vertex -120.96640014648438 860.014404296875 -2.894857168197632
			vertex -121.04264068603516 860.47607421875 -3.0802831649780273
		endloop
	endfacet
	facet normal -0.5631253536255191 0.20665357414235758 0.8001150769722588
		outer loop
			vertex -121.3398666381836 860.1055297851562 -3.193768262863159
			vertex -121.04264068603516 860.47607421875 -3.0802831649780273
			vertex -121.38663482666016 860.4307861328125 -3.3106911182403564
		endloop
	endfacet
	facet normal -0.5637548884570199 0.14869582658499517 0.8124469071250244
		outer loop
			vertex -121.38663482666016 860.4307861328125 -3.3106911182403564
			vertex -121.04264068603516 860.47607421875 -3.0802831649780273
			vertex -121.42063903808594 860.766357421875 -3.3957035541534424
		endloop
	endfacet
	facet normal -0.5717267403700621 0.13487591518375439 0.8092817938451157
		outer loop
			vertex -121.42063903808594 860.766357421875 -3.3957035541534424
			vertex -121.04264068603516 860.47607421875 -3.0802831649780273
			vertex -121.08952331542969 860.9601440429688 -3.194079637527466
		endloop
	endfacet
	facet normal -0.5561757712727847 0.09081931917539302 0.8260873820084902
		outer loop
			vertex -121.42063903808594 860.766357421875 -3.3957035541534424
			vertex -121.08952331542969 860.9601440429688 -3.194079637527466
			vertex -121.44127655029297 861.1091918945312 -3.447288990020752
		endloop
	endfacet
	facet normal -0.5710960822678581 0.04469743357957771 0.8196654221386329
		outer loop
			vertex -121.44127655029297 861.1091918945312 -3.447288990020752
			vertex -121.08952331542969 860.9601440429688 -3.194079637527466
			vertex -121.10514831542969 861.4558715820312 -3.231998920440674
		endloop
	endfacet
	facet normal -0.5602497240352303 0.02912233499834266 0.8278116551019881
		outer loop
			vertex -121.44127655029297 861.1091918945312 -3.447288990020752
			vertex -121.10514831542969 861.4558715820312 -3.231998920440674
			vertex -121.44795989990234 861.455810546875 -3.464006185531616
		endloop
	endfacet
	facet normal -0.5601993105276134 -0.031645746449253456 0.8277531511362891
		outer loop
			vertex -121.44795989990234 861.455810546875 -3.464006185531616
			vertex -121.10514831542969 861.4558715820312 -3.231998920440674
			vertex -121.4406967163086 861.8021850585938 -3.4458484649658203
		endloop
	endfacet
	facet normal -0.5703218162596476 -0.04616521207028202 0.8201230389964684
		outer loop
			vertex -121.4406967163086 861.8021850585938 -3.4458484649658203
			vertex -121.10514831542969 861.4558715820312 -3.231998920440674
			vertex -121.08897399902344 861.9514770507812 -3.1928532123565674
		endloop
	endfacet
	facet normal -0.5555757711338634 -0.09155906717685323 0.8264094020197965
		outer loop
			vertex -121.4406967163086 861.8021850585938 -3.4458484649658203
			vertex -121.08897399902344 861.9514770507812 -3.1928532123565674
			vertex -121.41992950439453 862.1448974609375 -3.3939175605773926
		endloop
	endfacet
	facet normal -0.5707579656168302 -0.13457953113389692 0.8100146260930835
		outer loop
			vertex -121.41992950439453 862.1448974609375 -3.3939175605773926
			vertex -121.08897399902344 861.9514770507812 -3.1928532123565674
			vertex -121.04228210449219 862.4357299804688 -3.0794968605041504
		endloop
	endfacet
	facet normal -0.5629660730308266 -0.14804619513090717 0.8131122460789233
		outer loop
			vertex -121.41992950439453 862.1448974609375 -3.3939175605773926
			vertex -121.04228210449219 862.4357299804688 -3.0794968605041504
			vertex -121.38609313964844 862.4807739257812 -3.3093364238739014
		endloop
	endfacet
	facet normal -0.5623656533382816 -0.2053641192602539 0.8009809301511914
		outer loop
			vertex -121.38609313964844 862.4807739257812 -3.3093364238739014
			vertex -121.04228210449219 862.4357299804688 -3.0794968605041504
			vertex -121.33965301513672 862.8064575195312 -3.1932287216186523
		endloop
	endfacet
	facet normal -0.5755318236384424 -0.22002238120546833 0.787625083239535
		outer loop
			vertex -121.33965301513672 862.8064575195312 -3.1932287216186523
			vertex -121.04228210449219 862.4357299804688 -3.0794968605041504
			vertex -120.96647644042969 862.897705078125 -2.895051956176758
		endloop
	endfacet
	facet normal -0.5624296177159639 -0.2622570303671253 0.784151882698047
		outer loop
			vertex -121.33965301513672 862.8064575195312 -3.1932287216186523
			vertex -120.96647644042969 862.897705078125 -2.895051956176758
			vertex -121.28104400634766 863.1188354492188 -3.046717882156372
		endloop
	endfacet
	facet normal -0.579071971053972 -0.3052598654028028 0.7559709431677455
		outer loop
			vertex -121.28104400634766 863.1188354492188 -3.046717882156372
			vertex -120.96647644042969 862.897705078125 -2.895051956176758
			vertex -120.86295318603516 863.326416015625 -2.6426405906677246
		endloop
	endfacet
	facet normal -0.5753112354077301 -0.31259159058414066 0.7558462012272793
		outer loop
			vertex -121.28104400634766 863.1188354492188 -3.046717882156372
			vertex -120.86295318603516 863.326416015625 -2.6426405906677246
			vertex -121.21073150634766 863.4144897460938 -2.870927333831787
		endloop
	endfacet
	facet normal -0.5734432746720589 -0.3706669212494876 0.7305948564182557
		outer loop
			vertex -121.21073150634766 863.4144897460938 -2.870927333831787
			vertex -120.86295318603516 863.326416015625 -2.6426405906677246
			vertex -121.12915802001953 863.6902465820312 -2.6669952869415283
		endloop
	endfacet
	facet normal -0.5907889163508921 -0.3847933464188801 0.7091562147148528
		outer loop
			vertex -121.12915802001953 863.6902465820312 -2.6669952869415283
			vertex -120.86295318603516 863.326416015625 -2.6426405906677246
			vertex -120.73344421386719 863.7109375 -2.326104164123535
		endloop
	endfacet
	facet normal -0.578511150915259 -0.4232965114114354 0.6972409280109788
		outer loop
			vertex -121.12915802001953 863.6902465820312 -2.6669952869415283
			vertex -120.73344421386719 863.7109375 -2.326104164123535
			vertex -121.03720092773438 863.9432373046875 -2.437105894088745
		endloop
	endfacet
	facet normal -0.5946747405848714 -0.46380808922437977 0.6566917155563528
		outer loop
			vertex -121.03720092773438 863.9432373046875 -2.437105894088745
			vertex -120.73344421386719 863.7109375 -2.326104164123535
			vertex -120.93603515625 864.171630859375 -2.1841843128204346
		endloop
	endfacet
	facet normal -0.5956428728334391 -0.4639355723165663 0.6557235338021867
		outer loop
			vertex -120.93603515625 864.171630859375 -2.1841843128204346
			vertex -120.73344421386719 863.7109375 -2.326104164123535
			vertex -120.5815200805664 864.0424194335938 -1.9535709619522095
		endloop
	endfacet
	facet normal -0.5911464126705636 -0.5169924673521772 0.6190837645164278
		outer loop
			vertex -120.93603515625 864.171630859375 -2.1841843128204346
			vertex -120.5815200805664 864.0424194335938 -1.9535709619522095
			vertex -120.82674407958984 864.3738403320312 -1.9109615087509155
		endloop
	endfacet
	facet normal -0.6108993929139699 -0.5278743644789694 0.5900428688351951
		outer loop
			vertex -120.82674407958984 864.3738403320312 -1.9109615087509155
			vertex -120.5815200805664 864.0424194335938 -1.9535709619522095
			vertex -120.41116333007812 864.3138427734375 -1.5343670845031738
		endloop
	endfacet
	facet normal -0.600618655016002 -0.5564261614680641 0.5741490730469612
		outer loop
			vertex -120.82674407958984 864.3738403320312 -1.9109615087509155
			vertex -120.41116333007812 864.3138427734375 -1.5343670845031738
			vertex -120.7104263305664 864.54833984375 -1.6201682090759277
		endloop
	endfacet
	facet normal -0.6129816108255097 -0.5900049555073609 0.5254975711328459
		outer loop
			vertex -120.7104263305664 864.54833984375 -1.6201682090759277
			vertex -120.41116333007812 864.3138427734375 -1.5343670845031738
			vertex -120.58817291259766 864.6935424804688 -1.3145352602005005
		endloop
	endfacet
	facet normal -0.6224874421799987 -0.588736904194059 0.515653218712148
		outer loop
			vertex -120.58817291259766 864.6935424804688 -1.3145352602005005
			vertex -120.41116333007812 864.3138427734375 -1.5343670845031738
			vertex -120.22634887695312 864.518310546875 -1.077815294265747
		endloop
	endfacet
	facet normal -0.6150222598953379 -0.6308180108741114 0.473092228841334
		outer loop
			vertex -120.58817291259766 864.6935424804688 -1.3145352602005005
			vertex -120.22634887695312 864.518310546875 -1.077815294265747
			vertex -120.46107482910156 864.8079223632812 -0.9967937469482422
		endloop
	endfacet
	facet normal -0.6389544246729251 -0.6380649601628344 0.42966306543999316
		outer loop
			vertex -120.46107482910156 864.8079223632812 -0.9967937469482422
			vertex -120.22634887695312 864.518310546875 -1.077815294265747
			vertex -120.03113555908203 864.6489868164062 -0.5934535264968872
		endloop
	endfacet
	facet normal -0.6323534839965588 -0.6530475020586581 0.41672296712847606
		outer loop
			vertex -120.46107482910156 864.8079223632812 -0.9967937469482422
			vertex -120.03113555908203 864.6489868164062 -0.5934535264968872
			vertex -120.33024597167969 864.8899536132812 -0.669717013835907
		endloop
	endfacet
	facet normal -0.6396159371859493 -0.6812666579524019 0.35604380862487245
		outer loop
			vertex -120.33024597167969 864.8899536132812 -0.669717013835907
			vertex -120.03113555908203 864.6489868164062 -0.5934535264968872
			vertex -120.19694519042969 864.93896484375 -0.3364686369895935
		endloop
	endfacet
	facet normal -0.6581408977758738 -0.6738819079176547 0.33575844420658824
		outer loop
			vertex -120.19694519042969 864.93896484375 -0.3364686369895935
			vertex -120.03113555908203 864.6489868164062 -0.5934535264968872
			vertex -119.83025360107422 864.7022705078125 -0.09274967014789581
		endloop
	endfacet
	facet normal -0.6483678861918418 -0.7026325830306149 0.29313228655139484
		outer loop
			vertex -120.19694519042969 864.93896484375 -0.3364686369895935
			vertex -119.83025360107422 864.7022705078125 -0.09274967014789581
			vertex -120.06242370605469 864.9551391601562 -0.00015627322136424482
		endloop
	endfacet
	facet normal -0.6718466233165427 -0.7026516494709306 0.23431341027337763
		outer loop
			vertex -120.06242370605469 864.9551391601562 -0.00015627322136424482
			vertex -119.83025360107422 864.7022705078125 -0.09274967014789581
			vertex -119.92789459228516 864.9386596679688 0.3361607491970062
		endloop
	endfacet
	facet normal -0.6724908768732942 -0.7021721043085092 0.23390245072069663
		outer loop
			vertex -119.92789459228516 864.9386596679688 0.3361607491970062
			vertex -119.83025360107422 864.7022705078125 -0.09274967014789581
			vertex -119.62867736816406 864.6773071289062 0.4118606448173523
		endloop
	endfacet
	facet normal -0.6720964076244091 -0.7224501055765554 0.16233380366019945
		outer loop
			vertex -119.92789459228516 864.9386596679688 0.3361607491970062
			vertex -119.62867736816406 864.6773071289062 0.4118606448173523
			vertex -119.79458618164062 864.8895263671875 0.6694231033325195
		endloop
	endfacet
	facet normal -0.6980993121410315 -0.704025804208202 0.1304032875245608
		outer loop
			vertex -119.79458618164062 864.8895263671875 0.6694231033325195
			vertex -119.62867736816406 864.6773071289062 0.4118606448173523
			vertex -119.43112182617188 864.5734252929688 0.9086111187934875
		endloop
	endfacet
	facet normal -0.6884867756798463 -0.7188374811204441 0.09622180340434364
		outer loop
			vertex -119.79458618164062 864.8895263671875 0.6694231033325195
			vertex -119.43112182617188 864.5734252929688 0.9086111187934875
			vertex -119.66372680664062 864.8079833984375 0.9965714812278748
		endloop
	endfacet
	facet normal -0.7045007894795942 -0.7091491215965886 0.028038562042576546
		outer loop
			vertex -119.66372680664062 864.8079833984375 0.9965714812278748
			vertex -119.43112182617188 864.5734252929688 0.9086111187934875
			vertex -119.53655242919922 864.6942138671875 1.314522385597229
		endloop
	endfacet
	facet normal -0.720459402503779 -0.693232467488483 0.019157123054547733
		outer loop
			vertex -119.53655242919922 864.6942138671875 1.314522385597229
			vertex -119.43112182617188 864.5734252929688 0.9086111187934875
			vertex -119.24250030517578 864.3905639648438 1.3851304054260254
		endloop
	endfacet
	facet normal -0.7120159333816914 -0.7005550277017599 -0.047496986982178434
		outer loop
			vertex -119.53655242919922 864.6942138671875 1.314522385597229
			vertex -119.24250030517578 864.3905639648438 1.3851304054260254
			vertex -119.41426086425781 864.5491943359375 1.620239019393921
		endloop
	endfacet
	facet normal -0.741253490359091 -0.6647491297478622 -0.09301536179537866
		outer loop
			vertex -119.41426086425781 864.5491943359375 1.620239019393921
			vertex -119.24250030517578 864.3905639648438 1.3851304054260254
			vertex -119.06742095947266 864.1331787109375 1.8293414115905762
		endloop
	endfacet
	facet normal -0.73679901605709 -0.6677054423036352 -0.1062857104949267
		outer loop
			vertex -119.41426086425781 864.5491943359375 1.620239019393921
			vertex -119.06742095947266 864.1331787109375 1.8293414115905762
			vertex -119.29795837402344 864.3745727539062 1.9110045433044434
		endloop
	endfacet
	facet normal -0.741139019181793 -0.6460858243169318 -0.18244468165161887
		outer loop
			vertex -119.29795837402344 864.3745727539062 1.9110045433044434
			vertex -119.06742095947266 864.1331787109375 1.8293414115905762
			vertex -119.18870544433594 864.172119140625 2.1841328144073486
		endloop
	endfacet
	facet normal -0.7676189711311011 -0.610388551948454 -0.19541476609995315
		outer loop
			vertex -119.18870544433594 864.172119140625 2.1841328144073486
			vertex -119.06742095947266 864.1331787109375 1.8293414115905762
			vertex -118.91017150878906 863.8071899414062 2.2298851013183594
		endloop
	endfacet
	facet normal -0.7550422961599718 -0.6072841608800685 -0.2472186864977414
		outer loop
			vertex -119.18870544433594 864.172119140625 2.1841328144073486
			vertex -118.91017150878906 863.8071899414062 2.2298851013183594
			vertex -119.08758544921875 863.9434814453125 2.4369380474090576
		endloop
	endfacet
	facet normal -0.776248205248157 -0.5543432000199584 -0.30023714034184323
		outer loop
			vertex -119.08758544921875 863.9434814453125 2.4369380474090576
			vertex -118.91017150878906 863.8071899414062 2.2298851013183594
			vertex -118.99566650390625 863.6903076171875 2.666733980178833
		endloop
	endfacet
	facet normal -0.7874310836698623 -0.5393522977714679 -0.29841479078481453
		outer loop
			vertex -118.99566650390625 863.6903076171875 2.666733980178833
			vertex -118.91017150878906 863.8071899414062 2.2298851013183594
			vertex -118.77513122558594 863.4190063476562 2.5751521587371826
		endloop
	endfacet
	facet normal -0.7776750360559754 -0.5064040776142591 -0.3725271110550063
		outer loop
			vertex -118.99566650390625 863.6903076171875 2.666733980178833
			vertex -118.77513122558594 863.4190063476562 2.5751521587371826
			vertex -118.91397094726562 863.4146118164062 2.8709630966186523
		endloop
	endfacet
	facet normal -0.8082388165111156 -0.44473348653076306 -0.38595613927349665
		outer loop
			vertex -118.91397094726562 863.4146118164062 2.8709630966186523
			vertex -118.77513122558594 863.4190063476562 2.5751521587371826
			vertex -118.66593170166016 862.9774780273438 2.8552439212799072
		endloop
	endfacet
	facet normal -0.798538811265927 -0.43827069973385424 -0.4126191472251359
		outer loop
			vertex -118.91397094726562 863.4146118164062 2.8709630966186523
			vertex -118.66593170166016 862.9774780273438 2.8552439212799072
			vertex -118.84326934814453 863.119384765625 3.047715425491333
		endloop
	endfacet
	facet normal -0.8030077466529543 -0.37223849768915523 -0.4654213785952098
		outer loop
			vertex -118.84326934814453 863.119384765625 3.047715425491333
			vertex -118.66593170166016 862.9774780273438 2.8552439212799072
			vertex -118.78424835205078 862.8075561523438 3.1952812671661377
		endloop
	endfacet
	facet normal -0.8267489092299158 -0.33247636514794887 -0.45381241466618394
		outer loop
			vertex -118.78424835205078 862.8075561523438 3.1952812671661377
			vertex -118.66593170166016 862.9774780273438 2.8552439212799072
			vertex -118.58541107177734 862.49462890625 3.0623021125793457
		endloop
	endfacet
	facet normal -0.8083755878751588 -0.29788875547936544 -0.507731423378981
		outer loop
			vertex -118.78424835205078 862.8075561523438 3.1952812671661377
			vertex -118.58541107177734 862.49462890625 3.0623021125793457
			vertex -118.73757934570312 862.4820556640625 3.311950922012329
		endloop
	endfacet
	facet normal -0.8295928795620023 -0.21247515738211237 -0.5163622388163872
		outer loop
			vertex -118.73757934570312 862.4820556640625 3.311950922012329
			vertex -118.58541107177734 862.49462890625 3.0623021125793457
			vertex -118.70390319824219 862.14599609375 3.396129846572876
		endloop
	endfacet
	facet normal -0.8335331908775764 -0.20712502960611684 -0.512173448956612
		outer loop
			vertex -118.70390319824219 862.14599609375 3.396129846572876
			vertex -118.58541107177734 862.49462890625 3.0623021125793457
			vertex -118.53616333007812 861.9827270507812 3.189169406890869
		endloop
	endfacet
	facet normal -0.8183219034161207 -0.13148135647529496 -0.5595193609597738
		outer loop
			vertex -118.70390319824219 862.14599609375 3.396129846572876
			vertex -118.53616333007812 861.9827270507812 3.189169406890869
			vertex -118.68354797363281 861.802734375 3.4470224380493164
		endloop
	endfacet
	facet normal -0.8543872544560523 -0.04233978882862285 -0.5179090284065305
		outer loop
			vertex -118.68354797363281 861.802734375 3.4470224380493164
			vertex -118.53616333007812 861.9827270507812 3.189169406890869
			vertex -118.67671966552734 861.4559936523438 3.464104413986206
		endloop
	endfacet
	facet normal -0.8272013733509269 0.04564279999745462 -0.5600487681753553
		outer loop
			vertex -118.6838150024414 861.1095581054688 3.446350574493408
			vertex -118.67671966552734 861.4559936523438 3.464104413986206
			vertex -118.36241149902344 861.4559936523438 2.999866008758545
		endloop
	endfacet
	facet normal -0.838485109649393 -0.13339452228753515 -0.5283451734613703
		outer loop
			vertex -118.38699340820312 862.079345703125 2.93435001373291
			vertex -118.36859130859375 861.7694702148438 2.983381986618042
			vertex -118.4571762084961 861.9693603515625 3.0734989643096924
		endloop
	endfacet
	facet normal -0.8043903898252107 -0.3455081038297098 -0.4833014079690275
		outer loop
			vertex -118.5836410522461 862.9370727539062 2.7430567741394043
			vertex -118.50517272949219 862.4678955078125 2.9478676319122314
			vertex -118.58541107177734 862.49462890625 3.0623021125793457
		endloop
	endfacet
	facet normal -0.8229071667739825 -0.21001000758126095 -0.527939003662105
		outer loop
			vertex -118.58541107177734 862.49462890625 3.0623021125793457
			vertex -118.50517272949219 862.4678955078125 2.9478676319122314
			vertex -118.53616333007812 861.9827270507812 3.189169406890869
		endloop
	endfacet
	facet normal -0.7864681390757197 -0.46123750011710135 -0.4107649385043734
		outer loop
			vertex -118.69001007080078 863.36474609375 2.466491937637329
			vertex -118.5836410522461 862.9370727539062 2.7430567741394043
			vertex -118.66593170166016 862.9774780273438 2.8552439212799072
		endloop
	endfacet
	facet normal -0.8126793280570946 -0.3388215546685834 -0.4740804402637105
		outer loop
			vertex -118.66593170166016 862.9774780273438 2.8552439212799072
			vertex -118.5836410522461 862.9370727539062 2.7430567741394043
			vertex -118.58541107177734 862.49462890625 3.0623021125793457
		endloop
	endfacet
	facet normal -0.7648046836351622 -0.55925387108313 -0.319857630154814
		outer loop
			vertex -118.82147216796875 863.7390747070312 2.1263346672058105
			vertex -118.69001007080078 863.36474609375 2.466491937637329
			vertex -118.77513122558594 863.4190063476562 2.5751521587371826
		endloop
	endfacet
	facet normal -0.7979350318604738 -0.4510080279105404 -0.39986428158822823
		outer loop
			vertex -118.77513122558594 863.4190063476562 2.5751521587371826
			vertex -118.69001007080078 863.36474609375 2.466491937637329
			vertex -118.66593170166016 862.9774780273438 2.8552439212799072
		endloop
	endfacet
	facet normal -0.7409025433535907 -0.6357860030877854 -0.21642453541555604
		outer loop
			vertex -118.97445678710938 864.0513305664062 1.7327507734298706
			vertex -118.82147216796875 863.7390747070312 2.1263346672058105
			vertex -118.91017150878906 863.8071899414062 2.2298851013183594
		endloop
	endfacet
	facet normal -0.7792011759241161 -0.5455419863596612 -0.30859272278722005
		outer loop
			vertex -118.91017150878906 863.8071899414062 2.2298851013183594
			vertex -118.82147216796875 863.7390747070312 2.1263346672058105
			vertex -118.77513122558594 863.4190063476562 2.5751521587371826
		endloop
	endfacet
	facet normal -0.7170120885755448 -0.6889022539090732 -0.10633602115715113
		outer loop
			vertex -119.14460754394531 864.2955932617188 1.2975927591323853
			vertex -118.97445678710938 864.0513305664062 1.7327507734298706
			vertex -119.06742095947266 864.1331787109375 1.8293414115905762
		endloop
	endfacet
	facet normal -0.7583318371302471 -0.618559508454561 -0.2057108633376381
		outer loop
			vertex -119.06742095947266 864.1331787109375 1.8293414115905762
			vertex -118.97445678710938 864.0513305664062 1.7327507734298706
			vertex -118.91017150878906 863.8071899414062 2.2298851013183594
		endloop
	endfacet
	facet normal -0.6925953797033059 -0.7212819073120983 0.008003136751009322
		outer loop
			vertex -119.32770538330078 864.4662475585938 0.8324175477027893
			vertex -119.14460754394531 864.2955932617188 1.2975927591323853
			vertex -119.24250030517578 864.3905639648438 1.3851304054260254
		endloop
	endfacet
	facet normal -0.736545797428144 -0.6693206985182931 -0.09751969455409357
		outer loop
			vertex -119.24250030517578 864.3905639648438 1.3851304054260254
			vertex -119.14460754394531 864.2955932617188 1.2975927591323853
			vertex -119.06742095947266 864.1331787109375 1.8293414115905762
		endloop
	endfacet
	facet normal -0.6687272720904891 -0.7331555412358276 0.12363975055625827
		outer loop
			vertex -119.51918029785156 864.5594482421875 0.3494507074356079
			vertex -119.32770538330078 864.4662475585938 0.8324175477027893
			vertex -119.43112182617188 864.5734252929688 0.9086111187934875
		endloop
	endfacet
	facet normal -0.7144323278079202 -0.6995574974438054 0.014344223684707157
		outer loop
			vertex -119.43112182617188 864.5734252929688 0.9086111187934875
			vertex -119.32770538330078 864.4662475585938 0.8324175477027893
			vertex -119.24250030517578 864.3905639648438 1.3851304054260254
		endloop
	endfacet
	facet normal -0.6473645032924946 -0.7253614863804474 0.2340297287799347
		outer loop
			vertex -119.71417236328125 864.5758666992188 -0.13904118537902832
			vertex -119.51918029785156 864.5594482421875 0.3494507074356079
			vertex -119.62867736816406 864.6773071289062 0.4118606448173523
		endloop
	endfacet
	facet normal -0.6923333399087973 -0.7103516929057933 0.1267872976153508
		outer loop
			vertex -119.62867736816406 864.6773071289062 0.4118606448173523
			vertex -119.51918029785156 864.5594482421875 0.3494507074356079
			vertex -119.43112182617188 864.5734252929688 0.9086111187934875
		endloop
	endfacet
	facet normal -0.6281636637593424 -0.7007275551591567 0.3382178365685507
		outer loop
			vertex -119.90813446044922 864.5167846679688 -0.6216897368431091
			vertex -119.71417236328125 864.5758666992188 -0.13904118537902832
			vertex -119.83025360107422 864.7022705078125 -0.09274967014789581
		endloop
	endfacet
	facet normal -0.672007303421116 -0.7027080110697482 0.23368276643149952
		outer loop
			vertex -119.83025360107422 864.7022705078125 -0.09274967014789581
			vertex -119.71417236328125 864.5758666992188 -0.13904118537902832
			vertex -119.62867736816406 864.6773071289062 0.4118606448173523
		endloop
	endfacet
	facet normal -0.6103087875748235 -0.6610594355517089 0.43649009894498775
		outer loop
			vertex -120.09611511230469 864.3836669921875 -1.0861331224441528
			vertex -119.90813446044922 864.5167846679688 -0.6216897368431091
			vertex -120.03113555908203 864.6489868164062 -0.5934535264968872
		endloop
	endfacet
	facet normal -0.6533006248496593 -0.6792517744135701 0.334387979040906
		outer loop
			vertex -120.03113555908203 864.6489868164062 -0.5934535264968872
			vertex -119.90813446044922 864.5167846679688 -0.6216897368431091
			vertex -119.83025360107422 864.7022705078125 -0.09274967014789581
		endloop
	endfacet
	facet normal -0.5950059196223699 -0.6079917834655587 0.5256557303527727
		outer loop
			vertex -120.2735366821289 864.180908203125 -1.5214799642562866
			vertex -120.09611511230469 864.3836669921875 -1.0861331224441528
			vertex -120.22634887695312 864.518310546875 -1.077815294265747
		endloop
	endfacet
	facet normal -0.6357759121817401 -0.6414740688086028 0.42930176861458663
		outer loop
			vertex -120.22634887695312 864.518310546875 -1.077815294265747
			vertex -120.09611511230469 864.3836669921875 -1.0861331224441528
			vertex -120.03113555908203 864.6489868164062 -0.5934535264968872
		endloop
	endfacet
	facet normal -0.5828355357622725 -0.5449749953324818 0.6027478682791556
		outer loop
			vertex -120.43659973144531 863.91552734375 -1.9191004037857056
			vertex -120.2735366821289 864.180908203125 -1.5214799642562866
			vertex -120.41116333007812 864.3138427734375 -1.5343670845031738
		endloop
	endfacet
	facet normal -0.6196917372635334 -0.5915623653730223 0.5157868926616677
		outer loop
			vertex -120.41116333007812 864.3138427734375 -1.5343670845031738
			vertex -120.2735366821289 864.180908203125 -1.5214799642562866
			vertex -120.22634887695312 864.518310546875 -1.077815294265747
		endloop
	endfacet
	facet normal -0.573550423392569 -0.47343717991763884 0.6685036637878944
		outer loop
			vertex -120.58154296875 863.5948486328125 -2.270562171936035
			vertex -120.43659973144531 863.91552734375 -1.9191004037857056
			vertex -120.5815200805664 864.0424194335938 -1.9535709619522095
		endloop
	endfacet
	facet normal -0.6064147112382985 -0.5320460828328311 0.5909214531018582
		outer loop
			vertex -120.5815200805664 864.0424194335938 -1.9535709619522095
			vertex -120.43659973144531 863.91552734375 -1.9191004037857056
			vertex -120.41116333007812 864.3138427734375 -1.5343670845031738
		endloop
	endfacet
	facet normal -0.5659791726856247 -0.39413652942587263 0.7241021835750975
		outer loop
			vertex -120.7047119140625 863.2259521484375 -2.567628860473633
			vertex -120.58154296875 863.5948486328125 -2.270562171936035
			vertex -120.73344421386719 863.7109375 -2.326104164123535
		endloop
	endfacet
	facet normal -0.5948860762184321 -0.46455868288026736 0.6559693487366534
		outer loop
			vertex -120.73344421386719 863.7109375 -2.326104164123535
			vertex -120.58154296875 863.5948486328125 -2.270562171936035
			vertex -120.5815200805664 864.0424194335938 -1.9535709619522095
		endloop
	endfacet
	facet normal -0.5604437067448085 -0.30905394551959564 0.7683674318507454
		outer loop
			vertex -120.8028564453125 862.8178100585938 -2.8033785820007324
			vertex -120.7047119140625 863.2259521484375 -2.567628860473633
			vertex -120.86295318603516 863.326416015625 -2.6426405906677246
		endloop
	endfacet
	facet normal -0.5845549695829015 -0.38917352629427904 0.711926579056864
		outer loop
			vertex -120.86295318603516 863.326416015625 -2.6426405906677246
			vertex -120.7047119140625 863.2259521484375 -2.567628860473633
			vertex -120.73344421386719 863.7109375 -2.326104164123535
		endloop
	endfacet
	facet normal -0.5569725300070484 -0.2225133575043931 0.8001683613775727
		outer loop
			vertex -120.87452697753906 862.3802490234375 -2.974944591522217
			vertex -120.8028564453125 862.8178100585938 -2.8033785820007324
			vertex -120.96647644042969 862.897705078125 -2.895051956176758
		endloop
	endfacet
	facet normal -0.5749661611488436 -0.3075484320902104 0.7581740403447056
		outer loop
			vertex -120.96647644042969 862.897705078125 -2.895051956176758
			vertex -120.8028564453125 862.8178100585938 -2.8033785820007324
			vertex -120.86295318603516 863.326416015625 -2.6426405906677246
		endloop
	endfacet
	facet normal -0.5558358868688223 -0.13486064465643804 0.8202798750375386
		outer loop
			vertex -120.91854858398438 861.9230346679688 -3.079944133758545
			vertex -120.87452697753906 862.3802490234375 -2.974944591522217
			vertex -121.04228210449219 862.4357299804688 -3.0794968605041504
		endloop
	endfacet
	facet normal -0.5676856172322382 -0.22321848180729495 0.7924055460225524
		outer loop
			vertex -121.04228210449219 862.4357299804688 -3.0794968605041504
			vertex -120.87452697753906 862.3802490234375 -2.974944591522217
			vertex -120.96647644042969 862.897705078125 -2.895051956176758
		endloop
	endfacet
	facet normal -0.5570296353233207 -0.045885125048260596 0.8292240593897853
		outer loop
			vertex -120.9337387084961 861.4559326171875 -3.115995168685913
			vertex -120.91854858398438 861.9230346679688 -3.079944133758545
			vertex -121.08897399902344 861.9514770507812 -3.1928532123565674
		endloop
	endfacet
	facet normal -0.5628643730802212 -0.13655245539054642 0.8151914648987821
		outer loop
			vertex -121.08897399902344 861.9514770507812 -3.1928532123565674
			vertex -120.91854858398438 861.9230346679688 -3.079944133758545
			vertex -121.04228210449219 862.4357299804688 -3.0794968605041504
		endloop
	endfacet
	facet normal -0.5599312416905486 0.044505839784360235 0.8273428762030707
		outer loop
			vertex -120.91901397705078 860.9888305664062 -3.080902576446533
			vertex -120.9337387084961 861.4559326171875 -3.115995168685913
			vertex -121.10514831542969 861.4558715820312 -3.231998920440674
		endloop
	endfacet
	facet normal -0.5598429779840763 -0.047070961651295526 0.8272606388382947
		outer loop
			vertex -121.10514831542969 861.4558715820312 -3.231998920440674
			vertex -120.9337387084961 861.4559326171875 -3.115995168685913
			vertex -121.08897399902344 861.9514770507812 -3.1928532123565674
		endloop
	endfacet
	facet normal -0.5635624861640935 0.13344163671779616 0.8152242966071493
		outer loop
			vertex -120.87481689453125 860.5316772460938 -2.9755191802978516
			vertex -120.91901397705078 860.9888305664062 -3.080902576446533
			vertex -121.08952331542969 860.9601440429688 -3.194079637527466
		endloop
	endfacet
	facet normal -0.5577797611297299 0.045810052092945135 0.828723824444129
		outer loop
			vertex -121.08952331542969 860.9601440429688 -3.194079637527466
			vertex -120.91901397705078 860.9888305664062 -3.080902576446533
			vertex -121.10514831542969 861.4558715820312 -3.231998920440674
		endloop
	endfacet
	facet normal -0.567880979057216 0.21910237849756012 0.7934137264767543
		outer loop
			vertex -120.80276489257812 860.09423828125 -2.8031489849090576
			vertex -120.87481689453125 860.5316772460938 -2.9755191802978516
			vertex -121.04264068603516 860.47607421875 -3.0802831649780273
		endloop
	endfacet
	facet normal -0.5570592925245452 0.13854229724364686 0.8188351338862461
		outer loop
			vertex -121.04264068603516 860.47607421875 -3.0802831649780273
			vertex -120.87481689453125 860.5316772460938 -2.9755191802978516
			vertex -121.08952331542969 860.9601440429688 -3.194079637527466
		endloop
	endfacet
	facet normal -0.5739259636451719 0.30194523678704743 0.761208290966129
		outer loop
			vertex -120.70449829101562 859.6860961914062 -2.5671632289886475
			vertex -120.80276489257812 860.09423828125 -2.8031489849090576
			vertex -120.96640014648438 860.014404296875 -2.894857168197632
		endloop
	endfacet
	facet normal -0.5583355065870602 0.22815585343317188 0.797625456356774
		outer loop
			vertex -120.96640014648438 860.014404296875 -2.894857168197632
			vertex -120.80276489257812 860.09423828125 -2.8031489849090576
			vertex -121.04264068603516 860.47607421875 -3.0802831649780273
		endloop
	endfacet
	facet normal -0.5620519420504962 0.31498031157080575 0.7647777571033455
		outer loop
			vertex -120.96640014648438 860.014404296875 -2.894857168197632
			vertex -120.86272430419922 859.5857543945312 -2.642120361328125
			vertex -120.70449829101562 859.6860961914062 -2.5671632289886475
		endloop
	endfacet
	facet normal -0.5840144426426452 0.3884785242980383 0.7127493016089311
		outer loop
			vertex -120.70449829101562 859.6860961914062 -2.5671632289886475
			vertex -120.86272430419922 859.5857543945312 -2.642120361328125
			vertex -120.73355102539062 859.20068359375 -2.3263981342315674
		endloop
	endfacet
	facet normal -0.5655822546523351 0.3933674462734259 0.7248301631656235
		outer loop
			vertex -120.70449829101562 859.6860961914062 -2.5671632289886475
			vertex -120.73355102539062 859.20068359375 -2.3263981342315674
			vertex -120.5816879272461 859.3168334960938 -2.270934820175171
		endloop
	endfacet
	facet normal -0.5926244081342028 0.4586609280062785 0.6621377983501663
		outer loop
			vertex -120.5816879272461 859.3168334960938 -2.270934820175171
			vertex -120.73355102539062 859.20068359375 -2.3263981342315674
			vertex -120.43666076660156 858.9964599609375 -1.9192112684249878
		endloop
	endfacet
	facet normal -0.6039936240483847 0.5274415746471013 0.5974923325388241
		outer loop
			vertex -120.27330780029297 858.7321166992188 -1.5207295417785645
			vertex -120.43666076660156 858.9964599609375 -1.9192112684249878
			vertex -120.58158111572266 858.8695678710938 -1.9536933898925781
		endloop
	endfacet
	facet normal -0.5770727895043039 0.47938565307924763 0.6611931572812174
		outer loop
			vertex -120.58158111572266 858.8695678710938 -1.9536933898925781
			vertex -120.43666076660156 858.9964599609375 -1.9192112684249878
			vertex -120.73355102539062 859.20068359375 -2.3263981342315674
		endloop
	endfacet
	facet normal -0.6166489646216743 0.5874752338058855 0.5240390291721957
		outer loop
			vertex -120.09573364257812 858.52978515625 -1.0849496126174927
			vertex -120.27330780029297 858.7321166992188 -1.5207295417785645
			vertex -120.41097259521484 858.5992431640625 -1.5337647199630737
		endloop
	endfacet
	facet normal -0.5875170539295195 0.5505190864835955 0.5930872168233319
		outer loop
			vertex -120.41097259521484 858.5992431640625 -1.5337647199630737
			vertex -120.27330780029297 858.7321166992188 -1.5207295417785645
			vertex -120.58158111572266 858.8695678710938 -1.9536933898925781
		endloop
	endfacet
	facet normal -0.6314580522232305 0.6381364661229981 0.4405026434500656
		outer loop
			vertex -119.90801239013672 858.3955078125 -0.6213306784629822
			vertex -120.09573364257812 858.52978515625 -1.0849496126174927
			vertex -120.22602081298828 858.395263671875 -1.0768402814865112
		endloop
	endfacet
	facet normal -0.5996211684867953 0.611843874626685 0.5158502955163791
		outer loop
			vertex -120.22602081298828 858.395263671875 -1.0768402814865112
			vertex -120.09573364257812 858.52978515625 -1.0849496126174927
			vertex -120.41097259521484 858.5992431640625 -1.5337647199630737
		endloop
	endfacet
	facet normal -0.6141459945162739 0.6627936117323117 0.4284032278898638
		outer loop
			vertex -120.22602081298828 858.395263671875 -1.0768402814865112
			vertex -120.0310287475586 858.2633056640625 -0.5931499004364014
			vertex -119.90801239013672 858.3955078125 -0.6213306784629822
		endloop
	endfacet
	facet normal -0.6528096951367873 0.6790299388329512 0.335794347933275
		outer loop
			vertex -119.90801239013672 858.3955078125 -0.6213306784629822
			vertex -120.0310287475586 858.2633056640625 -0.5931499004364014
			vertex -119.830322265625 858.2089233398438 -0.09299150109291077
		endloop
	endfacet
	facet normal -0.6275522273798254 0.7005653890545329 0.3396856452214176
		outer loop
			vertex -119.90801239013672 858.3955078125 -0.6213306784629822
			vertex -119.830322265625 858.2089233398438 -0.09299150109291077
			vertex -119.71426391601562 858.3353881835938 -0.13939975202083588
		endloop
	endfacet
	facet normal -0.6694787194487979 0.7027358609924925 0.24074998209831347
		outer loop
			vertex -119.71426391601562 858.3353881835938 -0.13939975202083588
			vertex -119.830322265625 858.2089233398438 -0.09299150109291077
			vertex -119.5193099975586 858.3536987304688 0.34928157925605774
		endloop
	endfacet
	facet normal -0.6901672753350137 0.7113001793777041 0.13312094829097865
		outer loop
			vertex -119.32795715332031 858.448974609375 0.8322688341140747
			vertex -119.5193099975586 858.3536987304688 0.34928157925605774
			vertex -119.62881469726562 858.2357788085938 0.41163015365600586
		endloop
	endfacet
	facet normal -0.653055165516505 0.723963390170541 0.22225202020451315
		outer loop
			vertex -119.62881469726562 858.2357788085938 0.41163015365600586
			vertex -119.5193099975586 858.3536987304688 0.34928157925605774
			vertex -119.830322265625 858.2089233398438 -0.09299150109291077
		endloop
	endfacet
	facet normal -0.7113624948622962 0.7024291098027783 0.02359547848563607
		outer loop
			vertex -119.1447982788086 858.6188354492188 1.2974916696548462
			vertex -119.32795715332031 858.448974609375 0.8322688341140747
			vertex -119.43138885498047 858.3416748046875 0.9082610607147217
		endloop
	endfacet
	facet normal -0.6743956384383049 0.7297511907940342 0.11248876561719649
		outer loop
			vertex -119.43138885498047 858.3416748046875 0.9082610607147217
			vertex -119.32795715332031 858.448974609375 0.8322688341140747
			vertex -119.62881469726562 858.2357788085938 0.41163015365600586
		endloop
	endfacet
	facet normal -0.733284639001695 0.6742250773938376 -0.08783042307439634
		outer loop
			vertex -118.97443389892578 858.86083984375 1.7328743934631348
			vertex -119.1447982788086 858.6188354492188 1.2974916696548462
			vertex -119.2426986694336 858.5237426757812 1.3848750591278076
		endloop
	endfacet
	facet normal -0.6961263292812715 0.7179180433903526 0.0013478337992906095
		outer loop
			vertex -119.2426986694336 858.5237426757812 1.3848750591278076
			vertex -119.1447982788086 858.6188354492188 1.2974916696548462
			vertex -119.43138885498047 858.3416748046875 0.9082610607147217
		endloop
	endfacet
	facet normal -0.7189487791287722 0.6862227403438734 -0.11050341001160587
		outer loop
			vertex -119.2426986694336 858.5237426757812 1.3848750591278076
			vertex -119.06739807128906 858.7789916992188 1.8294363021850586
			vertex -118.97443389892578 858.86083984375 1.7328743934631348
		endloop
	endfacet
	facet normal -0.7581593339928304 0.6189022328973157 -0.20531548990337906
		outer loop
			vertex -118.97443389892578 858.86083984375 1.7328743934631348
			vertex -119.06739807128906 858.7789916992188 1.8294363021850586
			vertex -118.91017150878906 859.1044311523438 2.229856252670288
		endloop
	endfacet
	facet normal -0.7407572938144071 0.6361010655412291 -0.2159955232824728
		outer loop
			vertex -118.97443389892578 858.86083984375 1.7328743934631348
			vertex -118.91017150878906 859.1044311523438 2.229856252670288
			vertex -118.82147979736328 859.1725463867188 2.1262853145599365
		endloop
	endfacet
	facet normal -0.7787156736577898 0.5471198748270121 -0.30702075201681317
		outer loop
			vertex -118.82147979736328 859.1725463867188 2.1262853145599365
			vertex -118.91017150878906 859.1044311523438 2.229856252670288
			vertex -118.69065856933594 859.5486450195312 2.464694023132324
		endloop
	endfacet
	facet normal -0.7977613805345998 0.45232279873120435 -0.3987240467735799
		outer loop
			vertex -118.58489227294922 859.9774780273438 2.7395575046539307
			vertex -118.69065856933594 859.5486450195312 2.464694023132324
			vertex -118.77578735351562 859.4943237304688 2.573395013809204
		endloop
	endfacet
	facet normal -0.7678731290626513 0.551631362422403 -0.3256895725311701
		outer loop
			vertex -118.77578735351562 859.4943237304688 2.573395013809204
			vertex -118.69065856933594 859.5486450195312 2.464694023132324
			vertex -118.91017150878906 859.1044311523438 2.229856252670288
		endloop
	endfacet
	facet normal -0.8126103703832714 0.34174477224524163 -0.47209627893959366
		outer loop
			vertex -118.50648498535156 860.4465942382812 2.9441840648651123
			vertex -118.58489227294922 859.9774780273438 2.7395575046539307
			vertex -118.66719055175781 859.9368896484375 2.851834535598755
		endloop
	endfacet
	facet normal -0.7888786456703092 0.45409629792130146 -0.41408578171623794
		outer loop
			vertex -118.66719055175781 859.9368896484375 2.851834535598755
			vertex -118.58489227294922 859.9774780273438 2.7395575046539307
			vertex -118.77578735351562 859.4943237304688 2.573395013809204
		endloop
	endfacet
	facet normal -0.8227832608142075 0.21579335910846753 -0.52579552288758
		outer loop
			vertex -118.45774841308594 860.9435424804688 3.071873426437378
			vertex -118.50648498535156 860.4465942382812 2.9441840648651123
			vertex -118.58673858642578 860.419677734375 3.058720827102661
		endloop
	endfacet
	facet normal -0.8055285445897172 0.34169029451300825 -0.48411931017754906
		outer loop
			vertex -118.58673858642578 860.419677734375 3.058720827102661
			vertex -118.50648498535156 860.4465942382812 2.9441840648651123
			vertex -118.66719055175781 859.9368896484375 2.851834535598755
		endloop
	endfacet
	facet normal -0.8180052782723805 0.21481268871089845 -0.5335942967155105
		outer loop
			vertex -118.5367431640625 860.93017578125 3.187592029571533
			vertex -118.45774841308594 860.9435424804688 3.071873426437378
			vertex -118.58673858642578 860.419677734375 3.058720827102661
		endloop
	endfacet
	facet normal -0.006570856593511739 0.08714543405448094 -0.9961739291745612
		outer loop
			vertex -116.8313217163086 708.4190063476562 2.9543073177337646
			vertex -118.36885833740234 708.626953125 2.982640266418457
			vertex -116.8313217163086 708.9400024414062 2.9998841285705566
		endloop
	endfacet
	facet normal -1.5548173745259457e-7 0.055000916286524315 -0.9984863039659676
		outer loop
			vertex -116.8313217163086 708.9400024414062 2.9998841285705566
			vertex -118.36885833740234 708.626953125 2.982640266418457
			vertex -118.36241912841797 708.9400024414062 2.9998843669891357
		endloop
	endfacet
	facet normal -1.5550260813839742e-7 -0.05251123855012422 -0.9986203331726767
		outer loop
			vertex -116.8313217163086 708.9400024414062 2.9998841285705566
			vertex -118.36241912841797 708.9400024414062 2.9998843669891357
			vertex -118.36859893798828 709.2534790039062 2.983400583267212
		endloop
	endfacet
	facet normal 0.003657459508234346 0.16150421141990182 -0.9868652454532896
		outer loop
			vertex -118.36885833740234 708.626953125 2.982640266418457
			vertex -116.8313217163086 708.4190063476562 2.9543073177337646
			vertex -118.3877944946289 708.3181762695312 2.932037591934204
		endloop
	endfacet
	facet normal -0.002947937953519619 0.25884192721675564 -0.965915196265458
		outer loop
			vertex -118.3877944946289 708.3181762695312 2.932037591934204
			vertex -116.8313217163086 708.4190063476562 2.9543073177337646
			vertex -116.8313217163086 707.9139404296875 2.8189618587493896
		endloop
	endfacet
	facet normal -0.0016785607432510483 0.2633865254196044 -0.9646889242969567
		outer loop
			vertex -118.3877944946289 708.3181762695312 2.932037591934204
			vertex -116.8313217163086 707.9139404296875 2.8189618587493896
			vertex -118.4186782836914 708.0166625976562 2.8497698307037354
		endloop
	endfacet
	facet normal 0.005121974230207448 0.3590606205092937 -0.9333001854598906
		outer loop
			vertex -118.4186782836914 708.0166625976562 2.8497698307037354
			vertex -116.8313217163086 707.9139404296875 2.8189618587493896
			vertex -118.46094512939453 707.7255249023438 2.7375309467315674
		endloop
	endfacet
	facet normal -0.00357542040022434 0.42261667822279064 -0.906301472831693
		outer loop
			vertex -118.46094512939453 707.7255249023438 2.7375309467315674
			vertex -116.8313217163086 707.9139404296875 2.8189618587493896
			vertex -116.8313217163086 707.4400024414062 2.5979602336883545
		endloop
	endfacet
	facet normal 0.002562259251783752 0.4509285996260945 -0.8925563471662594
		outer loop
			vertex -118.46094512939453 707.7255249023438 2.7375309467315674
			vertex -116.8313217163086 707.4400024414062 2.5979602336883545
			vertex -118.51405334472656 707.4476928710938 2.597014904022217
		endloop
	endfacet
	facet normal 0.0029326472140601555 0.538077763364439 -0.8428900996885896
		outer loop
			vertex -118.51405334472656 707.4476928710938 2.597014904022217
			vertex -116.8313217163086 707.4400024414062 2.5979602336883545
			vertex -118.57743072509766 707.186279296875 2.429915189743042
		endloop
	endfacet
	facet normal -0.004501902841195145 0.5735321654237435 -0.8191706709197787
		outer loop
			vertex -118.57743072509766 707.186279296875 2.429915189743042
			vertex -116.8313217163086 707.4400024414062 2.5979602336883545
			vertex -116.8313217163086 707.0115966796875 2.2980172634124756
		endloop
	endfacet
	facet normal 0.0028970594773206544 0.6208673125235511 -0.7839103183950115
		outer loop
			vertex -118.57743072509766 707.186279296875 2.429915189743042
			vertex -116.8313217163086 707.0115966796875 2.2980172634124756
			vertex -118.6505355834961 706.9442138671875 2.2379260063171387
		endloop
	endfacet
	facet normal -0.0023687068959454896 0.700433191496628 -0.7137140418105065
		outer loop
			vertex -118.6505355834961 706.9442138671875 2.2379260063171387
			vertex -116.8313217163086 707.0115966796875 2.2980172634124756
			vertex -118.73279571533203 706.7246704101562 2.0227408409118652
		endloop
	endfacet
	facet normal -0.004337715705930514 0.7071187077666008 -0.707081549291839
		outer loop
			vertex -118.73279571533203 706.7246704101562 2.0227408409118652
			vertex -116.8313217163086 707.0115966796875 2.2980172634124756
			vertex -116.8313217163086 706.641845703125 1.9282468557357788
		endloop
	endfacet
	facet normal 0.002040066612984429 0.7720033215128954 -0.6356152214203745
		outer loop
			vertex -118.73279571533203 706.7246704101562 2.0227408409118652
			vertex -116.8313217163086 706.641845703125 1.9282468557357788
			vertex -118.8235092163086 706.5304565429688 1.7865620851516724
		endloop
	endfacet
	facet normal -0.0050105905291718085 0.8191562593688757 -0.5735485303959381
		outer loop
			vertex -118.8235092163086 706.5304565429688 1.7865620851516724
			vertex -116.8313217163086 706.641845703125 1.9282468557357788
			vertex -116.8313217163086 706.3419189453125 1.499884009361267
		endloop
	endfacet
	facet normal -0.000333494608473401 0.8344403494943817 -0.5510981690380039
		outer loop
			vertex -118.8235092163086 706.5304565429688 1.7865620851516724
			vertex -116.8313217163086 706.3419189453125 1.499884009361267
			vertex -118.92144012451172 706.3629760742188 1.5330322980880737
		endloop
	endfacet
	facet normal 0.0015584280375032726 0.8856557747940155 -0.46433976770901764
		outer loop
			vertex -118.92144012451172 706.3629760742188 1.5330322980880737
			vertex -116.8313217163086 706.3419189453125 1.499884009361267
			vertex -119.02545928955078 706.2227172851562 1.265161395072937
		endloop
	endfacet
	facet normal -0.0040253715461607085 0.9062955627288117 -0.4226253061069368
		outer loop
			vertex -119.02545928955078 706.2227172851562 1.265161395072937
			vertex -116.8313217163086 706.3419189453125 1.499884009361267
			vertex -116.8313217163086 706.1209106445312 1.025944471359253
		endloop
	endfacet
	facet normal 0.002165104496225792 0.9271374485265493 -0.3747151769840672
		outer loop
			vertex -119.02545928955078 706.2227172851562 1.265161395072937
			vertex -116.8313217163086 706.1209106445312 1.025944471359253
			vertex -119.13447570800781 706.110107421875 0.9859070181846619
		endloop
	endfacet
	facet normal 0.0003962452578693915 0.9595039326208742 -0.2816949525191614
		outer loop
			vertex -119.13447570800781 706.110107421875 0.9859070181846619
			vertex -116.8313217163086 706.1209106445312 1.025944471359253
			vertex -119.24736022949219 706.0256958007812 0.6982269883155823
		endloop
	endfacet
	facet normal -0.0029517958422574874 0.9659070013066338 -0.25887246228236094
		outer loop
			vertex -119.24736022949219 706.0256958007812 0.6982269883155823
			vertex -116.8313217163086 706.1209106445312 1.025944471359253
			vertex -116.8313217163086 705.9855346679688 0.5208285450935364
		endloop
	endfacet
	facet normal 0.002514685641612774 0.9821467678685035 -0.18809944901986322
		outer loop
			vertex -119.24736022949219 706.0256958007812 0.6982269883155823
			vertex -116.8313217163086 705.9855346679688 0.5208285450935364
			vertex -119.36302185058594 705.9698486328125 0.40507903695106506
		endloop
	endfacet
	facet normal -0.0020915583553801098 0.9960089260275659 -0.08922916931733206
		outer loop
			vertex -119.36302185058594 705.9698486328125 0.40507903695106506
			vertex -116.8313217163086 705.9855346679688 0.5208285450935364
			vertex -119.48033905029297 705.943115234375 0.10942092537879944
		endloop
	endfacet
	facet normal -0.002429778813834979 0.9961991443841183 -0.08707101069395351
		outer loop
			vertex -119.48033905029297 705.943115234375 0.10942092537879944
			vertex -116.8313217163086 705.9855346679688 0.5208285450935364
			vertex -116.8313217163086 705.9400024414062 -0.00011596654076129198
		endloop
	endfacet
	facet normal 0.001534391090490199 0.999961057567094 0.008690741814183823
		outer loop
			vertex -119.48033905029297 705.943115234375 0.10942092537879944
			vertex -116.8313217163086 705.9400024414062 -0.00011596654076129198
			vertex -119.59822082519531 705.9458618164062 -0.1857895851135254
		endloop
	endfacet
	facet normal -0.0037332919918379413 0.9961951434965471 0.08707065294803734
		outer loop
			vertex -119.59822082519531 705.9458618164062 -0.1857895851135254
			vertex -116.8313217163086 705.9400024414062 -0.00011596654076129198
			vertex -116.8313217163086 705.9855346679688 -0.5210605263710022
		endloop
	endfacet
	facet normal -0.0007812092461410804 0.9938032948060891 0.11115035287697343
		outer loop
			vertex -119.59822082519531 705.9458618164062 -0.1857895851135254
			vertex -116.8313217163086 705.9855346679688 -0.5210605263710022
			vertex -119.7154769897461 705.9783935546875 -0.47748231887817383
		endloop
	endfacet
	facet normal 0.0007401941548098656 0.9778660832678758 0.20923043590012638
		outer loop
			vertex -119.7154769897461 705.9783935546875 -0.47748231887817383
			vertex -116.8313217163086 705.9855346679688 -0.5210605263710022
			vertex -119.83085632324219 706.0394897460938 -0.7626152634620667
		endloop
	endfacet
	facet normal -0.003472626853133713 0.9659053853101625 0.2588720291796036
		outer loop
			vertex -119.83085632324219 706.0394897460938 -0.7626152634620667
			vertex -116.8313217163086 705.9855346679688 -0.5210605263710022
			vertex -116.8313217163086 706.1209106445312 -1.0261764526367188
		endloop
	endfacet
	facet normal 0.0007871408808502586 0.9528854506786452 0.30332935613650924
		outer loop
			vertex -119.83085632324219 706.0394897460938 -0.7626152634620667
			vertex -116.8313217163086 706.1209106445312 -1.0261764526367188
			vertex -119.94336700439453 706.1275634765625 -1.0390000343322754
		endloop
	endfacet
	facet normal 0.0003471609694311392 0.9196069651573622 0.39283954626962814
		outer loop
			vertex -119.94336700439453 706.1275634765625 -1.0390000343322754
			vertex -116.8313217163086 706.1209106445312 -1.0261764526367188
			vertex -120.05207061767578 706.2410278320312 -1.3045152425765991
		endloop
	endfacet
	facet normal -0.0027233979008863644 0.906299544467238 0.4226271628780504
		outer loop
			vertex -120.05207061767578 706.2410278320312 -1.3045152425765991
			vertex -116.8313217163086 706.1209106445312 -1.0261764526367188
			vertex -116.8313217163086 706.3419189453125 -1.500115990638733
		endloop
	endfacet
	facet normal 0.001446635482325139 0.8788346662172336 0.4771242361278925
		outer loop
			vertex -120.05207061767578 706.2410278320312 -1.3045152425765991
			vertex -116.8313217163086 706.3419189453125 -1.500115990638733
			vertex -120.15602111816406 706.3782958984375 -1.557039737701416
		endloop
	endfacet
	facet normal -0.00046823697337681927 0.8300029128808832 0.5577588595113356
		outer loop
			vertex -120.15602111816406 706.3782958984375 -1.557039737701416
			vertex -116.8313217163086 706.3419189453125 -1.500115990638733
			vertex -120.25425720214844 706.5377807617188 -1.79445219039917
		endloop
	endfacet
	facet normal -0.0024466549346302937 0.8191640906197408 0.5735540136018265
		outer loop
			vertex -120.25425720214844 706.5377807617188 -1.79445219039917
			vertex -116.8313217163086 706.3419189453125 -1.500115990638733
			vertex -116.8313217163086 706.641845703125 -1.9284788370132446
		endloop
	endfacet
	facet normal 0.0012405749509730559 0.774264608691169 0.6328607877741377
		outer loop
			vertex -120.25425720214844 706.5377807617188 -1.79445219039917
			vertex -116.8313217163086 706.641845703125 -1.9284788370132446
			vertex -120.34584045410156 706.7178955078125 -2.014631509780884
		endloop
	endfacet
	facet normal -0.0019152067676673043 0.7096453625609922 0.7045564501008524
		outer loop
			vertex -120.34584045410156 706.7178955078125 -2.014631509780884
			vertex -116.8313217163086 706.641845703125 -1.9284788370132446
			vertex -120.42982482910156 706.9170532226562 -2.215456008911133
		endloop
	endfacet
	facet normal -0.002309830922095912 0.7071234739824709 0.7070863152572486
		outer loop
			vertex -120.42982482910156 706.9170532226562 -2.215456008911133
			vertex -116.8313217163086 706.641845703125 -1.9284788370132446
			vertex -116.8313217163086 707.0115966796875 -2.2982492446899414
		endloop
	endfacet
	facet normal 0.0009175979240775467 0.6388151997997229 0.7693596678530072
		outer loop
			vertex -120.42982482910156 706.9170532226562 -2.215456008911133
			vertex -116.8313217163086 707.0115966796875 -2.2982492446899414
			vertex -120.50530242919922 707.1334228515625 -2.39502215385437
		endloop
	endfacet
	facet normal -0.002559176542110526 0.5735360992738682 0.8191762896014155
		outer loop
			vertex -120.50530242919922 707.1334228515625 -2.39502215385437
			vertex -116.8313217163086 707.0115966796875 -2.2982492446899414
			vertex -116.8313217163086 707.4400024414062 -2.5981922149658203
		endloop
	endfacet
	facet normal -0.0012601821905489628 0.5628576915554798 0.826552860377171
		outer loop
			vertex -120.50530242919922 707.1334228515625 -2.39502215385437
			vertex -116.8313217163086 707.4400024414062 -2.5981922149658203
			vertex -120.57176208496094 707.364501953125 -2.5524814128875732
		endloop
	endfacet
	facet normal 0.0009175296788674891 0.48425633676310564 0.8749256873838293
		outer loop
			vertex -120.57176208496094 707.364501953125 -2.5524814128875732
			vertex -116.8313217163086 707.4400024414062 -2.5981922149658203
			vertex -120.62886810302734 707.6080932617188 -2.6872451305389404
		endloop
	endfacet
	facet normal -0.0025466008561184847 0.422618009153799 0.9063043270132606
		outer loop
			vertex -120.62886810302734 707.6080932617188 -2.6872451305389404
			vertex -116.8313217163086 707.4400024414062 -2.5981922149658203
			vertex -116.8313217163086 707.9139404296875 -2.8191938400268555
		endloop
	endfacet
	facet normal -0.0005462224590829597 0.40183834158369686 0.9157104612672553
		outer loop
			vertex -120.62886810302734 707.6080932617188 -2.6872451305389404
			vertex -116.8313217163086 707.9139404296875 -2.8191938400268555
			vertex -120.67627716064453 707.862060546875 -2.7987210750579834
		endloop
	endfacet
	facet normal 0.0007753461177168225 0.31682616828766275 0.9484833039788079
		outer loop
			vertex -120.67627716064453 707.862060546875 -2.7987210750579834
			vertex -116.8313217163086 707.9139404296875 -2.8191938400268555
			vertex -120.71366119384766 708.1243896484375 -2.886317491531372
		endloop
	endfacet
	facet normal -0.00266918486325981 0.2588421298645325 0.9659159524820773
		outer loop
			vertex -120.71366119384766 708.1243896484375 -2.886317491531372
			vertex -116.8313217163086 707.9139404296875 -2.8191938400268555
			vertex -116.8313217163086 708.4190063476562 -2.9545392990112305
		endloop
	endfacet
	facet normal -0.00025986234983853415 0.2288408465140491 0.9734638151663844
		outer loop
			vertex -120.71366119384766 708.1243896484375 -2.886317491531372
			vertex -116.8313217163086 708.4190063476562 -2.9545392990112305
			vertex -120.74068450927734 708.3928833007812 -2.949441909790039
		endloop
	endfacet
	facet normal 0.0003669373087913571 0.13834085973647095 0.9903846080611236
		outer loop
			vertex -120.74068450927734 708.3928833007812 -2.949441909790039
			vertex -116.8313217163086 708.4190063476562 -2.9545392990112305
			vertex -120.75701141357422 708.6654052734375 -2.9875028133392334
		endloop
	endfacet
	facet normal -0.0028950741476383695 0.08714649779095997 0.9961913001369015
		outer loop
			vertex -120.75701141357422 708.6654052734375 -2.9875028133392334
			vertex -116.8313217163086 708.4190063476562 -2.9545392990112305
			vertex -116.8313217163086 708.9400024414062 -3.0001158714294434
		endloop
	endfacet
	facet normal 0.000036292328493594404 0.04536681604695902 0.9989703952993945
		outer loop
			vertex -120.75701141357422 708.6654052734375 -2.9875028133392334
			vertex -116.8313217163086 708.9400024414062 -3.0001158714294434
			vertex -120.76233673095703 708.9400024414062 -2.9999730587005615
		endloop
	endfacet
	facet normal 0.00003628880052551796 -0.047456905905933655 0.9988732856398547
		outer loop
			vertex -120.76233673095703 708.9400024414062 -2.9999730587005615
			vertex -116.8313217163086 708.9400024414062 -3.0001158714294434
			vertex -120.7566909790039 709.214599609375 -2.986927032470703
		endloop
	endfacet
	facet normal -0.00274990013112845 -0.08715666643197799 0.9961908218537922
		outer loop
			vertex -120.7566909790039 709.214599609375 -2.986927032470703
			vertex -116.8313217163086 708.9400024414062 -3.0001158714294434
			vertex -116.8313217163086 709.4609375 -2.9545392990112305
		endloop
	endfacet
	facet normal 0.0005303875114569404 -0.13865848419878257 0.9903401150356296
		outer loop
			vertex -120.7566909790039 709.214599609375 -2.986927032470703
			vertex -116.8313217163086 709.4609375 -2.9545392990112305
			vertex -120.74029541015625 709.4872436523438 -2.9487626552581787
		endloop
	endfacet
	facet normal -0.0000960009419765307 -0.22807071425066738 0.9736445655807924
		outer loop
			vertex -120.74029541015625 709.4872436523438 -2.9487626552581787
			vertex -116.8313217163086 709.4609375 -2.9545392990112305
			vertex -120.71339416503906 709.7556762695312 -2.885881185531616
		endloop
	endfacet
	facet normal -0.002566595273097206 -0.25881301828276293 0.9659240312550829
		outer loop
			vertex -120.71339416503906 709.7556762695312 -2.885881185531616
			vertex -116.8313217163086 709.4609375 -2.9545392990112305
			vertex -116.8313217163086 709.966064453125 -2.8191938400268555
		endloop
	endfacet
	facet normal 0.0008034093352894626 -0.31559772105518674 0.948892740512969
		outer loop
			vertex -120.71339416503906 709.7556762695312 -2.885881185531616
			vertex -116.8313217163086 709.966064453125 -2.8191938400268555
			vertex -120.67622375488281 710.0179443359375 -2.7986834049224854
		endloop
	endfacet
	facet normal -0.0005199368304288583 -0.4007441379261435 0.9161898632835471
		outer loop
			vertex -120.67622375488281 710.0179443359375 -2.7986834049224854
			vertex -116.8313217163086 709.966064453125 -2.8191938400268555
			vertex -120.6290054321289 710.2719116210938 -2.687570571899414
		endloop
	endfacet
	facet normal -0.0026241737173975078 -0.4226179243947102 0.9063041452473933
		outer loop
			vertex -120.6290054321289 710.2719116210938 -2.687570571899414
			vertex -116.8313217163086 709.966064453125 -2.8191938400268555
			vertex -116.8313217163086 710.4400024414062 -2.5981922149658203
		endloop
	endfacet
	facet normal 0.0008253535275721995 -0.48395669260346996 0.8750915600529268
		outer loop
			vertex -120.6290054321289 710.2719116210938 -2.687570571899414
			vertex -116.8313217163086 710.4400024414062 -2.5981922149658203
			vertex -120.57198333740234 710.5154418945312 -2.552943468093872
		endloop
	endfacet
	facet normal -0.0013746844509135172 -0.5636200503425581 0.8260330193730228
		outer loop
			vertex -120.57198333740234 710.5154418945312 -2.552943468093872
			vertex -116.8313217163086 710.4400024414062 -2.5981922149658203
			vertex -120.5053939819336 710.7464599609375 -2.3952040672302246
		endloop
	endfacet
	facet normal -0.0025873119792163054 -0.5735908948424366 0.8191378340490539
		outer loop
			vertex -120.5053939819336 710.7464599609375 -2.3952040672302246
			vertex -116.8313217163086 710.4400024414062 -2.5981922149658203
			vertex -116.8313217163086 710.8683471679688 -2.2982492446899414
		endloop
	endfacet
	facet normal 0.0009653642157134017 -0.6401805930132966 0.7682238452437383
		outer loop
			vertex -120.5053939819336 710.7464599609375 -2.3952040672302246
			vertex -116.8313217163086 710.8683471679688 -2.2982492446899414
			vertex -120.42969512939453 710.9627075195312 -2.215094566345215
		endloop
	endfacet
	facet normal -0.002311760911218229 -0.7093267333466062 0.704876046636089
		outer loop
			vertex -120.42969512939453 710.9627075195312 -2.215094566345215
			vertex -116.8313217163086 710.8683471679688 -2.2982492446899414
			vertex -120.345703125 711.1619873046875 -2.0142810344696045
		endloop
	endfacet
	facet normal -0.0019490779821179382 -0.7071240172023306 0.7070868584485627
		outer loop
			vertex -120.345703125 711.1619873046875 -2.0142810344696045
			vertex -116.8313217163086 710.8683471679688 -2.2982492446899414
			vertex -116.8313217163086 711.2380981445312 -1.9284788370132446
		endloop
	endfacet
	facet normal 0.0012389498962892534 -0.7727441527843669 0.6347164243508477
		outer loop
			vertex -120.345703125 711.1619873046875 -2.0142810344696045
			vertex -116.8313217163086 711.2380981445312 -1.9284788370132446
			vertex -120.2542724609375 711.3425903320312 -1.7945818901062012
		endloop
	endfacet
	facet normal -0.002570622355608609 -0.8191638358667754 0.5735538352314763
		outer loop
			vertex -120.2542724609375 711.3425903320312 -1.7945818901062012
			vertex -116.8313217163086 711.2380981445312 -1.9284788370132446
			vertex -116.8313217163086 711.5380249023438 -1.500115990638733
		endloop
	endfacet
	facet normal -0.0009032851461137905 -0.8283225307440922 0.5602508091360935
		outer loop
			vertex -120.2542724609375 711.3425903320312 -1.7945818901062012
			vertex -116.8313217163086 711.5380249023438 -1.500115990638733
			vertex -120.15624237060547 711.5026245117188 -1.557815670967102
		endloop
	endfacet
	facet normal 0.0010340079386729631 -0.8778225982747594 0.47898477719624166
		outer loop
			vertex -120.15624237060547 711.5026245117188 -1.557815670967102
			vertex -116.8313217163086 711.5380249023438 -1.500115990638733
			vertex -120.0524673461914 711.6402587890625 -1.3058010339736938
		endloop
	endfacet
	facet normal -0.003269559993962304 -0.9062980612385284 0.42262647121628666
		outer loop
			vertex -120.0524673461914 711.6402587890625 -1.3058010339736938
			vertex -116.8313217163086 711.5380249023438 -1.500115990638733
			vertex -116.8313217163086 711.759033203125 -1.0261764526367188
		endloop
	endfacet
	facet normal -0.00022233822724788792 -0.9194849283462071 0.3931251926675308
		outer loop
			vertex -120.0524673461914 711.6402587890625 -1.3058010339736938
			vertex -116.8313217163086 711.759033203125 -1.0261764526367188
			vertex -119.94379425048828 711.7537231445312 -1.0403565168380737
		endloop
	endfacet
	facet normal 0.0002555592774570952 -0.9536205358665256 0.3010113091946823
		outer loop
			vertex -119.94379425048828 711.7537231445312 -1.0403565168380737
			vertex -116.8313217163086 711.759033203125 -1.0261764526367188
			vertex -119.83109283447266 711.8411865234375 -0.7633633613586426
		endloop
	endfacet
	facet normal -0.0037727424947937662 -0.9659043351410868 0.2588717477240866
		outer loop
			vertex -119.83109283447266 711.8411865234375 -0.7633633613586426
			vertex -116.8313217163086 711.759033203125 -1.0261764526367188
			vertex -116.8313217163086 711.8944091796875 -0.5210605263710022
		endloop
	endfacet
	facet normal 0.000783473564160329 -0.9787037959513178 0.20527607254537925
		outer loop
			vertex -119.83109283447266 711.8411865234375 -0.7633633613586426
			vertex -116.8313217163086 711.8944091796875 -0.5210605263710022
			vertex -119.71549987792969 711.9012451171875 -0.4774605333805084
		endloop
	endfacet
	facet normal -0.0006960810503411817 -0.9939541977644755 0.10979329768956625
		outer loop
			vertex -119.71549987792969 711.9012451171875 -0.4774605333805084
			vertex -116.8313217163086 711.8944091796875 -0.5210605263710022
			vertex -119.59817504882812 711.9334106445312 -0.18552350997924805
		endloop
	endfacet
	facet normal -0.0034690640808226502 -0.9961859607074013 0.08718656595987424
		outer loop
			vertex -119.59817504882812 711.9334106445312 -0.18552350997924805
			vertex -116.8313217163086 711.8944091796875 -0.5210605263710022
			vertex -116.8313217163086 711.9400024414062 -0.00011596654076129198
		endloop
	endfacet
	facet normal 0.0015792611951106425 -0.9999269546277492 0.01198296052538939
		outer loop
			vertex -119.59817504882812 711.9334106445312 -0.18552350997924805
			vertex -116.8313217163086 711.9400024414062 -0.00011596654076129198
			vertex -119.48025512695312 711.9371337890625 0.10961609333753586
		endloop
	endfacet
	facet normal -0.002394110725812158 -0.9964760103520687 -0.08384407568013785
		outer loop
			vertex -119.48025512695312 711.9371337890625 0.10961609333753586
			vertex -116.8313217163086 711.9400024414062 -0.00011596654076129198
			vertex -119.36286163330078 711.9119873046875 0.4051267206668854
		endloop
	endfacet
	facet normal -0.0029323844972914243 -0.9961876712376954 -0.08718672373232855
		outer loop
			vertex -119.36286163330078 711.9119873046875 0.4051267206668854
			vertex -116.8313217163086 711.9400024414062 -0.00011596654076129198
			vertex -116.8313217163086 711.8944091796875 0.5208285450935364
		endloop
	endfacet
	facet normal 0.001558569373457454 -0.9830280158095122 -0.18344887842426738
		outer loop
			vertex -119.36286163330078 711.9119873046875 0.4051267206668854
			vertex -116.8313217163086 711.8944091796875 0.5208285450935364
			vertex -119.24713897705078 711.8574829101562 0.6981768012046814
		endloop
	endfacet
	facet normal -0.004240051672387972 -0.965902526722322 -0.25887126305028485
		outer loop
			vertex -119.24713897705078 711.8574829101562 0.6981768012046814
			vertex -116.8313217163086 711.8944091796875 0.5208285450935364
			vertex -116.8313217163086 711.759033203125 1.025944471359253
		endloop
	endfacet
	facet normal -0.001016401876954429 -0.9597690030898979 -0.2807889378786995
		outer loop
			vertex -119.24713897705078 711.8574829101562 0.6981768012046814
			vertex -116.8313217163086 711.759033203125 1.025944471359253
			vertex -119.13423919677734 711.773193359375 0.9858795404434204
		endloop
	endfacet
	facet normal 0.0008693696769987081 -0.9260979991685352 -0.3772820432148879
		outer loop
			vertex -119.13423919677734 711.773193359375 0.9858795404434204
			vertex -116.8313217163086 711.759033203125 1.025944471359253
			vertex -119.02531433105469 711.6595458984375 1.2650960683822632
		endloop
	endfacet
	facet normal -0.004971105025296435 -0.9062917071548761 -0.4226235081690656
		outer loop
			vertex -119.02531433105469 711.6595458984375 1.2650960683822632
			vertex -116.8313217163086 711.759033203125 1.025944471359253
			vertex -116.8313217163086 711.5380249023438 1.499884009361267
		endloop
	endfacet
	facet normal 0.0011697887046258524 -0.8835909484224025 -0.46825812054932475
		outer loop
			vertex -119.02531433105469 711.6595458984375 1.2650960683822632
			vertex -116.8313217163086 711.5380249023438 1.499884009361267
			vertex -118.92141723632812 711.5177612304688 1.5328996181488037
		endloop
	endfacet
	facet normal -0.0006699904370613353 -0.8328091355766852 -0.5535598385114555
		outer loop
			vertex -118.92141723632812 711.5177612304688 1.5328996181488037
			vertex -116.8313217163086 711.5380249023438 1.499884009361267
			vertex -118.82357788085938 711.3491821289062 1.7864018678665161
		endloop
	endfacet
	facet normal -0.0048388179726043855 -0.8191569523340478 -0.5735490155892716
		outer loop
			vertex -118.82357788085938 711.3491821289062 1.7864018678665161
			vertex -116.8313217163086 711.5380249023438 1.499884009361267
			vertex -116.8313217163086 711.2380981445312 1.9282468557357788
		endloop
	endfacet
	facet normal 0.00217392812754261 -0.7722522108336903 -0.6353123616765014
		outer loop
			vertex -118.82357788085938 711.3491821289062 1.7864018678665161
			vertex -116.8313217163086 711.2380981445312 1.9282468557357788
			vertex -118.73281860351562 711.155029296875 2.022714376449585
		endloop
	endfacet
	facet normal -0.004237034636099025 -0.7071190130053852 -0.7070818545145834
		outer loop
			vertex -118.73281860351562 711.155029296875 2.022714376449585
			vertex -116.8313217163086 711.2380981445312 1.9282468557357788
			vertex -116.8313217163086 710.8683471679688 2.2980172634124756
		endloop
	endfacet
	facet normal -0.003388598259822787 -0.7042449034320131 -0.7099490357707856
		outer loop
			vertex -118.73281860351562 711.155029296875 2.022714376449585
			vertex -116.8313217163086 710.8683471679688 2.2980172634124756
			vertex -118.6501693725586 710.9366455078125 2.2389490604400635
		endloop
	endfacet
	facet normal 0.001854632475453723 -0.6254343160817796 -0.7802746161485057
		outer loop
			vertex -118.6501693725586 710.9366455078125 2.2389490604400635
			vertex -116.8313217163086 710.8683471679688 2.2980172634124756
			vertex -118.57661437988281 710.6956787109375 2.432272434234619
		endloop
	endfacet
	facet normal -0.0062638532798392045 -0.5735815618998957 -0.8191245057929625
		outer loop
			vertex -118.57661437988281 710.6956787109375 2.432272434234619
			vertex -116.8313217163086 710.8683471679688 2.2980172634124756
			vertex -116.8313217163086 710.4400024414062 2.5979602336883545
		endloop
	endfacet
	facet normal 0.0003904920362014612 -0.5419514138105231 -0.840409728992201
		outer loop
			vertex -118.57661437988281 710.6956787109375 2.432272434234619
			vertex -116.8313217163086 710.4400024414062 2.5979602336883545
			vertex -118.51287078857422 710.4349365234375 2.6004457473754883
		endloop
	endfacet
	facet normal 0.00004686739622864764 -0.45297006919236865 -0.8915257226907747
		outer loop
			vertex -118.51287078857422 710.4349365234375 2.6004457473754883
			vertex -116.8313217163086 710.4400024414062 2.5979602336883545
			vertex -118.4595947265625 710.1573486328125 2.7414865493774414
		endloop
	endfacet
	facet normal -0.006524544306853296 -0.42261038405525914 -0.9062879749893266
		outer loop
			vertex -118.4595947265625 710.1573486328125 2.7414865493774414
			vertex -116.8313217163086 710.4400024414062 2.5979602336883545
			vertex -116.8313217163086 709.966064453125 2.8189618587493896
		endloop
	endfacet
	facet normal 0.002350579349659026 -0.35814940639539106 -0.9336613291099455
		outer loop
			vertex -118.4595947265625 710.1573486328125 2.7414865493774414
			vertex -116.8313217163086 709.966064453125 2.8189618587493896
			vertex -118.41743469238281 709.8658447265625 2.853412628173828
		endloop
	endfacet
	facet normal -0.00461631548400368 -0.25896281439506164 -0.9658762603936081
		outer loop
			vertex -118.41743469238281 709.8658447265625 2.853412628173828
			vertex -116.8313217163086 709.966064453125 2.8189618587493896
			vertex -118.38700103759766 709.5633544921875 2.934368371963501
		endloop
	endfacet
	facet normal -0.004658600986721303 -0.2588110622634494 -0.9659167311352006
		outer loop
			vertex -118.38700103759766 709.5633544921875 2.934368371963501
			vertex -116.8313217163086 709.966064453125 2.8189618587493896
			vertex -116.8313217163086 709.4609375 2.9543073177337646
		endloop
	endfacet
	facet normal 0.002379648790683805 -0.15614925042915395 -0.987730605409211
		outer loop
			vertex -118.38700103759766 709.5633544921875 2.934368371963501
			vertex -116.8313217163086 709.4609375 2.9543073177337646
			vertex -118.36859893798828 709.2534790039062 2.983400583267212
		endloop
	endfacet
	facet normal -0.007090930081374626 -0.08715525721826209 -0.9961695035734631
		outer loop
			vertex -118.36859893798828 709.2534790039062 2.983400583267212
			vertex -116.8313217163086 709.4609375 2.9543073177337646
			vertex -116.8313217163086 708.9400024414062 2.9998841285705566
		endloop
	endfacet
	facet normal -0.9284955994271311 0.000009300953833271079 0.37134340139276034
		outer loop
			vertex -118.68354797363281 861.802734375 3.4470224380493164
			vertex -118.67671966552734 861.4559936523438 3.464104413986206
			vertex -118.06240844726562 871.224853515625 4.99986457824707
		endloop
	endfacet
	facet normal -0.9284204066793437 -0.000024975676271942594 0.37153135512036894
		outer loop
			vertex -118.06240844726562 871.224853515625 4.99986457824707
			vertex -118.67671966552734 861.4559936523438 3.464104413986206
			vertex -118.6838150024414 861.1095581054688 3.446350574493408
		endloop
	endfacet
	facet normal -0.9284798517860816 0.000001495367526296801 0.37138277400151415
		outer loop
			vertex -118.06240844726562 871.224853515625 4.99986457824707
			vertex -118.6838150024414 861.1095581054688 3.446350574493408
			vertex -117.86637878417969 871.3868408203125 5.489950180053711
		endloop
	endfacet
	facet normal -0.9284722225858881 -0.000002904019557315598 0.37140184689630706
		outer loop
			vertex -117.86637878417969 871.3868408203125 5.489950180053711
			vertex -118.6838150024414 861.1095581054688 3.446350574493408
			vertex -117.67222595214844 871.4791870117188 5.975316047668457
		endloop
	endfacet
	facet normal -0.9284799386276367 0.0000025531894534062935 0.37138255688642835
		outer loop
			vertex -117.67222595214844 871.4791870117188 5.975316047668457
			vertex -118.6838150024414 861.1095581054688 3.446350574493408
			vertex -117.48184204101562 871.5009765625 6.451287746429443
		endloop
	endfacet
	facet normal -0.9284756709631758 -0.0000010257326509517155 0.3713932261477429
		outer loop
			vertex -117.48184204101562 871.5009765625 6.451287746429443
			vertex -118.6838150024414 861.1095581054688 3.446350574493408
			vertex -117.29704284667969 871.4519653320312 6.9132819175720215
		endloop
	endfacet
	facet normal -0.928503137174168 0.000025677408070808862 0.3713245529161775
		outer loop
			vertex -117.29704284667969 871.4519653320312 6.9132819175720215
			vertex -118.6838150024414 861.1095581054688 3.446350574493408
			vertex -118.7047348022461 860.7671508789062 3.394063949584961
		endloop
	endfacet
	facet normal -0.9284763202702205 6.035921694177014e-8 0.37139160289035544
		outer loop
			vertex -117.29704284667969 871.4519653320312 6.9132819175720215
			vertex -118.7047348022461 860.7671508789062 3.394063949584961
			vertex -118.70391082763672 709.6300048828125 3.396148443222046
		endloop
	endfacet
	facet normal -0.9284595584620043 6.102850999801113e-8 0.3714335045476328
		outer loop
			vertex -118.70391082763672 709.6300048828125 3.396148443222046
			vertex -118.7047348022461 860.7671508789062 3.394063949584961
			vertex -118.73758697509766 709.9661254882812 3.31196928024292
		endloop
	endfacet
	facet normal -0.9284825459946527 9.732048755239937e-8 0.371376038245978
		outer loop
			vertex -118.73758697509766 709.9661254882812 3.31196928024292
			vertex -118.7047348022461 860.7671508789062 3.394063949584961
			vertex -118.73887634277344 860.4318237304688 3.308706283569336
		endloop
	endfacet
	facet normal -0.9284731944860664 9.790761863946314e-8 0.37139941723275455
		outer loop
			vertex -118.73758697509766 709.9661254882812 3.31196928024292
			vertex -118.73887634277344 860.4318237304688 3.308706283569336
			vertex -118.78425598144531 710.2915649414062 3.1952998638153076
		endloop
	endfacet
	facet normal -0.9284864709375771 1.2699149022803917e-7 0.3713662252896295
		outer loop
			vertex -118.78425598144531 710.2915649414062 3.1952998638153076
			vertex -118.73887634277344 860.4318237304688 3.308706283569336
			vertex -118.78565979003906 860.1065673828125 3.1917388439178467
		endloop
	endfacet
	facet normal -0.9284780294579476 1.2757223431266046e-7 0.37138732990487217
		outer loop
			vertex -118.78425598144531 710.2915649414062 3.1952998638153076
			vertex -118.78565979003906 860.1065673828125 3.1917388439178467
			vertex -118.8445053100586 859.7945556640625 3.044623613357544
		endloop
	endfacet
	facet normal -0.9284884137228767 9.722167265837823e-8 0.37136136791859087
		outer loop
			vertex -118.78425598144531 710.2915649414062 3.1952998638153076
			vertex -118.8445053100586 859.7945556640625 3.044623613357544
			vertex -118.84327697753906 710.6034545898438 3.047733783721924
		endloop
	endfacet
	facet normal -0.9284776160661327 9.787334449679876e-8 0.371388363393553
		outer loop
			vertex -118.84327697753906 710.6034545898438 3.047733783721924
			vertex -118.8445053100586 859.7945556640625 3.044623613357544
			vertex -118.91482543945312 859.498779296875 2.8688220977783203
		endloop
	endfacet
	facet normal -0.9284754208953873 1.0552243635428812e-7 0.3713938513130267
		outer loop
			vertex -118.84327697753906 710.6034545898438 3.047733783721924
			vertex -118.91482543945312 859.498779296875 2.8688220977783203
			vertex -118.91397857666016 710.8986206054688 2.870981454849243
		endloop
	endfacet
	facet normal -0.9284695216592692 1.0577035794275249e-7 0.3714085989174143
		outer loop
			vertex -118.91397857666016 710.8986206054688 2.870981454849243
			vertex -118.91482543945312 859.498779296875 2.8688220977783203
			vertex -118.99604034423828 859.2223510742188 2.6657962799072266
		endloop
	endfacet
	facet normal -0.9284705137135596 1.017907499989264e-7 0.3714061189109149
		outer loop
			vertex -118.91397857666016 710.8986206054688 2.870981454849243
			vertex -118.99604034423828 859.2223510742188 2.6657962799072266
			vertex -118.99567413330078 711.17431640625 2.666752338409424
		endloop
	endfacet
	facet normal -0.9284779309162547 1.0165265888318424e-7 0.37138757626159236
		outer loop
			vertex -118.99567413330078 711.17431640625 2.666752338409424
			vertex -118.99604034423828 859.2223510742188 2.6657962799072266
			vertex -119.08755493164062 858.96826171875 2.4370076656341553
		endloop
	endfacet
	facet normal -0.9284758514766882 1.1102660745107684e-7 0.37139277486863775
		outer loop
			vertex -118.99567413330078 711.17431640625 2.666752338409424
			vertex -119.08755493164062 858.96826171875 2.4370076656341553
			vertex -119.08759307861328 711.427490234375 2.4369564056396484
		endloop
	endfacet
	facet normal -0.9284735839619036 1.110240517077919e-7 0.3713984435682598
		outer loop
			vertex -119.08759307861328 711.427490234375 2.4369564056396484
			vertex -119.08755493164062 858.96826171875 2.4370076656341553
			vertex -119.18863677978516 858.7395629882812 2.184309244155884
		endloop
	endfacet
	facet normal -0.9284793222567362 8.248449284881328e-8 0.3713840978578176
		outer loop
			vertex -119.08759307861328 711.427490234375 2.4369564056396484
			vertex -119.18863677978516 858.7395629882812 2.184309244155884
			vertex -119.18871307373047 711.6561279296875 2.1841511726379395
		endloop
	endfacet
	facet normal -0.928474769352216 8.24698985788628e-8 0.37139548015066454
		outer loop
			vertex -119.18871307373047 711.6561279296875 2.1841511726379395
			vertex -119.18863677978516 858.7395629882812 2.184309244155884
			vertex -119.29796600341797 711.8585815429688 1.9110229015350342
		endloop
	endfacet
	facet normal -0.9284792866096456 1.0684431548649014e-7 0.3713841869773569
		outer loop
			vertex -119.29796600341797 711.8585815429688 1.9110229015350342
			vertex -119.18863677978516 858.7395629882812 2.184309244155884
			vertex -119.2979965209961 858.5380859375 1.9109044075012207
		endloop
	endfacet
	facet normal -0.9284807641072971 1.0684102404035244e-7 0.3713804931370502
		outer loop
			vertex -119.29796600341797 711.8585815429688 1.9110229015350342
			vertex -119.2979965209961 858.5380859375 1.9109044075012207
			vertex -119.41426849365234 712.033203125 1.6202573776245117
		endloop
	endfacet
	facet normal -0.928477023005459 8.53169469477127e-8 0.3713898460525183
		outer loop
			vertex -119.41426849365234 712.033203125 1.6202573776245117
			vertex -119.2979965209961 858.5380859375 1.9109044075012207
			vertex -119.41445922851562 858.36474609375 1.6197469234466553
		endloop
	endfacet
	facet normal -0.9284795233349216 8.529188264238374e-8 0.37138359515162955
		outer loop
			vertex -119.41426849365234 712.033203125 1.6202573776245117
			vertex -119.41445922851562 858.36474609375 1.6197469234466553
			vertex -119.53655242919922 712.17822265625 1.3145407438278198
		endloop
	endfacet
	facet normal -0.9284745045224868 5.490464957178926e-8 0.37139614221437406
		outer loop
			vertex -119.53655242919922 712.17822265625 1.3145407438278198
			vertex -119.41445922851562 858.36474609375 1.6197469234466553
			vertex -119.53685760498047 858.2206420898438 1.3137562274932861
		endloop
	endfacet
	facet normal -0.9284750275646488 5.4896532463170064e-8 0.3713948346286222
		outer loop
			vertex -119.53655242919922 712.17822265625 1.3145407438278198
			vertex -119.53685760498047 858.2206420898438 1.3137562274932861
			vertex -119.66373443603516 712.2919921875 0.9965898394584656
		endloop
	endfacet
	facet normal -0.9284795104640148 8.315249602061248e-8 0.37138362732960745
		outer loop
			vertex -119.66373443603516 712.2919921875 0.9965898394584656
			vertex -119.53685760498047 858.2206420898438 1.3137562274932861
			vertex -119.66401672363281 858.1067504882812 0.995851457118988
		endloop
	endfacet
	facet normal -0.9284763712342435 8.319831512579958e-8 0.371391475480637
		outer loop
			vertex -119.66373443603516 712.2919921875 0.9965898394584656
			vertex -119.66401672363281 858.1067504882812 0.995851457118988
			vertex -119.7947769165039 858.0240478515625 0.6689518094062805
		endloop
	endfacet
	facet normal -0.9284766372176703 8.146417006012599e-8 0.37139081052303974
		outer loop
			vertex -119.66373443603516 712.2919921875 0.9965898394584656
			vertex -119.7947769165039 858.0240478515625 0.6689518094062805
			vertex -119.79459381103516 712.37353515625 0.6694415211677551
		endloop
	endfacet
	facet normal -0.9284729469561492 8.149982768439106e-8 0.37140003604005917
		outer loop
			vertex -119.79459381103516 712.37353515625 0.6694415211677551
			vertex -119.7947769165039 858.0240478515625 0.6689518094062805
			vertex -119.92797088623047 857.9734497070312 0.33597663044929504
		endloop
	endfacet
	facet normal -0.9284733656596806 7.871896659412326e-8 0.3713989893101201
		outer loop
			vertex -119.79459381103516 712.37353515625 0.6694415211677551
			vertex -119.92797088623047 857.9734497070312 0.33597663044929504
			vertex -119.92790222167969 712.4226684570312 0.33617913722991943
		endloop
	endfacet
	facet normal -0.9284764799443438 7.870666519266261e-8 0.3713912037059502
		outer loop
			vertex -119.92790222167969 712.4226684570312 0.33617913722991943
			vertex -119.92797088623047 857.9734497070312 0.33597663044929504
			vertex -120.06242370605469 857.9560546875 -0.0001548617728985846
		endloop
	endfacet
	facet normal -0.9284744959219168 9.20033630402698e-8 0.37139616371542433
		outer loop
			vertex -119.92790222167969 712.4226684570312 0.33617913722991943
			vertex -120.06242370605469 857.9560546875 -0.0001548617728985846
			vertex -120.06243133544922 712.4391479492188 -0.00013788705109618604
		endloop
	endfacet
	facet normal -0.9284799866234159 9.200204966642296e-8 0.37138243690267975
		outer loop
			vertex -120.06243133544922 712.4391479492188 -0.00013788705109618604
			vertex -120.06242370605469 857.9560546875 -0.0001548617728985846
			vertex -120.19695281982422 712.4229736328125 -0.3364502489566803
		endloop
	endfacet
	facet normal -0.9284784227378992 8.152173381649546e-8 0.3713863466932198
		outer loop
			vertex -120.19695281982422 712.4229736328125 -0.3364502489566803
			vertex -120.06242370605469 857.9560546875 -0.0001548617728985846
			vertex -120.1969223022461 857.9727172851562 -0.3364059031009674
		endloop
	endfacet
	facet normal -0.9284753321214841 8.151873169028036e-8 0.37139407324551227
		outer loop
			vertex -120.19695281982422 712.4229736328125 -0.3364502489566803
			vertex -120.1969223022461 857.9727172851562 -0.3364059031009674
			vertex -120.33025360107422 712.3739624023438 -0.6696986556053162
		endloop
	endfacet
	facet normal -0.9284771329998369 9.347389806213648e-8 0.37138957106574055
		outer loop
			vertex -120.33025360107422 712.3739624023438 -0.6696986556053162
			vertex -120.1969223022461 857.9727172851562 -0.3364059031009674
			vertex -120.33012390136719 858.0230712890625 -0.6694110631942749
		endloop
	endfacet
	facet normal -0.9284784959876282 9.348184009547264e-8 0.37138616356636533
		outer loop
			vertex -120.33025360107422 712.3739624023438 -0.6696986556053162
			vertex -120.33012390136719 858.0230712890625 -0.6694110631942749
			vertex -120.4610824584961 712.2919311523438 -0.9967753887176514
		endloop
	endfacet
	facet normal -0.9284740227557423 6.434093716408012e-8 0.37139734660840723
		outer loop
			vertex -120.4610824584961 712.2919311523438 -0.9967753887176514
			vertex -120.33012390136719 858.0230712890625 -0.6694110631942749
			vertex -120.46086120605469 858.10595703125 -0.9962475299835205
		endloop
	endfacet
	facet normal -0.9284810063998686 6.441473768770433e-8 0.3713798873857916
		outer loop
			vertex -120.4610824584961 712.2919311523438 -0.9967753887176514
			vertex -120.46086120605469 858.10595703125 -0.9962475299835205
			vertex -120.58797454833984 858.22021484375 -1.3140416145324707
		endloop
	endfacet
	facet normal -0.9284752139426421 1.0093572861726657e-7 0.3713943686893419
		outer loop
			vertex -120.4610824584961 712.2919311523438 -0.9967753887176514
			vertex -120.58797454833984 858.22021484375 -1.3140416145324707
			vertex -120.58818054199219 712.1775512695312 -1.3145169019699097
		endloop
	endfacet
	facet normal -0.9284751271968017 1.0093490049700065e-7 0.37139458555136845
		outer loop
			vertex -120.58818054199219 712.1775512695312 -1.3145169019699097
			vertex -120.58797454833984 858.22021484375 -1.3140416145324707
			vertex -120.7103271484375 858.36474609375 -1.6199194192886353
		endloop
	endfacet
	facet normal -0.9284764064457006 9.318481369871975e-8 0.3713913874521993
		outer loop
			vertex -120.58818054199219 712.1775512695312 -1.3145169019699097
			vertex -120.7103271484375 858.36474609375 -1.6199194192886353
			vertex -120.71043395996094 712.0323486328125 -1.6201497316360474
		endloop
	endfacet
	facet normal -0.9284799758358869 9.320146389173219e-8 0.37138246387219487
		outer loop
			vertex -120.71043395996094 712.0323486328125 -1.6201497316360474
			vertex -120.7103271484375 858.36474609375 -1.6199194192886353
			vertex -120.8267593383789 858.5383911132812 -1.9110074043273926
		endloop
	endfacet
	facet normal -0.9284762945569055 1.1439565423737698e-7 0.37139166717343763
		outer loop
			vertex -120.71043395996094 712.0323486328125 -1.6201497316360474
			vertex -120.8267593383789 858.5383911132812 -1.9110074043273926
			vertex -120.82675170898438 711.8578491210938 -1.9109431505203247
		endloop
	endfacet
	facet normal -0.9284705198799035 1.1440227846951724e-7 0.3714061034957943
		outer loop
			vertex -120.82675170898438 711.8578491210938 -1.9109431505203247
			vertex -120.8267593383789 858.5383911132812 -1.9110074043273926
			vertex -120.9361343383789 858.7399291992188 -2.184431791305542
		endloop
	endfacet
	facet normal -0.9284744237695541 9.332344116856357e-8 0.37139634409318845
		outer loop
			vertex -120.82675170898438 711.8578491210938 -1.9109431505203247
			vertex -120.9361343383789 858.7399291992188 -2.184431791305542
			vertex -120.93604278564453 711.6556396484375 -2.1841659545898438
		endloop
	endfacet
	facet normal -0.9284803415713744 9.329301824101744e-8 0.3713815495087169
		outer loop
			vertex -120.93604278564453 711.6556396484375 -2.1841659545898438
			vertex -120.9361343383789 858.7399291992188 -2.184431791305542
			vertex -121.0372085571289 711.42724609375 -2.4370875358581543
		endloop
	endfacet
	facet normal -0.9284819717593362 1.0140159885446727e-7 0.37137747389668796
		outer loop
			vertex -121.0372085571289 711.42724609375 -2.4370875358581543
			vertex -120.9361343383789 858.7399291992188 -2.184431791305542
			vertex -121.03728485107422 858.96826171875 -2.4373185634613037
		endloop
	endfacet
	facet normal -0.9284748699293375 1.0143307267161011e-7 0.3713952287115299
		outer loop
			vertex -121.0372085571289 711.42724609375 -2.4370875358581543
			vertex -121.03728485107422 858.96826171875 -2.4373185634613037
			vertex -121.12916564941406 711.1742553710938 -2.6669769287109375
		endloop
	endfacet
	facet normal -0.9284697392233033 7.83124708006198e-8 0.3714080550373205
		outer loop
			vertex -121.12916564941406 711.1742553710938 -2.6669769287109375
			vertex -121.03728485107422 858.96826171875 -2.4373185634613037
			vertex -121.12904357910156 859.2218627929688 -2.66670298576355
		endloop
	endfacet
	facet normal -0.9284755296292733 7.834403033298122e-8 0.37139357948089885
		outer loop
			vertex -121.12916564941406 711.1742553710938 -2.6669769287109375
			vertex -121.12904357910156 859.2218627929688 -2.66670298576355
			vertex -121.21073913574219 710.8984985351562 -2.870908737182617
		endloop
	endfacet
	facet normal -0.9284781493444808 8.880376426314253e-8 0.37138703018527747
		outer loop
			vertex -121.21073913574219 710.8984985351562 -2.870908737182617
			vertex -121.12904357910156 859.2218627929688 -2.66670298576355
			vertex -121.21046447753906 859.4979858398438 -2.870257616043091
		endloop
	endfacet
	facet normal -0.9284854772464253 8.889758373343961e-8 0.3713687096976132
		outer loop
			vertex -121.21073913574219 710.8984985351562 -2.870908737182617
			vertex -121.21046447753906 859.4979858398438 -2.870257616043091
			vertex -121.28093719482422 859.7935791015625 -3.0464515686035156
		endloop
	endfacet
	facet normal -0.9284836935003679 9.499633024970875e-8 0.3713731693376705
		outer loop
			vertex -121.21073913574219 710.8984985351562 -2.870908737182617
			vertex -121.28093719482422 859.7935791015625 -3.0464515686035156
			vertex -121.28105163574219 710.6028442382812 -3.0466995239257812
		endloop
	endfacet
	facet normal -0.9284706108638392 9.49319362271521e-8 0.37140587604683944
		outer loop
			vertex -121.28105163574219 710.6028442382812 -3.0466995239257812
			vertex -121.28093719482422 859.7935791015625 -3.0464515686035156
			vertex -121.3398666381836 860.1055297851562 -3.193768262863159
		endloop
	endfacet
	facet normal -0.9284665572154112 1.0649516268661173e-7 0.371416009526448
		outer loop
			vertex -121.28105163574219 710.6028442382812 -3.0466995239257812
			vertex -121.3398666381836 860.1055297851562 -3.193768262863159
			vertex -121.33966064453125 710.2904663085938 -3.1932103633880615
		endloop
	endfacet
	facet normal -0.9284792002477142 1.063600780577747e-7 0.3713844028864884
		outer loop
			vertex -121.33966064453125 710.2904663085938 -3.1932103633880615
			vertex -121.3398666381836 860.1055297851562 -3.193768262863159
			vertex -121.38663482666016 860.4307861328125 -3.3106911182403564
		endloop
	endfacet
	facet normal -0.9284849332024994 9.33512394739038e-8 0.3713700698978603
		outer loop
			vertex -121.33966064453125 710.2904663085938 -3.1932103633880615
			vertex -121.38663482666016 860.4307861328125 -3.3106911182403564
			vertex -121.38610076904297 709.9647827148438 -3.3093180656433105
		endloop
	endfacet
	facet normal -0.928479436904253 9.349614207885844e-8 0.37138381123300523
		outer loop
			vertex -121.38610076904297 709.9647827148438 -3.3093180656433105
			vertex -121.38663482666016 860.4307861328125 -3.3106911182403564
			vertex -121.42063903808594 860.766357421875 -3.3957035541534424
		endloop
	endfacet
	facet normal -0.9284908711928775 7.450114638255416e-8 0.37135522362218865
		outer loop
			vertex -121.38610076904297 709.9647827148438 -3.3093180656433105
			vertex -121.42063903808594 860.766357421875 -3.3957035541534424
			vertex -121.41992950439453 709.62890625 -3.3938992023468018
		endloop
	endfacet
	facet normal -0.9284764283993876 7.500003590193607e-8 0.3713913325681031
		outer loop
			vertex -121.41992950439453 709.62890625 -3.3938992023468018
			vertex -121.42063903808594 860.766357421875 -3.3957035541534424
			vertex -124.06241607666016 865.224853515625 -10.000133514404297
		endloop
	endfacet
	facet normal -0.9284648253238365 0.0000015035942350039222 0.37142033888051573
		outer loop
			vertex -121.41992950439453 709.62890625 -3.3938992023468018
			vertex -124.06241607666016 865.224853515625 -10.000133514404297
			vertex -121.44070434570312 709.2861938476562 -3.4458301067352295
		endloop
	endfacet
	facet normal -0.9284764690930171 8.438508087970544e-8 0.3713912308342196
		outer loop
			vertex -121.44070434570312 709.2861938476562 -3.4458301067352295
			vertex -124.06241607666016 865.224853515625 -10.000133514404297
			vertex -124.06242370605469 688.9400024414062 -10.000112533569336
		endloop
	endfacet
	facet normal -0.9284766449294168 2.486514372020534e-7 0.37139079124360597
		outer loop
			vertex -121.44070434570312 709.2861938476562 -3.4458301067352295
			vertex -124.06242370605469 688.9400024414062 -10.000112533569336
			vertex -121.44796752929688 708.9398193359375 -3.4639878273010254
		endloop
	endfacet
	facet normal -0.9284851125671436 0.000008274086657949075 0.3713696213649126
		outer loop
			vertex -121.44796752929688 708.9398193359375 -3.4639878273010254
			vertex -124.06242370605469 688.9400024414062 -10.000112533569336
			vertex -121.4412841796875 708.5932006835938 -3.447270631790161
		endloop
	endfacet
	facet normal -0.9284701558354462 -0.00000618811404629518 0.3714070135102587
		outer loop
			vertex -121.4412841796875 708.5932006835938 -3.447270631790161
			vertex -124.06242370605469 688.9400024414062 -10.000112533569336
			vertex -121.42064666748047 708.2503662109375 -3.3956851959228516
		endloop
	endfacet
	facet normal -0.9284777435635514 0.0000013375638183236095 0.37138804464514896
		outer loop
			vertex -121.42064666748047 708.2503662109375 -3.3956851959228516
			vertex -124.06242370605469 688.9400024414062 -10.000112533569336
			vertex -121.38664245605469 707.914794921875 -3.3106727600097656
		endloop
	endfacet
	facet normal -0.9284778827420511 0.0000014798579019832647 0.3713876966953105
		outer loop
			vertex -121.38664245605469 707.914794921875 -3.3106727600097656
			vertex -124.06242370605469 688.9400024414062 -10.000112533569336
			vertex -121.33987426757812 707.5895385742188 -3.1937499046325684
		endloop
	endfacet
	facet normal -0.9284732104771924 -0.0000034651709411387248 0.37139937723987654
		outer loop
			vertex -121.33987426757812 707.5895385742188 -3.1937499046325684
			vertex -124.06242370605469 688.9400024414062 -10.000112533569336
			vertex -121.28094482421875 707.277587890625 -3.046433210372925
		endloop
	endfacet
	facet normal -0.9284819643618611 0.000006161468363080256 0.37137749234003914
		outer loop
			vertex -121.28094482421875 707.277587890625 -3.046433210372925
			vertex -124.06242370605469 688.9400024414062 -10.000112533569336
			vertex -121.2104721069336 706.9819946289062 -2.8702392578125
		endloop
	endfacet
	facet normal -0.9284776315360997 0.0000011958038482280935 0.3713883247164414
		outer loop
			vertex -121.2104721069336 706.9819946289062 -2.8702392578125
			vertex -124.06242370605469 688.9400024414062 -10.000112533569336
			vertex -121.1290512084961 706.7058715820312 -2.666684627532959
		endloop
	endfacet
	facet normal -0.9284719198164801 -0.000005641404304152126 0.37140260376103257
		outer loop
			vertex -121.1290512084961 706.7058715820312 -2.666684627532959
			vertex -124.06242370605469 688.9400024414062 -10.000112533569336
			vertex -121.03729248046875 706.4522705078125 -2.437300205230713
		endloop
	endfacet
	facet normal -0.9284804382403546 0.000005026930700636898 0.3713813077952757
		outer loop
			vertex -121.03729248046875 706.4522705078125 -2.437300205230713
			vertex -124.06242370605469 688.9400024414062 -10.000112533569336
			vertex -120.93614196777344 706.2239379882812 -2.184413433074951
		endloop
	endfacet
	facet normal -0.9284720628647256 -0.00000595619596126836 0.37140224614862616
		outer loop
			vertex -120.93614196777344 706.2239379882812 -2.184413433074951
			vertex -124.06242370605469 688.9400024414062 -10.000112533569336
			vertex -120.82676696777344 706.0223999023438 -1.9109890460968018
		endloop
	endfacet
	facet normal -0.9284792032152395 0.0000038492337856842565 0.3713843954475975
		outer loop
			vertex -120.82676696777344 706.0223999023438 -1.9109890460968018
			vertex -124.06242370605469 688.9400024414062 -10.000112533569336
			vertex -120.71033477783203 705.8487548828125 -1.6199010610580444
		endloop
	endfacet
	facet normal -0.9284765198989577 -7.484254951991204e-9 0.3713911038195724
		outer loop
			vertex -120.71033477783203 705.8487548828125 -1.6199010610580444
			vertex -124.06242370605469 688.9400024414062 -10.000112533569336
			vertex -118.06241607666016 688.9400024414062 4.999886512756348
		endloop
	endfacet
	facet normal -0.9284748939979575 0.0000018384718564497783 0.3713951685362934
		outer loop
			vertex -120.71033477783203 705.8487548828125 -1.6199010610580444
			vertex -118.06241607666016 688.9400024414062 4.999886512756348
			vertex -120.58798217773438 705.7042236328125 -1.3140231370925903
		endloop
	endfacet
	facet normal -0.9284816537460824 -0.000005544802211206718 0.37137826892024123
		outer loop
			vertex -120.58798217773438 705.7042236328125 -1.3140231370925903
			vertex -118.06241607666016 688.9400024414062 4.999886512756348
			vertex -120.46086883544922 705.5899658203125 -0.9962291717529297
		endloop
	endfacet
	facet normal -0.928473795578361 0.0000026621103016166513 0.3713979145299892
		outer loop
			vertex -120.46086883544922 705.5899658203125 -0.9962291717529297
			vertex -118.06241607666016 688.9400024414062 4.999886512756348
			vertex -120.33013153076172 705.507080078125 -0.6693927049636841
		endloop
	endfacet
	facet normal -0.9284771859600495 -7.024222170109004e-7 0.3713894386640719
		outer loop
			vertex -120.33013153076172 705.507080078125 -0.6693927049636841
			vertex -118.06241607666016 688.9400024414062 4.999886512756348
			vertex -120.19692993164062 705.4567260742188 -0.3363875150680542
		endloop
	endfacet
	facet normal -0.928478455751871 -0.0000018921528868873393 0.3713862641523525
		outer loop
			vertex -120.19692993164062 705.4567260742188 -0.3363875150680542
			vertex -118.06241607666016 688.9400024414062 4.999886512756348
			vertex -120.06243133544922 705.4400634765625 -0.00013647560263052583
		endloop
	endfacet
	facet normal -0.9284764765224437 -1.528172386639307e-7 0.37139121226066335
		outer loop
			vertex -120.06243133544922 705.4400634765625 -0.00013647560263052583
			vertex -118.06241607666016 688.9400024414062 4.999886512756348
			vertex -119.927978515625 705.4574584960938 0.33599501848220825
		endloop
	endfacet
	facet normal -0.9284730913846129 0.0000026190590145391515 0.37139967497002596
		outer loop
			vertex -119.927978515625 705.4574584960938 0.33599501848220825
			vertex -118.06241607666016 688.9400024414062 4.999886512756348
			vertex -119.79478454589844 705.508056640625 0.6689702272415161
		endloop
	endfacet
	facet normal -0.9284763533870759 1.4628484579105713e-7 0.3713915200984218
		outer loop
			vertex -119.79478454589844 705.508056640625 0.6689702272415161
			vertex -118.06241607666016 688.9400024414062 4.999886512756348
			vertex -119.66402435302734 705.5907592773438 0.9958698153495789
		endloop
	endfacet
	facet normal -0.9284792672344655 -0.0000018857459170149163 0.3713842354115127
		outer loop
			vertex -119.66402435302734 705.5907592773438 0.9958698153495789
			vertex -118.06241607666016 688.9400024414062 4.999886512756348
			vertex -119.536865234375 705.7046508789062 1.313774585723877
		endloop
	endfacet
	facet normal -0.9284747110526103 0.0000010194423223044898 0.3713956258960691
		outer loop
			vertex -119.536865234375 705.7046508789062 1.313774585723877
			vertex -118.06241607666016 688.9400024414062 4.999886512756348
			vertex -119.41446685791016 705.8487548828125 1.6197654008865356
		endloop
	endfacet
	facet normal -0.9284769016357166 -2.504761941761404e-7 0.3713901494774429
		outer loop
			vertex -119.41446685791016 705.8487548828125 1.6197654008865356
			vertex -118.06241607666016 688.9400024414062 4.999886512756348
			vertex -119.29800415039062 706.0220947265625 1.9109227657318115
		endloop
	endfacet
	facet normal -0.928478926045248 -0.0000013121032648061216 0.3713850884030504
		outer loop
			vertex -119.29800415039062 706.0220947265625 1.9109227657318115
			vertex -118.06241607666016 688.9400024414062 4.999886512756348
			vertex -119.18864440917969 706.2235717773438 2.1843276023864746
		endloop
	endfacet
	facet normal -0.9284738833014764 0.0000010701916402197096 0.3713976952350828
		outer loop
			vertex -119.18864440917969 706.2235717773438 2.1843276023864746
			vertex -118.06241607666016 688.9400024414062 4.999886512756348
			vertex -119.08756256103516 706.4522705078125 2.437026023864746
		endloop
	endfacet
	facet normal -0.9284776840898535 -5.428727096146404e-7 0.3713881933325932
		outer loop
			vertex -119.08756256103516 706.4522705078125 2.437026023864746
			vertex -118.06241607666016 688.9400024414062 4.999886512756348
			vertex -118.99604797363281 706.7063598632812 2.6658146381378174
		endloop
	endfacet
	facet normal -0.9284705018501862 0.0000021934429895213962 0.3714061485614534
		outer loop
			vertex -118.99604797363281 706.7063598632812 2.6658146381378174
			vertex -118.06241607666016 688.9400024414062 4.999886512756348
			vertex -118.91483306884766 706.9827880859375 2.868840456008911
		endloop
	endfacet
	facet normal -0.928477450955147 -1.8672681440574277e-7 0.37138877617369875
		outer loop
			vertex -118.91483306884766 706.9827880859375 2.868840456008911
			vertex -118.06241607666016 688.9400024414062 4.999886512756348
			vertex -118.84451293945312 707.278564453125 3.0446419715881348
		endloop
	endfacet
	facet normal -0.928477735303775 -2.7464678459744005e-7 0.37138806529706603
		outer loop
			vertex -118.84451293945312 707.278564453125 3.0446419715881348
			vertex -118.06241607666016 688.9400024414062 4.999886512756348
			vertex -118.7856674194336 707.590576171875 3.1917572021484375
		endloop
	endfacet
	facet normal -0.928484312691087 -0.000002123921691633073 0.37137162126641965
		outer loop
			vertex -118.7856674194336 707.590576171875 3.1917572021484375
			vertex -118.06241607666016 688.9400024414062 4.999886512756348
			vertex -118.73888397216797 707.9158325195312 3.3087246417999268
		endloop
	endfacet
	facet normal -0.9284807755017881 -0.0000012096858135943816 0.3713804646479604
		outer loop
			vertex -118.73888397216797 707.9158325195312 3.3087246417999268
			vertex -118.06241607666016 688.9400024414062 4.999886512756348
			vertex -118.70474243164062 708.2511596679688 3.3940823078155518
		endloop
	endfacet
	facet normal -0.9284559452186011 0.000004777736246456602 0.37144253628981067
		outer loop
			vertex -118.70474243164062 708.2511596679688 3.3940823078155518
			vertex -118.06241607666016 688.9400024414062 4.999886512756348
			vertex -118.68382263183594 708.5935668945312 3.446368932723999
		endloop
	endfacet
	facet normal -0.9284666036032696 0.0000023347625314921844 0.3714158935586335
		outer loop
			vertex -118.68382263183594 708.5935668945312 3.446368932723999
			vertex -118.06241607666016 688.9400024414062 4.999886512756348
			vertex -118.67671966552734 708.9400024414062 3.464122772216797
		endloop
	endfacet
	facet normal -0.9284766077043237 1.0706963147384932e-7 0.37139088430636014
		outer loop
			vertex -118.67671966552734 708.9400024414062 3.464122772216797
			vertex -118.06241607666016 688.9400024414062 4.999886512756348
			vertex -117.77778625488281 688.9908447265625 5.711460590362549
		endloop
	endfacet
	facet normal -0.9284784923620204 -5.086410678068666e-7 0.37138617263017604
		outer loop
			vertex -118.67671966552734 708.9400024414062 3.464122772216797
			vertex -117.77778625488281 688.9908447265625 5.711460590362549
			vertex -117.49895477294922 689.1425170898438 6.4085493087768555
		endloop
	endfacet
	facet normal -0.9284787603260634 -0.000009942771878764671 0.37138550257719793
		outer loop
			vertex -121.42063903808594 860.766357421875 -3.3957035541534424
			vertex -121.44127655029297 861.1091918945312 -3.447288990020752
			vertex -124.06241607666016 865.224853515625 -10.000133514404297
		endloop
	endfacet
	facet normal -0.9284744933223923 0.000009759270104636217 0.37139617008591214
		outer loop
			vertex -124.06241607666016 865.224853515625 -10.000133514404297
			vertex -121.44127655029297 861.1091918945312 -3.447288990020752
			vertex -121.44795989990234 861.455810546875 -3.464006185531616
		endloop
	endfacet
	facet normal -0.9284763921531092 2.1022323542151326e-7 0.37139142318354884
		outer loop
			vertex -124.06241607666016 865.224853515625 -10.000133514404297
			vertex -121.44795989990234 861.455810546875 -3.464006185531616
			vertex -121.4406967163086 861.8021850585938 -3.4458484649658203
		endloop
	endfacet
	facet normal -0.9284787771569919 -0.000013035164495076009 0.3713854604035297
		outer loop
			vertex -121.4406967163086 861.8021850585938 -3.4458484649658203
			vertex -121.41992950439453 862.1448974609375 -3.3939175605773926
			vertex -124.06241607666016 865.224853515625 -10.000133514404297
		endloop
	endfacet
	facet normal -0.928475127462674 0.000009667024173709071 0.37139458476089837
		outer loop
			vertex -124.06241607666016 865.224853515625 -10.000133514404297
			vertex -121.41992950439453 862.1448974609375 -3.3939175605773926
			vertex -121.38609313964844 862.4807739257812 -3.3093364238739014
		endloop
	endfacet
	facet normal -0.9284775595618638 -0.000007530125327458721 0.3713885045788883
		outer loop
			vertex -124.06241607666016 865.224853515625 -10.000133514404297
			vertex -121.38609313964844 862.4807739257812 -3.3093364238739014
			vertex -121.33965301513672 862.8064575195312 -3.1932287216186523
		endloop
	endfacet
	facet normal -0.9284751860918509 0.000011842835766722435 0.37139443812670386
		outer loop
			vertex -121.33965301513672 862.8064575195312 -3.1932287216186523
			vertex -121.28104400634766 863.1188354492188 -3.046717882156372
			vertex -124.06241607666016 865.224853515625 -10.000133514404297
		endloop
	endfacet
	facet normal -0.9284774975761171 -0.00001028918874308877 0.3713886594780785
		outer loop
			vertex -124.06241607666016 865.224853515625 -10.000133514404297
			vertex -121.28104400634766 863.1188354492188 -3.046717882156372
			vertex -121.21073150634766 863.4144897460938 -2.870927333831787
		endloop
	endfacet
	facet normal -0.9284764458560717 0.000001722223309960617 0.3713912889224936
		outer loop
			vertex -124.06241607666016 865.224853515625 -10.000133514404297
			vertex -121.21073150634766 863.4144897460938 -2.870927333831787
			vertex -121.12915802001953 863.6902465820312 -2.6669952869415283
		endloop
	endfacet
	facet normal -0.9284762923256726 0.000003849718763144512 0.3713916727315678
		outer loop
			vertex -121.12915802001953 863.6902465820312 -2.6669952869415283
			vertex -121.03720092773438 863.9432373046875 -2.437105894088745
			vertex -124.06241607666016 865.224853515625 -10.000133514404297
		endloop
	endfacet
	facet normal -0.9284771169118645 -0.000010262457700628264 0.37138961114403024
		outer loop
			vertex -124.06241607666016 865.224853515625 -10.000133514404297
			vertex -121.03720092773438 863.9432373046875 -2.437105894088745
			vertex -120.93603515625 864.171630859375 -2.1841843128204346
		endloop
	endfacet
	facet normal -0.9284762950239174 0.000007425778180419458 0.3713916659316917
		outer loop
			vertex -124.06241607666016 865.224853515625 -10.000133514404297
			vertex -120.93603515625 864.171630859375 -2.1841843128204346
			vertex -120.82674407958984 864.3738403320312 -1.9109615087509155
		endloop
	endfacet
	facet normal -0.9284765128169534 0.000001422896075668619 0.37139112152183373
		outer loop
			vertex -120.82674407958984 864.3738403320312 -1.9109615087509155
			vertex -120.7104263305664 864.54833984375 -1.6201682090759277
			vertex -124.06241607666016 865.224853515625 -10.000133514404297
		endloop
	endfacet
	facet normal -0.9284765455982684 2.4535104543764153e-7 0.3713910395712939
		outer loop
			vertex -124.06241607666016 865.224853515625 -10.000133514404297
			vertex -120.7104263305664 864.54833984375 -1.6201682090759277
			vertex -118.06240844726562 871.224853515625 4.99986457824707
		endloop
	endfacet
	facet normal -0.9284764240830796 -1.0406154443356779e-7 0.3713913433588438
		outer loop
			vertex -118.06240844726562 871.224853515625 4.99986457824707
			vertex -120.7104263305664 864.54833984375 -1.6201682090759277
			vertex -120.58817291259766 864.6935424804688 -1.3145352602005005
		endloop
	endfacet
	facet normal -0.9284745289289312 -0.000005417402520504782 0.3713960811597926
		outer loop
			vertex -118.06240844726562 871.224853515625 4.99986457824707
			vertex -120.58817291259766 864.6935424804688 -1.3145352602005005
			vertex -120.46107482910156 864.8079223632812 -0.9967937469482422
		endloop
	endfacet
	facet normal -0.9284790878633346 0.000006937647742544859 0.37138468378803574
		outer loop
			vertex -120.46107482910156 864.8079223632812 -0.9967937469482422
			vertex -120.33024597167969 864.8899536132812 -0.669717013835907
			vertex -118.06240844726562 871.224853515625 4.99986457824707
		endloop
	endfacet
	facet normal -0.9284751500453294 -0.000003282759102278901 0.37139452841624687
		outer loop
			vertex -118.06240844726562 871.224853515625 4.99986457824707
			vertex -120.33024597167969 864.8899536132812 -0.669717013835907
			vertex -120.19694519042969 864.93896484375 -0.3364686369895935
		endloop
	endfacet
	facet normal -0.9284801348486477 0.00000898959823209934 0.371382066221061
		outer loop
			vertex -118.06240844726562 871.224853515625 4.99986457824707
			vertex -120.19694519042969 864.93896484375 -0.3364686369895935
			vertex -120.06242370605469 864.9551391601562 -0.00015627322136424482
		endloop
	endfacet
	facet normal -0.9284745626154306 -0.0000038975210403698405 0.37139599696401443
		outer loop
			vertex -120.06242370605469 864.9551391601562 -0.00015627322136424482
			vertex -119.92789459228516 864.9386596679688 0.3361607491970062
			vertex -118.06240844726562 871.224853515625 4.99986457824707
		endloop
	endfacet
	facet normal -0.9284736555526165 -0.00000584901372232562 0.3713982645497288
		outer loop
			vertex -118.06240844726562 871.224853515625 4.99986457824707
			vertex -119.92789459228516 864.9386596679688 0.3361607491970062
			vertex -119.79458618164062 864.8895263671875 0.6694231033325195
		endloop
	endfacet
	facet normal -0.9284766586320826 1.037851509122268e-7 0.37139075698702106
		outer loop
			vertex -118.06240844726562 871.224853515625 4.99986457824707
			vertex -119.79458618164062 864.8895263671875 0.6694231033325195
			vertex -119.66372680664062 864.8079833984375 0.9965714812278748
		endloop
	endfacet
	facet normal -0.9284816006966723 0.000009045299192261056 0.37137840148011836
		outer loop
			vertex -119.66372680664062 864.8079833984375 0.9965714812278748
			vertex -119.53655242919922 864.6942138671875 1.314522385597229
			vertex -118.06240844726562 871.224853515625 4.99986457824707
		endloop
	endfacet
	facet normal -0.9284725030834395 -0.000005843167277072311 0.37140114564151516
		outer loop
			vertex -118.06240844726562 871.224853515625 4.99986457824707
			vertex -119.53655242919922 864.6942138671875 1.314522385597229
			vertex -119.41426086425781 864.5491943359375 1.620239019393921
		endloop
	endfacet
	facet normal -0.9284797829439031 0.0000048447647465499594 0.37138294608257255
		outer loop
			vertex -118.06240844726562 871.224853515625 4.99986457824707
			vertex -119.41426086425781 864.5491943359375 1.620239019393921
			vertex -119.29795837402344 864.3745727539062 1.9110045433044434
		endloop
	endfacet
	facet normal -0.9284751129788567 -0.000001261911986484609 0.3713946210936651
		outer loop
			vertex -119.29795837402344 864.3745727539062 1.9110045433044434
			vertex -119.18870544433594 864.172119140625 2.1841328144073486
			vertex -118.06240844726562 871.224853515625 4.99986457824707
		endloop
	endfacet
	facet normal -0.9284785136397874 0.0000026753652739424804 0.371386119425718
		outer loop
			vertex -118.06240844726562 871.224853515625 4.99986457824707
			vertex -119.18870544433594 864.172119140625 2.1841328144073486
			vertex -119.08758544921875 863.9434814453125 2.4369380474090576
		endloop
	endfacet
	facet normal -0.9284758933848978 7.156749278451035e-10 0.3713926700987998
		outer loop
			vertex -118.06240844726562 871.224853515625 4.99986457824707
			vertex -119.08758544921875 863.9434814453125 2.4369380474090576
			vertex -118.99566650390625 863.6903076171875 2.666733980178833
		endloop
	endfacet
	facet normal -0.9284721327767648 -0.0000033762759176746164 0.37140207140721054
		outer loop
			vertex -118.99566650390625 863.6903076171875 2.666733980178833
			vertex -118.91397094726562 863.4146118164062 2.8709630966186523
			vertex -118.06240844726562 871.224853515625 4.99986457824707
		endloop
	endfacet
	facet normal -0.9284757702257458 -5.010133738826668e-7 0.3713929779942768
		outer loop
			vertex -118.06240844726562 871.224853515625 4.99986457824707
			vertex -118.91397094726562 863.4146118164062 2.8709630966186523
			vertex -118.84326934814453 863.119384765625 3.047715425491333
		endloop
	endfacet
	facet normal -0.9284843011444986 0.0000054575180821421 0.37137165010058004
		outer loop
			vertex -118.06240844726562 871.224853515625 4.99986457824707
			vertex -118.84326934814453 863.119384765625 3.047715425491333
			vertex -118.78424835205078 862.8075561523438 3.1952812671661377
		endloop
	endfacet
	facet normal -0.9284742888288845 -7.675706043735646e-7 0.3713966814379311
		outer loop
			vertex -118.78424835205078 862.8075561523438 3.1952812671661377
			vertex -118.73757934570312 862.4820556640625 3.311950922012329
			vertex -118.06240844726562 871.224853515625 4.99986457824707
		endloop
	endfacet
	facet normal -0.9284664095538303 -0.000005178857683103529 0.37141637861488935
		outer loop
			vertex -118.06240844726562 871.224853515625 4.99986457824707
			vertex -118.73757934570312 862.4820556640625 3.311950922012329
			vertex -118.70390319824219 862.14599609375 3.396129846572876
		endloop
	endfacet
	facet normal -0.9284817993301405 0.00000270473010851232 0.37137790497732787
		outer loop
			vertex -118.06240844726562 871.224853515625 4.99986457824707
			vertex -118.70390319824219 862.14599609375 3.396129846572876
			vertex -118.68354797363281 861.802734375 3.4470224380493164
		endloop
	endfacet
	facet normal -0.9284768967055277 1.7958444198465715e-7 0.37139016180297596
		outer loop
			vertex -117.49895477294922 689.1425170898438 6.4085493087768555
			vertex -117.2315902709961 689.391845703125 7.076961517333984
			vertex -118.67671966552734 708.9400024414062 3.464122772216797
		endloop
	endfacet
	facet normal -0.9284988646104978 -0.00001159547481421049 0.371335237060209
		outer loop
			vertex -118.67671966552734 708.9400024414062 3.464122772216797
			vertex -117.2315902709961 689.391845703125 7.076961517333984
			vertex -118.68355560302734 709.2867431640625 3.4470407962799072
		endloop
	endfacet
	facet normal -0.9284774240640284 -2.499677102429594e-7 0.37138884340184997
		outer loop
			vertex -118.68355560302734 709.2867431640625 3.4470407962799072
			vertex -117.2315902709961 689.391845703125 7.076961517333984
			vertex -116.98114013671875 689.7337036132812 7.703090667724609
		endloop
	endfacet
	facet normal -0.9284732441898628 0.000002388484539930309 0.3713992929689643
		outer loop
			vertex -118.68355560302734 709.2867431640625 3.4470407962799072
			vertex -116.98114013671875 689.7337036132812 7.703090667724609
			vertex -116.75269317626953 690.1612548828125 8.274189949035645
		endloop
	endfacet
	facet normal -0.9284767623378506 -1.8656219433667917e-7 0.37139049772252897
		outer loop
			vertex -118.68355560302734 709.2867431640625 3.4470407962799072
			vertex -116.75269317626953 690.1612548828125 8.274189949035645
			vertex -116.06241607666016 693.9400024414062 9.999885559082031
		endloop
	endfacet
	facet normal -0.9284800771099622 0.0000042035337977921894 0.3713822106566351
		outer loop
			vertex -116.06241607666016 693.9400024414062 9.999885559082031
			vertex -116.75269317626953 690.1612548828125 8.274189949035645
			vertex -116.55091857910156 690.6656494140625 8.778634071350098
		endloop
	endfacet
	facet normal -0.9284811728306002 0.000005388732783269612 0.3713794712555813
		outer loop
			vertex -116.06241607666016 693.9400024414062 9.999885559082031
			vertex -116.55091857910156 690.6656494140625 8.778634071350098
			vertex -116.37991333007812 691.2367553710938 9.206153869628906
		endloop
	endfacet
	facet normal -0.9284788389543844 0.000003401375919933837 0.37138530612067705
		outer loop
			vertex -116.37991333007812 691.2367553710938 9.206153869628906
			vertex -116.24315643310547 691.8629150390625 9.548046112060547
			vertex -116.06241607666016 693.9400024414062 9.999885559082031
		endloop
	endfacet
	facet normal -0.9284753527007282 0.0000012020497649184865 0.3713940217960075
		outer loop
			vertex -116.06241607666016 693.9400024414062 9.999885559082031
			vertex -116.24315643310547 691.8629150390625 9.548046112060547
			vertex -116.1434326171875 692.5313110351562 9.797350883483887
		endloop
	endfacet
	facet normal -0.9284564144755904 -0.000006693651680796227 0.37144136330560423
		outer loop
			vertex -116.06241607666016 693.9400024414062 9.999885559082031
			vertex -116.1434326171875 692.5313110351562 9.797350883483887
			vertex -116.08277130126953 693.2283935546875 9.948992729187012
		endloop
	endfacet
	facet normal -0.9284708250404832 0.000007165181333934248 0.3714053405610974
		outer loop
			vertex -118.68355560302734 709.2867431640625 3.4470407962799072
			vertex -116.06241607666016 693.9400024414062 9.999885559082031
			vertex -118.70391082763672 709.6300048828125 3.396148443222046
		endloop
	endfacet
	facet normal -0.928476624739112 8.637985984780691e-8 0.3713908417194195
		outer loop
			vertex -118.70391082763672 709.6300048828125 3.396148443222046
			vertex -116.06241607666016 693.9400024414062 9.999885559082031
			vertex -116.06240844726562 866.15380859375 9.99986457824707
		endloop
	endfacet
	facet normal -0.9284765096033968 7.229293922109803e-8 0.37139112955843234
		outer loop
			vertex -118.70391082763672 709.6300048828125 3.396148443222046
			vertex -116.06240844726562 866.15380859375 9.99986457824707
			vertex -117.29704284667969 871.4519653320312 6.9132819175720215
		endloop
	endfacet
	facet normal -0.928474431207283 0.000003583647470471401 0.3713963254819166
		outer loop
			vertex -117.29704284667969 871.4519653320312 6.9132819175720215
			vertex -116.06240844726562 866.15380859375 9.99986457824707
			vertex -117.11961364746094 871.3327026367188 7.356848239898682
		endloop
	endfacet
	facet normal -0.9284809684113119 -0.000006091475242951711 0.3713799823104179
		outer loop
			vertex -117.11961364746094 871.3327026367188 7.356848239898682
			vertex -116.06240844726562 866.15380859375 9.99986457824707
			vertex -116.9512710571289 871.144287109375 7.777715682983398
		endloop
	endfacet
	facet normal -0.9284768694912883 -7.984139751387506e-7 0.37139022983786196
		outer loop
			vertex -116.9512710571289 871.144287109375 7.777715682983398
			vertex -116.06240844726562 866.15380859375 9.99986457824707
			vertex -116.79362487792969 870.8886108398438 8.171831130981445
		endloop
	endfacet
	facet normal -0.9284708545103996 0.000005936086112568444 0.3714052669113503
		outer loop
			vertex -116.79362487792969 870.8886108398438 8.171831130981445
			vertex -116.06240844726562 866.15380859375 9.99986457824707
			vertex -116.648193359375 870.5679931640625 8.535398483276367
		endloop
	endfacet
	facet normal -0.9284794950898024 -0.000002377040942331872 0.37138366575838444
		outer loop
			vertex -116.648193359375 870.5679931640625 8.535398483276367
			vertex -116.06240844726562 866.15380859375 9.99986457824707
			vertex -116.51638793945312 870.1856689453125 8.864916801452637
		endloop
	endfacet
	facet normal -0.9284724164181214 0.000003401496043504356 0.3714013623280406
		outer loop
			vertex -116.51638793945312 870.1856689453125 8.864916801452637
			vertex -116.06240844726562 866.15380859375 9.99986457824707
			vertex -116.39946746826172 869.7452392578125 9.157212257385254
		endloop
	endfacet
	facet normal -0.9284868284852085 -0.000006404999874079656 0.37136533129582144
		outer loop
			vertex -116.39946746826172 869.7452392578125 9.157212257385254
			vertex -116.06240844726562 866.15380859375 9.99986457824707
			vertex -116.29856872558594 869.2509155273438 9.409470558166504
		endloop
	endfacet
	facet normal -0.9284815530716867 -0.000003488486566921011 0.37137852064089455
		outer loop
			vertex -116.29856872558594 869.2509155273438 9.409470558166504
			vertex -116.06240844726562 866.15380859375 9.99986457824707
			vertex -116.21465301513672 868.70751953125 9.6192626953125
		endloop
	endfacet
	facet normal -0.9284693102769443 0.0000018029760133737739 0.3714091273388483
		outer loop
			vertex -116.21465301513672 868.70751953125 9.6192626953125
			vertex -116.06240844726562 866.15380859375 9.99986457824707
			vertex -116.14852905273438 868.1203002929688 9.784565925598145
		endloop
	endfacet
	facet normal -0.928471767449163 0.0000010228488144343661 0.37140298470634425
		outer loop
			vertex -116.14852905273438 868.1203002929688 9.784565925598145
			vertex -116.06240844726562 866.15380859375 9.99986457824707
			vertex -116.10083770751953 867.494873046875 9.903791427612305
		endloop
	endfacet
	facet normal -0.9284472439737247 0.0000061171177282430106 0.37146428512062346
		outer loop
			vertex -116.10083770751953 867.494873046875 9.903791427612305
			vertex -116.06240844726562 866.15380859375 9.99986457824707
			vertex -116.07203674316406 866.8372802734375 9.975788116455078
		endloop
	endfacet
	facet normal -0.8272033904947034 -0.04575615001968662 -0.5600365394234946
		outer loop
			vertex -118.36241912841797 708.9400024414062 2.9998843669891357
			vertex -118.67671966552734 708.9400024414062 3.464122772216797
			vertex -118.36859893798828 709.2534790039062 2.983400583267212
		endloop
	endfacet
	facet normal -0.8133394993620947 -0.08350389236670286 -0.5757655414637345
		outer loop
			vertex -118.36859893798828 709.2534790039062 2.983400583267212
			vertex -118.67671966552734 708.9400024414062 3.464122772216797
			vertex -118.53617095947266 709.4667358398438 3.18918776512146
		endloop
	endfacet
	facet normal -0.8263551254308807 -0.11796095278745108 -0.5506563540826441
		outer loop
			vertex -118.36859893798828 709.2534790039062 2.983400583267212
			vertex -118.53617095947266 709.4667358398438 3.18918776512146
			vertex -118.45718383789062 709.453369140625 3.073517322540283
		endloop
	endfacet
	facet normal -0.8181196506253592 -0.21333589539293493 -0.5340112667327679
		outer loop
			vertex -118.45718383789062 709.453369140625 3.073517322540283
			vertex -118.53617095947266 709.4667358398438 3.18918776512146
			vertex -118.50518035888672 709.951904296875 2.9478859901428223
		endloop
	endfacet
	facet normal -0.7897773880509101 -0.2202985134980486 -0.5724685513406236
		outer loop
			vertex -118.45718383789062 709.453369140625 3.073517322540283
			vertex -118.50518035888672 709.951904296875 2.9478859901428223
			vertex -118.38700103759766 709.5633544921875 2.934368371963501
		endloop
	endfacet
	facet normal -0.8079738652315511 -0.2268301862376916 -0.5438072266108291
		outer loop
			vertex -118.38700103759766 709.5633544921875 2.934368371963501
			vertex -118.50518035888672 709.951904296875 2.9478859901428223
			vertex -118.41743469238281 709.8658447265625 2.853412628173828
		endloop
	endfacet
	facet normal -0.8201683091356639 -0.3045768052386286 -0.4843107622179968
		outer loop
			vertex -118.41743469238281 709.8658447265625 2.853412628173828
			vertex -118.50518035888672 709.951904296875 2.9478859901428223
			vertex -118.4595947265625 710.1573486328125 2.7414865493774414
		endloop
	endfacet
	facet normal -0.7700162497979923 -0.359021179249971 -0.5274265521349831
		outer loop
			vertex -118.4595947265625 710.1573486328125 2.7414865493774414
			vertex -118.50518035888672 709.951904296875 2.9478859901428223
			vertex -118.58364868164062 710.4210815429688 2.743075132369995
		endloop
	endfacet
	facet normal -0.8133738929479992 -0.37993902705383786 -0.4405329113607745
		outer loop
			vertex -118.4595947265625 710.1573486328125 2.7414865493774414
			vertex -118.58364868164062 710.4210815429688 2.743075132369995
			vertex -118.51287078857422 710.4349365234375 2.6004457473754883
		endloop
	endfacet
	facet normal -0.7737164487541457 -0.46598298949291567 -0.4292117314688858
		outer loop
			vertex -118.51287078857422 710.4349365234375 2.6004457473754883
			vertex -118.58364868164062 710.4210815429688 2.743075132369995
			vertex -118.57661437988281 710.6956787109375 2.432272434234619
		endloop
	endfacet
	facet normal -0.7676086531556178 -0.47159005428222833 -0.4340273911894315
		outer loop
			vertex -118.57661437988281 710.6956787109375 2.432272434234619
			vertex -118.58364868164062 710.4210815429688 2.743075132369995
			vertex -118.69001770019531 710.8487548828125 2.46651029586792
		endloop
	endfacet
	facet normal -0.791212278816292 -0.5110196043363451 -0.3359197729134978
		outer loop
			vertex -118.57661437988281 710.6956787109375 2.432272434234619
			vertex -118.69001770019531 710.8487548828125 2.46651029586792
			vertex -118.6501693725586 710.9366455078125 2.2389490604400635
		endloop
	endfacet
	facet normal -0.735715436649508 -0.5784791703636223 -0.3522565055907972
		outer loop
			vertex -118.6501693725586 710.9366455078125 2.2389490604400635
			vertex -118.69001770019531 710.8487548828125 2.46651029586792
			vertex -118.82147979736328 711.2230834960938 2.1263530254364014
		endloop
	endfacet
	facet normal -0.7699530325684766 -0.5718114603667169 -0.28320307454526156
		outer loop
			vertex -118.6501693725586 710.9366455078125 2.2389490604400635
			vertex -118.82147979736328 711.2230834960938 2.1263530254364014
			vertex -118.73281860351562 711.155029296875 2.022714376449585
		endloop
	endfacet
	facet normal -0.7461704043842627 -0.6256852216174683 -0.22748127630757964
		outer loop
			vertex -118.73281860351562 711.155029296875 2.022714376449585
			vertex -118.82147979736328 711.2230834960938 2.1263530254364014
			vertex -118.82357788085938 711.3491821289062 1.7864018678665161
		endloop
	endfacet
	facet normal -0.7200602799301312 -0.652032980951352 -0.23741563768765353
		outer loop
			vertex -118.82357788085938 711.3491821289062 1.7864018678665161
			vertex -118.82147979736328 711.2230834960938 2.1263530254364014
			vertex -118.9744644165039 711.5353393554688 1.7327691316604614
		endloop
	endfacet
	facet normal -0.7486477023518924 -0.6476392414538796 -0.14173930538942175
		outer loop
			vertex -118.82357788085938 711.3491821289062 1.7864018678665161
			vertex -118.9744644165039 711.5353393554688 1.7327691316604614
			vertex -118.92141723632812 711.5177612304688 1.5328996181488037
		endloop
	endfacet
	facet normal -0.6978692128332339 -0.70555513334557 -0.12316864694084138
		outer loop
			vertex -118.92141723632812 711.5177612304688 1.5328996181488037
			vertex -118.9744644165039 711.5353393554688 1.7327691316604614
			vertex -119.14461517333984 711.7796020507812 1.297611117362976
		endloop
	endfacet
	facet normal -0.7183112953457748 -0.6902876068204791 -0.08678653610284866
		outer loop
			vertex -118.92141723632812 711.5177612304688 1.5328996181488037
			vertex -119.14461517333984 711.7796020507812 1.297611117362976
			vertex -119.02531433105469 711.6595458984375 1.2650960683822632
		endloop
	endfacet
	facet normal -0.7105474427816065 -0.7035893338469775 -0.009185905142458269
		outer loop
			vertex -119.02531433105469 711.6595458984375 1.2650960683822632
			vertex -119.14461517333984 711.7796020507812 1.297611117362976
			vertex -119.13423919677734 711.773193359375 0.9858795404434204
		endloop
	endfacet
	facet normal -0.6720208176279713 -0.7404977872586509 -0.007144770092517822
		outer loop
			vertex -119.13423919677734 711.773193359375 0.9858795404434204
			vertex -119.14461517333984 711.7796020507812 1.297611117362976
			vertex -119.32771301269531 711.9502563476562 0.8324359655380249
		endloop
	endfacet
	facet normal -0.7023987102656445 -0.708522814068894 0.06805493193777203
		outer loop
			vertex -119.13423919677734 711.773193359375 0.9858795404434204
			vertex -119.32771301269531 711.9502563476562 0.8324359655380249
			vertex -119.24713897705078 711.8574829101562 0.6981768012046814
		endloop
	endfacet
	facet normal -0.6563758402596577 -0.7447184538313674 0.12068629104602645
		outer loop
			vertex -119.24713897705078 711.8574829101562 0.6981768012046814
			vertex -119.32771301269531 711.9502563476562 0.8324359655380249
			vertex -119.36286163330078 711.9119873046875 0.4051267206668854
		endloop
	endfacet
	facet normal -0.6637537004075995 -0.7381472822451473 0.12070465984924411
		outer loop
			vertex -119.36286163330078 711.9119873046875 0.4051267206668854
			vertex -119.32771301269531 711.9502563476562 0.8324359655380249
			vertex -119.5191879272461 712.04345703125 0.3494690954685211
		endloop
	endfacet
	facet normal -0.6717766718428682 -0.7114386705851465 0.2063277033356376
		outer loop
			vertex -119.36286163330078 711.9119873046875 0.4051267206668854
			vertex -119.5191879272461 712.04345703125 0.3494690954685211
			vertex -119.48025512695312 711.9371337890625 0.10961609333753586
		endloop
	endfacet
	facet normal -0.6305082628346885 -0.7423320936020887 0.22672095912271348
		outer loop
			vertex -119.48025512695312 711.9371337890625 0.10961609333753586
			vertex -119.5191879272461 712.04345703125 0.3494690954685211
			vertex -119.71417236328125 712.0598754882812 -0.1390227973461151
		endloop
	endfacet
	facet normal -0.6574451296011034 -0.7028733046136965 0.27154192903713886
		outer loop
			vertex -119.48025512695312 711.9371337890625 0.10961609333753586
			vertex -119.71417236328125 712.0598754882812 -0.1390227973461151
			vertex -119.59817504882812 711.9334106445312 -0.18552350997924805
		endloop
	endfacet
	facet normal -0.6315976456986846 -0.7010538320732237 0.331070896460754
		outer loop
			vertex -119.59817504882812 711.9334106445312 -0.18552350997924805
			vertex -119.71417236328125 712.0598754882812 -0.1390227973461151
			vertex -119.71549987792969 711.9012451171875 -0.4774605333805084
		endloop
	endfacet
	facet normal -0.6183934472232775 -0.7106468274354372 0.3355154707122455
		outer loop
			vertex -119.71549987792969 711.9012451171875 -0.4774605333805084
			vertex -119.71417236328125 712.0598754882812 -0.1390227973461151
			vertex -119.90814208984375 712.0007934570312 -0.6216713786125183
		endloop
	endfacet
	facet normal -0.6379827463170401 -0.6600657627204464 0.3965995515454385
		outer loop
			vertex -119.71549987792969 711.9012451171875 -0.4774605333805084
			vertex -119.90814208984375 712.0007934570312 -0.6216713786125183
			vertex -119.83109283447266 711.8411865234375 -0.7633633613586426
		endloop
	endfacet
	facet normal -0.5969523628590326 -0.6742099023731228 0.4348435167034714
		outer loop
			vertex -119.83109283447266 711.8411865234375 -0.7633633613586426
			vertex -119.90814208984375 712.0007934570312 -0.6216713786125183
			vertex -120.09611511230469 711.86767578125 -1.086114764213562
		endloop
	endfacet
	facet normal -0.6171546926141789 -0.6426372561713533 0.4540236143251287
		outer loop
			vertex -119.83109283447266 711.8411865234375 -0.7633633613586426
			vertex -120.09611511230469 711.86767578125 -1.086114764213562
			vertex -119.94379425048828 711.7537231445312 -1.0403565168380737
		endloop
	endfacet
	facet normal -0.6083718795752244 -0.6087154538839268 0.5092633428247056
		outer loop
			vertex -119.94379425048828 711.7537231445312 -1.0403565168380737
			vertex -120.09611511230469 711.86767578125 -1.086114764213562
			vertex -120.0524673461914 711.6402587890625 -1.3058010339736938
		endloop
	endfacet
	facet normal -0.5822711091796681 -0.6198912820747866 0.5260182067403718
		outer loop
			vertex -120.0524673461914 711.6402587890625 -1.3058010339736938
			vertex -120.09611511230469 711.86767578125 -1.086114764213562
			vertex -120.27354431152344 711.6649169921875 -1.5214614868164062
		endloop
	endfacet
	facet normal -0.607816121821051 -0.5644345382868117 0.5585456239586619
		outer loop
			vertex -120.0524673461914 711.6402587890625 -1.3058010339736938
			vertex -120.27354431152344 711.6649169921875 -1.5214614868164062
			vertex -120.15624237060547 711.5026245117188 -1.557815670967102
		endloop
	endfacet
	facet normal -0.5721415792383968 -0.5498485374144273 0.6085397268953019
		outer loop
			vertex -120.15624237060547 711.5026245117188 -1.557815670967102
			vertex -120.27354431152344 711.6649169921875 -1.5214614868164062
			vertex -120.2542724609375 711.3425903320312 -1.7945818901062012
		endloop
	endfacet
	facet normal -0.5820673685754711 -0.5456476425036098 0.6028816041893131
		outer loop
			vertex -120.2542724609375 711.3425903320312 -1.7945818901062012
			vertex -120.27354431152344 711.6649169921875 -1.5214614868164062
			vertex -120.43660736083984 711.3995361328125 -1.9190820455551147
		endloop
	endfacet
	facet normal -0.5914198593916933 -0.4846082044299883 0.6444978185504219
		outer loop
			vertex -120.2542724609375 711.3425903320312 -1.7945818901062012
			vertex -120.43660736083984 711.3995361328125 -1.9190820455551147
			vertex -120.345703125 711.1619873046875 -2.0142810344696045
		endloop
	endfacet
	facet normal -0.5601153333767195 -0.4838283116678608 0.6724440334666625
		outer loop
			vertex -120.345703125 711.1619873046875 -2.0142810344696045
			vertex -120.43660736083984 711.3995361328125 -1.9190820455551147
			vertex -120.58155059814453 711.078857421875 -2.2705438137054443
		endloop
	endfacet
	facet normal -0.5851811013151372 -0.4398485179765546 0.6812461815653956
		outer loop
			vertex -120.345703125 711.1619873046875 -2.0142810344696045
			vertex -120.58155059814453 711.078857421875 -2.2705438137054443
			vertex -120.42969512939453 710.9627075195312 -2.215094566345215
		endloop
	endfacet
	facet normal -0.5684119499510562 -0.3998891358488799 0.7190247104118705
		outer loop
			vertex -120.42969512939453 710.9627075195312 -2.215094566345215
			vertex -120.58155059814453 711.078857421875 -2.2705438137054443
			vertex -120.5053939819336 710.7464599609375 -2.3952040672302246
		endloop
	endfacet
	facet normal -0.5563756549742837 -0.40051113944599526 0.7280363711598531
		outer loop
			vertex -120.5053939819336 710.7464599609375 -2.3952040672302246
			vertex -120.58155059814453 711.078857421875 -2.2705438137054443
			vertex -120.70471954345703 710.7099609375 -2.567610502243042
		endloop
	endfacet
	facet normal -0.5790854016995616 -0.3392601578818966 0.7413249239115113
		outer loop
			vertex -120.5053939819336 710.7464599609375 -2.3952040672302246
			vertex -120.70471954345703 710.7099609375 -2.567610502243042
			vertex -120.57198333740234 710.5154418945312 -2.552943468093872
		endloop
	endfacet
	facet normal -0.5481020813772677 -0.31561022217497836 0.7745800772344767
		outer loop
			vertex -120.57198333740234 710.5154418945312 -2.552943468093872
			vertex -120.70471954345703 710.7099609375 -2.567610502243042
			vertex -120.80286407470703 710.3018188476562 -2.8033602237701416
		endloop
	endfacet
	facet normal -0.5643232332401347 -0.2942662576136952 0.7713278538050025
		outer loop
			vertex -120.57198333740234 710.5154418945312 -2.552943468093872
			vertex -120.80286407470703 710.3018188476562 -2.8033602237701416
			vertex -120.6290054321289 710.2719116210938 -2.687570571899414
		endloop
	endfacet
	facet normal -0.5663831501333877 -0.23968048008140275 0.7885197490950554
		outer loop
			vertex -120.6290054321289 710.2719116210938 -2.687570571899414
			vertex -120.80286407470703 710.3018188476562 -2.8033602237701416
			vertex -120.67622375488281 710.0179443359375 -2.7986834049224854
		endloop
	endfacet
	facet normal -0.5418411603251353 -0.2283969739204373 0.808852878638321
		outer loop
			vertex -120.67622375488281 710.0179443359375 -2.7986834049224854
			vertex -120.80286407470703 710.3018188476562 -2.8033602237701416
			vertex -120.8745346069336 709.8642578125 -2.974926233291626
		endloop
	endfacet
	facet normal -0.5682494582143277 -0.18596539811595997 0.801566855566456
		outer loop
			vertex -120.67622375488281 710.0179443359375 -2.7986834049224854
			vertex -120.8745346069336 709.8642578125 -2.974926233291626
			vertex -120.71339416503906 709.7556762695312 -2.885881185531616
		endloop
	endfacet
	facet normal -0.548714935982661 -0.13815606370424302 0.8245149004665068
		outer loop
			vertex -120.71339416503906 709.7556762695312 -2.885881185531616
			vertex -120.8745346069336 709.8642578125 -2.974926233291626
			vertex -120.74029541015625 709.4872436523438 -2.9487626552581787
		endloop
	endfacet
	facet normal -0.5462749221891946 -0.13716347071494495 0.8262989118282923
		outer loop
			vertex -120.74029541015625 709.4872436523438 -2.9487626552581787
			vertex -120.8745346069336 709.8642578125 -2.974926233291626
			vertex -120.9185562133789 709.4070434570312 -3.079925775527954
		endloop
	endfacet
	facet normal -0.5669216870627437 -0.08066430560639312 0.819812826527477
		outer loop
			vertex -120.74029541015625 709.4872436523438 -2.9487626552581787
			vertex -120.9185562133789 709.4070434570312 -3.079925775527954
			vertex -120.7566909790039 709.214599609375 -2.986927032470703
		endloop
	endfacet
	facet normal -0.5393447799419129 -0.04735002189613203 0.8407527483010955
		outer loop
			vertex -120.7566909790039 709.214599609375 -2.986927032470703
			vertex -120.9185562133789 709.4070434570312 -3.079925775527954
			vertex -120.93374633789062 708.93994140625 -3.1159768104553223
		endloop
	endfacet
	facet normal -0.560252129472807 -0.027812284261265734 0.8278550768494182
		outer loop
			vertex -120.7566909790039 709.214599609375 -2.986927032470703
			vertex -120.93374633789062 708.93994140625 -3.1159768104553223
			vertex -120.76233673095703 708.9400024414062 -2.9999730587005615
		endloop
	endfacet
	facet normal -0.5602819939197928 0.026730315433601222 0.8278705077040015
		outer loop
			vertex -120.76233673095703 708.9400024414062 -2.9999730587005615
			vertex -120.93374633789062 708.93994140625 -3.1159768104553223
			vertex -120.75701141357422 708.6654052734375 -2.9875028133392334
		endloop
	endfacet
	facet normal -0.5394617274175431 0.0461579169781298 0.8407440105953302
		outer loop
			vertex -120.75701141357422 708.6654052734375 -2.9875028133392334
			vertex -120.93374633789062 708.93994140625 -3.1159768104553223
			vertex -120.91902160644531 708.4728393554688 -3.0808842182159424
		endloop
	endfacet
	facet normal -0.567774453822649 0.0804020638709876 0.8192482393705088
		outer loop
			vertex -120.75701141357422 708.6654052734375 -2.9875028133392334
			vertex -120.91902160644531 708.4728393554688 -3.0808842182159424
			vertex -120.74068450927734 708.3928833007812 -2.949441909790039
		endloop
	endfacet
	facet normal -0.5469941031326077 0.13747474156746672 0.8257712434864226
		outer loop
			vertex -120.74068450927734 708.3928833007812 -2.949441909790039
			vertex -120.91902160644531 708.4728393554688 -3.0808842182159424
			vertex -120.87482452392578 708.0156860351562 -2.9755008220672607
		endloop
	endfacet
	facet normal -0.5493724230623308 0.13844087942444613 0.8240291643399579
		outer loop
			vertex -120.74068450927734 708.3928833007812 -2.949441909790039
			vertex -120.87482452392578 708.0156860351562 -2.9755008220672607
			vertex -120.71366119384766 708.1243896484375 -2.886317491531372
		endloop
	endfacet
	facet normal -0.5689489583234131 0.1863798583474326 0.8009741763784236
		outer loop
			vertex -120.71366119384766 708.1243896484375 -2.886317491531372
			vertex -120.87482452392578 708.0156860351562 -2.9755008220672607
			vertex -120.67627716064453 707.862060546875 -2.7987210750579834
		endloop
	endfacet
	facet normal -0.542354602329394 0.2291693047436638 0.8082901181478285
		outer loop
			vertex -120.67627716064453 707.862060546875 -2.7987210750579834
			vertex -120.87482452392578 708.0156860351562 -2.9755008220672607
			vertex -120.80277252197266 707.5782470703125 -2.8031303882598877
		endloop
	endfacet
	facet normal -0.5665066805972866 0.24024506022087197 0.7882591527398295
		outer loop
			vertex -120.67627716064453 707.862060546875 -2.7987210750579834
			vertex -120.80277252197266 707.5782470703125 -2.8031303882598877
			vertex -120.62886810302734 707.6080932617188 -2.6872451305389404
		endloop
	endfacet
	facet normal -0.5644347301157956 0.29434317357866435 0.7712169160532915
		outer loop
			vertex -120.62886810302734 707.6080932617188 -2.6872451305389404
			vertex -120.80277252197266 707.5782470703125 -2.8031303882598877
			vertex -120.57176208496094 707.364501953125 -2.5524814128875732
		endloop
	endfacet
	facet normal -0.5480928346758687 0.31584456636440433 0.7744910938642563
		outer loop
			vertex -120.57176208496094 707.364501953125 -2.5524814128875732
			vertex -120.80277252197266 707.5782470703125 -2.8031303882598877
			vertex -120.70450592041016 707.1701049804688 -2.5671448707580566
		endloop
	endfacet
	facet normal -0.5785369268706995 0.33909711734602926 0.7418275872833392
		outer loop
			vertex -120.57176208496094 707.364501953125 -2.5524814128875732
			vertex -120.70450592041016 707.1701049804688 -2.5671448707580566
			vertex -120.50530242919922 707.1334228515625 -2.39502215385437
		endloop
	endfacet
	facet normal -0.5560465672342907 0.39972501731209126 0.7287195109243404
		outer loop
			vertex -120.50530242919922 707.1334228515625 -2.39502215385437
			vertex -120.70450592041016 707.1701049804688 -2.5671448707580566
			vertex -120.58169555664062 706.8009033203125 -2.27091646194458
		endloop
	endfacet
	facet normal -0.5680764812174494 0.3991272276048403 0.7197128369510126
		outer loop
			vertex -120.50530242919922 707.1334228515625 -2.39502215385437
			vertex -120.58169555664062 706.8009033203125 -2.27091646194458
			vertex -120.42982482910156 706.9170532226562 -2.215456008911133
		endloop
	endfacet
	facet normal -0.5852373072893696 0.4400042407400832 0.6810973221848924
		outer loop
			vertex -120.42982482910156 706.9170532226562 -2.215456008911133
			vertex -120.58169555664062 706.8009033203125 -2.27091646194458
			vertex -120.34584045410156 706.7178955078125 -2.014631509780884
		endloop
	endfacet
	facet normal -0.5599375435300749 0.48438740749137793 0.6721895467866839
		outer loop
			vertex -120.34584045410156 706.7178955078125 -2.014631509780884
			vertex -120.58169555664062 706.8009033203125 -2.27091646194458
			vertex -120.43666076660156 706.48046875 -1.919192910194397
		endloop
	endfacet
	facet normal -0.5923359809091626 0.4851474274153416 0.6432496089331543
		outer loop
			vertex -120.34584045410156 706.7178955078125 -2.014631509780884
			vertex -120.43666076660156 706.48046875 -1.919192910194397
			vertex -120.25425720214844 706.5377807617188 -1.79445219039917
		endloop
	endfacet
	facet normal -0.5838839455297926 0.5411829866436925 0.6051450347808989
		outer loop
			vertex -120.25425720214844 706.5377807617188 -1.79445219039917
			vertex -120.43666076660156 706.48046875 -1.919192910194397
			vertex -120.15602111816406 706.3782958984375 -1.557039737701416
		endloop
	endfacet
	facet normal -0.5765204688714477 0.5519481364367166 0.6024760606499496
		outer loop
			vertex -120.15602111816406 706.3782958984375 -1.557039737701416
			vertex -120.43666076660156 706.48046875 -1.919192910194397
			vertex -120.2733154296875 706.2161254882812 -1.5207111835479736
		endloop
	endfacet
	facet normal -0.6083535186304029 0.5648955362732627 0.5574935241494301
		outer loop
			vertex -120.15602111816406 706.3782958984375 -1.557039737701416
			vertex -120.2733154296875 706.2161254882812 -1.5207111835479736
			vertex -120.05207061767578 706.2410278320312 -1.3045152425765991
		endloop
	endfacet
	facet normal -0.5830975692485754 0.6196929382343813 0.5253359753898854
		outer loop
			vertex -120.05207061767578 706.2410278320312 -1.3045152425765991
			vertex -120.2733154296875 706.2161254882812 -1.5207111835479736
			vertex -120.09573364257812 706.0137939453125 -1.0849311351776123
		endloop
	endfacet
	facet normal -0.6081876317873199 0.6089380041157899 0.5092173521045896
		outer loop
			vertex -120.05207061767578 706.2410278320312 -1.3045152425765991
			vertex -120.09573364257812 706.0137939453125 -1.0849311351776123
			vertex -119.94336700439453 706.1275634765625 -1.0390000343322754
		endloop
	endfacet
	facet normal -0.6166868439114752 0.6419626752064141 0.45561086487081054
		outer loop
			vertex -119.94336700439453 706.1275634765625 -1.0390000343322754
			vertex -120.09573364257812 706.0137939453125 -1.0849311351776123
			vertex -119.83085632324219 706.0394897460938 -0.7626152634620667
		endloop
	endfacet
	facet normal -0.5965896381634925 0.673402685813979 0.43658862373460056
		outer loop
			vertex -119.83085632324219 706.0394897460938 -0.7626152634620667
			vertex -120.09573364257812 706.0137939453125 -1.0849311351776123
			vertex -119.90802001953125 705.8795166015625 -0.6213122606277466
		endloop
	endfacet
	facet normal -0.6368573601773896 0.6596726371438242 0.39905477643000276
		outer loop
			vertex -119.83085632324219 706.0394897460938 -0.7626152634620667
			vertex -119.90802001953125 705.8795166015625 -0.6213122606277466
			vertex -119.7154769897461 705.9783935546875 -0.47748231887817383
		endloop
	endfacet
	facet normal -0.6168685284693742 0.7113920305687791 0.3367411430568862
		outer loop
			vertex -119.7154769897461 705.9783935546875 -0.47748231887817383
			vertex -119.90802001953125 705.8795166015625 -0.6213122606277466
			vertex -119.71427154541016 705.8193969726562 -0.13938136398792267
		endloop
	endfacet
	facet normal -0.6311948426702929 0.7010180789615987 0.3319137290854566
		outer loop
			vertex -119.7154769897461 705.9783935546875 -0.47748231887817383
			vertex -119.71427154541016 705.8193969726562 -0.13938136398792267
			vertex -119.59822082519531 705.9458618164062 -0.1857895851135254
		endloop
	endfacet
	facet normal -0.6582722510366971 0.7029243843987671 0.2693973892462472
		outer loop
			vertex -119.59822082519531 705.9458618164062 -0.1857895851135254
			vertex -119.71427154541016 705.8193969726562 -0.13938136398792267
			vertex -119.48033905029297 705.943115234375 0.10942092537879944
		endloop
	endfacet
	facet normal -0.6309575793153246 0.7428121778798267 0.22388077518620217
		outer loop
			vertex -119.48033905029297 705.943115234375 0.10942092537879944
			vertex -119.71427154541016 705.8193969726562 -0.13938136398792267
			vertex -119.51931762695312 705.8377075195312 0.34929996728897095
		endloop
	endfacet
	facet normal -0.6734228784549924 0.71085689166811 0.20293867630726692
		outer loop
			vertex -119.48033905029297 705.943115234375 0.10942092537879944
			vertex -119.51931762695312 705.8377075195312 0.34929996728897095
			vertex -119.36302185058594 705.9698486328125 0.40507903695106506
		endloop
	endfacet
	facet normal -0.6659053204012905 0.7359040260601456 0.1225372134893039
		outer loop
			vertex -119.36302185058594 705.9698486328125 0.40507903695106506
			vertex -119.51931762695312 705.8377075195312 0.34929996728897095
			vertex -119.24736022949219 706.0256958007812 0.6982269883155823
		endloop
	endfacet
	facet normal -0.6608374359585227 0.7415843995081061 0.11552688709546023
		outer loop
			vertex -119.24736022949219 706.0256958007812 0.6982269883155823
			vertex -119.51931762695312 705.8377075195312 0.34929996728897095
			vertex -119.32796478271484 705.9329833984375 0.8322872519493103
		endloop
	endfacet
	facet normal -0.7023905168768306 0.7085642670738509 0.06770702495011385
		outer loop
			vertex -119.24736022949219 706.0256958007812 0.6982269883155823
			vertex -119.32796478271484 705.9329833984375 0.8322872519493103
			vertex -119.13447570800781 706.110107421875 0.9859070181846619
		endloop
	endfacet
	facet normal -0.6730225670383536 0.7396045531532021 -0.005072397081985732
		outer loop
			vertex -119.13447570800781 706.110107421875 0.9859070181846619
			vertex -119.32796478271484 705.9329833984375 0.8322872519493103
			vertex -119.14480590820312 706.1028442382812 1.297510027885437
		endloop
	endfacet
	facet normal -0.7096008184228039 0.7045681261322598 -0.007101699244776718
		outer loop
			vertex -119.13447570800781 706.110107421875 0.9859070181846619
			vertex -119.14480590820312 706.1028442382812 1.297510027885437
			vertex -119.02545928955078 706.2227172851562 1.265161395072937
		endloop
	endfacet
	facet normal -0.7173687182676194 0.6916608817809211 -0.0835903503109759
		outer loop
			vertex -119.02545928955078 706.2227172851562 1.265161395072937
			vertex -119.14480590820312 706.1028442382812 1.297510027885437
			vertex -118.92144012451172 706.3629760742188 1.5330322980880737
		endloop
	endfacet
	facet normal -0.6965694332482874 0.7072856930532241 -0.12057351726801574
		outer loop
			vertex -118.92144012451172 706.3629760742188 1.5330322980880737
			vertex -119.14480590820312 706.1028442382812 1.297510027885437
			vertex -118.97444152832031 706.3448486328125 1.7328927516937256
		endloop
	endfacet
	facet normal -0.7481265505908833 0.6487141772102767 -0.13955852029661364
		outer loop
			vertex -118.92144012451172 706.3629760742188 1.5330322980880737
			vertex -118.97444152832031 706.3448486328125 1.7328927516937256
			vertex -118.8235092163086 706.5304565429688 1.7865620851516724
		endloop
	endfacet
	facet normal -0.7186695392761357 0.6532816992454857 -0.23819553889096567
		outer loop
			vertex -118.8235092163086 706.5304565429688 1.7865620851516724
			vertex -118.97444152832031 706.3448486328125 1.7328927516937256
			vertex -118.82148742675781 706.6565551757812 2.1263036727905273
		endloop
	endfacet
	facet normal -0.7462675799223123 0.6254845954454566 -0.2277141190557331
		outer loop
			vertex -118.8235092163086 706.5304565429688 1.7865620851516724
			vertex -118.82148742675781 706.6565551757812 2.1263036727905273
			vertex -118.73279571533203 706.7246704101562 2.0227408409118652
		endloop
	endfacet
	facet normal -0.7709457079949795 0.5691128142137137 -0.2859253749177695
		outer loop
			vertex -118.73279571533203 706.7246704101562 2.0227408409118652
			vertex -118.82148742675781 706.6565551757812 2.1263036727905273
			vertex -118.6505355834961 706.9442138671875 2.2379260063171387
		endloop
	endfacet
	facet normal -0.7367833128224146 0.5755448904128156 -0.354821686296269
		outer loop
			vertex -118.6505355834961 706.9442138671875 2.2379260063171387
			vertex -118.82148742675781 706.6565551757812 2.1263036727905273
			vertex -118.69066619873047 707.0326538085938 2.464712381362915
		endloop
	endfacet
	facet normal -0.7924946592228282 0.5075424255002269 -0.3381610584035956
		outer loop
			vertex -118.6505355834961 706.9442138671875 2.2379260063171387
			vertex -118.69066619873047 707.0326538085938 2.464712381362915
			vertex -118.57743072509766 707.186279296875 2.429915189743042
		endloop
	endfacet
	facet normal -0.7691010102514462 0.46840135733053073 -0.43483767601384515
		outer loop
			vertex -118.57743072509766 707.186279296875 2.429915189743042
			vertex -118.69066619873047 707.0326538085938 2.464712381362915
			vertex -118.58489990234375 707.4614868164062 2.7395758628845215
		endloop
	endfacet
	facet normal -0.775179271046454 0.4628047194195475 -0.4300103364140007
		outer loop
			vertex -118.57743072509766 707.186279296875 2.429915189743042
			vertex -118.58489990234375 707.4614868164062 2.7395758628845215
			vertex -118.51405334472656 707.4476928710938 2.597014904022217
		endloop
	endfacet
	facet normal -0.8137337283561499 0.3785981294344291 -0.44102253425913623
		outer loop
			vertex -118.51405334472656 707.4476928710938 2.597014904022217
			vertex -118.58489990234375 707.4614868164062 2.7395758628845215
			vertex -118.46094512939453 707.7255249023438 2.7375309467315674
		endloop
	endfacet
	facet normal -0.7716969618820947 0.35820923182880027 -0.5255187392040037
		outer loop
			vertex -118.46094512939453 707.7255249023438 2.7375309467315674
			vertex -118.58489990234375 707.4614868164062 2.7395758628845215
			vertex -118.5064926147461 707.9306030273438 2.944202423095703
		endloop
	endfacet
	facet normal -0.8199736732915381 0.30562529110198305 -0.4839797067518538
		outer loop
			vertex -118.46094512939453 707.7255249023438 2.7375309467315674
			vertex -118.5064926147461 707.9306030273438 2.944202423095703
			vertex -118.4186782836914 708.0166625976562 2.8497698307037354
		endloop
	endfacet
	facet normal -0.8083931613143943 0.23057897062760602 -0.5416030234816213
		outer loop
			vertex -118.4186782836914 708.0166625976562 2.8497698307037354
			vertex -118.5064926147461 707.9306030273438 2.944202423095703
			vertex -118.3877944946289 708.3181762695312 2.932037591934204
		endloop
	endfacet
	facet normal -0.7900910854908589 0.22406455987317436 -0.5705708979931565
		outer loop
			vertex -118.3877944946289 708.3181762695312 2.932037591934204
			vertex -118.5064926147461 707.9306030273438 2.944202423095703
			vertex -118.45775604248047 708.4276123046875 3.0718917846679688
		endloop
	endfacet
	facet normal -0.8384396634893899 0.1378293026941771 -0.5272779286170013
		outer loop
			vertex -118.3877944946289 708.3181762695312 2.932037591934204
			vertex -118.45775604248047 708.4276123046875 3.0718917846679688
			vertex -118.36885833740234 708.626953125 2.982640266418457
		endloop
	endfacet
	facet normal -0.7624383105377631 0.051213907132805304 -0.6450309747140162
		outer loop
			vertex -118.36885833740234 708.626953125 2.982640266418457
			vertex -118.45775604248047 708.4276123046875 3.0718917846679688
			vertex -118.36241912841797 708.9400024414062 2.9998843669891357
		endloop
	endfacet
	facet normal -0.8276067644493639 0.07582820360800396 -0.5561628601185433
		outer loop
			vertex -118.36241912841797 708.9400024414062 2.9998843669891357
			vertex -118.45775604248047 708.4276123046875 3.0718917846679688
			vertex -118.53675079345703 708.4141845703125 3.187610387802124
		endloop
	endfacet
	facet normal -0.8391691405398872 0.08652308474002006 -0.5369440467801262
		outer loop
			vertex -118.36241912841797 708.9400024414062 2.9998843669891357
			vertex -118.53675079345703 708.4141845703125 3.187610387802124
			vertex -118.68382263183594 708.5935668945312 3.446368932723999
		endloop
	endfacet
	facet normal -0.8181634996328476 0.1353224975080026 -0.5588347783886827
		outer loop
			vertex -118.68382263183594 708.5935668945312 3.446368932723999
			vertex -118.53675079345703 708.4141845703125 3.187610387802124
			vertex -118.70474243164062 708.2511596679688 3.3940823078155518
		endloop
	endfacet
	facet normal -0.8330770096355975 0.21068880758192424 -0.5114615551303123
		outer loop
			vertex -118.70474243164062 708.2511596679688 3.3940823078155518
			vertex -118.53675079345703 708.4141845703125 3.187610387802124
			vertex -118.58673858642578 707.9036865234375 3.058739423751831
		endloop
	endfacet
	facet normal -0.8294471133214174 0.21561853515640864 -0.5152922796819028
		outer loop
			vertex -118.70474243164062 708.2511596679688 3.3940823078155518
			vertex -118.58673858642578 707.9036865234375 3.058739423751831
			vertex -118.73888397216797 707.9158325195312 3.3087246417999268
		endloop
	endfacet
	facet normal -0.8087575739137718 0.2985564260813055 -0.5067299547911769
		outer loop
			vertex -118.73888397216797 707.9158325195312 3.3087246417999268
			vertex -118.58673858642578 707.9036865234375 3.058739423751831
			vertex -118.7856674194336 707.590576171875 3.1917572021484375
		endloop
	endfacet
	facet normal -0.8266861082517123 0.3323353261904911 -0.45403007542397256
		outer loop
			vertex -118.7856674194336 707.590576171875 3.1917572021484375
			vertex -118.58673858642578 707.9036865234375 3.058739423751831
			vertex -118.66719818115234 707.4208984375 2.8518528938293457
		endloop
	endfacet
	facet normal -0.803674374391849 0.3709605482000481 -0.4652910611917989
		outer loop
			vertex -118.7856674194336 707.590576171875 3.1917572021484375
			vertex -118.66719818115234 707.4208984375 2.8518528938293457
			vertex -118.84451293945312 707.278564453125 3.0446419715881348
		endloop
	endfacet
	facet normal -0.7994241086024908 0.43582879011726794 -0.41349045973278736
		outer loop
			vertex -118.84451293945312 707.278564453125 3.0446419715881348
			vertex -118.66719818115234 707.4208984375 2.8518528938293457
			vertex -118.91483306884766 706.9827880859375 2.868840456008911
		endloop
	endfacet
	facet normal -0.8089364345025047 0.44221780392185916 -0.3873825742452843
		outer loop
			vertex -118.91483306884766 706.9827880859375 2.868840456008911
			vertex -118.66719818115234 707.4208984375 2.8518528938293457
			vertex -118.77579498291016 706.9783325195312 2.573413372039795
		endloop
	endfacet
	facet normal -0.7787593456418945 0.5035662764941229 -0.3741054487083195
		outer loop
			vertex -118.91483306884766 706.9827880859375 2.868840456008911
			vertex -118.77579498291016 706.9783325195312 2.573413372039795
			vertex -118.99604797363281 706.7063598632812 2.6658146381378174
		endloop
	endfacet
	facet normal -0.7885759903736647 0.5365368342001628 -0.30045986912175293
		outer loop
			vertex -118.99604797363281 706.7063598632812 2.6658146381378174
			vertex -118.77579498291016 706.9783325195312 2.573413372039795
			vertex -118.9101791381836 706.5884399414062 2.229874610900879
		endloop
	endfacet
	facet normal -0.7769877969817507 0.5521296691425913 -0.30239509221205757
		outer loop
			vertex -118.99604797363281 706.7063598632812 2.6658146381378174
			vertex -118.9101791381836 706.5884399414062 2.229874610900879
			vertex -119.08756256103516 706.4522705078125 2.437026023864746
		endloop
	endfacet
	facet normal -0.7550689042657774 0.6071544786787807 -0.2474558320815582
		outer loop
			vertex -119.08756256103516 706.4522705078125 2.437026023864746
			vertex -118.9101791381836 706.5884399414062 2.229874610900879
			vertex -119.18864440917969 706.2235717773438 2.1843276023864746
		endloop
	endfacet
	facet normal -0.7678889175723557 0.6103317731897221 -0.19452952707660023
		outer loop
			vertex -119.18864440917969 706.2235717773438 2.1843276023864746
			vertex -118.9101791381836 706.5884399414062 2.229874610900879
			vertex -119.0674057006836 706.2630004882812 1.8294546604156494
		endloop
	endfacet
	facet normal -0.7403169622561279 0.6474368037779898 -0.18098723852691853
		outer loop
			vertex -119.18864440917969 706.2235717773438 2.1843276023864746
			vertex -119.0674057006836 706.2630004882812 1.8294546604156494
			vertex -119.29800415039062 706.0220947265625 1.9109227657318115
		endloop
	endfacet
	facet normal -0.7350319067163947 0.6712630221903517 -0.09557223000818114
		outer loop
			vertex -119.29800415039062 706.0220947265625 1.9109227657318115
			vertex -119.0674057006836 706.2630004882812 1.8294546604156494
			vertex -119.24270629882812 706.0077514648438 1.384893536567688
		endloop
	endfacet
	facet normal -0.7438355531996136 0.6613990476462066 -0.09622873567139831
		outer loop
			vertex -119.29800415039062 706.0220947265625 1.9109227657318115
			vertex -119.24270629882812 706.0077514648438 1.384893536567688
			vertex -119.41446685791016 705.8487548828125 1.6197654008865356
		endloop
	endfacet
	facet normal -0.7114934450818554 0.7012098378231687 -0.04562719524098002
		outer loop
			vertex -119.41446685791016 705.8487548828125 1.6197654008865356
			vertex -119.24270629882812 706.0077514648438 1.384893536567688
			vertex -119.536865234375 705.7046508789062 1.313774585723877
		endloop
	endfacet
	facet normal -0.71979963672962 0.6938966942144167 0.019896248948271484
		outer loop
			vertex -119.536865234375 705.7046508789062 1.313774585723877
			vertex -119.24270629882812 706.0077514648438 1.384893536567688
			vertex -119.431396484375 705.82568359375 0.9082794189453125
		endloop
	endfacet
	facet normal -0.705025544059671 0.7086236109729327 0.02813467957960147
		outer loop
			vertex -119.536865234375 705.7046508789062 1.313774585723877
			vertex -119.431396484375 705.82568359375 0.9082794189453125
			vertex -119.66402435302734 705.5907592773438 0.9958698153495789
		endloop
	endfacet
	facet normal -0.6896285434520836 0.7180100493731039 0.09420212872006009
		outer loop
			vertex -119.66402435302734 705.5907592773438 0.9958698153495789
			vertex -119.431396484375 705.82568359375 0.9082794189453125
			vertex -119.79478454589844 705.508056640625 0.6689702272415161
		endloop
	endfacet
	facet normal -0.6991224801404983 0.7034652599398344 0.1279233591646962
		outer loop
			vertex -119.79478454589844 705.508056640625 0.6689702272415161
			vertex -119.431396484375 705.82568359375 0.9082794189453125
			vertex -119.62882232666016 705.7197875976562 0.41164854168891907
		endloop
	endfacet
	facet normal -0.6733717439145865 0.7218570769676559 0.15966482057466624
		outer loop
			vertex -119.79478454589844 705.508056640625 0.6689702272415161
			vertex -119.62882232666016 705.7197875976562 0.41164854168891907
			vertex -119.927978515625 705.4574584960938 0.33599501848220825
		endloop
	endfacet
	facet normal -0.6738353770904348 0.7015998525361407 0.23174022417926796
		outer loop
			vertex -119.927978515625 705.4574584960938 0.33599501848220825
			vertex -119.62882232666016 705.7197875976562 0.41164854168891907
			vertex -119.83032989501953 705.6929321289062 -0.09297311305999756
		endloop
	endfacet
	facet normal -0.6724552200829326 0.7026318384066554 0.23262088607968628
		outer loop
			vertex -119.927978515625 705.4574584960938 0.33599501848220825
			vertex -119.83032989501953 705.6929321289062 -0.09297311305999756
			vertex -120.06243133544922 705.4400634765625 -0.00013647560263052583
		endloop
	endfacet
	facet normal -0.6479429859796096 0.7026646938043228 0.29399356285589795
		outer loop
			vertex -120.06243133544922 705.4400634765625 -0.00013647560263052583
			vertex -119.83032989501953 705.6929321289062 -0.09297311305999756
			vertex -120.19692993164062 705.4567260742188 -0.3363875150680542
		endloop
	endfacet
	facet normal -0.6578227827709068 0.6734717484699378 0.33720170592745424
		outer loop
			vertex -120.19692993164062 705.4567260742188 -0.3363875150680542
			vertex -119.83032989501953 705.6929321289062 -0.09297311305999756
			vertex -120.03103637695312 705.747314453125 -0.5931314826011658
		endloop
	endfacet
	facet normal -0.6384604311464478 0.6811271143874397 0.3583770806099797
		outer loop
			vertex -120.19692993164062 705.4567260742188 -0.3363875150680542
			vertex -120.03103637695312 705.747314453125 -0.5931314826011658
			vertex -120.33013153076172 705.507080078125 -0.6693927049636841
		endloop
	endfacet
	facet normal -0.6294284645169946 0.6470596301305787 0.43027159226592837
		outer loop
			vertex -120.33013153076172 705.507080078125 -0.6693927049636841
			vertex -120.03103637695312 705.747314453125 -0.5931314826011658
			vertex -120.22602844238281 705.8792724609375 -1.0768219232559204
		endloop
	endfacet
	facet normal -0.6439258635506437 0.6396385423566513 0.4197880624582077
		outer loop
			vertex -120.33013153076172 705.507080078125 -0.6693927049636841
			vertex -120.22602844238281 705.8792724609375 -1.0768219232559204
			vertex -120.46086883544922 705.5899658203125 -0.9962291717529297
		endloop
	endfacet
	facet normal -0.6150376286845275 0.6309743402890596 0.47286371947834993
		outer loop
			vertex -120.46086883544922 705.5899658203125 -0.9962291717529297
			vertex -120.22602844238281 705.8792724609375 -1.0768219232559204
			vertex -120.58798217773438 705.7042236328125 -1.3140231370925903
		endloop
	endfacet
	facet normal -0.6225010296398052 0.5892658517547253 0.5150322553521873
		outer loop
			vertex -120.58798217773438 705.7042236328125 -1.3140231370925903
			vertex -120.22602844238281 705.8792724609375 -1.0768219232559204
			vertex -120.41098022460938 706.083251953125 -1.533746361732483
		endloop
	endfacet
	facet normal -0.6134682708597778 0.5904771045097259 0.5243981976495766
		outer loop
			vertex -120.58798217773438 705.7042236328125 -1.3140231370925903
			vertex -120.41098022460938 706.083251953125 -1.533746361732483
			vertex -120.71033477783203 705.8487548828125 -1.6199010610580444
		endloop
	endfacet
	facet normal -0.6012584501007311 0.5570974612856907 0.57282693268692
		outer loop
			vertex -120.71033477783203 705.8487548828125 -1.6199010610580444
			vertex -120.41098022460938 706.083251953125 -1.533746361732483
			vertex -120.82676696777344 706.0223999023438 -1.9109890460968018
		endloop
	endfacet
	facet normal -0.6115238633498951 0.5286093578902095 0.5887365381089571
		outer loop
			vertex -120.82676696777344 706.0223999023438 -1.9109890460968018
			vertex -120.41098022460938 706.083251953125 -1.533746361732483
			vertex -120.58158874511719 706.3535766601562 -1.9536750316619873
		endloop
	endfacet
	facet normal -0.5915567456954337 0.5176204792269291 0.6181663660432459
		outer loop
			vertex -120.82676696777344 706.0223999023438 -1.9109890460968018
			vertex -120.58158874511719 706.3535766601562 -1.9536750316619873
			vertex -120.93614196777344 706.2239379882812 -2.184413433074951
		endloop
	endfacet
	facet normal -0.5960958836515146 0.4639906920565798 0.6552727181705158
		outer loop
			vertex -120.93614196777344 706.2239379882812 -2.184413433074951
			vertex -120.58158874511719 706.3535766601562 -1.9536750316619873
			vertex -120.73355865478516 706.6846923828125 -2.3263797760009766
		endloop
	endfacet
	facet normal -0.5947169513114294 0.4638095317803502 0.6566524697680893
		outer loop
			vertex -120.93614196777344 706.2239379882812 -2.184413433074951
			vertex -120.73355865478516 706.6846923828125 -2.3263797760009766
			vertex -121.03729248046875 706.4522705078125 -2.437300205230713
		endloop
	endfacet
	facet normal -0.5781215797549999 0.4223136663375002 0.698159441851331
		outer loop
			vertex -121.03729248046875 706.4522705078125 -2.437300205230713
			vertex -120.73355865478516 706.6846923828125 -2.3263797760009766
			vertex -121.1290512084961 706.7058715820312 -2.666684627532959
		endloop
	endfacet
	facet normal -0.5903119492756649 0.384067489923758 0.7099464527174066
		outer loop
			vertex -121.1290512084961 706.7058715820312 -2.666684627532959
			vertex -120.73355865478516 706.6846923828125 -2.3263797760009766
			vertex -120.86273193359375 707.0697631835938 -2.642101764678955
		endloop
	endfacet
	facet normal -0.5730964869914759 0.3700331245924819 0.7311880081773455
		outer loop
			vertex -121.1290512084961 706.7058715820312 -2.666684627532959
			vertex -120.86273193359375 707.0697631835938 -2.642101764678955
			vertex -121.2104721069336 706.9819946289062 -2.8702392578125
		endloop
	endfacet
	facet normal -0.5750058369122435 0.30786136665307484 0.758016930179895
		outer loop
			vertex -121.2104721069336 706.9819946289062 -2.8702392578125
			vertex -120.86273193359375 707.0697631835938 -2.642101764678955
			vertex -120.9664077758789 707.4984130859375 -2.894838809967041
		endloop
	endfacet
	facet normal -0.580616096545694 0.3102616265712599 0.7527434300672425
		outer loop
			vertex -121.2104721069336 706.9819946289062 -2.8702392578125
			vertex -120.9664077758789 707.4984130859375 -2.894838809967041
			vertex -121.28094482421875 707.277587890625 -3.046433210372925
		endloop
	endfacet
	facet normal -0.5627215243392051 0.26368399837686163 0.7834636143723285
		outer loop
			vertex -121.28094482421875 707.277587890625 -3.046433210372925
			vertex -120.9664077758789 707.4984130859375 -2.894838809967041
			vertex -121.33987426757812 707.5895385742188 -3.1937499046325684
		endloop
	endfacet
	facet normal -0.5759889292041912 0.22098180324938543 0.7870221064664318
		outer loop
			vertex -121.33987426757812 707.5895385742188 -3.1937499046325684
			vertex -120.9664077758789 707.4984130859375 -2.894838809967041
			vertex -121.04264831542969 707.9600830078125 -3.0802648067474365
		endloop
	endfacet
	facet normal -0.5631253536255191 0.20665357414235758 0.8001150769722588
		outer loop
			vertex -121.33987426757812 707.5895385742188 -3.1937499046325684
			vertex -121.04264831542969 707.9600830078125 -3.0802648067474365
			vertex -121.38664245605469 707.914794921875 -3.3106727600097656
		endloop
	endfacet
	facet normal -0.5637548884570199 0.14869582658499517 0.8124469071250244
		outer loop
			vertex -121.38664245605469 707.914794921875 -3.3106727600097656
			vertex -121.04264831542969 707.9600830078125 -3.0802648067474365
			vertex -121.42064666748047 708.2503662109375 -3.3956851959228516
		endloop
	endfacet
	facet normal -0.5717267403700621 0.13487591518375439 0.8092817938451157
		outer loop
			vertex -121.42064666748047 708.2503662109375 -3.3956851959228516
			vertex -121.04264831542969 707.9600830078125 -3.0802648067474365
			vertex -121.08953094482422 708.4441528320312 -3.194061279296875
		endloop
	endfacet
	facet normal -0.5561757712727847 0.09081931917539302 0.8260873820084902
		outer loop
			vertex -121.42064666748047 708.2503662109375 -3.3956851959228516
			vertex -121.08953094482422 708.4441528320312 -3.194061279296875
			vertex -121.4412841796875 708.5932006835938 -3.447270631790161
		endloop
	endfacet
	facet normal -0.5710960822678581 0.04469743357957771 0.8196654221386329
		outer loop
			vertex -121.4412841796875 708.5932006835938 -3.447270631790161
			vertex -121.08953094482422 708.4441528320312 -3.194061279296875
			vertex -121.10515594482422 708.9398803710938 -3.231980562210083
		endloop
	endfacet
	facet normal -0.5602497240352303 0.02912233499834266 0.8278116551019881
		outer loop
			vertex -121.4412841796875 708.5932006835938 -3.447270631790161
			vertex -121.10515594482422 708.9398803710938 -3.231980562210083
			vertex -121.44796752929688 708.9398193359375 -3.4639878273010254
		endloop
	endfacet
	facet normal -0.5601993105276134 -0.031645746449253456 0.8277531511362891
		outer loop
			vertex -121.44796752929688 708.9398193359375 -3.4639878273010254
			vertex -121.10515594482422 708.9398803710938 -3.231980562210083
			vertex -121.44070434570312 709.2861938476562 -3.4458301067352295
		endloop
	endfacet
	facet normal -0.5703220720024232 -0.046165582562054885 0.8201228402950187
		outer loop
			vertex -121.44070434570312 709.2861938476562 -3.4458301067352295
			vertex -121.10515594482422 708.9398803710938 -3.231980562210083
			vertex -121.08898162841797 709.4354858398438 -3.1928346157073975
		endloop
	endfacet
	facet normal -0.5555805413043142 -0.09154614095301203 0.8264076271432981
		outer loop
			vertex -121.44070434570312 709.2861938476562 -3.4458301067352295
			vertex -121.08898162841797 709.4354858398438 -3.1928346157073975
			vertex -121.41992950439453 709.62890625 -3.3938992023468018
		endloop
	endfacet
	facet normal -0.570766832498565 -0.134577300399403 0.8100087488026064
		outer loop
			vertex -121.41992950439453 709.62890625 -3.3938992023468018
			vertex -121.08898162841797 709.4354858398438 -3.1928346157073975
			vertex -121.04228973388672 709.9197387695312 -3.0794782638549805
		endloop
	endfacet
	facet normal -0.5629665353716891 -0.1480583006022037 0.8131097217930582
		outer loop
			vertex -121.41992950439453 709.62890625 -3.3938992023468018
			vertex -121.04228973388672 709.9197387695312 -3.0794782638549805
			vertex -121.38610076904297 709.9647827148438 -3.3093180656433105
		endloop
	endfacet
	facet normal -0.5623660351364945 -0.2053639818171646 0.8009806973311269
		outer loop
			vertex -121.38610076904297 709.9647827148438 -3.3093180656433105
			vertex -121.04228973388672 709.9197387695312 -3.0794782638549805
			vertex -121.33966064453125 710.2904663085938 -3.1932103633880615
		endloop
	endfacet
	facet normal -0.5755319465102499 -0.22002196512107144 0.787625109687588
		outer loop
			vertex -121.33966064453125 710.2904663085938 -3.1932103633880615
			vertex -121.04228973388672 709.9197387695312 -3.0794782638549805
			vertex -120.96648406982422 710.3817138671875 -2.895033597946167
		endloop
	endfacet
	facet normal -0.5624296177159639 -0.2622570303671253 0.784151882698047
		outer loop
			vertex -121.33966064453125 710.2904663085938 -3.1932103633880615
			vertex -120.96648406982422 710.3817138671875 -2.895033597946167
			vertex -121.28105163574219 710.6028442382812 -3.0466995239257812
		endloop
	endfacet
	facet normal -0.579071971053972 -0.3052598654028028 0.7559709431677455
		outer loop
			vertex -121.28105163574219 710.6028442382812 -3.0466995239257812
			vertex -120.96648406982422 710.3817138671875 -2.895033597946167
			vertex -120.86296081542969 710.8104248046875 -2.642622232437134
		endloop
	endfacet
	facet normal -0.5753108815486395 -0.31259227588946575 0.7558461871478692
		outer loop
			vertex -121.28105163574219 710.6028442382812 -3.0466995239257812
			vertex -120.86296081542969 710.8104248046875 -2.642622232437134
			vertex -121.21073913574219 710.8984985351562 -2.870908737182617
		endloop
	endfacet
	facet normal -0.5734429576707986 -0.3706666639132553 0.7305952357914638
		outer loop
			vertex -121.21073913574219 710.8984985351562 -2.870908737182617
			vertex -120.86296081542969 710.8104248046875 -2.642622232437134
			vertex -121.12916564941406 711.1742553710938 -2.6669769287109375
		endloop
	endfacet
	facet normal -0.5907889163508921 -0.3847933464188801 0.7091562147148528
		outer loop
			vertex -121.12916564941406 711.1742553710938 -2.6669769287109375
			vertex -120.86296081542969 710.8104248046875 -2.642622232437134
			vertex -120.73345184326172 711.1949462890625 -2.3260858058929443
		endloop
	endfacet
	facet normal -0.578511150915259 -0.4232965114114354 0.6972409280109788
		outer loop
			vertex -121.12916564941406 711.1742553710938 -2.6669769287109375
			vertex -120.73345184326172 711.1949462890625 -2.3260858058929443
			vertex -121.0372085571289 711.42724609375 -2.4370875358581543
		endloop
	endfacet
	facet normal -0.5946747405848714 -0.46380808922437977 0.6566917155563528
		outer loop
			vertex -121.0372085571289 711.42724609375 -2.4370875358581543
			vertex -120.73345184326172 711.1949462890625 -2.3260858058929443
			vertex -120.93604278564453 711.6556396484375 -2.1841659545898438
		endloop
	endfacet
	facet normal -0.5956428728334391 -0.4639355723165663 0.6557235338021867
		outer loop
			vertex -120.93604278564453 711.6556396484375 -2.1841659545898438
			vertex -120.73345184326172 711.1949462890625 -2.3260858058929443
			vertex -120.58152770996094 711.5264282226562 -1.9535526037216187
		endloop
	endfacet
	facet normal -0.5911464126705636 -0.5169924673521772 0.6190837645164278
		outer loop
			vertex -120.93604278564453 711.6556396484375 -2.1841659545898438
			vertex -120.58152770996094 711.5264282226562 -1.9535526037216187
			vertex -120.82675170898438 711.8578491210938 -1.9109431505203247
		endloop
	endfacet
	facet normal -0.6108656977108247 -0.5278560267611911 0.5900941572089629
		outer loop
			vertex -120.82675170898438 711.8578491210938 -1.9109431505203247
			vertex -120.58152770996094 711.5264282226562 -1.9535526037216187
			vertex -120.41117095947266 711.7979125976562 -1.534348726272583
		endloop
	endfacet
	facet normal -0.6005542978656264 -0.5564856153064198 0.574158771832461
		outer loop
			vertex -120.82675170898438 711.8578491210938 -1.9109431505203247
			vertex -120.41117095947266 711.7979125976562 -1.534348726272583
			vertex -120.71043395996094 712.0323486328125 -1.6201497316360474
		endloop
	endfacet
	facet normal -0.6129141146876627 -0.5900709931709306 0.5255021513133037
		outer loop
			vertex -120.71043395996094 712.0323486328125 -1.6201497316360474
			vertex -120.41117095947266 711.7979125976562 -1.534348726272583
			vertex -120.58818054199219 712.1775512695312 -1.3145169019699097
		endloop
	endfacet
	facet normal -0.6224789021849286 -0.5887950794383463 0.5155971011980552
		outer loop
			vertex -120.58818054199219 712.1775512695312 -1.3145169019699097
			vertex -120.41117095947266 711.7979125976562 -1.534348726272583
			vertex -120.22635650634766 712.0023193359375 -1.0777969360351562
		endloop
	endfacet
	facet normal -0.6150222598953379 -0.6308180108741114 0.473092228841334
		outer loop
			vertex -120.58818054199219 712.1775512695312 -1.3145169019699097
			vertex -120.22635650634766 712.0023193359375 -1.0777969360351562
			vertex -120.4610824584961 712.2919311523438 -0.9967753887176514
		endloop
	endfacet
	facet normal -0.6389544246729251 -0.6380649601628344 0.42966306543999316
		outer loop
			vertex -120.4610824584961 712.2919311523438 -0.9967753887176514
			vertex -120.22635650634766 712.0023193359375 -1.0777969360351562
			vertex -120.03114318847656 712.1329956054688 -0.5934351682662964
		endloop
	endfacet
	facet normal -0.6323534839965588 -0.6530475020586581 0.41672296712847606
		outer loop
			vertex -120.4610824584961 712.2919311523438 -0.9967753887176514
			vertex -120.03114318847656 712.1329956054688 -0.5934351682662964
			vertex -120.33025360107422 712.3739624023438 -0.6696986556053162
		endloop
	endfacet
	facet normal -0.6396159399187379 -0.6812666704922606 0.3560437797213416
		outer loop
			vertex -120.33025360107422 712.3739624023438 -0.6696986556053162
			vertex -120.03114318847656 712.1329956054688 -0.5934351682662964
			vertex -120.19695281982422 712.4229736328125 -0.3364502489566803
		endloop
	endfacet
	facet normal -0.6581408935307518 -0.6738819221165863 0.3357584240298358
		outer loop
			vertex -120.19695281982422 712.4229736328125 -0.3364502489566803
			vertex -120.03114318847656 712.1329956054688 -0.5934351682662964
			vertex -119.83026123046875 712.186279296875 -0.0927312821149826
		endloop
	endfacet
	facet normal -0.6483678866234667 -0.7026325819055633 0.2931322882934281
		outer loop
			vertex -120.19695281982422 712.4229736328125 -0.3364502489566803
			vertex -119.83026123046875 712.186279296875 -0.0927312821149826
			vertex -120.06243133544922 712.4391479492188 -0.00013788705109618604
		endloop
	endfacet
	facet normal -0.6718466245249437 -0.7026516485723843 0.2343134095030627
		outer loop
			vertex -120.06243133544922 712.4391479492188 -0.00013788705109618604
			vertex -119.83026123046875 712.186279296875 -0.0927312821149826
			vertex -119.92790222167969 712.4226684570312 0.33617913722991943
		endloop
	endfacet
	facet normal -0.6724908768732942 -0.7021721043085092 0.23390245072069663
		outer loop
			vertex -119.92790222167969 712.4226684570312 0.33617913722991943
			vertex -119.83026123046875 712.186279296875 -0.0927312821149826
			vertex -119.6286849975586 712.1613159179688 0.4118790328502655
		endloop
	endfacet
	facet normal -0.6720964071461873 -0.7224501094548317 0.16233378838026358
		outer loop
			vertex -119.92790222167969 712.4226684570312 0.33617913722991943
			vertex -119.6286849975586 712.1613159179688 0.4118790328502655
			vertex -119.79459381103516 712.37353515625 0.6694415211677551
		endloop
	endfacet
	facet normal -0.6980993009506318 -0.7040258151015677 0.13040328861962275
		outer loop
			vertex -119.79459381103516 712.37353515625 0.6694415211677551
			vertex -119.6286849975586 712.1613159179688 0.4118790328502655
			vertex -119.4311294555664 712.0574340820312 0.9086294770240784
		endloop
	endfacet
	facet normal -0.6884867716422033 -0.7188374829170732 0.09622181887255857
		outer loop
			vertex -119.79459381103516 712.37353515625 0.6694415211677551
			vertex -119.4311294555664 712.0574340820312 0.9086294770240784
			vertex -119.66373443603516 712.2919921875 0.9965898394584656
		endloop
	endfacet
	facet normal -0.7044977025551548 -0.7091516036689819 0.028053343975724256
		outer loop
			vertex -119.66373443603516 712.2919921875 0.9965898394584656
			vertex -119.4311294555664 712.0574340820312 0.9086294770240784
			vertex -119.53655242919922 712.17822265625 1.3145407438278198
		endloop
	endfacet
	facet normal -0.7204692275697178 -0.693222038411004 0.01916500942829676
		outer loop
			vertex -119.53655242919922 712.17822265625 1.3145407438278198
			vertex -119.4311294555664 712.0574340820312 0.9086294770240784
			vertex -119.24250793457031 711.8745727539062 1.3851488828659058
		endloop
	endfacet
	facet normal -0.7120232831348442 -0.7005468162292702 -0.047507920864952945
		outer loop
			vertex -119.53655242919922 712.17822265625 1.3145407438278198
			vertex -119.24250793457031 711.8745727539062 1.3851488828659058
			vertex -119.41426849365234 712.033203125 1.6202573776245117
		endloop
	endfacet
	facet normal -0.7412534792082054 -0.664749137449871 -0.09301539561483002
		outer loop
			vertex -119.41426849365234 712.033203125 1.6202573776245117
			vertex -119.24250793457031 711.8745727539062 1.3851488828659058
			vertex -119.06742858886719 711.6171875 1.829359769821167
		endloop
	endfacet
	facet normal -0.73679901605709 -0.6677054423036352 -0.1062857104949267
		outer loop
			vertex -119.41426849365234 712.033203125 1.6202573776245117
			vertex -119.06742858886719 711.6171875 1.829359769821167
			vertex -119.29796600341797 711.8585815429688 1.9110229015350342
		endloop
	endfacet
	facet normal -0.741139019181793 -0.6460858243169318 -0.18244468165161887
		outer loop
			vertex -119.29796600341797 711.8585815429688 1.9110229015350342
			vertex -119.06742858886719 711.6171875 1.829359769821167
			vertex -119.18871307373047 711.6561279296875 2.1841511726379395
		endloop
	endfacet
	facet normal -0.7676189711311011 -0.610388551948454 -0.19541476609995315
		outer loop
			vertex -119.18871307373047 711.6561279296875 2.1841511726379395
			vertex -119.06742858886719 711.6171875 1.829359769821167
			vertex -118.9101791381836 711.2911987304688 2.22990345954895
		endloop
	endfacet
	facet normal -0.7550422961599718 -0.6072841608800685 -0.2472186864977414
		outer loop
			vertex -119.18871307373047 711.6561279296875 2.1841511726379395
			vertex -118.9101791381836 711.2911987304688 2.22990345954895
			vertex -119.08759307861328 711.427490234375 2.4369564056396484
		endloop
	endfacet
	facet normal -0.776248205248157 -0.5543432000199584 -0.30023714034184323
		outer loop
			vertex -119.08759307861328 711.427490234375 2.4369564056396484
			vertex -118.9101791381836 711.2911987304688 2.22990345954895
			vertex -118.99567413330078 711.17431640625 2.666752338409424
		endloop
	endfacet
	facet normal -0.7874210640667714 -0.5393659845137988 -0.2984164918589691
		outer loop
			vertex -118.99567413330078 711.17431640625 2.666752338409424
			vertex -118.9101791381836 711.2911987304688 2.22990345954895
			vertex -118.77513122558594 710.9030151367188 2.5751707553863525
		endloop
	endfacet
	facet normal -0.7776630676983161 -0.5064115321368394 -0.37254196173969883
		outer loop
			vertex -118.99567413330078 711.17431640625 2.666752338409424
			vertex -118.77513122558594 710.9030151367188 2.5751707553863525
			vertex -118.91397857666016 710.8986206054688 2.870981454849243
		endloop
	endfacet
	facet normal -0.8082324935128626 -0.4447292469234604 -0.38597426515361405
		outer loop
			vertex -118.91397857666016 710.8986206054688 2.870981454849243
			vertex -118.77513122558594 710.9030151367188 2.5751707553863525
			vertex -118.66593933105469 710.4614868164062 2.855262279510498
		endloop
	endfacet
	facet normal -0.7985840511871163 -0.43830066342589186 -0.41249974743022116
		outer loop
			vertex -118.91397857666016 710.8986206054688 2.870981454849243
			vertex -118.66593933105469 710.4614868164062 2.855262279510498
			vertex -118.84327697753906 710.6034545898438 3.047733783721924
		endloop
	endfacet
	facet normal -0.8030540736353462 -0.3721648300017497 -0.46540035896789445
		outer loop
			vertex -118.84327697753906 710.6034545898438 3.047733783721924
			vertex -118.66593933105469 710.4614868164062 2.855262279510498
			vertex -118.78425598144531 710.2915649414062 3.1952998638153076
		endloop
	endfacet
	facet normal -0.8267491089075165 -0.3324762717845518 -0.45381211929704146
		outer loop
			vertex -118.78425598144531 710.2915649414062 3.1952998638153076
			vertex -118.66593933105469 710.4614868164062 2.855262279510498
			vertex -118.58541870117188 709.9786376953125 3.0623204708099365
		endloop
	endfacet
	facet normal -0.8083976565147806 -0.2979268133979813 -0.5076739532415814
		outer loop
			vertex -118.78425598144531 710.2915649414062 3.1952998638153076
			vertex -118.58541870117188 709.9786376953125 3.0623204708099365
			vertex -118.73758697509766 709.9661254882812 3.31196928024292
		endloop
	endfacet
	facet normal -0.829625389691264 -0.21243160447039447 -0.5163279250648299
		outer loop
			vertex -118.73758697509766 709.9661254882812 3.31196928024292
			vertex -118.58541870117188 709.9786376953125 3.0623204708099365
			vertex -118.70391082763672 709.6300048828125 3.396148443222046
		endloop
	endfacet
	facet normal -0.8335334226896952 -0.20712496489481977 -0.5121730978648933
		outer loop
			vertex -118.70391082763672 709.6300048828125 3.396148443222046
			vertex -118.58541870117188 709.9786376953125 3.0623204708099365
			vertex -118.53617095947266 709.4667358398438 3.18918776512146
		endloop
	endfacet
	facet normal -0.8183220886039424 -0.13148095274274332 -0.5595191849872015
		outer loop
			vertex -118.70391082763672 709.6300048828125 3.396148443222046
			vertex -118.53617095947266 709.4667358398438 3.18918776512146
			vertex -118.68355560302734 709.2867431640625 3.4470407962799072
		endloop
	endfacet
	facet normal -0.8543805365051974 -0.04235892449372709 -0.5179185460637858
		outer loop
			vertex -118.68355560302734 709.2867431640625 3.4470407962799072
			vertex -118.53617095947266 709.4667358398438 3.18918776512146
			vertex -118.67671966552734 708.9400024414062 3.464122772216797
		endloop
	endfacet
	facet normal -0.8272070096313006 0.04566063152170245 -0.5600389896657916
		outer loop
			vertex -118.68382263183594 708.5935668945312 3.446368932723999
			vertex -118.67671966552734 708.9400024414062 3.464122772216797
			vertex -118.36241912841797 708.9400024414062 2.9998843669891357
		endloop
	endfacet
	facet normal -0.8384848949905789 -0.13339495275612112 -0.5283454054421503
		outer loop
			vertex -118.38700103759766 709.5633544921875 2.934368371963501
			vertex -118.36859893798828 709.2534790039062 2.983400583267212
			vertex -118.45718383789062 709.453369140625 3.073517322540283
		endloop
	endfacet
	facet normal -0.8043903898252107 -0.3455081038297098 -0.4833014079690275
		outer loop
			vertex -118.58364868164062 710.4210815429688 2.743075132369995
			vertex -118.50518035888672 709.951904296875 2.9478859901428223
			vertex -118.58541870117188 709.9786376953125 3.0623204708099365
		endloop
	endfacet
	facet normal -0.8229071667739825 -0.21001000758126095 -0.527939003662105
		outer loop
			vertex -118.58541870117188 709.9786376953125 3.0623204708099365
			vertex -118.50518035888672 709.951904296875 2.9478859901428223
			vertex -118.53617095947266 709.4667358398438 3.18918776512146
		endloop
	endfacet
	facet normal -0.7864681390757197 -0.46123750011710135 -0.4107649385043734
		outer loop
			vertex -118.69001770019531 710.8487548828125 2.46651029586792
			vertex -118.58364868164062 710.4210815429688 2.743075132369995
			vertex -118.66593933105469 710.4614868164062 2.855262279510498
		endloop
	endfacet
	facet normal -0.8126793280570946 -0.3388215546685834 -0.4740804402637105
		outer loop
			vertex -118.66593933105469 710.4614868164062 2.855262279510498
			vertex -118.58364868164062 710.4210815429688 2.743075132369995
			vertex -118.58541870117188 709.9786376953125 3.0623204708099365
		endloop
	endfacet
	facet normal -0.7648283824277324 -0.5592371947773273 -0.3198301196112776
		outer loop
			vertex -118.82147979736328 711.2230834960938 2.1263530254364014
			vertex -118.69001770019531 710.8487548828125 2.46651029586792
			vertex -118.77513122558594 710.9030151367188 2.5751707553863525
		endloop
	endfacet
	facet normal -0.7979608182534116 -0.4509845532080732 -0.3998392993441998
		outer loop
			vertex -118.77513122558594 710.9030151367188 2.5751707553863525
			vertex -118.69001770019531 710.8487548828125 2.46651029586792
			vertex -118.66593933105469 710.4614868164062 2.855262279510498
		endloop
	endfacet
	facet normal -0.7409025433535907 -0.6357860030877854 -0.21642453541555604
		outer loop
			vertex -118.9744644165039 711.5353393554688 1.7327691316604614
			vertex -118.82147979736328 711.2230834960938 2.1263530254364014
			vertex -118.9101791381836 711.2911987304688 2.22990345954895
		endloop
	endfacet
	facet normal -0.7791985651113089 -0.5455499396820493 -0.3085852547374706
		outer loop
			vertex -118.9101791381836 711.2911987304688 2.22990345954895
			vertex -118.82147979736328 711.2230834960938 2.1263530254364014
			vertex -118.77513122558594 710.9030151367188 2.5751707553863525
		endloop
	endfacet
	facet normal -0.7170120885755448 -0.6889022539090732 -0.10633602115715113
		outer loop
			vertex -119.14461517333984 711.7796020507812 1.297611117362976
			vertex -118.9744644165039 711.5353393554688 1.7327691316604614
			vertex -119.06742858886719 711.6171875 1.829359769821167
		endloop
	endfacet
	facet normal -0.7583318371302471 -0.618559508454561 -0.2057108633376381
		outer loop
			vertex -119.06742858886719 711.6171875 1.829359769821167
			vertex -118.9744644165039 711.5353393554688 1.7327691316604614
			vertex -118.9101791381836 711.2911987304688 2.22990345954895
		endloop
	endfacet
	facet normal -0.6925953756111987 -0.7212819112640358 0.00800313471597587
		outer loop
			vertex -119.32771301269531 711.9502563476562 0.8324359655380249
			vertex -119.14461517333984 711.7796020507812 1.297611117362976
			vertex -119.24250793457031 711.8745727539062 1.3851488828659058
		endloop
	endfacet
	facet normal -0.7365458466125296 -0.6693206476958274 -0.09751967189172743
		outer loop
			vertex -119.24250793457031 711.8745727539062 1.3851488828659058
			vertex -119.14461517333984 711.7796020507812 1.297611117362976
			vertex -119.06742858886719 711.6171875 1.829359769821167
		endloop
	endfacet
	facet normal -0.6687273036635238 -0.733155510616615 0.12363976135290769
		outer loop
			vertex -119.5191879272461 712.04345703125 0.3494690954685211
			vertex -119.32771301269531 711.9502563476562 0.8324359655380249
			vertex -119.4311294555664 712.0574340820312 0.9086294770240784
		endloop
	endfacet
	facet normal -0.7144323319462573 -0.6995574932242637 0.014344223353567906
		outer loop
			vertex -119.4311294555664 712.0574340820312 0.9086294770240784
			vertex -119.32771301269531 711.9502563476562 0.8324359655380249
			vertex -119.24250793457031 711.8745727539062 1.3851488828659058
		endloop
	endfacet
	facet normal -0.6473684784022542 -0.7253606800825892 0.23402123186000462
		outer loop
			vertex -119.71417236328125 712.0598754882812 -0.1390227973461151
			vertex -119.5191879272461 712.04345703125 0.3494690954685211
			vertex -119.6286849975586 712.1613159179688 0.4118790328502655
		endloop
	endfacet
	facet normal -0.6923333375242373 -0.7103516940855075 0.12678730402686395
		outer loop
			vertex -119.6286849975586 712.1613159179688 0.4118790328502655
			vertex -119.5191879272461 712.04345703125 0.3494690954685211
			vertex -119.4311294555664 712.0574340820312 0.9086294770240784
		endloop
	endfacet
	facet normal -0.6281412836970246 -0.7007460810632434 0.3382210188470854
		outer loop
			vertex -119.90814208984375 712.0007934570312 -0.6216713786125183
			vertex -119.71417236328125 712.0598754882812 -0.1390227973461151
			vertex -119.83026123046875 712.186279296875 -0.0927312821149826
		endloop
	endfacet
	facet normal -0.6719888002751339 -0.702728500302753 0.2336743613814534
		outer loop
			vertex -119.83026123046875 712.186279296875 -0.0927312821149826
			vertex -119.71417236328125 712.0598754882812 -0.1390227973461151
			vertex -119.6286849975586 712.1613159179688 0.4118790328502655
		endloop
	endfacet
	facet normal -0.6103125527012376 -0.66106123283856 0.4364821124092743
		outer loop
			vertex -120.09611511230469 711.86767578125 -1.086114764213562
			vertex -119.90814208984375 712.0007934570312 -0.6216713786125183
			vertex -120.03114318847656 712.1329956054688 -0.5934351682662964
		endloop
	endfacet
	facet normal -0.6533006312289855 -0.6792517766964687 0.33438796194016884
		outer loop
			vertex -120.03114318847656 712.1329956054688 -0.5934351682662964
			vertex -119.90814208984375 712.0007934570312 -0.6216713786125183
			vertex -119.83026123046875 712.186279296875 -0.0927312821149826
		endloop
	endfacet
	facet normal -0.5949846577525829 -0.6080054426964665 0.5256639979021919
		outer loop
			vertex -120.27354431152344 711.6649169921875 -1.5214614868164062
			vertex -120.09611511230469 711.86767578125 -1.086114764213562
			vertex -120.22635650634766 712.0023193359375 -1.0777969360351562
		endloop
	endfacet
	facet normal -0.6357582733185224 -0.6414929068238105 0.42929974190743336
		outer loop
			vertex -120.22635650634766 712.0023193359375 -1.0777969360351562
			vertex -120.09611511230469 711.86767578125 -1.086114764213562
			vertex -120.03114318847656 712.1329956054688 -0.5934351682662964
		endloop
	endfacet
	facet normal -0.5829655843403441 -0.5448611416755064 0.6027250316411168
		outer loop
			vertex -120.43660736083984 711.3995361328125 -1.9190820455551147
			vertex -120.27354431152344 711.6649169921875 -1.5214614868164062
			vertex -120.41117095947266 711.7979125976562 -1.534348726272583
		endloop
	endfacet
	facet normal -0.6198461424980656 -0.5914564050130308 0.5157228718985901
		outer loop
			vertex -120.41117095947266 711.7979125976562 -1.534348726272583
			vertex -120.27354431152344 711.6649169921875 -1.5214614868164062
			vertex -120.22635650634766 712.0023193359375 -1.0777969360351562
		endloop
	endfacet
	facet normal -0.573550423392569 -0.47343717991763884 0.6685036637878944
		outer loop
			vertex -120.58155059814453 711.078857421875 -2.2705438137054443
			vertex -120.43660736083984 711.3995361328125 -1.9190820455551147
			vertex -120.58152770996094 711.5264282226562 -1.9535526037216187
		endloop
	endfacet
	facet normal -0.6063968783059226 -0.5320125421659223 0.5909699492859048
		outer loop
			vertex -120.58152770996094 711.5264282226562 -1.9535526037216187
			vertex -120.43660736083984 711.3995361328125 -1.9190820455551147
			vertex -120.41117095947266 711.7979125976562 -1.534348726272583
		endloop
	endfacet
	facet normal -0.5659791726856247 -0.39413652942587263 0.7241021835750975
		outer loop
			vertex -120.70471954345703 710.7099609375 -2.567610502243042
			vertex -120.58155059814453 711.078857421875 -2.2705438137054443
			vertex -120.73345184326172 711.1949462890625 -2.3260858058929443
		endloop
	endfacet
	facet normal -0.5948860762184321 -0.46455868288026736 0.6559693487366534
		outer loop
			vertex -120.73345184326172 711.1949462890625 -2.3260858058929443
			vertex -120.58155059814453 711.078857421875 -2.2705438137054443
			vertex -120.58152770996094 711.5264282226562 -1.9535526037216187
		endloop
	endfacet
	facet normal -0.5604437067448085 -0.30905394551959564 0.7683674318507454
		outer loop
			vertex -120.80286407470703 710.3018188476562 -2.8033602237701416
			vertex -120.70471954345703 710.7099609375 -2.567610502243042
			vertex -120.86296081542969 710.8104248046875 -2.642622232437134
		endloop
	endfacet
	facet normal -0.5845549695829015 -0.38917352629427904 0.711926579056864
		outer loop
			vertex -120.86296081542969 710.8104248046875 -2.642622232437134
			vertex -120.70471954345703 710.7099609375 -2.567610502243042
			vertex -120.73345184326172 711.1949462890625 -2.3260858058929443
		endloop
	endfacet
	facet normal -0.5569725300070484 -0.2225133575043931 0.8001683613775727
		outer loop
			vertex -120.8745346069336 709.8642578125 -2.974926233291626
			vertex -120.80286407470703 710.3018188476562 -2.8033602237701416
			vertex -120.96648406982422 710.3817138671875 -2.895033597946167
		endloop
	endfacet
	facet normal -0.5749661611488436 -0.3075484320902104 0.7581740403447056
		outer loop
			vertex -120.96648406982422 710.3817138671875 -2.895033597946167
			vertex -120.80286407470703 710.3018188476562 -2.8033602237701416
			vertex -120.86296081542969 710.8104248046875 -2.642622232437134
		endloop
	endfacet
	facet normal -0.5558350979493666 -0.13486083615287262 0.8202803781389425
		outer loop
			vertex -120.9185562133789 709.4070434570312 -3.079925775527954
			vertex -120.8745346069336 709.8642578125 -2.974926233291626
			vertex -121.04228973388672 709.9197387695312 -3.0794782638549805
		endloop
	endfacet
	facet normal -0.5676848332609192 -0.22321843140624983 0.7924061218630608
		outer loop
			vertex -121.04228973388672 709.9197387695312 -3.0794782638549805
			vertex -120.8745346069336 709.8642578125 -2.974926233291626
			vertex -120.96648406982422 710.3817138671875 -2.895033597946167
		endloop
	endfacet
	facet normal -0.5570288385734546 -0.045885191980631464 0.8292245909006853
		outer loop
			vertex -120.93374633789062 708.93994140625 -3.1159768104553223
			vertex -120.9185562133789 709.4070434570312 -3.079925775527954
			vertex -121.08898162841797 709.4354858398438 -3.1928346157073975
		endloop
	endfacet
	facet normal -0.5628635979831893 -0.1365526478564718 0.8151919678387448
		outer loop
			vertex -121.08898162841797 709.4354858398438 -3.1928346157073975
			vertex -120.9185562133789 709.4070434570312 -3.079925775527954
			vertex -121.04228973388672 709.9197387695312 -3.0794782638549805
		endloop
	endfacet
	facet normal -0.5599312416905486 0.044505839784360235 0.8273428762030707
		outer loop
			vertex -120.91902160644531 708.4728393554688 -3.0808842182159424
			vertex -120.93374633789062 708.93994140625 -3.1159768104553223
			vertex -121.10515594482422 708.9398803710938 -3.231980562210083
		endloop
	endfacet
	facet normal -0.5598429673992689 -0.047071358744232294 0.8272606234068881
		outer loop
			vertex -121.10515594482422 708.9398803710938 -3.231980562210083
			vertex -120.93374633789062 708.93994140625 -3.1159768104553223
			vertex -121.08898162841797 709.4354858398438 -3.1928346157073975
		endloop
	endfacet
	facet normal -0.5635624861640935 0.13344163671779616 0.8152242966071493
		outer loop
			vertex -120.87482452392578 708.0156860351562 -2.9755008220672607
			vertex -120.91902160644531 708.4728393554688 -3.0808842182159424
			vertex -121.08953094482422 708.4441528320312 -3.194061279296875
		endloop
	endfacet
	facet normal -0.5577797611297299 0.045810052092945135 0.828723824444129
		outer loop
			vertex -121.08953094482422 708.4441528320312 -3.194061279296875
			vertex -120.91902160644531 708.4728393554688 -3.0808842182159424
			vertex -121.10515594482422 708.9398803710938 -3.231980562210083
		endloop
	endfacet
	facet normal -0.5678810200825082 0.21910275196663612 0.7934135939790147
		outer loop
			vertex -120.80277252197266 707.5782470703125 -2.8031303882598877
			vertex -120.87482452392578 708.0156860351562 -2.9755008220672607
			vertex -121.04264831542969 707.9600830078125 -3.0802648067474365
		endloop
	endfacet
	facet normal -0.5570592925245452 0.13854229724364686 0.8188351338862461
		outer loop
			vertex -121.04264831542969 707.9600830078125 -3.0802648067474365
			vertex -120.87482452392578 708.0156860351562 -2.9755008220672607
			vertex -121.08953094482422 708.4441528320312 -3.194061279296875
		endloop
	endfacet
	facet normal -0.5739266094060469 0.30194451961581487 0.7612080885603186
		outer loop
			vertex -120.70450592041016 707.1701049804688 -2.5671448707580566
			vertex -120.80277252197266 707.5782470703125 -2.8031303882598877
			vertex -120.9664077758789 707.4984130859375 -2.894838809967041
		endloop
	endfacet
	facet normal -0.5583362694358845 0.22815554806483931 0.797625009712993
		outer loop
			vertex -120.9664077758789 707.4984130859375 -2.894838809967041
			vertex -120.80277252197266 707.5782470703125 -2.8031303882598877
			vertex -121.04264831542969 707.9600830078125 -3.0802648067474365
		endloop
	endfacet
	facet normal -0.5620513104717659 0.314980996944481 0.7647779389867569
		outer loop
			vertex -120.9664077758789 707.4984130859375 -2.894838809967041
			vertex -120.86273193359375 707.0697631835938 -2.642101764678955
			vertex -120.70450592041016 707.1701049804688 -2.5671448707580566
		endloop
	endfacet
	facet normal -0.5840137222013937 0.38847872084201207 0.7127497848006882
		outer loop
			vertex -120.70450592041016 707.1701049804688 -2.5671448707580566
			vertex -120.86273193359375 707.0697631835938 -2.642101764678955
			vertex -120.73355865478516 706.6846923828125 -2.3263797760009766
		endloop
	endfacet
	facet normal -0.565692718651526 0.3933389654394295 0.7247594127237568
		outer loop
			vertex -120.70450592041016 707.1701049804688 -2.5671448707580566
			vertex -120.73355865478516 706.6846923828125 -2.3263797760009766
			vertex -120.58169555664062 706.8009033203125 -2.27091646194458
		endloop
	endfacet
	facet normal -0.592713145259996 0.4585309328303836 0.662148405626489
		outer loop
			vertex -120.58169555664062 706.8009033203125 -2.27091646194458
			vertex -120.73355865478516 706.6846923828125 -2.3263797760009766
			vertex -120.43666076660156 706.48046875 -1.919192910194397
		endloop
	endfacet
	facet normal -0.603979143898583 0.5274623600330338 0.5974886212171051
		outer loop
			vertex -120.2733154296875 706.2161254882812 -1.5207111835479736
			vertex -120.43666076660156 706.48046875 -1.919192910194397
			vertex -120.58158874511719 706.3535766601562 -1.9536750316619873
		endloop
	endfacet
	facet normal -0.5770555838651669 0.4793993082430277 0.6611982731270083
		outer loop
			vertex -120.58158874511719 706.3535766601562 -1.9536750316619873
			vertex -120.43666076660156 706.48046875 -1.919192910194397
			vertex -120.73355865478516 706.6846923828125 -2.3263797760009766
		endloop
	endfacet
	facet normal -0.6166460342992299 0.5874714426063138 0.5240467274061443
		outer loop
			vertex -120.09573364257812 706.0137939453125 -1.0849311351776123
			vertex -120.2733154296875 706.2161254882812 -1.5207111835479736
			vertex -120.41098022460938 706.083251953125 -1.533746361732483
		endloop
	endfacet
	facet normal -0.5875170539295195 0.5505190864835955 0.5930872168233319
		outer loop
			vertex -120.41098022460938 706.083251953125 -1.533746361732483
			vertex -120.2733154296875 706.2161254882812 -1.5207111835479736
			vertex -120.58158874511719 706.3535766601562 -1.9536750316619873
		endloop
	endfacet
	facet normal -0.631443801631337 0.6381574822179769 0.44049262567105174
		outer loop
			vertex -119.90802001953125 705.8795166015625 -0.6213122606277466
			vertex -120.09573364257812 706.0137939453125 -1.0849311351776123
			vertex -120.22602844238281 705.8792724609375 -1.0768219232559204
		endloop
	endfacet
	facet normal -0.5996037587308204 0.6118605872514918 0.5158507092988551
		outer loop
			vertex -120.22602844238281 705.8792724609375 -1.0768219232559204
			vertex -120.09573364257812 706.0137939453125 -1.0849311351776123
			vertex -120.41098022460938 706.083251953125 -1.533746361732483
		endloop
	endfacet
	facet normal -0.6141460141270005 0.6627936209483047 0.4284031855182138
		outer loop
			vertex -120.22602844238281 705.8792724609375 -1.0768219232559204
			vertex -120.03103637695312 705.747314453125 -0.5931314826011658
			vertex -119.90802001953125 705.8795166015625 -0.6213122606277466
		endloop
	endfacet
	facet normal -0.6528096887111569 0.6790299365155453 0.33579436511135363
		outer loop
			vertex -119.90802001953125 705.8795166015625 -0.6213122606277466
			vertex -120.03103637695312 705.747314453125 -0.5931314826011658
			vertex -119.83032989501953 705.6929321289062 -0.09297311305999756
		endloop
	endfacet
	facet normal -0.6275522191356108 0.7005653879294098 0.33968566277263745
		outer loop
			vertex -119.90802001953125 705.8795166015625 -0.6213122606277466
			vertex -119.83032989501953 705.6929321289062 -0.09297311305999756
			vertex -119.71427154541016 705.8193969726562 -0.13938136398792267
		endloop
	endfacet
	facet normal -0.6694787194487979 0.7027358609924925 0.24074998209831347
		outer loop
			vertex -119.71427154541016 705.8193969726562 -0.13938136398792267
			vertex -119.83032989501953 705.6929321289062 -0.09297311305999756
			vertex -119.51931762695312 705.8377075195312 0.34929996728897095
		endloop
	endfacet
	facet normal -0.6901672779491363 0.7113001781389715 0.13312094135689906
		outer loop
			vertex -119.32796478271484 705.9329833984375 0.8322872519493103
			vertex -119.51931762695312 705.8377075195312 0.34929996728897095
			vertex -119.62882232666016 705.7197875976562 0.41164854168891907
		endloop
	endfacet
	facet normal -0.653055165516505 0.723963390170541 0.22225202020451315
		outer loop
			vertex -119.62882232666016 705.7197875976562 0.41164854168891907
			vertex -119.51931762695312 705.8377075195312 0.34929996728897095
			vertex -119.83032989501953 705.6929321289062 -0.09297311305999756
		endloop
	endfacet
	facet normal -0.7113624991119426 0.7024291052859377 0.023595484830972218
		outer loop
			vertex -119.14480590820312 706.1028442382812 1.297510027885437
			vertex -119.32796478271484 705.9329833984375 0.8322872519493103
			vertex -119.431396484375 705.82568359375 0.9082794189453125
		endloop
	endfacet
	facet normal -0.6743956617888398 0.7297511659259682 0.11248878695266833
		outer loop
			vertex -119.431396484375 705.82568359375 0.9082794189453125
			vertex -119.32796478271484 705.9329833984375 0.8322872519493103
			vertex -119.62882232666016 705.7197875976562 0.41164854168891907
		endloop
	endfacet
	facet normal -0.7332846776423254 0.6742250400426535 -0.08783038719300537
		outer loop
			vertex -118.97444152832031 706.3448486328125 1.7328927516937256
			vertex -119.14480590820312 706.1028442382812 1.297510027885437
			vertex -119.24270629882812 706.0077514648438 1.384893536567688
		endloop
	endfacet
	facet normal -0.6961263287715244 0.7179180438859942 0.0013478330710305496
		outer loop
			vertex -119.24270629882812 706.0077514648438 1.384893536567688
			vertex -119.14480590820312 706.1028442382812 1.297510027885437
			vertex -119.431396484375 705.82568359375 0.9082794189453125
		endloop
	endfacet
	facet normal -0.7189487880074718 0.6862227279773054 -0.1105034290416937
		outer loop
			vertex -119.24270629882812 706.0077514648438 1.384893536567688
			vertex -119.0674057006836 706.2630004882812 1.8294546604156494
			vertex -118.97444152832031 706.3448486328125 1.7328927516937256
		endloop
	endfacet
	facet normal -0.7581593339928304 0.6189022328973157 -0.20531548990337906
		outer loop
			vertex -118.97444152832031 706.3448486328125 1.7328927516937256
			vertex -119.0674057006836 706.2630004882812 1.8294546604156494
			vertex -118.9101791381836 706.5884399414062 2.229874610900879
		endloop
	endfacet
	facet normal -0.7407572938144071 0.6361010655412291 -0.2159955232824728
		outer loop
			vertex -118.97444152832031 706.3448486328125 1.7328927516937256
			vertex -118.9101791381836 706.5884399414062 2.229874610900879
			vertex -118.82148742675781 706.6565551757812 2.1263036727905273
		endloop
	endfacet
	facet normal -0.7787156736577898 0.5471198748270121 -0.30702075201681317
		outer loop
			vertex -118.82148742675781 706.6565551757812 2.1263036727905273
			vertex -118.9101791381836 706.5884399414062 2.229874610900879
			vertex -118.69066619873047 707.0326538085938 2.464712381362915
		endloop
	endfacet
	facet normal -0.7977613805345998 0.45232279873120435 -0.3987240467735799
		outer loop
			vertex -118.58489990234375 707.4614868164062 2.7395758628845215
			vertex -118.69066619873047 707.0326538085938 2.464712381362915
			vertex -118.77579498291016 706.9783325195312 2.573413372039795
		endloop
	endfacet
	facet normal -0.7678731290626513 0.551631362422403 -0.3256895725311701
		outer loop
			vertex -118.77579498291016 706.9783325195312 2.573413372039795
			vertex -118.69066619873047 707.0326538085938 2.464712381362915
			vertex -118.9101791381836 706.5884399414062 2.229874610900879
		endloop
	endfacet
	facet normal -0.8126103703832714 0.34174477224524163 -0.47209627893959366
		outer loop
			vertex -118.5064926147461 707.9306030273438 2.944202423095703
			vertex -118.58489990234375 707.4614868164062 2.7395758628845215
			vertex -118.66719818115234 707.4208984375 2.8518528938293457
		endloop
	endfacet
	facet normal -0.7888786456703092 0.45409629792130146 -0.41408578171623794
		outer loop
			vertex -118.66719818115234 707.4208984375 2.8518528938293457
			vertex -118.58489990234375 707.4614868164062 2.7395758628845215
			vertex -118.77579498291016 706.9783325195312 2.573413372039795
		endloop
	endfacet
	facet normal -0.8228103684457803 0.21576193181685935 -0.5257659996203412
		outer loop
			vertex -118.45775604248047 708.4276123046875 3.0718917846679688
			vertex -118.5064926147461 707.9306030273438 2.944202423095703
			vertex -118.58673858642578 707.9036865234375 3.058739423751831
		endloop
	endfacet
	facet normal -0.8055516062209164 0.34169057677855014 -0.48408073650543393
		outer loop
			vertex -118.58673858642578 707.9036865234375 3.058739423751831
			vertex -118.5064926147461 707.9306030273438 2.944202423095703
			vertex -118.66719818115234 707.4208984375 2.8518528938293457
		endloop
	endfacet
	facet normal -0.8180597237228405 0.2147870763397299 -0.5335211338456435
		outer loop
			vertex -118.53675079345703 708.4141845703125 3.187610387802124
			vertex -118.45775604248047 708.4276123046875 3.0718917846679688
			vertex -118.58673858642578 707.9036865234375 3.058739423751831
		endloop
	endfacet
	facet normal 0.9961899158321313 -0.08721038696377512 0
		outer loop
			vertex -262.1621398925781 824.1337280273438 -15.6491117477417
			vertex -262.1621398925781 824.1337280273438 -10.000103950500488
			vertex -262.18646240234375 823.8558959960938 -15.6491117477417
		endloop
	endfacet
	facet normal 0.9961899158321313 -0.08721038696377512 0
		outer loop
			vertex -262.18646240234375 823.8558959960938 -15.6491117477417
			vertex -262.1621398925781 824.1337280273438 -10.000103950500488
			vertex -262.18646240234375 823.8558959960938 -10.000103950500488
		endloop
	endfacet
	facet normal 0.9961899158321313 0.08721038696377512 0
		outer loop
			vertex -262.18646240234375 823.8558959960938 -15.6491117477417
			vertex -262.18646240234375 823.8558959960938 -10.000103950500488
			vertex -262.1621398925781 823.5780639648438 -15.6491117477417
		endloop
	endfacet
	facet normal 0.9961899158321313 0.08721038696377512 0
		outer loop
			vertex -262.1621398925781 823.5780639648438 -15.6491117477417
			vertex -262.18646240234375 823.8558959960938 -10.000103950500488
			vertex -262.1621398925781 823.5780639648438 -10.000103950500488
		endloop
	endfacet
	facet normal 0.9659382842961337 0.25877254671050703 0
		outer loop
			vertex -262.1621398925781 823.5780639648438 -15.6491117477417
			vertex -262.1621398925781 823.5780639648438 -10.000103950500488
			vertex -262.0899658203125 823.3086547851562 -15.6491117477417
		endloop
	endfacet
	facet normal 0.9659382842961337 0.25877254671050703 0
		outer loop
			vertex -262.0899658203125 823.3086547851562 -15.6491117477417
			vertex -262.1621398925781 823.5780639648438 -10.000103950500488
			vertex -262.0899658203125 823.3086547851562 -10.000103950500488
		endloop
	endfacet
	facet normal 0.9063061114931263 0.42262185493678506 0
		outer loop
			vertex -262.0899658203125 823.3086547851562 -15.6491117477417
			vertex -262.0899658203125 823.3086547851562 -10.000103950500488
			vertex -261.97210693359375 823.055908203125 -15.6491117477417
		endloop
	endfacet
	facet normal 0.9063061114931263 0.42262185493678506 0
		outer loop
			vertex -261.97210693359375 823.055908203125 -15.6491117477417
			vertex -262.0899658203125 823.3086547851562 -10.000103950500488
			vertex -261.97210693359375 823.055908203125 -10.000103950500488
		endloop
	endfacet
	facet normal 0.8191393777885051 0.5735945255633641 0
		outer loop
			vertex -261.97210693359375 823.055908203125 -15.6491117477417
			vertex -261.97210693359375 823.055908203125 -10.000103950500488
			vertex -261.8121337890625 822.8274536132812 -15.6491117477417
		endloop
	endfacet
	facet normal 0.8191393777885051 0.5735945255633641 0
		outer loop
			vertex -261.8121337890625 822.8274536132812 -15.6491117477417
			vertex -261.97210693359375 823.055908203125 -10.000103950500488
			vertex -261.8121337890625 822.8274536132812 -10.000103950500488
		endloop
	endfacet
	facet normal 0.7071067811865476 0.7071067811865476 0
		outer loop
			vertex -261.8121337890625 822.8274536132812 -15.6491117477417
			vertex -261.8121337890625 822.8274536132812 -10.000103950500488
			vertex -261.61492919921875 822.6302490234375 -15.6491117477417
		endloop
	endfacet
	facet normal 0.7071067811865476 0.7071067811865476 0
		outer loop
			vertex -261.61492919921875 822.6302490234375 -15.6491117477417
			vertex -261.8121337890625 822.8274536132812 -10.000103950500488
			vertex -261.61492919921875 822.6302490234375 -10.000103950500488
		endloop
	endfacet
	facet normal 0.5735945255633641 0.8191393777885051 0
		outer loop
			vertex -261.61492919921875 822.6302490234375 -15.6491117477417
			vertex -261.61492919921875 822.6302490234375 -10.000103950500488
			vertex -261.386474609375 822.4702758789062 -15.6491117477417
		endloop
	endfacet
	facet normal 0.5735431162950633 0.8191753742276113 -0.0000030984462206156826
		outer loop
			vertex -261.386474609375 822.4702758789062 -15.6491117477417
			vertex -261.61492919921875 822.6302490234375 -10.000103950500488
			vertex -261.3864440917969 822.4702758789062 -10.000103950500488
		endloop
	endfacet
	facet normal 0.4225799439230055 0.9063256539394755 -0.0000022828993896992807
		outer loop
			vertex -261.386474609375 822.4702758789062 -15.6491117477417
			vertex -261.3864440917969 822.4702758789062 -10.000103950500488
			vertex -261.1336975097656 822.3524169921875 -15.6491117477417
		endloop
	endfacet
	facet normal 0.42262185493678506 0.9063061114931263 0
		outer loop
			vertex -261.1336975097656 822.3524169921875 -15.6491117477417
			vertex -261.3864440917969 822.4702758789062 -10.000103950500488
			vertex -261.1336975097656 822.3524169921875 -10.000103950500488
		endloop
	endfacet
	facet normal 0.2588746329876611 0.9659109298457618 0
		outer loop
			vertex -261.1336975097656 822.3524169921875 -15.6491117477417
			vertex -261.1336975097656 822.3524169921875 -10.000103950500488
			vertex -260.8642883300781 822.2802124023438 -15.6491117477417
		endloop
	endfacet
	facet normal 0.2588746329876611 0.9659109298457618 0
		outer loop
			vertex -260.8642883300781 822.2802124023438 -15.6491117477417
			vertex -261.1336975097656 822.3524169921875 -10.000103950500488
			vertex -260.8642883300781 822.2802124023438 -10.000103950500488
		endloop
	endfacet
	facet normal 0.0871017943244958 0.9961994164952385 0
		outer loop
			vertex -260.8642883300781 822.2802124023438 -15.6491117477417
			vertex -260.8642883300781 822.2802124023438 -10.000103950500488
			vertex -260.5864562988281 822.2559204101562 -15.6491117477417
		endloop
	endfacet
	facet normal 0.0871017943244958 0.9961994164952385 0
		outer loop
			vertex -260.5864562988281 822.2559204101562 -15.6491117477417
			vertex -260.8642883300781 822.2802124023438 -10.000103950500488
			vertex -260.5864562988281 822.2559204101562 -10.000103950500488
		endloop
	endfacet
	facet normal -0.0871017943244958 0.9961994164952385 0
		outer loop
			vertex -260.5864562988281 822.2559204101562 -15.6491117477417
			vertex -260.5864562988281 822.2559204101562 -10.000103950500488
			vertex -260.3086242675781 822.2802124023438 -15.6491117477417
		endloop
	endfacet
	facet normal -0.0871017943244958 0.9961994164952385 0
		outer loop
			vertex -260.3086242675781 822.2802124023438 -15.6491117477417
			vertex -260.5864562988281 822.2559204101562 -10.000103950500488
			vertex -260.3086242675781 822.2802124023438 -10.000103950500488
		endloop
	endfacet
	facet normal -0.2588746329876611 0.9659109298457618 0
		outer loop
			vertex -260.3086242675781 822.2802124023438 -15.6491117477417
			vertex -260.3086242675781 822.2802124023438 -10.000103950500488
			vertex -260.0392150878906 822.3524169921875 -15.6491117477417
		endloop
	endfacet
	facet normal -0.2588746329876611 0.9659109298457618 0
		outer loop
			vertex -260.0392150878906 822.3524169921875 -15.6491117477417
			vertex -260.3086242675781 822.2802124023438 -10.000103950500488
			vertex -260.0392150878906 822.3524169921875 -10.000103950500488
		endloop
	endfacet
	facet normal -0.42262185493678506 0.9063061114931263 0
		outer loop
			vertex -260.0392150878906 822.3524169921875 -15.6491117477417
			vertex -260.0392150878906 822.3524169921875 -10.000103950500488
			vertex -259.7864685058594 822.4702758789062 -15.6491117477417
		endloop
	endfacet
	facet normal -0.42262185493678506 0.9063061114931263 0
		outer loop
			vertex -259.7864685058594 822.4702758789062 -15.6491117477417
			vertex -260.0392150878906 822.3524169921875 -10.000103950500488
			vertex -259.7864685058594 822.4702758789062 -10.000103950500488
		endloop
	endfacet
	facet normal -0.5735945255633641 0.8191393777885051 0
		outer loop
			vertex -259.7864685058594 822.4702758789062 -15.6491117477417
			vertex -259.7864685058594 822.4702758789062 -10.000103950500488
			vertex -259.5580139160156 822.6302490234375 -15.6491117477417
		endloop
	endfacet
	facet normal -0.5735945255633641 0.8191393777885051 0
		outer loop
			vertex -259.5580139160156 822.6302490234375 -15.6491117477417
			vertex -259.7864685058594 822.4702758789062 -10.000103950500488
			vertex -259.5580139160156 822.6302490234375 -10.000103950500488
		endloop
	endfacet
	facet normal -0.707052070615306 0.7071614875250266 0
		outer loop
			vertex -259.5580139160156 822.6302490234375 -15.6491117477417
			vertex -259.5580139160156 822.6302490234375 -10.000103950500488
			vertex -259.36077880859375 822.8274536132812 -15.6491117477417
		endloop
	endfacet
	facet normal -0.707052070615306 0.7071614875250267 0
		outer loop
			vertex -259.36077880859375 822.8274536132812 -15.6491117477417
			vertex -259.5580139160156 822.6302490234375 -10.000103950500488
			vertex -259.36077880859375 822.8274536132812 -10.000104904174805
		endloop
	endfacet
	facet normal -0.8191393777885051 0.5735945255633641 0
		outer loop
			vertex -259.36077880859375 822.8274536132812 -15.6491117477417
			vertex -259.36077880859375 822.8274536132812 -10.000104904174805
			vertex -259.2008056640625 823.055908203125 -15.6491117477417
		endloop
	endfacet
	facet normal -0.8191393777885051 0.5735945255633641 0
		outer loop
			vertex -259.2008056640625 823.055908203125 -15.6491117477417
			vertex -259.36077880859375 822.8274536132812 -10.000104904174805
			vertex -259.2008056640625 823.055908203125 -10.000104904174805
		endloop
	endfacet
	facet normal -0.9063061114931265 0.4226218549367851 0
		outer loop
			vertex -259.2008056640625 823.055908203125 -15.6491117477417
			vertex -259.2008056640625 823.055908203125 -10.000104904174805
			vertex -259.08294677734375 823.3086547851562 -15.6491117477417
		endloop
	endfacet
	facet normal -0.9063061114931265 0.4226218549367851 0
		outer loop
			vertex -259.08294677734375 823.3086547851562 -15.6491117477417
			vertex -259.2008056640625 823.055908203125 -10.000104904174805
			vertex -259.08294677734375 823.3086547851562 -10.000104904174805
		endloop
	endfacet
	facet normal -0.9659382842961338 0.2587725467105071 0
		outer loop
			vertex -259.08294677734375 823.3086547851562 -15.6491117477417
			vertex -259.08294677734375 823.3086547851562 -10.000104904174805
			vertex -259.0107727050781 823.5780639648438 -15.6491117477417
		endloop
	endfacet
	facet normal -0.9659382842961338 0.2587725467105071 0
		outer loop
			vertex -259.0107727050781 823.5780639648438 -15.6491117477417
			vertex -259.08294677734375 823.3086547851562 -10.000104904174805
			vertex -259.0107727050781 823.5780639648438 -10.000104904174805
		endloop
	endfacet
	facet normal -0.9961899158321312 0.0872103869637751 0
		outer loop
			vertex -259.0107727050781 823.5780639648438 -15.6491117477417
			vertex -259.0107727050781 823.5780639648438 -10.000104904174805
			vertex -258.9864501953125 823.8558959960938 -15.6491117477417
		endloop
	endfacet
	facet normal -0.9961899158321312 0.0872103869637751 0
		outer loop
			vertex -258.9864501953125 823.8558959960938 -15.6491117477417
			vertex -259.0107727050781 823.5780639648438 -10.000104904174805
			vertex -258.9864501953125 823.8558959960938 -10.000104904174805
		endloop
	endfacet
	facet normal -0.9961899158321312 -0.0872103869637751 0
		outer loop
			vertex -258.9864501953125 823.8558959960938 -15.6491117477417
			vertex -258.9864501953125 823.8558959960938 -10.000104904174805
			vertex -259.0107727050781 824.1337280273438 -15.6491117477417
		endloop
	endfacet
	facet normal -0.9961899158321312 -0.0872103869637751 0
		outer loop
			vertex -259.0107727050781 824.1337280273438 -15.6491117477417
			vertex -258.9864501953125 823.8558959960938 -10.000104904174805
			vertex -259.0107727050781 824.1337280273438 -10.000104904174805
		endloop
	endfacet
	facet normal -0.9659382842961338 -0.2587725467105071 0
		outer loop
			vertex -259.0107727050781 824.1337280273438 -15.6491117477417
			vertex -259.0107727050781 824.1337280273438 -10.000104904174805
			vertex -259.08294677734375 824.4031372070312 -15.6491117477417
		endloop
	endfacet
	facet normal -0.9659382842961338 -0.2587725467105071 0
		outer loop
			vertex -259.08294677734375 824.4031372070312 -15.6491117477417
			vertex -259.0107727050781 824.1337280273438 -10.000104904174805
			vertex -259.08294677734375 824.4031372070312 -10.000104904174805
		endloop
	endfacet
	facet normal -0.9063061114931265 -0.4226218549367851 0
		outer loop
			vertex -259.08294677734375 824.4031372070312 -15.6491117477417
			vertex -259.08294677734375 824.4031372070312 -10.000104904174805
			vertex -259.2008056640625 824.6558837890625 -15.6491117477417
		endloop
	endfacet
	facet normal -0.9063061114931265 -0.4226218549367851 0
		outer loop
			vertex -259.2008056640625 824.6558837890625 -15.6491117477417
			vertex -259.08294677734375 824.4031372070312 -10.000104904174805
			vertex -259.2008056640625 824.6558837890625 -10.000104904174805
		endloop
	endfacet
	facet normal -0.8192113609969659 -0.5734917139885276 0
		outer loop
			vertex -259.2008056640625 824.6558837890625 -15.6491117477417
			vertex -259.2008056640625 824.6558837890625 -10.000104904174805
			vertex -259.36077880859375 824.8843994140625 -15.6491117477417
		endloop
	endfacet
	facet normal -0.8192113609969659 -0.5734917139885276 0
		outer loop
			vertex -259.36077880859375 824.8843994140625 -15.6491117477417
			vertex -259.2008056640625 824.6558837890625 -10.000104904174805
			vertex -259.36077880859375 824.8843994140625 -10.000104904174805
		endloop
	endfacet
	facet normal -0.707052070615306 -0.7071614875250267 0
		outer loop
			vertex -259.36077880859375 824.8843994140625 -15.6491117477417
			vertex -259.36077880859375 824.8843994140625 -10.000104904174805
			vertex -259.5580139160156 825.0816040039062 -15.6491117477417
		endloop
	endfacet
	facet normal -0.7071067811813884 -0.7071067811813884 0.000003819996511775294
		outer loop
			vertex -259.5580139160156 825.0816040039062 -15.6491117477417
			vertex -259.36077880859375 824.8843994140625 -10.000104904174805
			vertex -259.5579833984375 825.0816040039062 -10.000104904174805
		endloop
	endfacet
	facet normal -0.5735945255606103 -0.8191393777845726 0.0000030987244715064664
		outer loop
			vertex -259.5580139160156 825.0816040039062 -15.6491117477417
			vertex -259.5579833984375 825.0816040039062 -10.000104904174805
			vertex -259.7864685058594 825.2415771484375 -15.6491117477417
		endloop
	endfacet
	facet normal -0.5735431162978164 -0.8191753742315436 0
		outer loop
			vertex -259.7864685058594 825.2415771484375 -15.6491117477417
			vertex -259.5579833984375 825.0816040039062 -10.000104904174805
			vertex -259.7864685058594 825.2415771484375 -10.000104904174805
		endloop
	endfacet
	facet normal -0.4226218549367851 -0.9063061114931265 0
		outer loop
			vertex -259.7864685058594 825.2415771484375 -15.6491117477417
			vertex -259.7864685058594 825.2415771484375 -10.000104904174805
			vertex -260.0392150878906 825.3594360351562 -15.6491117477417
		endloop
	endfacet
	facet normal -0.4226218549367851 -0.9063061114931265 0
		outer loop
			vertex -260.0392150878906 825.3594360351562 -15.6491117477417
			vertex -259.7864685058594 825.2415771484375 -10.000104904174805
			vertex -260.0392150878906 825.3594360351562 -10.000104904174805
		endloop
	endfacet
	facet normal -0.25867045176149184 -0.9659656295052664 0
		outer loop
			vertex -260.0392150878906 825.3594360351562 -15.6491117477417
			vertex -260.0392150878906 825.3594360351562 -10.000104904174805
			vertex -260.3086242675781 825.4315795898438 -15.6491117477417
		endloop
	endfacet
	facet normal -0.25867045176149184 -0.9659656295052664 0
		outer loop
			vertex -260.3086242675781 825.4315795898438 -15.6491117477417
			vertex -260.0392150878906 825.3594360351562 -10.000104904174805
			vertex -260.3086242675781 825.4315795898438 -10.000104904174805
		endloop
	endfacet
	facet normal -0.08731897649424908 -0.9961804035133379 0
		outer loop
			vertex -260.3086242675781 825.4315795898438 -15.6491117477417
			vertex -260.3086242675781 825.4315795898438 -10.000104904174805
			vertex -260.5864562988281 825.4559326171875 -15.6491117477417
		endloop
	endfacet
	facet normal -0.08731897649424908 -0.9961804035133379 0
		outer loop
			vertex -260.5864562988281 825.4559326171875 -15.6491117477417
			vertex -260.3086242675781 825.4315795898438 -10.000104904174805
			vertex -260.5864562988281 825.4559326171875 -10.000104904174805
		endloop
	endfacet
	facet normal 0.08731897649424908 -0.9961804035133379 0
		outer loop
			vertex -260.5864562988281 825.4559326171875 -15.6491117477417
			vertex -260.5864562988281 825.4559326171875 -10.000104904174805
			vertex -260.8642883300781 825.4315795898438 -15.6491117477417
		endloop
	endfacet
	facet normal 0.08731897649424908 -0.9961804035133379 0
		outer loop
			vertex -260.8642883300781 825.4315795898438 -15.6491117477417
			vertex -260.5864562988281 825.4559326171875 -10.000104904174805
			vertex -260.8642883300781 825.4315795898438 -10.000104904174805
		endloop
	endfacet
	facet normal 0.25867045176149184 -0.9659656295052664 0
		outer loop
			vertex -260.8642883300781 825.4315795898438 -15.6491117477417
			vertex -260.8642883300781 825.4315795898438 -10.000104904174805
			vertex -261.1336975097656 825.3594360351562 -15.6491117477417
		endloop
	endfacet
	facet normal 0.25867045176149184 -0.9659656295052664 0
		outer loop
			vertex -261.1336975097656 825.3594360351562 -15.6491117477417
			vertex -260.8642883300781 825.4315795898438 -10.000104904174805
			vertex -261.1336975097656 825.3594360351562 -10.000104904174805
		endloop
	endfacet
	facet normal 0.42257994392410664 -0.9063256539418373 0
		outer loop
			vertex -261.1336975097656 825.3594360351562 -15.6491117477417
			vertex -261.1336975097656 825.3594360351562 -10.000104904174805
			vertex -261.386474609375 825.2415771484375 -15.6491117477417
		endloop
	endfacet
	facet normal 0.4226218549286075 -0.9063061114940639 -0.0000022831258051041915
		outer loop
			vertex -261.386474609375 825.2415771484375 -15.6491117477417
			vertex -261.1336975097656 825.3594360351562 -10.000104904174805
			vertex -261.3864440917969 825.2415771484375 -10.000103950500488
		endloop
	endfacet
	facet normal 0.5735945255606103 -0.8191393777845725 -0.0000030987239483749626
		outer loop
			vertex -261.386474609375 825.2415771484375 -15.6491117477417
			vertex -261.3864440917969 825.2415771484375 -10.000103950500488
			vertex -261.61492919921875 825.0816040039062 -15.6491117477417
		endloop
	endfacet
	facet normal 0.5735431162978164 -0.8191753742315436 0
		outer loop
			vertex -261.61492919921875 825.0816040039062 -15.6491117477417
			vertex -261.3864440917969 825.2415771484375 -10.000103950500488
			vertex -261.61492919921875 825.0816040039062 -10.000103950500488
		endloop
	endfacet
	facet normal 0.7071067811865476 -0.7071067811865476 0
		outer loop
			vertex -261.61492919921875 825.0816040039062 -15.6491117477417
			vertex -261.61492919921875 825.0816040039062 -10.000103950500488
			vertex -261.8121337890625 824.8843994140625 -15.6491117477417
		endloop
	endfacet
	facet normal 0.7071067811865476 -0.7071067811865476 0
		outer loop
			vertex -261.8121337890625 824.8843994140625 -15.6491117477417
			vertex -261.61492919921875 825.0816040039062 -10.000103950500488
			vertex -261.8121337890625 824.8843994140625 -10.000103950500488
		endloop
	endfacet
	facet normal 0.8192113609969658 -0.5734917139885276 0
		outer loop
			vertex -261.8121337890625 824.8843994140625 -15.6491117477417
			vertex -261.8121337890625 824.8843994140625 -10.000103950500488
			vertex -261.97210693359375 824.6558837890625 -15.6491117477417
		endloop
	endfacet
	facet normal 0.8192113609969658 -0.5734917139885276 0
		outer loop
			vertex -261.97210693359375 824.6558837890625 -15.6491117477417
			vertex -261.8121337890625 824.8843994140625 -10.000103950500488
			vertex -261.97210693359375 824.6558837890625 -10.000103950500488
		endloop
	endfacet
	facet normal 0.9063061114931263 -0.42262185493678506 0
		outer loop
			vertex -261.97210693359375 824.6558837890625 -15.6491117477417
			vertex -261.97210693359375 824.6558837890625 -10.000103950500488
			vertex -262.0899658203125 824.4031372070312 -15.6491117477417
		endloop
	endfacet
	facet normal 0.9063061114931263 -0.42262185493678506 0
		outer loop
			vertex -262.0899658203125 824.4031372070312 -15.6491117477417
			vertex -261.97210693359375 824.6558837890625 -10.000103950500488
			vertex -262.0899658203125 824.4031372070312 -10.000103950500488
		endloop
	endfacet
	facet normal 0.9659382842961337 -0.25877254671050703 0
		outer loop
			vertex -262.0899658203125 824.4031372070312 -15.6491117477417
			vertex -262.0899658203125 824.4031372070312 -10.000103950500488
			vertex -262.1621398925781 824.1337280273438 -15.6491117477417
		endloop
	endfacet
	facet normal 0.9659382842961337 -0.25877254671050703 0
		outer loop
			vertex -262.1621398925781 824.1337280273438 -15.6491117477417
			vertex -262.0899658203125 824.4031372070312 -10.000103950500488
			vertex -262.1621398925781 824.1337280273438 -10.000103950500488
		endloop
	endfacet
	facet normal 0.9961994164808118 -0.08710179432323442 -0.0000053817572004301534
		outer loop
			vertex -262.16217041015625 745.2178344726562 -15.649102210998535
			vertex -262.1621398925781 745.2178344726562 -10.000093460083008
			vertex -262.18646240234375 744.9400024414062 -15.649102210998535
		endloop
	endfacet
	facet normal 0.9961899158321313 -0.08721038696377512 0
		outer loop
			vertex -262.18646240234375 744.9400024414062 -15.649102210998535
			vertex -262.1621398925781 745.2178344726562 -10.000093460083008
			vertex -262.18646240234375 744.9400024414062 -10.000093460083008
		endloop
	endfacet
	facet normal 0.9961994164952384 0.0871017943244958 0
		outer loop
			vertex -262.18646240234375 744.9400024414062 -15.649102210998535
			vertex -262.18646240234375 744.9400024414062 -10.000093460083008
			vertex -262.16217041015625 744.6621704101562 -15.649102210998535
		endloop
	endfacet
	facet normal 0.9961899158177051 0.08721038696251218 -0.0000053817058751018725
		outer loop
			vertex -262.16217041015625 744.6621704101562 -15.649102210998535
			vertex -262.18646240234375 744.9400024414062 -10.000093460083008
			vertex -262.1621398925781 744.6621704101562 -10.000093460083008
		endloop
	endfacet
	facet normal 0.9659109298326113 0.25887463298413665 -0.0000052181300406342555
		outer loop
			vertex -262.16217041015625 744.6621704101562 -15.649102210998535
			vertex -262.1621398925781 744.6621704101562 -10.000093460083008
			vertex -262.0899658203125 744.3927612304688 -15.649102210998535
		endloop
	endfacet
	facet normal 0.9659382842961339 0.2587725467105071 0
		outer loop
			vertex -262.0899658203125 744.3927612304688 -15.649102210998535
			vertex -262.1621398925781 744.6621704101562 -10.000093460083008
			vertex -262.0899658203125 744.3927612304688 -10.000093460083008
		endloop
	endfacet
	facet normal 0.9063451905773314 0.422538040319852 0
		outer loop
			vertex -262.0899658203125 744.3927612304688 -15.649102210998535
			vertex -262.0899658203125 744.3927612304688 -10.000093460083008
			vertex -261.97210693359375 744.1399536132812 -15.649102210998535
		endloop
	endfacet
	facet normal 0.9063451905773314 0.422538040319852 0
		outer loop
			vertex -261.97210693359375 744.1399536132812 -15.649102210998535
			vertex -262.0899658203125 744.3927612304688 -10.000093460083008
			vertex -261.97210693359375 744.1399536132812 -10.000093460083008
		endloop
	endfacet
	facet normal 0.8191393777885052 0.5735945255633641 0
		outer loop
			vertex -261.97210693359375 744.1399536132812 -15.649102210998535
			vertex -261.97210693359375 744.1399536132812 -10.000093460083008
			vertex -261.8121337890625 743.9114990234375 -15.649102210998535
		endloop
	endfacet
	facet normal 0.8191393777885052 0.5735945255633641 0
		outer loop
			vertex -261.8121337890625 743.9114990234375 -15.649102210998535
			vertex -261.97210693359375 744.1399536132812 -10.000093460083008
			vertex -261.8121337890625 743.9114990234375 -10.000093460083008
		endloop
	endfacet
	facet normal 0.7071067811865476 0.7071067811865476 0
		outer loop
			vertex -261.8121337890625 743.9114990234375 -15.649102210998535
			vertex -261.8121337890625 743.9114990234375 -10.000093460083008
			vertex -261.61492919921875 743.7142944335938 -15.649102210998535
		endloop
	endfacet
	facet normal 0.7071067811865476 0.7071067811865476 0
		outer loop
			vertex -261.61492919921875 743.7142944335938 -15.649102210998535
			vertex -261.8121337890625 743.9114990234375 -10.000093460083008
			vertex -261.61492919921875 743.7142944335938 -10.000093460083008
		endloop
	endfacet
	facet normal 0.5735945255633641 0.8191393777885052 0
		outer loop
			vertex -261.61492919921875 743.7142944335938 -15.649102210998535
			vertex -261.61492919921875 743.7142944335938 -10.000093460083008
			vertex -261.386474609375 743.5543212890625 -15.649102210998535
		endloop
	endfacet
	facet normal 0.5735945255633641 0.8191393777885052 0
		outer loop
			vertex -261.386474609375 743.5543212890625 -15.649102210998535
			vertex -261.61492919921875 743.7142944335938 -10.000093460083008
			vertex -261.386474609375 743.5543212890625 -10.000093460083008
		endloop
	endfacet
	facet normal 0.42257994392410675 0.9063256539418374 0
		outer loop
			vertex -261.386474609375 743.5543212890625 -15.649102210998535
			vertex -261.386474609375 743.5543212890625 -10.000093460083008
			vertex -261.1336975097656 743.4364624023438 -15.649102210998535
		endloop
	endfacet
	facet normal 0.42257994392410675 0.9063256539418374 0
		outer loop
			vertex -261.1336975097656 743.4364624023438 -15.649102210998535
			vertex -261.386474609375 743.5543212890625 -10.000093460083008
			vertex -261.1336975097656 743.4364624023438 -10.000093460083008
		endloop
	endfacet
	facet normal 0.25867045176149184 0.9659656295052664 0
		outer loop
			vertex -261.1336975097656 743.4364624023438 -15.649102210998535
			vertex -261.1336975097656 743.4364624023438 -10.000093460083008
			vertex -260.8642883300781 743.3643188476562 -15.649102210998535
		endloop
	endfacet
	facet normal 0.25867045176149184 0.9659656295052664 0
		outer loop
			vertex -260.8642883300781 743.3643188476562 -15.649102210998535
			vertex -261.1336975097656 743.4364624023438 -10.000093460083008
			vertex -260.8642883300781 743.3643188476562 -10.000093460083008
		endloop
	endfacet
	facet normal 0.08731897649424908 0.9961804035133379 0
		outer loop
			vertex -260.8642883300781 743.3643188476562 -15.649102210998535
			vertex -260.8642883300781 743.3643188476562 -10.000093460083008
			vertex -260.5864562988281 743.3399658203125 -15.649102210998535
		endloop
	endfacet
	facet normal 0.08731897649424908 0.9961804035133379 0
		outer loop
			vertex -260.5864562988281 743.3399658203125 -15.649102210998535
			vertex -260.8642883300781 743.3643188476562 -10.000093460083008
			vertex -260.5864562988281 743.3399658203125 -10.000093460083008
		endloop
	endfacet
	facet normal -0.08731897649424908 0.9961804035133379 0
		outer loop
			vertex -260.5864562988281 743.3399658203125 -15.649102210998535
			vertex -260.5864562988281 743.3399658203125 -10.000093460083008
			vertex -260.3086242675781 743.3643188476562 -15.649102210998535
		endloop
	endfacet
	facet normal -0.08731897649424909 0.996180403513338 0
		outer loop
			vertex -260.3086242675781 743.3643188476562 -15.649102210998535
			vertex -260.5864562988281 743.3399658203125 -10.000093460083008
			vertex -260.3086242675781 743.3643188476562 -10.000094413757324
		endloop
	endfacet
	facet normal -0.25869779513560026 0.9659583069635972 0
		outer loop
			vertex -260.3086242675781 743.3643188476562 -15.649102210998535
			vertex -260.3086242675781 743.3643188476562 -10.000094413757324
			vertex -260.03924560546875 743.4364624023438 -15.649102210998535
		endloop
	endfacet
	facet normal -0.25867045176123926 0.9659656295043233 0.0000013974127853227306
		outer loop
			vertex -260.03924560546875 743.4364624023438 -15.649102210998535
			vertex -260.3086242675781 743.3643188476562 -10.000094413757324
			vertex -260.0392150878906 743.4364624023438 -10.000094413757324
		endloop
	endfacet
	facet normal -0.4225799439230055 0.9063256539394755 0.0000022828993896992807
		outer loop
			vertex -260.03924560546875 743.4364624023438 -15.649102210998535
			vertex -260.0392150878906 743.4364624023438 -10.000094413757324
			vertex -259.7864685058594 743.5543212890625 -15.649102210998535
		endloop
	endfacet
	facet normal -0.42262185493678506 0.9063061114931263 0
		outer loop
			vertex -259.7864685058594 743.5543212890625 -15.649102210998535
			vertex -260.0392150878906 743.4364624023438 -10.000094413757324
			vertex -259.7864685058594 743.5543212890625 -10.000094413757324
		endloop
	endfacet
	facet normal -0.5735945255633641 0.8191393777885051 0
		outer loop
			vertex -259.7864685058594 743.5543212890625 -15.649102210998535
			vertex -259.7864685058594 743.5543212890625 -10.000094413757324
			vertex -259.5580139160156 743.7142944335938 -15.649102210998535
		endloop
	endfacet
	facet normal -0.5735945255633641 0.8191393777885051 0
		outer loop
			vertex -259.5580139160156 743.7142944335938 -15.649102210998535
			vertex -259.7864685058594 743.5543212890625 -10.000094413757324
			vertex -259.5580139160156 743.7142944335938 -10.000094413757324
		endloop
	endfacet
	facet normal -0.707052070615306 0.7071614875250266 0
		outer loop
			vertex -259.5580139160156 743.7142944335938 -15.649102210998535
			vertex -259.5580139160156 743.7142944335938 -10.000094413757324
			vertex -259.36077880859375 743.9114990234375 -15.649102210998535
		endloop
	endfacet
	facet normal -0.707052070615306 0.7071614875250266 0
		outer loop
			vertex -259.36077880859375 743.9114990234375 -15.649102210998535
			vertex -259.5580139160156 743.7142944335938 -10.000094413757324
			vertex -259.36077880859375 743.9114990234375 -10.000094413757324
		endloop
	endfacet
	facet normal -0.8191907904683898 0.5735210970938861 0
		outer loop
			vertex -259.36077880859375 743.9114990234375 -15.649102210998535
			vertex -259.36077880859375 743.9114990234375 -10.000094413757324
			vertex -259.2008361816406 744.1399536132812 -15.649102210998535
		endloop
	endfacet
	facet normal -0.8191907904683898 0.5735210970938861 0
		outer loop
			vertex -259.2008361816406 744.1399536132812 -15.649102210998535
			vertex -259.36077880859375 743.9114990234375 -10.000094413757324
			vertex -259.2008361816406 744.1399536132812 -10.000094413757324
		endloop
	endfacet
	facet normal -0.9063032881581423 0.42262790948272616 0
		outer loop
			vertex -259.2008361816406 744.1399536132812 -15.649102210998535
			vertex -259.2008361816406 744.1399536132812 -10.000094413757324
			vertex -259.08294677734375 744.3927612304688 -15.649102210998535
		endloop
	endfacet
	facet normal -0.9063032881581423 0.42262790948272616 0
		outer loop
			vertex -259.08294677734375 744.3927612304688 -15.649102210998535
			vertex -259.2008361816406 744.1399536132812 -10.000094413757324
			vertex -259.08294677734375 744.3927612304688 -10.000094413757324
		endloop
	endfacet
	facet normal -0.9659382842961337 0.25877254671050703 0
		outer loop
			vertex -259.08294677734375 744.3927612304688 -15.649102210998535
			vertex -259.08294677734375 744.3927612304688 -10.000094413757324
			vertex -259.0107727050781 744.6621704101562 -15.649102210998535
		endloop
	endfacet
	facet normal -0.9659382842961337 0.25877254671050703 0
		outer loop
			vertex -259.0107727050781 744.6621704101562 -15.649102210998535
			vertex -259.08294677734375 744.3927612304688 -10.000094413757324
			vertex -259.0107727050781 744.6621704101562 -10.000094413757324
		endloop
	endfacet
	facet normal -0.9961899158321313 0.08721038696377512 0
		outer loop
			vertex -259.0107727050781 744.6621704101562 -15.649102210998535
			vertex -259.0107727050781 744.6621704101562 -10.000094413757324
			vertex -258.9864501953125 744.9400024414062 -15.649102210998535
		endloop
	endfacet
	facet normal -0.9961899158321313 0.08721038696377512 0
		outer loop
			vertex -258.9864501953125 744.9400024414062 -15.649102210998535
			vertex -259.0107727050781 744.6621704101562 -10.000094413757324
			vertex -258.9864501953125 744.9400024414062 -10.000094413757324
		endloop
	endfacet
	facet normal -0.9961899158321313 -0.08721038696377512 0
		outer loop
			vertex -258.9864501953125 744.9400024414062 -15.649102210998535
			vertex -258.9864501953125 744.9400024414062 -10.000094413757324
			vertex -259.0107727050781 745.2178344726562 -15.649102210998535
		endloop
	endfacet
	facet normal -0.9961899158321313 -0.08721038696377512 0
		outer loop
			vertex -259.0107727050781 745.2178344726562 -15.649102210998535
			vertex -258.9864501953125 744.9400024414062 -10.000094413757324
			vertex -259.0107727050781 745.2178344726562 -10.000094413757324
		endloop
	endfacet
	facet normal -0.9659236257408492 -0.2588272575206332 0
		outer loop
			vertex -259.0107727050781 745.2178344726562 -15.649102210998535
			vertex -259.0107727050781 745.2178344726562 -10.000094413757324
			vertex -259.08294677734375 745.4871826171875 -15.649102210998535
		endloop
	endfacet
	facet normal -0.9659382842923584 -0.2587725467094957 0.000002795928663673976
		outer loop
			vertex -259.08294677734375 745.4871826171875 -15.649102210998535
			vertex -259.0107727050781 745.2178344726562 -10.000094413757324
			vertex -259.08294677734375 745.4872436523438 -10.000094413757324
		endloop
	endfacet
	facet normal -0.9063032881486935 -0.4226279094783201 0.00000456631702707467
		outer loop
			vertex -259.08294677734375 745.4871826171875 -15.649102210998535
			vertex -259.08294677734375 745.4872436523438 -10.000094413757324
			vertex -259.2008361816406 745.739990234375 -15.649102210998535
		endloop
	endfacet
	facet normal -0.9062641942573525 -0.42271173417244057 0
		outer loop
			vertex -259.2008361816406 745.739990234375 -15.649102210998535
			vertex -259.08294677734375 745.4872436523438 -10.000094413757324
			vertex -259.2008361816406 745.739990234375 -10.000094413757324
		endloop
	endfacet
	facet normal -0.8191907904683898 -0.5735210970938861 0
		outer loop
			vertex -259.2008361816406 745.739990234375 -15.649102210998535
			vertex -259.2008361816406 745.739990234375 -10.000094413757324
			vertex -259.36077880859375 745.9684448242188 -15.649102210998535
		endloop
	endfacet
	facet normal -0.8191907904683898 -0.5735210970938861 0
		outer loop
			vertex -259.36077880859375 745.9684448242188 -15.649102210998535
			vertex -259.2008361816406 745.739990234375 -10.000094413757324
			vertex -259.36077880859375 745.9684448242188 -10.000094413757324
		endloop
	endfacet
	facet normal -0.707052070615306 -0.7071614875250266 0
		outer loop
			vertex -259.36077880859375 745.9684448242188 -15.649102210998535
			vertex -259.36077880859375 745.9684448242188 -10.000094413757324
			vertex -259.5580139160156 746.1656494140625 -15.649102210998535
		endloop
	endfacet
	facet normal -0.707052070615306 -0.7071614875250266 0
		outer loop
			vertex -259.5580139160156 746.1656494140625 -15.649102210998535
			vertex -259.36077880859375 745.9684448242188 -10.000094413757324
			vertex -259.5580139160156 746.1656494140625 -10.000094413757324
		endloop
	endfacet
	facet normal -0.5735945255633641 -0.8191393777885051 0
		outer loop
			vertex -259.5580139160156 746.1656494140625 -15.649102210998535
			vertex -259.5580139160156 746.1656494140625 -10.000094413757324
			vertex -259.7864685058594 746.3256225585938 -15.649102210998535
		endloop
	endfacet
	facet normal -0.5735945255633641 -0.8191393777885051 0
		outer loop
			vertex -259.7864685058594 746.3256225585938 -15.649102210998535
			vertex -259.5580139160156 746.1656494140625 -10.000094413757324
			vertex -259.7864685058594 746.3256225585938 -10.000094413757324
		endloop
	endfacet
	facet normal -0.4225799439241066 -0.9063256539418372 0
		outer loop
			vertex -259.7864685058594 746.3256225585938 -15.649102210998535
			vertex -259.7864685058594 746.3256225585938 -10.000094413757324
			vertex -260.03924560546875 746.4434814453125 -15.649102210998535
		endloop
	endfacet
	facet normal -0.42262185493568366 -0.9063061114907643 0.000002283125805142419
		outer loop
			vertex -260.03924560546875 746.4434814453125 -15.649102210998535
			vertex -259.7864685058594 746.3256225585938 -10.000094413757324
			vertex -260.0392150878906 746.4434814453125 -10.000094413757324
		endloop
	endfacet
	facet normal -0.2589019948453873 -0.9659035961539449 0.0000013986636482022686
		outer loop
			vertex -260.03924560546875 746.4434814453125 -15.649102210998535
			vertex -260.0392150878906 746.4434814453125 -10.000094413757324
			vertex -260.3086242675781 746.5156860351562 -15.649102210998535
		endloop
	endfacet
	facet normal -0.2588746329876611 -0.9659109298457618 0
		outer loop
			vertex -260.3086242675781 746.5156860351562 -15.649102210998535
			vertex -260.0392150878906 746.4434814453125 -10.000094413757324
			vertex -260.3086242675781 746.5156860351562 -10.000094413757324
		endloop
	endfacet
	facet normal -0.0871017943244958 -0.9961994164952385 0
		outer loop
			vertex -260.3086242675781 746.5156860351562 -15.649102210998535
			vertex -260.3086242675781 746.5156860351562 -10.000094413757324
			vertex -260.5864562988281 746.5399780273438 -15.649102210998535
		endloop
	endfacet
	facet normal -0.0871017943244958 -0.9961994164952385 0
		outer loop
			vertex -260.5864562988281 746.5399780273438 -15.649102210998535
			vertex -260.3086242675781 746.5156860351562 -10.000094413757324
			vertex -260.5864562988281 746.5399780273438 -10.000094413757324
		endloop
	endfacet
	facet normal 0.0871017943244958 -0.9961994164952385 0
		outer loop
			vertex -260.5864562988281 746.5399780273438 -15.649102210998535
			vertex -260.5864562988281 746.5399780273438 -10.000094413757324
			vertex -260.8642883300781 746.5156860351562 -15.649102210998535
		endloop
	endfacet
	facet normal 0.0871017943244958 -0.9961994164952385 0
		outer loop
			vertex -260.8642883300781 746.5156860351562 -15.649102210998535
			vertex -260.5864562988281 746.5399780273438 -10.000094413757324
			vertex -260.8642883300781 746.5156860351562 -10.000094413757324
		endloop
	endfacet
	facet normal 0.2588746329876611 -0.9659109298457618 0
		outer loop
			vertex -260.8642883300781 746.5156860351562 -15.649102210998535
			vertex -260.8642883300781 746.5156860351562 -10.000094413757324
			vertex -261.1336975097656 746.4434814453125 -15.649102210998535
		endloop
	endfacet
	facet normal 0.2588746329876611 -0.9659109298457618 0
		outer loop
			vertex -261.1336975097656 746.4434814453125 -15.649102210998535
			vertex -260.8642883300781 746.5156860351562 -10.000094413757324
			vertex -261.1336975097656 746.4434814453125 -10.000094413757324
		endloop
	endfacet
	facet normal 0.4225799439241066 -0.9063256539418372 0
		outer loop
			vertex -261.1336975097656 746.4434814453125 -15.649102210998535
			vertex -261.1336975097656 746.4434814453125 -10.000094413757324
			vertex -261.386474609375 746.3256225585938 -15.649102210998535
		endloop
	endfacet
	facet normal 0.4225799439241066 -0.9063256539418372 0
		outer loop
			vertex -261.386474609375 746.3256225585938 -15.649102210998535
			vertex -261.1336975097656 746.4434814453125 -10.000094413757324
			vertex -261.386474609375 746.3256225585938 -10.000094413757324
		endloop
	endfacet
	facet normal 0.5735945255633641 -0.8191393777885051 0
		outer loop
			vertex -261.386474609375 746.3256225585938 -15.649102210998535
			vertex -261.386474609375 746.3256225585938 -10.000094413757324
			vertex -261.61492919921875 746.1656494140625 -15.649102210998535
		endloop
	endfacet
	facet normal 0.5735945255633641 -0.8191393777885051 0
		outer loop
			vertex -261.61492919921875 746.1656494140625 -15.649102210998535
			vertex -261.386474609375 746.3256225585938 -10.000094413757324
			vertex -261.61492919921875 746.1656494140625 -10.000094413757324
		endloop
	endfacet
	facet normal 0.7071067811865476 -0.7071067811865476 0
		outer loop
			vertex -261.61492919921875 746.1656494140625 -15.649102210998535
			vertex -261.61492919921875 746.1656494140625 -10.000094413757324
			vertex -261.8121337890625 745.9684448242188 -15.649102210998535
		endloop
	endfacet
	facet normal 0.7071067811865476 -0.7071067811865476 0
		outer loop
			vertex -261.8121337890625 745.9684448242188 -15.649102210998535
			vertex -261.61492919921875 746.1656494140625 -10.000094413757324
			vertex -261.8121337890625 745.9684448242188 -10.000094413757324
		endloop
	endfacet
	facet normal 0.8191393777885051 -0.5735945255633641 0
		outer loop
			vertex -261.8121337890625 745.9684448242188 -15.649102210998535
			vertex -261.8121337890625 745.9684448242188 -10.000094413757324
			vertex -261.97210693359375 745.739990234375 -15.649102210998535
		endloop
	endfacet
	facet normal 0.8191393777885051 -0.5735945255633641 0
		outer loop
			vertex -261.97210693359375 745.739990234375 -15.649102210998535
			vertex -261.8121337890625 745.9684448242188 -10.000094413757324
			vertex -261.97210693359375 745.739990234375 -10.000094413757324
		endloop
	endfacet
	facet normal 0.9063451905773314 -0.422538040319852 0
		outer loop
			vertex -261.97210693359375 745.739990234375 -15.649102210998535
			vertex -261.97210693359375 745.739990234375 -10.000094413757324
			vertex -262.0899658203125 745.4871826171875 -15.649102210998535
		endloop
	endfacet
	facet normal 0.9063061114902772 -0.4226218549182269 0.000004566250839214629
		outer loop
			vertex -262.0899658203125 745.4871826171875 -15.649102210998535
			vertex -261.97210693359375 745.739990234375 -10.000094413757324
			vertex -262.0899658203125 745.4872436523438 -10.000093460083008
		endloop
	endfacet
	facet normal 0.9658962601344655 -0.25892936227941826 0.000002797622517733903
		outer loop
			vertex -262.0899658203125 745.4871826171875 -15.649102210998535
			vertex -262.0899658203125 745.4872436523438 -10.000093460083008
			vertex -262.16217041015625 745.2178344726562 -15.649102210998535
		endloop
	endfacet
	facet normal 0.9659382842829825 -0.25877254670698385 -0.000005218277817281996
		outer loop
			vertex -262.16217041015625 745.2178344726562 -15.649102210998535
			vertex -262.0899658203125 745.4872436523438 -10.000093460083008
			vertex -262.1621398925781 745.2178344726562 -10.000093460083008
		endloop
	endfacet
	facet normal 0.9961967305515026 -0.08713073923335637 0.000555264933142181
		outer loop
			vertex -263.5408935546875 745.4609375 -19.000093460083008
			vertex -263.5442199707031 745.4417114257812 -16.049100875854492
			vertex -263.5864562988281 744.9400024414062 -19.000093460083008
		endloop
	endfacet
	facet normal 0.9964751746226378 -0.08388817771762352 0
		outer loop
			vertex -263.5864562988281 744.9400024414062 -19.000093460083008
			vertex -263.5442199707031 745.4417114257812 -16.049100875854492
			vertex -263.5864562988281 744.9400024414062 -16.049100875854492
		endloop
	endfacet
	facet normal 0.996476027560708 0.08387804538036855 0
		outer loop
			vertex -263.5864562988281 744.9400024414062 -19.000093460083008
			vertex -263.5864562988281 744.9400024414062 -16.049100875854492
			vertex -263.5442199707031 744.438232421875 -16.049100875854492
		endloop
	endfacet
	facet normal 0.9683924892362226 -0.24943075630139502 -0.0005334808212995918
		outer loop
			vertex -263.5442199707031 745.4417114257812 -16.049100875854492
			vertex -263.5408935546875 745.4609375 -19.000093460083008
			vertex -263.4186096191406 745.9293823242188 -16.049100875854492
		endloop
	endfacet
	facet normal 0.9659266729594813 -0.25881372211455184 0.0010581638052416101
		outer loop
			vertex -263.4186096191406 745.9293823242188 -16.049100875854492
			vertex -263.5408935546875 745.4609375 -19.000093460083008
			vertex -263.4055480957031 745.966064453125 -19.00009536743164
		endloop
	endfacet
	facet normal 0.9130471275002822 -0.40785277384699625 -0.001028508043069253
		outer loop
			vertex -263.4186096191406 745.9293823242188 -16.049100875854492
			vertex -263.4055480957031 745.966064453125 -19.00009536743164
			vertex -263.2132568359375 746.3890991210938 -16.049102783203125
		endloop
	endfacet
	facet normal 0.9063013162650058 -0.422629371049013 0.001529334179909039
		outer loop
			vertex -263.2132568359375 746.3890991210938 -16.049102783203125
			vertex -263.4055480957031 745.966064453125 -19.00009536743164
			vertex -263.1845397949219 746.4400024414062 -19.00009536743164
		endloop
	endfacet
	facet normal 0.8319654678673624 -0.5548254558803688 -0.001474375590480861
		outer loop
			vertex -263.2132568359375 746.3890991210938 -16.049102783203125
			vertex -263.1845397949219 746.4400024414062 -19.00009536743164
			vertex -262.9338684082031 746.8080444335938 -16.049102783203125
		endloop
	endfacet
	facet normal 0.8191261505372291 -0.5736100693666589 0.0019590373241374325
		outer loop
			vertex -262.9338684082031 746.8080444335938 -16.049102783203125
			vertex -263.1845397949219 746.4400024414062 -19.00009536743164
			vertex -262.88458251953125 746.8683471679688 -19.00009536743164
		endloop
	endfacet
	facet normal 0.7274420373526954 -0.6861665809756594 -0.00187228318732447
		outer loop
			vertex -262.9338684082031 746.8080444335938 -16.049102783203125
			vertex -262.88458251953125 746.8683471679688 -19.00009536743164
			vertex -262.58837890625 747.17431640625 -16.049102783203125
		endloop
	endfacet
	facet normal 0.7071048452680131 -0.7071048452680131 0.0023399993586821276
		outer loop
			vertex -262.58837890625 747.17431640625 -16.049102783203125
			vertex -262.88458251953125 746.8683471679688 -19.00009536743164
			vertex -262.51483154296875 747.2380981445312 -19.00009536743164
		endloop
	endfacet
	facet normal 0.6024971867061345 -0.7981178785877884 -0.0022342537281533994
		outer loop
			vertex -262.58837890625 747.17431640625 -16.049102783203125
			vertex -262.51483154296875 747.2380981445312 -19.00009536743164
			vertex -262.18646240234375 747.4777221679688 -16.049102783203125
		endloop
	endfacet
	facet normal 0.5736208393864177 -0.8191165536589161 0.002684053569104414
		outer loop
			vertex -262.18646240234375 747.4777221679688 -16.049102783203125
			vertex -262.51483154296875 747.2380981445312 -19.00009536743164
			vertex -262.0864562988281 747.5380859375 -19.00009536743164
		endloop
	endfacet
	facet normal 0.4645580151081308 -0.8855395137788982 -0.00237068239684395
		outer loop
			vertex -262.18646240234375 747.4777221679688 -16.049102783203125
			vertex -262.0864562988281 747.5380859375 -19.00009536743164
			vertex -261.7597351074219 747.7010498046875 -15.849102020263672
		endloop
	endfacet
	facet normal 0.4225320073681503 -0.906342827959582 0.0030628345807286665
		outer loop
			vertex -261.7597351074219 747.7010498046875 -15.849102020263672
			vertex -262.0864562988281 747.5380859375 -19.00009536743164
			vertex -261.6125183105469 747.759033203125 -19.00009536743164
		endloop
	endfacet
	facet normal 0.3159034687447025 -0.948787493873229 -0.0026999823744845997
		outer loop
			vertex -261.7597351074219 747.7010498046875 -15.849102020263672
			vertex -261.6125183105469 747.759033203125 -19.00009536743164
			vertex -261.302734375 747.8532104492188 -15.849102020263672
		endloop
	endfacet
	facet normal 0.25888139817245165 -0.965903070593383 0.0034175866559416515
		outer loop
			vertex -261.302734375 747.8532104492188 -15.849102020263672
			vertex -261.6125183105469 747.759033203125 -19.00009536743164
			vertex -261.107421875 747.8944091796875 -19.00009536743164
		endloop
	endfacet
	facet normal 0.16005041621814192 -0.9871043260341876 -0.0029855975937458194
		outer loop
			vertex -261.302734375 747.8532104492188 -15.849102020263672
			vertex -261.107421875 747.8944091796875 -19.00009536743164
			vertex -260.8273010253906 747.9302978515625 -15.849102973937988
		endloop
	endfacet
	facet normal 0.08718303649232485 -0.9961858205893425 0.0035956925225519975
		outer loop
			vertex -260.8273010253906 747.9302978515625 -15.849102973937988
			vertex -261.107421875 747.8944091796875 -19.00009536743164
			vertex -260.5864562988281 747.9400024414062 -19.00009536743164
		endloop
	endfacet
	facet normal 0 -0.9999952572899421 -0.003079837272134529
		outer loop
			vertex -260.8273010253906 747.9302978515625 -15.849102973937988
			vertex -260.5864562988281 747.9400024414062 -19.00009536743164
			vertex -260.34564208984375 747.9302978515625 -15.849102973937988
		endloop
	endfacet
	facet normal -0.08718810519416338 -0.9961853786240756 0.003595236884951973
		outer loop
			vertex -260.34564208984375 747.9302978515625 -15.849102973937988
			vertex -260.5864562988281 747.9400024414062 -19.00009536743164
			vertex -260.0655212402344 747.8944091796875 -19.00009536743164
		endloop
	endfacet
	facet normal -0.16004041280198752 -0.9871059506947607 -0.002984689793286418
		outer loop
			vertex -260.34564208984375 747.9302978515625 -15.849102973937988
			vertex -260.0655212402344 747.8944091796875 -19.00009536743164
			vertex -259.87017822265625 747.8532104492188 -15.849102973937988
		endloop
	endfacet
	facet normal -0.258866804450832 -0.9659069763909311 0.0034191391817583504
		outer loop
			vertex -259.87017822265625 747.8532104492188 -15.849102973937988
			vertex -260.0655212402344 747.8944091796875 -19.00009536743164
			vertex -259.5603942871094 747.759033203125 -19.00009536743164
		endloop
	endfacet
	facet normal -0.31592245822826476 -0.9487811651644678 -0.0027020392605093357
		outer loop
			vertex -259.87017822265625 747.8532104492188 -15.849102973937988
			vertex -259.5603942871094 747.759033203125 -19.00009536743164
			vertex -259.4132080078125 747.7010498046875 -15.849102973937988
		endloop
	endfacet
	facet normal -0.4225320126593839 -0.9063428393094243 0.003058743294462615
		outer loop
			vertex -259.4132080078125 747.7010498046875 -15.849102973937988
			vertex -259.5603942871094 747.759033203125 -19.00009536743164
			vertex -259.0864562988281 747.5380859375 -19.00009536743164
		endloop
	endfacet
	facet normal -0.46366012148316743 -0.8860102676715788 -0.0022577260134378453
		outer loop
			vertex -259.4132080078125 747.7010498046875 -15.849102973937988
			vertex -259.0864562988281 747.5380859375 -19.00009536743164
			vertex -258.9864501953125 747.4777221679688 -15.849102973937988
		endloop
	endfacet
	facet normal -0.5167607217878357 -0.8561298712329312 0
		outer loop
			vertex -258.9864501953125 747.4777221679688 -15.849102973937988
			vertex -259.0864562988281 747.5380859375 -19.00009536743164
			vertex -258.9864501953125 747.4777221679688 -16.049102783203125
		endloop
	endfacet
	facet normal -0.5736482569320177 -0.8190973483517601 0.0026853755739983665
		outer loop
			vertex -258.9864501953125 747.4777221679688 -16.049102783203125
			vertex -259.0864562988281 747.5380859375 -19.00009536743164
			vertex -258.6581115722656 747.2380981445312 -19.00009536743164
		endloop
	endfacet
	facet normal -0.6025263304015284 -0.79809588061333 -0.0022330519254036866
		outer loop
			vertex -258.9864501953125 747.4777221679688 -16.049102783203125
			vertex -258.6581115722656 747.2380981445312 -19.00009536743164
			vertex -258.5845642089844 747.17431640625 -16.049102783203125
		endloop
	endfacet
	facet normal -0.7070756674937031 -0.7071340263305712 0.0023386414537916915
		outer loop
			vertex -258.5845642089844 747.17431640625 -16.049102783203125
			vertex -258.6581115722656 747.2380981445312 -19.00009536743164
			vertex -258.288330078125 746.8683471679688 -19.00009536743164
		endloop
	endfacet
	facet normal -0.7274117829183926 -0.6861986507417132 -0.0018734438175757916
		outer loop
			vertex -258.5845642089844 747.17431640625 -16.049102783203125
			vertex -258.288330078125 746.8683471679688 -19.00009536743164
			vertex -258.2390441894531 746.8080444335938 -16.049102783203125
		endloop
	endfacet
	facet normal -0.8191261505372291 -0.5736100693666589 0.0019590373241374325
		outer loop
			vertex -258.2390441894531 746.8080444335938 -16.049102783203125
			vertex -258.288330078125 746.8683471679688 -19.00009536743164
			vertex -257.9883728027344 746.4400024414062 -19.00009536743164
		endloop
	endfacet
	facet normal -0.8319934327853946 -0.5547834996880465 -0.0014819837578173374
		outer loop
			vertex -258.2390441894531 746.8080444335938 -16.049102783203125
			vertex -257.9883728027344 746.4400024414062 -19.00009536743164
			vertex -257.9596862792969 746.3890991210938 -16.049102783203125
		endloop
	endfacet
	facet normal -0.9063236799907652 -0.4225814402326549 0.0015210058817919261
		outer loop
			vertex -257.9596862792969 746.3890991210938 -16.049102783203125
			vertex -257.9883728027344 746.4400024414062 -19.00009536743164
			vertex -257.76739501953125 745.966064453125 -19.00009536743164
		endloop
	endfacet
	facet normal -0.9130245654406792 -0.40790330094369165 -0.0010197946357312097
		outer loop
			vertex -257.9596862792969 746.3890991210938 -16.049102783203125
			vertex -257.76739501953125 745.966064453125 -19.00009536743164
			vertex -257.7543029785156 745.9293823242188 -16.049102783203125
		endloop
	endfacet
	facet normal -0.9659266617018154 -0.258813723093738 0.0010681535211919128
		outer loop
			vertex -257.7543029785156 745.9293823242188 -16.049102783203125
			vertex -257.76739501953125 745.966064453125 -19.00009536743164
			vertex -257.6320495605469 745.4609375 -19.00009536743164
		endloop
	endfacet
	facet normal -0.9684071258020227 -0.24937392507354966 -0.0005330940603441464
		outer loop
			vertex -257.7543029785156 745.9293823242188 -16.049102783203125
			vertex -257.6320495605469 745.4609375 -19.00009536743164
			vertex -257.62872314453125 745.4417114257812 -16.049102783203125
		endloop
	endfacet
	facet normal -0.9961916635365295 -0.08718865526207235 0.0005548818915607323
		outer loop
			vertex -257.62872314453125 745.4417114257812 -16.049102783203125
			vertex -257.6320495605469 745.4609375 -19.00009536743164
			vertex -257.5864562988281 744.9400024414062 -19.00009536743164
		endloop
	endfacet
	facet normal -0.9964701060523823 -0.08394836355733269 0
		outer loop
			vertex -257.62872314453125 745.4417114257812 -16.049102783203125
			vertex -257.5864562988281 744.9400024414062 -19.00009536743164
			vertex -257.5864562988281 744.9400024414062 -16.049102783203125
		endloop
	endfacet
	facet normal -0.9964709602104348 0.08393822405373143 0
		outer loop
			vertex -257.5864562988281 744.9400024414062 -16.049102783203125
			vertex -257.5864562988281 744.9400024414062 -19.00009536743164
			vertex -257.62872314453125 744.438232421875 -16.049102783203125
		endloop
	endfacet
	facet normal -0.9961925506222454 0.08717851866387269 0.0005549489326663258
		outer loop
			vertex -257.62872314453125 744.438232421875 -16.049102783203125
			vertex -257.5864562988281 744.9400024414062 -19.00009536743164
			vertex -257.6320495605469 744.4190063476562 -19.00009536743164
		endloop
	endfacet
	facet normal -0.9683995871135779 0.24940319820830975 -0.0005332932761194195
		outer loop
			vertex -257.62872314453125 744.438232421875 -16.049102783203125
			vertex -257.6320495605469 744.4190063476562 -19.00009536743164
			vertex -257.7543029785156 743.9506225585938 -16.049102783203125
		endloop
	endfacet
	facet normal -0.9659188427336717 0.2588429043821048 0.0010677560962578667
		outer loop
			vertex -257.7543029785156 743.9506225585938 -16.049102783203125
			vertex -257.6320495605469 744.4190063476562 -19.00009536743164
			vertex -257.76739501953125 743.9139404296875 -19.00009536743164
		endloop
	endfacet
	facet normal -0.9130447318226639 0.4078581604385058 -0.0010191440516055625
		outer loop
			vertex -257.7543029785156 743.9506225585938 -16.049102783203125
			vertex -257.76739501953125 743.9139404296875 -19.00009536743164
			vertex -257.9596862792969 743.4908447265625 -16.049102783203125
		endloop
	endfacet
	facet normal -0.9063236679075477 0.4225814345987478 0.0015297460813390234
		outer loop
			vertex -257.9596862792969 743.4908447265625 -16.049102783203125
			vertex -257.76739501953125 743.9139404296875 -19.00009536743164
			vertex -257.9883728027344 743.4400024414062 -19.00009536743164
		endloop
	endfacet
	facet normal -0.8319934468787455 0.554783509085667 -0.0014705092375958731
		outer loop
			vertex -257.9596862792969 743.4908447265625 -16.049102783203125
			vertex -257.9883728027344 743.4400024414062 -19.00009536743164
			vertex -258.2390441894531 743.0718994140625 -16.049102783203125
		endloop
	endfacet
	facet normal -0.8191645458626001 0.5735552301811865 0.001960799206086722
		outer loop
			vertex -258.2390441894531 743.0718994140625 -16.049102783203125
			vertex -257.9883728027344 743.4400024414062 -19.00009536743164
			vertex -258.288330078125 743.0115966796875 -19.00009536743164
		endloop
	endfacet
	facet normal -0.7274117829183926 0.6861986507417132 -0.0018734438175757916
		outer loop
			vertex -258.2390441894531 743.0718994140625 -16.049102783203125
			vertex -258.288330078125 743.0115966796875 -19.00009536743164
			vertex -258.5845642089844 742.7056274414062 -16.049102783203125
		endloop
	endfacet
	facet normal -0.7070756674937031 0.7071340263305712 0.0023386414537916915
		outer loop
			vertex -258.5845642089844 742.7056274414062 -16.049102783203125
			vertex -258.288330078125 743.0115966796875 -19.00009536743164
			vertex -258.6581115722656 742.641845703125 -19.00009536743164
		endloop
	endfacet
	facet normal -0.6024491128089539 0.7981541616278786 -0.0022362360793726607
		outer loop
			vertex -258.5845642089844 742.7056274414062 -16.049102783203125
			vertex -258.6581115722656 742.641845703125 -19.00009536743164
			vertex -258.9864501953125 742.4022827148438 -16.049102783203125
		endloop
	endfacet
	facet normal -0.5735699486467476 0.8191521977213827 0.002681599820291209
		outer loop
			vertex -258.9864501953125 742.4022827148438 -16.049102783203125
			vertex -258.6581115722656 742.641845703125 -19.00009536743164
			vertex -259.0864562988281 742.3419189453125 -19.00009536743164
		endloop
	endfacet
	facet normal -0.46463013473852477 0.8855016843601176 -0.002367464520394442
		outer loop
			vertex -258.9864501953125 742.4022827148438 -16.049102783203125
			vertex -259.0864562988281 742.3419189453125 -19.00009536743164
			vertex -259.4132080078125 742.1788940429688 -15.849102020263672
		endloop
	endfacet
	facet normal -0.4226278813802879 0.9062981217668974 0.003064043374955131
		outer loop
			vertex -259.4132080078125 742.1788940429688 -15.849102020263672
			vertex -259.0864562988281 742.3419189453125 -19.00009536743164
			vertex -259.5603942871094 742.1209106445312 -19.00009536743164
		endloop
	endfacet
	facet normal -0.3159224582289628 0.9487811651665643 -0.0027020384427206743
		outer loop
			vertex -259.4132080078125 742.1788940429688 -15.849102020263672
			vertex -259.5603942871094 742.1209106445312 -19.00009536743164
			vertex -259.87017822265625 742.0267333984375 -15.849102020263672
		endloop
	endfacet
	facet normal -0.2588668044517478 0.9659069763943485 0.003419138146939566
		outer loop
			vertex -259.87017822265625 742.0267333984375 -15.849102020263672
			vertex -259.5603942871094 742.1209106445312 -19.00009536743164
			vertex -260.0655212402344 741.9855346679688 -19.00009536743164
		endloop
	endfacet
	facet normal -0.160040412802419 0.9871059506974221 -0.002984688889953301
		outer loop
			vertex -259.87017822265625 742.0267333984375 -15.849102020263672
			vertex -260.0655212402344 741.9855346679688 -19.00009536743164
			vertex -260.34564208984375 741.9496459960938 -15.849102020263672
		endloop
	endfacet
	facet normal -0.08707226975701372 0.9961954723540376 0.0036056484407162043
		outer loop
			vertex -260.34564208984375 741.9496459960938 -15.849102020263672
			vertex -260.0655212402344 741.9855346679688 -19.00009536743164
			vertex -260.5864562988281 741.9400024414062 -19.00009536743164
		endloop
	endfacet
	facet normal 0 0.9999953167614896 -0.0030604664821335297
		outer loop
			vertex -260.34564208984375 741.9496459960938 -15.849102020263672
			vertex -260.5864562988281 741.9400024414062 -19.00009536743164
			vertex -260.8273010253906 741.9496459960938 -15.849102020263672
		endloop
	endfacet
	facet normal 0.08706722078832027 0.9961959119945613 0.0036061044802741093
		outer loop
			vertex -260.8273010253906 741.9496459960938 -15.849102020263672
			vertex -260.5864562988281 741.9400024414062 -19.00009536743164
			vertex -261.107421875 741.9855346679688 -19.000093460083008
		endloop
	endfacet
	facet normal 0.16005042205287145 0.9871043250838022 -0.0029855990268900516
		outer loop
			vertex -260.8273010253906 741.9496459960938 -15.849102020263672
			vertex -261.107421875 741.9855346679688 -19.000093460083008
			vertex -261.302734375 742.0267333984375 -15.849102020263672
		endloop
	endfacet
	facet normal 0.25888139817062134 0.965903070586554 0.0034175887246407338
		outer loop
			vertex -261.302734375 742.0267333984375 -15.849102020263672
			vertex -261.107421875 741.9855346679688 -19.000093460083008
			vertex -261.6125183105469 742.1209106445312 -19.000093460083008
		endloop
	endfacet
	facet normal 0.3159034687433085 0.9487874938690423 -0.0026999840088178712
		outer loop
			vertex -261.302734375 742.0267333984375 -15.849102020263672
			vertex -261.6125183105469 742.1209106445312 -19.000093460083008
			vertex -261.7597351074219 742.1788940429688 -15.849102020263672
		endloop
	endfacet
	facet normal 0.42262787607387675 0.9062981103876424 0.003068138372497408
		outer loop
			vertex -261.7597351074219 742.1788940429688 -15.849102020263672
			vertex -261.6125183105469 742.1209106445312 -19.000093460083008
			vertex -262.0864562988281 742.3419189453125 -19.000093460083008
		endloop
	endfacet
	facet normal 0.4637856261303251 0.8859445915546907 -0.0022524852706751436
		outer loop
			vertex -261.7597351074219 742.1788940429688 -15.849102020263672
			vertex -262.0864562988281 742.3419189453125 -19.000093460083008
			vertex -262.18646240234375 742.4022827148438 -15.849102020263672
		endloop
	endfacet
	facet normal 0.5167607217878358 0.8561298712329312 0
		outer loop
			vertex -262.18646240234375 742.4022827148438 -15.849102020263672
			vertex -262.0864562988281 742.3419189453125 -19.000093460083008
			vertex -262.18646240234375 742.4022827148438 -16.049100875854492
		endloop
	endfacet
	facet normal 0.5735425311698967 0.8191713990671389 0.002680277898759164
		outer loop
			vertex -262.18646240234375 742.4022827148438 -16.049100875854492
			vertex -262.0864562988281 742.3419189453125 -19.000093460083008
			vertex -262.51483154296875 742.641845703125 -19.000093460083008
		endloop
	endfacet
	facet normal 0.6024199685903842 0.7981761555669376 -0.0022374378079417123
		outer loop
			vertex -262.18646240234375 742.4022827148438 -16.049100875854492
			vertex -262.51483154296875 742.641845703125 -19.000093460083008
			vertex -262.58837890625 742.7056274414062 -16.049100875854492
		endloop
	endfacet
	facet normal 0.7071048452680131 0.7071048452680131 0.0023399993586821276
		outer loop
			vertex -262.58837890625 742.7056274414062 -16.049100875854492
			vertex -262.51483154296875 742.641845703125 -19.000093460083008
			vertex -262.88458251953125 743.0115966796875 -19.000093460083008
		endloop
	endfacet
	facet normal 0.7274420373526954 0.6861665809756594 -0.00187228318732447
		outer loop
			vertex -262.58837890625 742.7056274414062 -16.049100875854492
			vertex -262.88458251953125 743.0115966796875 -19.000093460083008
			vertex -262.9338684082031 743.0718994140625 -16.049100875854492
		endloop
	endfacet
	facet normal 0.8191645458626001 0.5735552301811865 0.001960799206086722
		outer loop
			vertex -262.9338684082031 743.0718994140625 -16.049100875854492
			vertex -262.88458251953125 743.0115966796875 -19.000093460083008
			vertex -263.1845397949219 743.4400024414062 -19.000093460083008
		endloop
	endfacet
	facet normal 0.8319654818886649 0.5548254652309679 -0.0014629002022279007
		outer loop
			vertex -262.9338684082031 743.0718994140625 -16.049100875854492
			vertex -263.1845397949219 743.4400024414062 -19.000093460083008
			vertex -263.2132568359375 743.4908447265625 -16.049100875854492
		endloop
	endfacet
	facet normal 0.9063013041147341 0.42262936538305884 0.001538075370580233
		outer loop
			vertex -263.2132568359375 743.4908447265625 -16.049100875854492
			vertex -263.1845397949219 743.4400024414062 -19.000093460083008
			vertex -263.4055480957031 743.9139404296875 -19.000093460083008
		endloop
	endfacet
	facet normal 0.9130672909782099 0.40780763314697827 -0.0010278583426927257
		outer loop
			vertex -263.2132568359375 743.4908447265625 -16.049100875854492
			vertex -263.4055480957031 743.9139404296875 -19.000093460083008
			vertex -263.4186096191406 743.9506225585938 -16.049100875854492
		endloop
	endfacet
	facet normal 0.9659188529878078 0.2588429071299654 0.0010577670943315944
		outer loop
			vertex -263.4186096191406 743.9506225585938 -16.049100875854492
			vertex -263.4055480957031 743.9139404296875 -19.000093460083008
			vertex -263.5408935546875 744.4190063476562 -19.000093460083008
		endloop
	endfacet
	facet normal 0.968384947225298 0.24946003522213833 -0.0005336800785164105
		outer loop
			vertex -263.4186096191406 743.9506225585938 -16.049100875854492
			vertex -263.5408935546875 744.4190063476562 -19.000093460083008
			vertex -263.5442199707031 744.438232421875 -16.049100875854492
		endloop
	endfacet
	facet normal 0.9961976164635518 0.08712060926546877 0.0005553319297275084
		outer loop
			vertex -263.5442199707031 744.438232421875 -16.049100875854492
			vertex -263.5408935546875 744.4190063476562 -19.000093460083008
			vertex -263.5864562988281 744.9400024414062 -19.000093460083008
		endloop
	endfacet
	facet normal -0.46376077040040553 0.8859604662949824 0
		outer loop
			vertex -259.4132080078125 742.1788940429688 -15.849102020263672
			vertex -258.9864501953125 742.4022827148438 -15.849102020263672
			vertex -258.9864501953125 742.4022827148438 -16.049102783203125
		endloop
	endfacet
	facet normal 0.46368733296351605 -0.8859989036388146 0
		outer loop
			vertex -261.7597351074219 747.7010498046875 -15.849102020263672
			vertex -262.18646240234375 747.4777221679688 -15.849102020263672
			vertex -262.18646240234375 747.4777221679688 -16.049102783203125
		endloop
	endfacet
	facet normal 0.9961967352173232 -0.08713073964144484 0.0005467649234009816
		outer loop
			vertex -263.5408935546875 824.3768310546875 -19.000102996826172
			vertex -263.544189453125 824.357666015625 -16.049110412597656
			vertex -263.5864562988281 823.8558959960938 -19.000102996826172
		endloop
	endfacet
	facet normal 0.9964709602104348 -0.08393822405373143 0
		outer loop
			vertex -263.5864562988281 823.8558959960938 -19.000102996826172
			vertex -263.544189453125 824.357666015625 -16.049110412597656
			vertex -263.5864562988281 823.8558959960938 -16.049110412597656
		endloop
	endfacet
	facet normal 0.9964709602104348 0.08393822405373143 0
		outer loop
			vertex -263.5864562988281 823.8558959960938 -19.000102996826172
			vertex -263.5864562988281 823.8558959960938 -16.049110412597656
			vertex -263.544189453125 823.3541259765625 -16.049110412597656
		endloop
	endfacet
	facet normal 0.9683995845941769 -0.2494031975594591 -0.0005381495549284872
		outer loop
			vertex -263.544189453125 824.357666015625 -16.049110412597656
			vertex -263.5408935546875 824.3768310546875 -19.000102996826172
			vertex -263.4186096191406 824.8452758789062 -16.049110412597656
		endloop
	endfacet
	facet normal 0.9659266729594813 -0.25881372211455184 0.0010581638052416101
		outer loop
			vertex -263.4186096191406 824.8452758789062 -16.049110412597656
			vertex -263.5408935546875 824.3768310546875 -19.000102996826172
			vertex -263.4055480957031 824.8819580078125 -19.000104904174805
		endloop
	endfacet
	facet normal 0.9130672893910663 -0.4078076367020837 -0.0010278577295621829
		outer loop
			vertex -263.4186096191406 824.8452758789062 -16.049110412597656
			vertex -263.4055480957031 824.8819580078125 -19.000104904174805
			vertex -263.2132568359375 825.3050537109375 -16.04911231994629
		endloop
	endfacet
	facet normal 0.9063013041147341 -0.42262936538305884 0.001538075370580233
		outer loop
			vertex -263.2132568359375 825.3050537109375 -16.04911231994629
			vertex -263.4055480957031 824.8819580078125 -19.000104904174805
			vertex -263.1845397949219 825.3558959960938 -19.000104904174805
		endloop
	endfacet
	facet normal 0.8319654818886649 -0.5548254652309679 -0.0014629002022279007
		outer loop
			vertex -263.2132568359375 825.3050537109375 -16.04911231994629
			vertex -263.1845397949219 825.3558959960938 -19.000104904174805
			vertex -262.9338684082031 825.7239990234375 -16.04911231994629
		endloop
	endfacet
	facet normal 0.8191645458626001 -0.5735552301811865 0.001960799206086722
		outer loop
			vertex -262.9338684082031 825.7239990234375 -16.04911231994629
			vertex -263.1845397949219 825.3558959960938 -19.000104904174805
			vertex -262.88458251953125 825.7843017578125 -19.000104904174805
		endloop
	endfacet
	facet normal 0.7274420373526954 -0.6861665809756594 -0.00187228318732447
		outer loop
			vertex -262.9338684082031 825.7239990234375 -16.04911231994629
			vertex -262.88458251953125 825.7843017578125 -19.000104904174805
			vertex -262.58837890625 826.0902709960938 -16.04911231994629
		endloop
	endfacet
	facet normal 0.7071048452680131 -0.7071048452680131 0.0023399993586821276
		outer loop
			vertex -262.58837890625 826.0902709960938 -16.04911231994629
			vertex -262.88458251953125 825.7843017578125 -19.000104904174805
			vertex -262.51483154296875 826.154052734375 -19.000104904174805
		endloop
	endfacet
	facet normal 0.6024199685903842 -0.7981761555669376 -0.0022374378079417123
		outer loop
			vertex -262.58837890625 826.0902709960938 -16.04911231994629
			vertex -262.51483154296875 826.154052734375 -19.000104904174805
			vertex -262.18646240234375 826.3936157226562 -16.04911231994629
		endloop
	endfacet
	facet normal 0.5735425311698967 -0.8191713990671389 0.002680277898759164
		outer loop
			vertex -262.18646240234375 826.3936157226562 -16.04911231994629
			vertex -262.51483154296875 826.154052734375 -19.000104904174805
			vertex -262.0864562988281 826.4539794921875 -19.000104904174805
		endloop
	endfacet
	facet normal 0.46453236939407705 -0.8855529640984416 -0.0023718266355456934
		outer loop
			vertex -262.18646240234375 826.3936157226562 -16.04911231994629
			vertex -262.0864562988281 826.4539794921875 -19.000104904174805
			vertex -261.75970458984375 826.616943359375 -15.849111557006836
		endloop
	endfacet
	facet normal 0.4226279040481642 -0.9062981703766901 0.003046488424339842
		outer loop
			vertex -261.75970458984375 826.616943359375 -15.849111557006836
			vertex -262.0864562988281 826.4539794921875 -19.000104904174805
			vertex -261.6125183105469 826.6749877929688 -19.000104904174805
		endloop
	endfacet
	facet normal 0.3160365166020728 -0.9487431434642019 -0.0027143882723257916
		outer loop
			vertex -261.75970458984375 826.616943359375 -15.849111557006836
			vertex -261.6125183105469 826.6749877929688 -19.000104904174805
			vertex -261.302734375 826.7691650390625 -15.849111557006836
		endloop
	endfacet
	facet normal 0.2587578986283827 -0.965936115944292 0.0034307159426099037
		outer loop
			vertex -261.302734375 826.7691650390625 -15.849111557006836
			vertex -261.6125183105469 826.6749877929688 -19.000104904174805
			vertex -261.1073913574219 826.810302734375 -19.000104904174805
		endloop
	endfacet
	facet normal 0.16005042610164252 -0.987104386734548 -0.0029649273338375076
		outer loop
			vertex -261.302734375 826.7691650390625 -15.849111557006836
			vertex -261.1073913574219 826.810302734375 -19.000104904174805
			vertex -260.8273010253906 826.8462524414062 -15.849112510681152
		endloop
	endfacet
	facet normal 0.08718809886314756 -0.9961853062877702 0.003615377293087677
		outer loop
			vertex -260.8273010253906 826.8462524414062 -15.849112510681152
			vertex -261.1073913574219 826.810302734375 -19.000104904174805
			vertex -260.5864562988281 826.8558959960938 -19.000104904174805
		endloop
	endfacet
	facet normal 0 -0.9999953167586548 -0.0030604674084007432
		outer loop
			vertex -260.8273010253906 826.8462524414062 -15.849112510681152
			vertex -260.5864562988281 826.8558959960938 -19.000104904174805
			vertex -260.34564208984375 826.8462524414062 -15.849112510681152
		endloop
	endfacet
	facet normal -0.08718809912929362 -0.9961853093286761 0.0036145328813850307
		outer loop
			vertex -260.34564208984375 826.8462524414062 -15.849112510681152
			vertex -260.5864562988281 826.8558959960938 -19.000104904174805
			vertex -260.0655212402344 826.810302734375 -19.000104904174805
		endloop
	endfacet
	facet normal -0.16004042190598367 -0.9871060068468828 -0.002965569583890306
		outer loop
			vertex -260.34564208984375 826.8462524414062 -15.849112510681152
			vertex -260.0655212402344 826.810302734375 -19.000104904174805
			vertex -259.87017822265625 826.7691650390625 -15.849112510681152
		endloop
	endfacet
	facet normal -0.25875789862746096 -0.9659361159408512 0.0034307169809326813
		outer loop
			vertex -259.87017822265625 826.7691650390625 -15.849112510681152
			vertex -260.0655212402344 826.810302734375 -19.000104904174805
			vertex -259.5603942871094 826.6749877929688 -19.000104904174805
		endloop
	endfacet
	facet normal -0.31603651660136806 -0.9487431434620861 -0.0027143890938521502
		outer loop
			vertex -259.87017822265625 826.7691650390625 -15.849112510681152
			vertex -259.5603942871094 826.6749877929688 -19.000104904174805
			vertex -259.4132080078125 826.616943359375 -15.849112510681152
		endloop
	endfacet
	facet normal -0.42262790404697703 -0.9062981703741444 0.0030464893463765966
		outer loop
			vertex -259.4132080078125 826.616943359375 -15.849112510681152
			vertex -259.5603942871094 826.6749877929688 -19.000104904174805
			vertex -259.0864562988281 826.4539794921875 -19.000104904174805
		endloop
	endfacet
	facet normal -0.46366012148316743 -0.8860102676715788 -0.0022577260134378453
		outer loop
			vertex -259.4132080078125 826.616943359375 -15.849112510681152
			vertex -259.0864562988281 826.4539794921875 -19.000104904174805
			vertex -258.9864501953125 826.3936157226562 -15.849112510681152
		endloop
	endfacet
	facet normal -0.5167607217878357 -0.8561298712329312 0
		outer loop
			vertex -258.9864501953125 826.3936157226562 -15.849112510681152
			vertex -259.0864562988281 826.4539794921875 -19.000104904174805
			vertex -258.9864501953125 826.3936157226562 -16.04911231994629
		endloop
	endfacet
	facet normal -0.5735699486467476 -0.8191521977213827 0.002681599820291209
		outer loop
			vertex -258.9864501953125 826.3936157226562 -16.04911231994629
			vertex -259.0864562988281 826.4539794921875 -19.000104904174805
			vertex -258.6581115722656 826.154052734375 -19.000104904174805
		endloop
	endfacet
	facet normal -0.6024491128089539 -0.7981541616278786 -0.0022362360793726607
		outer loop
			vertex -258.9864501953125 826.3936157226562 -16.04911231994629
			vertex -258.6581115722656 826.154052734375 -19.000104904174805
			vertex -258.5845642089844 826.0902709960938 -16.04911231994629
		endloop
	endfacet
	facet normal -0.7070756674937031 -0.7071340263305712 0.0023386414537916915
		outer loop
			vertex -258.5845642089844 826.0902709960938 -16.04911231994629
			vertex -258.6581115722656 826.154052734375 -19.000104904174805
			vertex -258.288330078125 825.7843017578125 -19.000104904174805
		endloop
	endfacet
	facet normal -0.7274117829183926 -0.6861986507417132 -0.0018734438175757916
		outer loop
			vertex -258.5845642089844 826.0902709960938 -16.04911231994629
			vertex -258.288330078125 825.7843017578125 -19.000104904174805
			vertex -258.2390441894531 825.7239990234375 -16.04911231994629
		endloop
	endfacet
	facet normal -0.8191645458626001 -0.5735552301811865 0.001960799206086722
		outer loop
			vertex -258.2390441894531 825.7239990234375 -16.04911231994629
			vertex -258.288330078125 825.7843017578125 -19.000104904174805
			vertex -257.9883728027344 825.3558959960938 -19.000104904174805
		endloop
	endfacet
	facet normal -0.8319934468787455 -0.554783509085667 -0.0014705092375958731
		outer loop
			vertex -258.2390441894531 825.7239990234375 -16.04911231994629
			vertex -257.9883728027344 825.3558959960938 -19.000104904174805
			vertex -257.9596862792969 825.3050537109375 -16.04911231994629
		endloop
	endfacet
	facet normal -0.9063236679075477 -0.4225814345987478 0.0015297460813390234
		outer loop
			vertex -257.9596862792969 825.3050537109375 -16.04911231994629
			vertex -257.9883728027344 825.3558959960938 -19.000104904174805
			vertex -257.76739501953125 824.8819580078125 -19.000104904174805
		endloop
	endfacet
	facet normal -0.9130447318226639 -0.4078581604385058 -0.0010191440516055625
		outer loop
			vertex -257.9596862792969 825.3050537109375 -16.04911231994629
			vertex -257.76739501953125 824.8819580078125 -19.000104904174805
			vertex -257.7543029785156 824.8452758789062 -16.04911231994629
		endloop
	endfacet
	facet normal -0.9659266617018154 -0.258813723093738 0.0010681535211919128
		outer loop
			vertex -257.7543029785156 824.8452758789062 -16.04911231994629
			vertex -257.76739501953125 824.8819580078125 -19.000104904174805
			vertex -257.6320495605469 824.3768310546875 -19.000104904174805
		endloop
	endfacet
	facet normal -0.9683995897646966 -0.24940319889108317 -0.0005281348900948006
		outer loop
			vertex -257.7543029785156 824.8452758789062 -16.04911231994629
			vertex -257.6320495605469 824.3768310546875 -19.000104904174805
			vertex -257.62872314453125 824.357666015625 -16.04911231994629
		endloop
	endfacet
	facet normal -0.996191662538093 -0.08718865517468723 0.0005566852073600037
		outer loop
			vertex -257.62872314453125 824.357666015625 -16.04911231994629
			vertex -257.6320495605469 824.3768310546875 -19.000104904174805
			vertex -257.5864562988281 823.8558959960938 -19.000104904174805
		endloop
	endfacet
	facet normal -0.9964709602104348 -0.08393822405373143 0
		outer loop
			vertex -257.62872314453125 824.357666015625 -16.04911231994629
			vertex -257.5864562988281 823.8558959960938 -19.000104904174805
			vertex -257.5864562988281 823.8558959960938 -16.04911231994629
		endloop
	endfacet
	facet normal -0.9964709602104348 0.08393822405373143 0
		outer loop
			vertex -257.5864562988281 823.8558959960938 -16.04911231994629
			vertex -257.5864562988281 823.8558959960938 -19.000104904174805
			vertex -257.62872314453125 823.3541259765625 -16.04911231994629
		endloop
	endfacet
	facet normal -0.996191662538093 0.08718865517468723 0.0005566852073600037
		outer loop
			vertex -257.62872314453125 823.3541259765625 -16.04911231994629
			vertex -257.5864562988281 823.8558959960938 -19.000104904174805
			vertex -257.6320495605469 823.3349609375 -19.000104904174805
		endloop
	endfacet
	facet normal -0.9683995897646966 0.24940319889108317 -0.0005281348900948006
		outer loop
			vertex -257.62872314453125 823.3541259765625 -16.04911231994629
			vertex -257.6320495605469 823.3349609375 -19.000104904174805
			vertex -257.7543029785156 822.8665161132812 -16.04911231994629
		endloop
	endfacet
	facet normal -0.9659266617018154 0.258813723093738 0.0010681535211919128
		outer loop
			vertex -257.7543029785156 822.8665161132812 -16.04911231994629
			vertex -257.6320495605469 823.3349609375 -19.000104904174805
			vertex -257.76739501953125 822.829833984375 -19.000104904174805
		endloop
	endfacet
	facet normal -0.9130245654406792 0.40790330094369165 -0.0010197946357312097
		outer loop
			vertex -257.7543029785156 822.8665161132812 -16.04911231994629
			vertex -257.76739501953125 822.829833984375 -19.000104904174805
			vertex -257.9596862792969 822.4067993164062 -16.04911231994629
		endloop
	endfacet
	facet normal -0.9063236799907652 0.4225814402326549 0.0015210058817919261
		outer loop
			vertex -257.9596862792969 822.4067993164062 -16.04911231994629
			vertex -257.76739501953125 822.829833984375 -19.000104904174805
			vertex -257.9883728027344 822.3558959960938 -19.000104904174805
		endloop
	endfacet
	facet normal -0.8319934327853946 0.5547834996880465 -0.0014819837578173374
		outer loop
			vertex -257.9596862792969 822.4067993164062 -16.04911231994629
			vertex -257.9883728027344 822.3558959960938 -19.000104904174805
			vertex -258.2390441894531 821.9878540039062 -16.04911231994629
		endloop
	endfacet
	facet normal -0.8191261505372291 0.5736100693666589 0.0019590373241374325
		outer loop
			vertex -258.2390441894531 821.9878540039062 -16.04911231994629
			vertex -257.9883728027344 822.3558959960938 -19.000104904174805
			vertex -258.288330078125 821.9275512695312 -19.000104904174805
		endloop
	endfacet
	facet normal -0.7274688549331534 0.6861381519121262 -0.0018712543543250566
		outer loop
			vertex -258.2390441894531 821.9878540039062 -16.04911231994629
			vertex -258.288330078125 821.9275512695312 -19.000104904174805
			vertex -258.5845642089844 821.6215209960938 -16.04911231994629
		endloop
	endfacet
	facet normal -0.70707564323324 0.7071340020681057 0.0023532669725902506
		outer loop
			vertex -258.5845642089844 821.6215209960938 -16.04911231994629
			vertex -258.288330078125 821.9275512695312 -19.000104904174805
			vertex -258.6581115722656 821.5578002929688 -19.000104904174805
		endloop
	endfacet
	facet normal -0.602449134966966 0.798154190983901 -0.0022197279989037747
		outer loop
			vertex -258.5845642089844 821.6215209960938 -16.04911231994629
			vertex -258.6581115722656 821.5578002929688 -19.000104904174805
			vertex -258.9864501953125 821.3181762695312 -16.04911231994629
		endloop
	endfacet
	facet normal -0.5736482569320177 0.8190973483517601 0.0026853755739983665
		outer loop
			vertex -258.9864501953125 821.3181762695312 -16.04911231994629
			vertex -258.6581115722656 821.5578002929688 -19.000104904174805
			vertex -259.0864562988281 821.2578125 -19.000104904174805
		endloop
	endfacet
	facet normal -0.46453236939407705 0.8855529640984416 -0.0023718266355456934
		outer loop
			vertex -258.9864501953125 821.3181762695312 -16.04911231994629
			vertex -259.0864562988281 821.2578125 -19.000104904174805
			vertex -259.4132080078125 821.0948486328125 -15.849111557006836
		endloop
	endfacet
	facet normal -0.4226279040481642 0.9062981703766901 0.003046488424339842
		outer loop
			vertex -259.4132080078125 821.0948486328125 -15.849111557006836
			vertex -259.0864562988281 821.2578125 -19.000104904174805
			vertex -259.5603942871094 821.0368041992188 -19.000104904174805
		endloop
	endfacet
	facet normal -0.3159224424875014 0.9487811178916659 -0.0027204163233333013
		outer loop
			vertex -259.4132080078125 821.0948486328125 -15.849111557006836
			vertex -259.5603942871094 821.0368041992188 -19.000104904174805
			vertex -259.87017822265625 820.9426879882812 -15.849111557006836
		endloop
	endfacet
	facet normal -0.2587579151926988 0.9659361777784283 0.0034120058512091757
		outer loop
			vertex -259.87017822265625 820.9426879882812 -15.849111557006836
			vertex -259.5603942871094 821.0368041992188 -19.000104904174805
			vertex -260.0655212402344 820.9014892578125 -19.000104904174805
		endloop
	endfacet
	facet normal -0.160040412802419 0.9871059506974221 -0.002984688889953301
		outer loop
			vertex -259.87017822265625 820.9426879882812 -15.849111557006836
			vertex -260.0655212402344 820.9014892578125 -19.000104904174805
			vertex -260.34564208984375 820.8656005859375 -15.849111557006836
		endloop
	endfacet
	facet normal -0.08718810519450446 0.9961853786279726 0.003595235796837723
		outer loop
			vertex -260.34564208984375 820.8656005859375 -15.849111557006836
			vertex -260.0655212402344 820.9014892578125 -19.000104904174805
			vertex -260.5864562988281 820.8558959960938 -19.000104904174805
		endloop
	endfacet
	facet normal 0 0.9999952572928128 -0.003079836340005031
		outer loop
			vertex -260.34564208984375 820.8656005859375 -15.849111557006836
			vertex -260.5864562988281 820.8558959960938 -19.000104904174805
			vertex -260.8273010253906 820.8656005859375 -15.849111557006836
		endloop
	endfacet
	facet normal 0.08718811799604477 0.9961853744560968 0.00359608121070826
		outer loop
			vertex -260.8273010253906 820.8656005859375 -15.849111557006836
			vertex -260.5864562988281 820.8558959960938 -19.000104904174805
			vertex -261.1073913574219 820.9014892578125 -19.000102996826172
		endloop
	endfacet
	facet normal 0.16005042279338874 0.9871043296509119 -0.002984048940878081
		outer loop
			vertex -260.8273010253906 820.8656005859375 -15.849111557006836
			vertex -261.1073913574219 820.9014892578125 -19.000102996826172
			vertex -261.302734375 820.9426879882812 -15.849111557006836
		endloop
	endfacet
	facet normal 0.2587579151908754 0.9659361777716213 0.00341200791653022
		outer loop
			vertex -261.302734375 820.9426879882812 -15.849111557006836
			vertex -261.1073913574219 820.9014892578125 -19.000102996826172
			vertex -261.6125183105469 821.0368041992188 -19.000102996826172
		endloop
	endfacet
	facet normal 0.31592244248608614 0.9487811178874156 -0.002720417970035317
		outer loop
			vertex -261.302734375 820.9426879882812 -15.849111557006836
			vertex -261.6125183105469 821.0368041992188 -19.000102996826172
			vertex -261.75970458984375 821.0948486328125 -15.849111557006836
		endloop
	endfacet
	facet normal 0.4226279040457899 0.9062981703715987 0.0030464902684139102
		outer loop
			vertex -261.75970458984375 821.0948486328125 -15.849111557006836
			vertex -261.6125183105469 821.0368041992188 -19.000102996826172
			vertex -262.0864562988281 821.2578125 -19.000102996826172
		endloop
	endfacet
	facet normal 0.4636601214824522 0.8860102676702121 -0.0022577266967543125
		outer loop
			vertex -261.75970458984375 821.0948486328125 -15.849111557006836
			vertex -262.0864562988281 821.2578125 -19.000102996826172
			vertex -262.18646240234375 821.3181762695312 -15.849111557006836
		endloop
	endfacet
	facet normal 0.5167607217878358 0.8561298712329312 0
		outer loop
			vertex -262.18646240234375 821.3181762695312 -15.849111557006836
			vertex -262.0864562988281 821.2578125 -19.000102996826172
			vertex -262.18646240234375 821.3181762695312 -16.049110412597656
		endloop
	endfacet
	facet normal 0.5736208393864177 0.8191165536589161 0.002684053569104414
		outer loop
			vertex -262.18646240234375 821.3181762695312 -16.049110412597656
			vertex -262.0864562988281 821.2578125 -19.000102996826172
			vertex -262.51483154296875 821.5578002929688 -19.000102996826172
		endloop
	endfacet
	facet normal 0.6024199907598841 0.7981761849404098 -0.0022209292726643355
		outer loop
			vertex -262.18646240234375 821.3181762695312 -16.049110412597656
			vertex -262.51483154296875 821.5578002929688 -19.000102996826172
			vertex -262.58837890625 821.6215209960938 -16.049110412597656
		endloop
	endfacet
	facet normal 0.7071048209935106 0.7071048209935106 0.0023546242738409916
		outer loop
			vertex -262.58837890625 821.6215209960938 -16.049110412597656
			vertex -262.51483154296875 821.5578002929688 -19.000102996826172
			vertex -262.88458251953125 821.9275512695312 -19.000102996826172
		endloop
	endfacet
	facet normal 0.7274991064040739 0.6861060799400633 -0.00187009372848735
		outer loop
			vertex -262.58837890625 821.6215209960938 -16.049110412597656
			vertex -262.88458251953125 821.9275512695312 -19.000102996826172
			vertex -262.9338684082031 821.9878540039062 -16.049110412597656
		endloop
	endfacet
	facet normal 0.8191261505372291 0.5736100693666589 0.0019590373241374325
		outer loop
			vertex -262.9338684082031 821.9878540039062 -16.049110412597656
			vertex -262.88458251953125 821.9275512695312 -19.000102996826172
			vertex -263.1845397949219 822.3558959960938 -19.000102996826172
		endloop
	endfacet
	facet normal 0.8319654678673624 0.5548254558803688 -0.001474375590480861
		outer loop
			vertex -262.9338684082031 821.9878540039062 -16.049110412597656
			vertex -263.1845397949219 822.3558959960938 -19.000102996826172
			vertex -263.2132568359375 822.4067993164062 -16.049110412597656
		endloop
	endfacet
	facet normal 0.9063013162650058 0.422629371049013 0.001529334179909039
		outer loop
			vertex -263.2132568359375 822.4067993164062 -16.049110412597656
			vertex -263.1845397949219 822.3558959960938 -19.000102996826172
			vertex -263.4055480957031 822.829833984375 -19.000102996826172
		endloop
	endfacet
	facet normal 0.9130471290887813 0.40785277028932615 -0.0010285086565822413
		outer loop
			vertex -263.2132568359375 822.4067993164062 -16.049110412597656
			vertex -263.4055480957031 822.829833984375 -19.000102996826172
			vertex -263.4186096191406 822.8665161132812 -16.049110412597656
		endloop
	endfacet
	facet normal 0.9659266719599517 0.2588137258423384 0.0010581644384145869
		outer loop
			vertex -263.4186096191406 822.8665161132812 -16.049110412597656
			vertex -263.4055480957031 822.829833984375 -19.000102996826172
			vertex -263.5408935546875 823.3349609375 -19.000102996826172
		endloop
	endfacet
	facet normal 0.9683995845941769 0.2494031975594591 -0.0005381495549284872
		outer loop
			vertex -263.4186096191406 822.8665161132812 -16.049110412597656
			vertex -263.5408935546875 823.3349609375 -19.000102996826172
			vertex -263.544189453125 823.3541259765625 -16.049110412597656
		endloop
	endfacet
	facet normal 0.9961967352173232 0.08713073964144484 0.0005467649234009816
		outer loop
			vertex -263.544189453125 823.3541259765625 -16.049110412597656
			vertex -263.5408935546875 823.3349609375 -19.000102996826172
			vertex -263.5864562988281 823.8558959960938 -19.000102996826172
		endloop
	endfacet
	facet normal -0.46366130320125565 0.8860125258221316 0
		outer loop
			vertex -259.4132080078125 821.0948486328125 -15.849111557006836
			vertex -258.9864501953125 821.3181762695312 -15.849111557006836
			vertex -258.9864501953125 821.3181762695312 -16.04911231994629
		endloop
	endfacet
	facet normal 0.46366130320125565 -0.8860125258221316 0
		outer loop
			vertex -261.75970458984375 826.616943359375 -15.849111557006836
			vertex -262.18646240234375 826.3936157226562 -15.849111557006836
			vertex -262.18646240234375 826.3936157226562 -16.04911231994629
		endloop
	endfacet
	facet normal 0 0 -1
		outer loop
			vertex -258.9864501953125 747.4777221679688 -16.049102783203125
			vertex -258.5845642089844 747.17431640625 -16.049102783203125
			vertex -258.9864501953125 742.4022827148438 -16.049102783203125
		endloop
	endfacet
	facet normal 0 0 -1
		outer loop
			vertex -258.9864501953125 742.4022827148438 -16.049102783203125
			vertex -258.5845642089844 747.17431640625 -16.049102783203125
			vertex -258.5845642089844 742.7056274414062 -16.049102783203125
		endloop
	endfacet
	facet normal 0 0 -1
		outer loop
			vertex -258.5845642089844 742.7056274414062 -16.049102783203125
			vertex -258.5845642089844 747.17431640625 -16.049102783203125
			vertex -258.2390441894531 743.0718994140625 -16.049102783203125
		endloop
	endfacet
	facet normal 0 0 -1
		outer loop
			vertex -258.2390441894531 743.0718994140625 -16.049102783203125
			vertex -258.5845642089844 747.17431640625 -16.049102783203125
			vertex -258.2390441894531 746.8080444335938 -16.049102783203125
		endloop
	endfacet
	facet normal 0 0 -1
		outer loop
			vertex -258.2390441894531 743.0718994140625 -16.049102783203125
			vertex -258.2390441894531 746.8080444335938 -16.049102783203125
			vertex -257.9596862792969 743.4908447265625 -16.049102783203125
		endloop
	endfacet
	facet normal 0 0 -1
		outer loop
			vertex -257.9596862792969 743.4908447265625 -16.049102783203125
			vertex -258.2390441894531 746.8080444335938 -16.049102783203125
			vertex -257.9596862792969 746.3890991210938 -16.049102783203125
		endloop
	endfacet
	facet normal 0 0 -1
		outer loop
			vertex -257.9596862792969 743.4908447265625 -16.049102783203125
			vertex -257.9596862792969 746.3890991210938 -16.049102783203125
			vertex -257.7543029785156 743.9506225585938 -16.049102783203125
		endloop
	endfacet
	facet normal 0 0 -1
		outer loop
			vertex -257.7543029785156 743.9506225585938 -16.049102783203125
			vertex -257.9596862792969 746.3890991210938 -16.049102783203125
			vertex -257.7543029785156 745.9293823242188 -16.049102783203125
		endloop
	endfacet
	facet normal 0 0 -1
		outer loop
			vertex -257.7543029785156 743.9506225585938 -16.049102783203125
			vertex -257.7543029785156 745.9293823242188 -16.049102783203125
			vertex -257.62872314453125 744.438232421875 -16.049102783203125
		endloop
	endfacet
	facet normal 0 0 -1
		outer loop
			vertex -257.62872314453125 744.438232421875 -16.049102783203125
			vertex -257.7543029785156 745.9293823242188 -16.049102783203125
			vertex -257.62872314453125 745.4417114257812 -16.049102783203125
		endloop
	endfacet
	facet normal 0 0 -1
		outer loop
			vertex -257.62872314453125 744.438232421875 -16.049102783203125
			vertex -257.62872314453125 745.4417114257812 -16.049102783203125
			vertex -257.5864562988281 744.9400024414062 -16.049102783203125
		endloop
	endfacet
	facet normal -4.0641947692172036e-7 7.765733186384825e-7 -0.999999999999616
		outer loop
			vertex -261.7597351074219 747.7010498046875 -15.849102020263672
			vertex -259.4132080078125 747.7010498046875 -15.849102973937988
			vertex -262.18646240234375 747.4777221679688 -15.849102020263672
		endloop
	endfacet
	facet normal -2.9802208701285115e-7 -5.694917825618626e-7 -0.9999999999997935
		outer loop
			vertex -262.18646240234375 747.4777221679688 -15.849102020263672
			vertex -259.4132080078125 747.7010498046875 -15.849102973937988
			vertex -258.9864501953125 747.4777221679688 -15.849102973937988
		endloop
	endfacet
	facet normal -2.980220870128995e-7 0 -0.9999999999999556
		outer loop
			vertex -262.18646240234375 747.4777221679688 -15.849102020263672
			vertex -258.9864501953125 747.4777221679688 -15.849102973937988
			vertex -262.18646240234375 746.5399780273438 -15.849102020263672
		endloop
	endfacet
	facet normal -2.980220870128995e-7 0 -0.9999999999999556
		outer loop
			vertex -262.18646240234375 746.5399780273438 -15.849102020263672
			vertex -258.9864501953125 747.4777221679688 -15.849102973937988
			vertex -258.9864501953125 746.5399780273438 -15.849102973937988
		endloop
	endfacet
	facet normal -4.064194769215401e-7 -0.000001220562624834164 -0.9999999999991726
		outer loop
			vertex -259.4132080078125 747.7010498046875 -15.849102973937988
			vertex -261.7597351074219 747.7010498046875 -15.849102020263672
			vertex -259.87017822265625 747.8532104492188 -15.849102973937988
		endloop
	endfacet
	facet normal -6.657151378281839e-7 0.000001999415200356409 -0.9999999999977796
		outer loop
			vertex -259.87017822265625 747.8532104492188 -15.849102973937988
			vertex -261.7597351074219 747.7010498046875 -15.849102020263672
			vertex -261.302734375 747.8532104492188 -15.849102020263672
		endloop
	endfacet
	facet normal -6.657151378239028e-7 -0.000004106033985469678 -0.9999999999913488
		outer loop
			vertex -259.87017822265625 747.8532104492188 -15.849102973937988
			vertex -261.302734375 747.8532104492188 -15.849102020263672
			vertex -260.34564208984375 747.9302978515625 -15.849102973937988
		endloop
	endfacet
	facet normal 0 -0.000012371338082980442 -0.999999999923475
		outer loop
			vertex -260.34564208984375 747.9302978515625 -15.849102973937988
			vertex -261.302734375 747.8532104492188 -15.849102020263672
			vertex -260.8273010253906 747.9302978515625 -15.849102973937988
		endloop
	endfacet
	facet normal 0 0 -1
		outer loop
			vertex -262.18646240234375 743.3399658203125 -15.849102020263672
			vertex -258.9864501953125 743.3399658203125 -15.849102020263672
			vertex -262.18646240234375 742.4022827148438 -15.849102020263672
		endloop
	endfacet
	facet normal 0 0 -1
		outer loop
			vertex -262.18646240234375 742.4022827148438 -15.849102020263672
			vertex -258.9864501953125 743.3399658203125 -15.849102020263672
			vertex -258.9864501953125 742.4022827148438 -15.849102020263672
		endloop
	endfacet
	facet normal 0 0 -1
		outer loop
			vertex -262.18646240234375 742.4022827148438 -15.849102020263672
			vertex -258.9864501953125 742.4022827148438 -15.849102020263672
			vertex -261.7597351074219 742.1788940429688 -15.849102020263672
		endloop
	endfacet
	facet normal 0 0 -1
		outer loop
			vertex -261.7597351074219 742.1788940429688 -15.849102020263672
			vertex -258.9864501953125 742.4022827148438 -15.849102020263672
			vertex -259.4132080078125 742.1788940429688 -15.849102020263672
		endloop
	endfacet
	facet normal 0 0 -1
		outer loop
			vertex -261.7597351074219 742.1788940429688 -15.849102020263672
			vertex -259.4132080078125 742.1788940429688 -15.849102020263672
			vertex -261.302734375 742.0267333984375 -15.849102020263672
		endloop
	endfacet
	facet normal 0 0 -1
		outer loop
			vertex -261.302734375 742.0267333984375 -15.849102020263672
			vertex -259.4132080078125 742.1788940429688 -15.849102020263672
			vertex -259.87017822265625 742.0267333984375 -15.849102020263672
		endloop
	endfacet
	facet normal 0 0 -1
		outer loop
			vertex -261.302734375 742.0267333984375 -15.849102020263672
			vertex -259.87017822265625 742.0267333984375 -15.849102020263672
			vertex -260.8273010253906 741.9496459960938 -15.849102020263672
		endloop
	endfacet
	facet normal 0 0 -1
		outer loop
			vertex -260.8273010253906 741.9496459960938 -15.849102020263672
			vertex -259.87017822265625 742.0267333984375 -15.849102020263672
			vertex -260.34564208984375 741.9496459960938 -15.849102020263672
		endloop
	endfacet
	facet normal -1 0 0
		outer loop
			vertex -258.9864501953125 747.4777221679688 -15.849102973937988
			vertex -258.9864501953125 747.4777221679688 -16.049102783203125
			vertex -258.9864501953125 746.5399780273438 -15.849102973937988
		endloop
	endfacet
	facet normal -1 0 0
		outer loop
			vertex -258.9864501953125 746.5399780273438 -15.849102973937988
			vertex -258.9864501953125 747.4777221679688 -16.049102783203125
			vertex -258.9864501953125 742.4022827148438 -16.049102783203125
		endloop
	endfacet
	facet normal -1 0 0
		outer loop
			vertex -258.9864501953125 746.5399780273438 -15.849102973937988
			vertex -258.9864501953125 742.4022827148438 -16.049102783203125
			vertex -258.9864501953125 743.3399658203125 -15.849102020263672
		endloop
	endfacet
	facet normal -1 0 0
		outer loop
			vertex -258.9864501953125 743.3399658203125 -15.849102020263672
			vertex -258.9864501953125 742.4022827148438 -16.049102783203125
			vertex -258.9864501953125 742.4022827148438 -15.849102020263672
		endloop
	endfacet
	facet normal -1 0 0
		outer loop
			vertex -258.9864501953125 743.3399658203125 -15.649102210998535
			vertex -258.9864501953125 744.9400024414062 -15.649102210998535
			vertex -258.9864501953125 743.3399658203125 -15.849102020263672
		endloop
	endfacet
	facet normal -1 0 0
		outer loop
			vertex -258.9864501953125 743.3399658203125 -15.849102020263672
			vertex -258.9864501953125 744.9400024414062 -15.649102210998535
			vertex -258.9864501953125 746.5399780273438 -15.849102973937988
		endloop
	endfacet
	facet normal -1 0 0
		outer loop
			vertex -258.9864501953125 744.9400024414062 -15.649102210998535
			vertex -258.9864501953125 746.5399780273438 -15.649102210998535
			vertex -258.9864501953125 746.5399780273438 -15.849102973937988
		endloop
	endfacet
	facet normal 1 0 0
		outer loop
			vertex -262.18646240234375 742.4022827148438 -15.849102020263672
			vertex -262.18646240234375 742.4022827148438 -16.049100875854492
			vertex -262.18646240234375 743.3399658203125 -15.849102020263672
		endloop
	endfacet
	facet normal 1 0 0
		outer loop
			vertex -262.18646240234375 743.3399658203125 -15.849102020263672
			vertex -262.18646240234375 742.4022827148438 -16.049100875854492
			vertex -262.18646240234375 747.4777221679688 -16.049102783203125
		endloop
	endfacet
	facet normal 1 0 0
		outer loop
			vertex -262.18646240234375 743.3399658203125 -15.849102020263672
			vertex -262.18646240234375 747.4777221679688 -16.049102783203125
			vertex -262.18646240234375 746.5399780273438 -15.849102020263672
		endloop
	endfacet
	facet normal 1 0 0
		outer loop
			vertex -262.18646240234375 746.5399780273438 -15.849102020263672
			vertex -262.18646240234375 747.4777221679688 -16.049102783203125
			vertex -262.18646240234375 747.4777221679688 -15.849102020263672
		endloop
	endfacet
	facet normal 1 0 0
		outer loop
			vertex -262.18646240234375 746.5399780273438 -15.649102210998535
			vertex -262.18646240234375 744.9400024414062 -15.649102210998535
			vertex -262.18646240234375 746.5399780273438 -15.849102020263672
		endloop
	endfacet
	facet normal 1 0 0
		outer loop
			vertex -262.18646240234375 746.5399780273438 -15.849102020263672
			vertex -262.18646240234375 744.9400024414062 -15.649102210998535
			vertex -262.18646240234375 743.3399658203125 -15.849102020263672
		endloop
	endfacet
	facet normal 1 0 0
		outer loop
			vertex -262.18646240234375 744.9400024414062 -15.649102210998535
			vertex -262.18646240234375 743.3399658203125 -15.649102210998535
			vertex -262.18646240234375 743.3399658203125 -15.849102020263672
		endloop
	endfacet
	facet normal 2.836902532232925e-7 -3.7579970176531506e-7 -0.9999999999998892
		outer loop
			vertex -262.18646240234375 747.4777221679688 -16.049102783203125
			vertex -262.18646240234375 742.4022827148438 -16.049100875854492
			vertex -262.58837890625 747.17431640625 -16.049102783203125
		endloop
	endfacet
	facet normal -3.221443838423636e-7 -4.268251041452644e-7 -0.9999999999998571
		outer loop
			vertex -262.58837890625 747.17431640625 -16.049102783203125
			vertex -262.18646240234375 742.4022827148438 -16.049100875854492
			vertex -262.58837890625 742.7056274414062 -16.049100875854492
		endloop
	endfacet
	facet normal -4.5250021199109666e-7 -4.268251041452429e-7 -0.9999999999998067
		outer loop
			vertex -262.58837890625 747.17431640625 -16.049102783203125
			vertex -262.58837890625 742.7056274414062 -16.049100875854492
			vertex -262.9338684082031 743.0718994140625 -16.049100875854492
		endloop
	endfacet
	facet normal 5.412216852780517e-7 -5.105124728405951e-7 -0.9999999999997232
		outer loop
			vertex -262.58837890625 747.17431640625 -16.049102783203125
			vertex -262.9338684082031 743.0718994140625 -16.049100875854492
			vertex -262.9338684082031 746.8080444335938 -16.049102783203125
		endloop
	endfacet
	facet normal -7.655177746755504e-7 -5.105124728405204e-7 -0.9999999999995768
		outer loop
			vertex -262.9338684082031 746.8080444335938 -16.049102783203125
			vertex -262.9338684082031 743.0718994140625 -16.049100875854492
			vertex -263.2132568359375 743.4908447265625 -16.049100875854492
		endloop
	endfacet
	facet normal 9.868303578224983e-7 -6.581025587022854e-7 -0.9999999999992967
		outer loop
			vertex -262.9338684082031 746.8080444335938 -16.049102783203125
			vertex -263.2132568359375 743.4908447265625 -16.049100875854492
			vertex -263.2132568359375 746.3890991210938 -16.049102783203125
		endloop
	endfacet
	facet normal -0.000001473469036915247 -6.581025587018914e-7 -0.9999999999986979
		outer loop
			vertex -263.2132568359375 746.3890991210938 -16.049102783203125
			vertex -263.2132568359375 743.4908447265625 -16.049100875854492
			vertex -263.4186096191406 743.9506225585938 -16.049100875854492
		endloop
	endfacet
	facet normal -0.000009288155743394868 0 -0.9999999999568652
		outer loop
			vertex -263.2132568359375 746.3890991210938 -16.049102783203125
			vertex -263.4186096191406 743.9506225585938 -16.049100875854492
			vertex -263.4186096191406 745.9293823242188 -16.049100875854492
		endloop
	endfacet
	facet normal 0 0 -1
		outer loop
			vertex -263.4186096191406 745.9293823242188 -16.049100875854492
			vertex -263.4186096191406 743.9506225585938 -16.049100875854492
			vertex -263.5442199707031 744.438232421875 -16.049100875854492
		endloop
	endfacet
	facet normal 0 0 -1
		outer loop
			vertex -263.4186096191406 745.9293823242188 -16.049100875854492
			vertex -263.5442199707031 744.438232421875 -16.049100875854492
			vertex -263.5442199707031 745.4417114257812 -16.049100875854492
		endloop
	endfacet
	facet normal 0 0 -1
		outer loop
			vertex -263.5442199707031 745.4417114257812 -16.049100875854492
			vertex -263.5442199707031 744.438232421875 -16.049100875854492
			vertex -263.5864562988281 744.9400024414062 -16.049100875854492
		endloop
	endfacet
	facet normal 0 -1 0
		outer loop
			vertex -262.18646240234375 746.5399780273438 -15.649102210998535
			vertex -262.18646240234375 746.5399780273438 -15.849102020263672
			vertex -260.5864562988281 746.5399780273438 -15.649102210998535
		endloop
	endfacet
	facet normal 0 -1 0
		outer loop
			vertex -260.5864562988281 746.5399780273438 -15.649102210998535
			vertex -262.18646240234375 746.5399780273438 -15.849102020263672
			vertex -258.9864501953125 746.5399780273438 -15.849102973937988
		endloop
	endfacet
	facet normal 0 -1 0
		outer loop
			vertex -260.5864562988281 746.5399780273438 -15.649102210998535
			vertex -258.9864501953125 746.5399780273438 -15.849102973937988
			vertex -258.9864501953125 746.5399780273438 -15.649102210998535
		endloop
	endfacet
	facet normal 0 0 -1
		outer loop
			vertex -258.9864501953125 744.9400024414062 -15.649102210998535
			vertex -259.0107727050781 745.2178344726562 -15.649102210998535
			vertex -258.9864501953125 746.5399780273438 -15.649102210998535
		endloop
	endfacet
	facet normal 0 0 -1
		outer loop
			vertex -258.9864501953125 746.5399780273438 -15.649102210998535
			vertex -259.0107727050781 745.2178344726562 -15.649102210998535
			vertex -259.08294677734375 745.4871826171875 -15.649102210998535
		endloop
	endfacet
	facet normal 0 0 -1
		outer loop
			vertex -258.9864501953125 746.5399780273438 -15.649102210998535
			vertex -259.08294677734375 745.4871826171875 -15.649102210998535
			vertex -259.2008361816406 745.739990234375 -15.649102210998535
		endloop
	endfacet
	facet normal 0 0 -1
		outer loop
			vertex -259.2008361816406 745.739990234375 -15.649102210998535
			vertex -259.36077880859375 745.9684448242188 -15.649102210998535
			vertex -258.9864501953125 746.5399780273438 -15.649102210998535
		endloop
	endfacet
	facet normal 0 0 -1
		outer loop
			vertex -258.9864501953125 746.5399780273438 -15.649102210998535
			vertex -259.36077880859375 745.9684448242188 -15.649102210998535
			vertex -259.5580139160156 746.1656494140625 -15.649102210998535
		endloop
	endfacet
	facet normal 0 0 -1
		outer loop
			vertex -258.9864501953125 746.5399780273438 -15.649102210998535
			vertex -259.5580139160156 746.1656494140625 -15.649102210998535
			vertex -259.7864685058594 746.3256225585938 -15.649102210998535
		endloop
	endfacet
	facet normal 0 0 -1
		outer loop
			vertex -259.7864685058594 746.3256225585938 -15.649102210998535
			vertex -260.03924560546875 746.4434814453125 -15.649102210998535
			vertex -258.9864501953125 746.5399780273438 -15.649102210998535
		endloop
	endfacet
	facet normal 0 0 -1
		outer loop
			vertex -258.9864501953125 746.5399780273438 -15.649102210998535
			vertex -260.03924560546875 746.4434814453125 -15.649102210998535
			vertex -260.3086242675781 746.5156860351562 -15.649102210998535
		endloop
	endfacet
	facet normal 0 0 -1
		outer loop
			vertex -258.9864501953125 746.5399780273438 -15.649102210998535
			vertex -260.3086242675781 746.5156860351562 -15.649102210998535
			vertex -260.5864562988281 746.5399780273438 -15.649102210998535
		endloop
	endfacet
	facet normal 0 0 -1
		outer loop
			vertex -260.5864562988281 743.3399658203125 -15.649102210998535
			vertex -260.3086242675781 743.3643188476562 -15.649102210998535
			vertex -258.9864501953125 743.3399658203125 -15.649102210998535
		endloop
	endfacet
	facet normal 0 0 -1
		outer loop
			vertex -258.9864501953125 743.3399658203125 -15.649102210998535
			vertex -260.3086242675781 743.3643188476562 -15.649102210998535
			vertex -260.03924560546875 743.4364624023438 -15.649102210998535
		endloop
	endfacet
	facet normal 0 0 -1
		outer loop
			vertex -258.9864501953125 743.3399658203125 -15.649102210998535
			vertex -260.03924560546875 743.4364624023438 -15.649102210998535
			vertex -259.7864685058594 743.5543212890625 -15.649102210998535
		endloop
	endfacet
	facet normal 0 0 -1
		outer loop
			vertex -259.7864685058594 743.5543212890625 -15.649102210998535
			vertex -259.5580139160156 743.7142944335938 -15.649102210998535
			vertex -258.9864501953125 743.3399658203125 -15.649102210998535
		endloop
	endfacet
	facet normal 0 0 -1
		outer loop
			vertex -258.9864501953125 743.3399658203125 -15.649102210998535
			vertex -259.5580139160156 743.7142944335938 -15.649102210998535
			vertex -259.36077880859375 743.9114990234375 -15.649102210998535
		endloop
	endfacet
	facet normal 0 0 -1
		outer loop
			vertex -258.9864501953125 743.3399658203125 -15.649102210998535
			vertex -259.36077880859375 743.9114990234375 -15.649102210998535
			vertex -259.2008361816406 744.1399536132812 -15.649102210998535
		endloop
	endfacet
	facet normal 0 0 -1
		outer loop
			vertex -259.2008361816406 744.1399536132812 -15.649102210998535
			vertex -259.08294677734375 744.3927612304688 -15.649102210998535
			vertex -258.9864501953125 743.3399658203125 -15.649102210998535
		endloop
	endfacet
	facet normal 0 0 -1
		outer loop
			vertex -258.9864501953125 743.3399658203125 -15.649102210998535
			vertex -259.08294677734375 744.3927612304688 -15.649102210998535
			vertex -259.0107727050781 744.6621704101562 -15.649102210998535
		endloop
	endfacet
	facet normal 0 0 -1
		outer loop
			vertex -258.9864501953125 743.3399658203125 -15.649102210998535
			vertex -259.0107727050781 744.6621704101562 -15.649102210998535
			vertex -258.9864501953125 744.9400024414062 -15.649102210998535
		endloop
	endfacet
	facet normal 0 0 -1
		outer loop
			vertex -262.18646240234375 744.9400024414062 -15.649102210998535
			vertex -262.16217041015625 744.6621704101562 -15.649102210998535
			vertex -262.18646240234375 743.3399658203125 -15.649102210998535
		endloop
	endfacet
	facet normal 0 0 -1
		outer loop
			vertex -262.18646240234375 743.3399658203125 -15.649102210998535
			vertex -262.16217041015625 744.6621704101562 -15.649102210998535
			vertex -262.0899658203125 744.3927612304688 -15.649102210998535
		endloop
	endfacet
	facet normal 0 0 -1
		outer loop
			vertex -262.18646240234375 743.3399658203125 -15.649102210998535
			vertex -262.0899658203125 744.3927612304688 -15.649102210998535
			vertex -261.97210693359375 744.1399536132812 -15.649102210998535
		endloop
	endfacet
	facet normal 0 0 -1
		outer loop
			vertex -261.97210693359375 744.1399536132812 -15.649102210998535
			vertex -261.8121337890625 743.9114990234375 -15.649102210998535
			vertex -262.18646240234375 743.3399658203125 -15.649102210998535
		endloop
	endfacet
	facet normal 0 0 -1
		outer loop
			vertex -262.18646240234375 743.3399658203125 -15.649102210998535
			vertex -261.8121337890625 743.9114990234375 -15.649102210998535
			vertex -261.61492919921875 743.7142944335938 -15.649102210998535
		endloop
	endfacet
	facet normal 0 0 -1
		outer loop
			vertex -262.18646240234375 743.3399658203125 -15.649102210998535
			vertex -261.61492919921875 743.7142944335938 -15.649102210998535
			vertex -261.386474609375 743.5543212890625 -15.649102210998535
		endloop
	endfacet
	facet normal 0 0 -1
		outer loop
			vertex -261.386474609375 743.5543212890625 -15.649102210998535
			vertex -261.1336975097656 743.4364624023438 -15.649102210998535
			vertex -262.18646240234375 743.3399658203125 -15.649102210998535
		endloop
	endfacet
	facet normal 0 0 -1
		outer loop
			vertex -262.18646240234375 743.3399658203125 -15.649102210998535
			vertex -261.1336975097656 743.4364624023438 -15.649102210998535
			vertex -260.8642883300781 743.3643188476562 -15.649102210998535
		endloop
	endfacet
	facet normal 0 0 -1
		outer loop
			vertex -262.18646240234375 743.3399658203125 -15.649102210998535
			vertex -260.8642883300781 743.3643188476562 -15.649102210998535
			vertex -260.5864562988281 743.3399658203125 -15.649102210998535
		endloop
	endfacet
	facet normal 0 0 -1
		outer loop
			vertex -260.5864562988281 746.5399780273438 -15.649102210998535
			vertex -260.8642883300781 746.5156860351562 -15.649102210998535
			vertex -262.18646240234375 746.5399780273438 -15.649102210998535
		endloop
	endfacet
	facet normal 0 0 -1
		outer loop
			vertex -262.18646240234375 746.5399780273438 -15.649102210998535
			vertex -260.8642883300781 746.5156860351562 -15.649102210998535
			vertex -261.1336975097656 746.4434814453125 -15.649102210998535
		endloop
	endfacet
	facet normal 0 0 -1
		outer loop
			vertex -262.18646240234375 746.5399780273438 -15.649102210998535
			vertex -261.1336975097656 746.4434814453125 -15.649102210998535
			vertex -261.386474609375 746.3256225585938 -15.649102210998535
		endloop
	endfacet
	facet normal 0 0 -1
		outer loop
			vertex -261.386474609375 746.3256225585938 -15.649102210998535
			vertex -261.61492919921875 746.1656494140625 -15.649102210998535
			vertex -262.18646240234375 746.5399780273438 -15.649102210998535
		endloop
	endfacet
	facet normal 0 0 -1
		outer loop
			vertex -262.18646240234375 746.5399780273438 -15.649102210998535
			vertex -261.61492919921875 746.1656494140625 -15.649102210998535
			vertex -261.8121337890625 745.9684448242188 -15.649102210998535
		endloop
	endfacet
	facet normal 0 0 -1
		outer loop
			vertex -262.18646240234375 746.5399780273438 -15.649102210998535
			vertex -261.8121337890625 745.9684448242188 -15.649102210998535
			vertex -261.97210693359375 745.739990234375 -15.649102210998535
		endloop
	endfacet
	facet normal 0 0 -1
		outer loop
			vertex -261.97210693359375 745.739990234375 -15.649102210998535
			vertex -262.0899658203125 745.4871826171875 -15.649102210998535
			vertex -262.18646240234375 746.5399780273438 -15.649102210998535
		endloop
	endfacet
	facet normal 0 0 -1
		outer loop
			vertex -262.18646240234375 746.5399780273438 -15.649102210998535
			vertex -262.0899658203125 745.4871826171875 -15.649102210998535
			vertex -262.16217041015625 745.2178344726562 -15.649102210998535
		endloop
	endfacet
	facet normal 0 0 -1
		outer loop
			vertex -262.18646240234375 746.5399780273438 -15.649102210998535
			vertex -262.16217041015625 745.2178344726562 -15.649102210998535
			vertex -262.18646240234375 744.9400024414062 -15.649102210998535
		endloop
	endfacet
	facet normal 0 1 0
		outer loop
			vertex -258.9864501953125 743.3399658203125 -15.649102210998535
			vertex -258.9864501953125 743.3399658203125 -15.849102020263672
			vertex -260.5864562988281 743.3399658203125 -15.649102210998535
		endloop
	endfacet
	facet normal 0 1 0
		outer loop
			vertex -260.5864562988281 743.3399658203125 -15.649102210998535
			vertex -258.9864501953125 743.3399658203125 -15.849102020263672
			vertex -262.18646240234375 743.3399658203125 -15.849102020263672
		endloop
	endfacet
	facet normal 0 1 0
		outer loop
			vertex -260.5864562988281 743.3399658203125 -15.649102210998535
			vertex -262.18646240234375 743.3399658203125 -15.849102020263672
			vertex -262.18646240234375 743.3399658203125 -15.649102210998535
		endloop
	endfacet
	facet normal 0 0 -1
		outer loop
			vertex -258.9864501953125 826.3936157226562 -16.04911231994629
			vertex -258.5845642089844 826.0902709960938 -16.04911231994629
			vertex -258.9864501953125 821.3181762695312 -16.04911231994629
		endloop
	endfacet
	facet normal 0 0 -1
		outer loop
			vertex -258.9864501953125 821.3181762695312 -16.04911231994629
			vertex -258.5845642089844 826.0902709960938 -16.04911231994629
			vertex -258.5845642089844 821.6215209960938 -16.04911231994629
		endloop
	endfacet
	facet normal 0 0 -1
		outer loop
			vertex -258.5845642089844 821.6215209960938 -16.04911231994629
			vertex -258.5845642089844 826.0902709960938 -16.04911231994629
			vertex -258.2390441894531 821.9878540039062 -16.04911231994629
		endloop
	endfacet
	facet normal 0 0 -1
		outer loop
			vertex -258.2390441894531 821.9878540039062 -16.04911231994629
			vertex -258.5845642089844 826.0902709960938 -16.04911231994629
			vertex -258.2390441894531 825.7239990234375 -16.04911231994629
		endloop
	endfacet
	facet normal 0 0 -1
		outer loop
			vertex -258.2390441894531 821.9878540039062 -16.04911231994629
			vertex -258.2390441894531 825.7239990234375 -16.04911231994629
			vertex -257.9596862792969 822.4067993164062 -16.04911231994629
		endloop
	endfacet
	facet normal 0 0 -1
		outer loop
			vertex -257.9596862792969 822.4067993164062 -16.04911231994629
			vertex -258.2390441894531 825.7239990234375 -16.04911231994629
			vertex -257.9596862792969 825.3050537109375 -16.04911231994629
		endloop
	endfacet
	facet normal 0 0 -1
		outer loop
			vertex -257.9596862792969 822.4067993164062 -16.04911231994629
			vertex -257.9596862792969 825.3050537109375 -16.04911231994629
			vertex -257.7543029785156 822.8665161132812 -16.04911231994629
		endloop
	endfacet
	facet normal 0 0 -1
		outer loop
			vertex -257.7543029785156 822.8665161132812 -16.04911231994629
			vertex -257.9596862792969 825.3050537109375 -16.04911231994629
			vertex -257.7543029785156 824.8452758789062 -16.04911231994629
		endloop
	endfacet
	facet normal 0 0 -1
		outer loop
			vertex -257.7543029785156 822.8665161132812 -16.04911231994629
			vertex -257.7543029785156 824.8452758789062 -16.04911231994629
			vertex -257.62872314453125 823.3541259765625 -16.04911231994629
		endloop
	endfacet
	facet normal 0 0 -1
		outer loop
			vertex -257.62872314453125 823.3541259765625 -16.04911231994629
			vertex -257.7543029785156 824.8452758789062 -16.04911231994629
			vertex -257.62872314453125 824.357666015625 -16.04911231994629
		endloop
	endfacet
	facet normal 0 0 -1
		outer loop
			vertex -257.62872314453125 823.3541259765625 -16.04911231994629
			vertex -257.62872314453125 824.357666015625 -16.04911231994629
			vertex -257.5864562988281 823.8558959960938 -16.04911231994629
		endloop
	endfacet
	facet normal -4.064247626477825e-7 7.766389561173258e-7 -0.9999999999996159
		outer loop
			vertex -261.75970458984375 826.616943359375 -15.849111557006836
			vertex -259.4132080078125 826.616943359375 -15.849112510681152
			vertex -262.18646240234375 826.3936157226562 -15.849111557006836
		endloop
	endfacet
	facet normal -2.9802208701285115e-7 -5.694917825618626e-7 -0.9999999999997935
		outer loop
			vertex -262.18646240234375 826.3936157226562 -15.849111557006836
			vertex -259.4132080078125 826.616943359375 -15.849112510681152
			vertex -258.9864501953125 826.3936157226562 -15.849112510681152
		endloop
	endfacet
	facet normal -2.980220870128995e-7 0 -0.9999999999999556
		outer loop
			vertex -262.18646240234375 826.3936157226562 -15.849111557006836
			vertex -258.9864501953125 826.3936157226562 -15.849112510681152
			vertex -262.18646240234375 825.4559326171875 -15.849111557006836
		endloop
	endfacet
	facet normal -2.980220870128995e-7 0 -0.9999999999999556
		outer loop
			vertex -262.18646240234375 825.4559326171875 -15.849111557006836
			vertex -258.9864501953125 826.3936157226562 -15.849112510681152
			vertex -258.9864501953125 825.4559326171875 -15.849112510681152
		endloop
	endfacet
	facet normal -4.064247626476026e-7 -0.0000012200890930002409 -0.9999999999991732
		outer loop
			vertex -259.4132080078125 826.616943359375 -15.849112510681152
			vertex -261.75970458984375 826.616943359375 -15.849111557006836
			vertex -259.87017822265625 826.7691650390625 -15.849112510681152
		endloop
	endfacet
	facet normal -6.657151378281852e-7 0.000001998480046880362 -0.9999999999977814
		outer loop
			vertex -259.87017822265625 826.7691650390625 -15.849112510681152
			vertex -261.75970458984375 826.616943359375 -15.849111557006836
			vertex -261.302734375 826.7691650390625 -15.849111557006836
		endloop
	endfacet
	facet normal -6.657151378239028e-7 -0.000004106033985469678 -0.9999999999913488
		outer loop
			vertex -259.87017822265625 826.7691650390625 -15.849112510681152
			vertex -261.302734375 826.7691650390625 -15.849111557006836
			vertex -260.34564208984375 826.8462524414062 -15.849112510681152
		endloop
	endfacet
	facet normal 0 -0.000012371338082980442 -0.999999999923475
		outer loop
			vertex -260.34564208984375 826.8462524414062 -15.849112510681152
			vertex -261.302734375 826.7691650390625 -15.849111557006836
			vertex -260.8273010253906 826.8462524414062 -15.849112510681152
		endloop
	endfacet
	facet normal 0 0 -1
		outer loop
			vertex -262.18646240234375 822.2559204101562 -15.849111557006836
			vertex -258.9864501953125 822.2559204101562 -15.849111557006836
			vertex -262.18646240234375 821.3181762695312 -15.849111557006836
		endloop
	endfacet
	facet normal 0 0 -1
		outer loop
			vertex -262.18646240234375 821.3181762695312 -15.849111557006836
			vertex -258.9864501953125 822.2559204101562 -15.849111557006836
			vertex -258.9864501953125 821.3181762695312 -15.849111557006836
		endloop
	endfacet
	facet normal 0 0 -1
		outer loop
			vertex -262.18646240234375 821.3181762695312 -15.849111557006836
			vertex -258.9864501953125 821.3181762695312 -15.849111557006836
			vertex -261.75970458984375 821.0948486328125 -15.849111557006836
		endloop
	endfacet
	facet normal 0 0 -1
		outer loop
			vertex -261.75970458984375 821.0948486328125 -15.849111557006836
			vertex -258.9864501953125 821.3181762695312 -15.849111557006836
			vertex -259.4132080078125 821.0948486328125 -15.849111557006836
		endloop
	endfacet
	facet normal 0 0 -1
		outer loop
			vertex -261.75970458984375 821.0948486328125 -15.849111557006836
			vertex -259.4132080078125 821.0948486328125 -15.849111557006836
			vertex -261.302734375 820.9426879882812 -15.849111557006836
		endloop
	endfacet
	facet normal 0 0 -1
		outer loop
			vertex -261.302734375 820.9426879882812 -15.849111557006836
			vertex -259.4132080078125 821.0948486328125 -15.849111557006836
			vertex -259.87017822265625 820.9426879882812 -15.849111557006836
		endloop
	endfacet
	facet normal 0 0 -1
		outer loop
			vertex -261.302734375 820.9426879882812 -15.849111557006836
			vertex -259.87017822265625 820.9426879882812 -15.849111557006836
			vertex -260.8273010253906 820.8656005859375 -15.849111557006836
		endloop
	endfacet
	facet normal 0 0 -1
		outer loop
			vertex -260.8273010253906 820.8656005859375 -15.849111557006836
			vertex -259.87017822265625 820.9426879882812 -15.849111557006836
			vertex -260.34564208984375 820.8656005859375 -15.849111557006836
		endloop
	endfacet
	facet normal -1 0 0
		outer loop
			vertex -258.9864501953125 826.3936157226562 -15.849112510681152
			vertex -258.9864501953125 826.3936157226562 -16.04911231994629
			vertex -258.9864501953125 825.4559326171875 -15.849112510681152
		endloop
	endfacet
	facet normal -1 0 0
		outer loop
			vertex -258.9864501953125 825.4559326171875 -15.849112510681152
			vertex -258.9864501953125 826.3936157226562 -16.04911231994629
			vertex -258.9864501953125 821.3181762695312 -16.04911231994629
		endloop
	endfacet
	facet normal -1 0 0
		outer loop
			vertex -258.9864501953125 825.4559326171875 -15.849112510681152
			vertex -258.9864501953125 821.3181762695312 -16.04911231994629
			vertex -258.9864501953125 822.2559204101562 -15.849111557006836
		endloop
	endfacet
	facet normal -1 0 0
		outer loop
			vertex -258.9864501953125 822.2559204101562 -15.849111557006836
			vertex -258.9864501953125 821.3181762695312 -16.04911231994629
			vertex -258.9864501953125 821.3181762695312 -15.849111557006836
		endloop
	endfacet
	facet normal -1 0 0
		outer loop
			vertex -258.9864501953125 822.2559204101562 -15.6491117477417
			vertex -258.9864501953125 823.8558959960938 -15.6491117477417
			vertex -258.9864501953125 822.2559204101562 -15.849111557006836
		endloop
	endfacet
	facet normal -1 0 0
		outer loop
			vertex -258.9864501953125 822.2559204101562 -15.849111557006836
			vertex -258.9864501953125 823.8558959960938 -15.6491117477417
			vertex -258.9864501953125 825.4559326171875 -15.849112510681152
		endloop
	endfacet
	facet normal -1 0 0
		outer loop
			vertex -258.9864501953125 823.8558959960938 -15.6491117477417
			vertex -258.9864501953125 825.4559326171875 -15.6491117477417
			vertex -258.9864501953125 825.4559326171875 -15.849112510681152
		endloop
	endfacet
	facet normal 1 0 0
		outer loop
			vertex -262.18646240234375 821.3181762695312 -15.849111557006836
			vertex -262.18646240234375 821.3181762695312 -16.049110412597656
			vertex -262.18646240234375 822.2559204101562 -15.849111557006836
		endloop
	endfacet
	facet normal 1 0 0
		outer loop
			vertex -262.18646240234375 822.2559204101562 -15.849111557006836
			vertex -262.18646240234375 821.3181762695312 -16.049110412597656
			vertex -262.18646240234375 826.3936157226562 -16.04911231994629
		endloop
	endfacet
	facet normal 1 0 0
		outer loop
			vertex -262.18646240234375 822.2559204101562 -15.849111557006836
			vertex -262.18646240234375 826.3936157226562 -16.04911231994629
			vertex -262.18646240234375 825.4559326171875 -15.849111557006836
		endloop
	endfacet
	facet normal 1 0 0
		outer loop
			vertex -262.18646240234375 825.4559326171875 -15.849111557006836
			vertex -262.18646240234375 826.3936157226562 -16.04911231994629
			vertex -262.18646240234375 826.3936157226562 -15.849111557006836
		endloop
	endfacet
	facet normal 1 0 0
		outer loop
			vertex -262.18646240234375 825.4559326171875 -15.6491117477417
			vertex -262.18646240234375 823.8558959960938 -15.6491117477417
			vertex -262.18646240234375 825.4559326171875 -15.849111557006836
		endloop
	endfacet
	facet normal 1 0 0
		outer loop
			vertex -262.18646240234375 825.4559326171875 -15.849111557006836
			vertex -262.18646240234375 823.8558959960938 -15.6491117477417
			vertex -262.18646240234375 822.2559204101562 -15.849111557006836
		endloop
	endfacet
	facet normal 1 0 0
		outer loop
			vertex -262.18646240234375 823.8558959960938 -15.6491117477417
			vertex -262.18646240234375 822.2559204101562 -15.649110794067383
			vertex -262.18646240234375 822.2559204101562 -15.849111557006836
		endloop
	endfacet
	facet normal 2.836331841721512e-7 -3.7579970176531506e-7 -0.9999999999998892
		outer loop
			vertex -262.18646240234375 826.3936157226562 -16.04911231994629
			vertex -262.18646240234375 821.3181762695312 -16.049110412597656
			vertex -262.58837890625 826.0902709960938 -16.04911231994629
		endloop
	endfacet
	facet normal -3.221399839245336e-7 -4.268192744754635e-7 -0.9999999999998571
		outer loop
			vertex -262.58837890625 826.0902709960938 -16.04911231994629
			vertex -262.18646240234375 821.3181762695312 -16.049110412597656
			vertex -262.58837890625 821.6215209960938 -16.049110412597656
		endloop
	endfacet
	facet normal -4.5256943474986354e-7 -4.2681927447544194e-7 -0.9999999999998066
		outer loop
			vertex -262.58837890625 826.0902709960938 -16.04911231994629
			vertex -262.58837890625 821.6215209960938 -16.049110412597656
			vertex -262.9338684082031 821.9878540039062 -16.049110412597656
		endloop
	endfacet
	facet normal 5.412216852780517e-7 -5.105124728405951e-7 -0.9999999999997232
		outer loop
			vertex -262.58837890625 826.0902709960938 -16.04911231994629
			vertex -262.9338684082031 821.9878540039062 -16.049110412597656
			vertex -262.9338684082031 825.7239990234375 -16.04911231994629
		endloop
	endfacet
	facet normal -7.655177746755504e-7 -5.105124728405204e-7 -0.9999999999995768
		outer loop
			vertex -262.9338684082031 825.7239990234375 -16.04911231994629
			vertex -262.9338684082031 821.9878540039062 -16.049110412597656
			vertex -263.2132568359375 822.4067993164062 -16.049110412597656
		endloop
	endfacet
	facet normal 9.868303578224983e-7 -6.581025587022854e-7 -0.9999999999992967
		outer loop
			vertex -262.9338684082031 825.7239990234375 -16.04911231994629
			vertex -263.2132568359375 822.4067993164062 -16.049110412597656
			vertex -263.2132568359375 825.3050537109375 -16.04911231994629
		endloop
	endfacet
	facet normal -0.0000014732734350253079 -6.581025587018916e-7 -0.9999999999986984
		outer loop
			vertex -263.2132568359375 825.3050537109375 -16.04911231994629
			vertex -263.2132568359375 822.4067993164062 -16.049110412597656
			vertex -263.4186096191406 822.8665161132812 -16.049110412597656
		endloop
	endfacet
	facet normal -0.000009288155743394868 0 -0.9999999999568652
		outer loop
			vertex -263.2132568359375 825.3050537109375 -16.04911231994629
			vertex -263.4186096191406 822.8665161132812 -16.049110412597656
			vertex -263.4186096191406 824.8452758789062 -16.049110412597656
		endloop
	endfacet
	facet normal 0 0 -1
		outer loop
			vertex -263.4186096191406 824.8452758789062 -16.049110412597656
			vertex -263.4186096191406 822.8665161132812 -16.049110412597656
			vertex -263.544189453125 823.3541259765625 -16.049110412597656
		endloop
	endfacet
	facet normal 0 0 -1
		outer loop
			vertex -263.4186096191406 824.8452758789062 -16.049110412597656
			vertex -263.544189453125 823.3541259765625 -16.049110412597656
			vertex -263.544189453125 824.357666015625 -16.049110412597656
		endloop
	endfacet
	facet normal 0 0 -1
		outer loop
			vertex -263.544189453125 824.357666015625 -16.049110412597656
			vertex -263.544189453125 823.3541259765625 -16.049110412597656
			vertex -263.5864562988281 823.8558959960938 -16.049110412597656
		endloop
	endfacet
	facet normal 0 -1 0
		outer loop
			vertex -262.18646240234375 825.4559326171875 -15.6491117477417
			vertex -262.18646240234375 825.4559326171875 -15.849111557006836
			vertex -260.5864562988281 825.4559326171875 -15.6491117477417
		endloop
	endfacet
	facet normal 0 -1 0
		outer loop
			vertex -260.5864562988281 825.4559326171875 -15.6491117477417
			vertex -262.18646240234375 825.4559326171875 -15.849111557006836
			vertex -258.9864501953125 825.4559326171875 -15.849112510681152
		endloop
	endfacet
	facet normal 0 -1 0
		outer loop
			vertex -260.5864562988281 825.4559326171875 -15.6491117477417
			vertex -258.9864501953125 825.4559326171875 -15.849112510681152
			vertex -258.9864501953125 825.4559326171875 -15.6491117477417
		endloop
	endfacet
	facet normal 0 0 -1
		outer loop
			vertex -258.9864501953125 823.8558959960938 -15.6491117477417
			vertex -259.0107727050781 824.1337280273438 -15.6491117477417
			vertex -258.9864501953125 825.4559326171875 -15.6491117477417
		endloop
	endfacet
	facet normal 0 0 -1
		outer loop
			vertex -258.9864501953125 825.4559326171875 -15.6491117477417
			vertex -259.0107727050781 824.1337280273438 -15.6491117477417
			vertex -259.08294677734375 824.4031372070312 -15.6491117477417
		endloop
	endfacet
	facet normal 0 0 -1
		outer loop
			vertex -258.9864501953125 825.4559326171875 -15.6491117477417
			vertex -259.08294677734375 824.4031372070312 -15.6491117477417
			vertex -259.2008056640625 824.6558837890625 -15.6491117477417
		endloop
	endfacet
	facet normal 0 0 -1
		outer loop
			vertex -259.2008056640625 824.6558837890625 -15.6491117477417
			vertex -259.36077880859375 824.8843994140625 -15.6491117477417
			vertex -258.9864501953125 825.4559326171875 -15.6491117477417
		endloop
	endfacet
	facet normal 0 0 -1
		outer loop
			vertex -258.9864501953125 825.4559326171875 -15.6491117477417
			vertex -259.36077880859375 824.8843994140625 -15.6491117477417
			vertex -259.5580139160156 825.0816040039062 -15.6491117477417
		endloop
	endfacet
	facet normal 0 0 -1
		outer loop
			vertex -258.9864501953125 825.4559326171875 -15.6491117477417
			vertex -259.5580139160156 825.0816040039062 -15.6491117477417
			vertex -259.7864685058594 825.2415771484375 -15.6491117477417
		endloop
	endfacet
	facet normal 0 0 -1
		outer loop
			vertex -259.7864685058594 825.2415771484375 -15.6491117477417
			vertex -260.0392150878906 825.3594360351562 -15.6491117477417
			vertex -258.9864501953125 825.4559326171875 -15.6491117477417
		endloop
	endfacet
	facet normal 0 0 -1
		outer loop
			vertex -258.9864501953125 825.4559326171875 -15.6491117477417
			vertex -260.0392150878906 825.3594360351562 -15.6491117477417
			vertex -260.3086242675781 825.4315795898438 -15.6491117477417
		endloop
	endfacet
	facet normal 0 0 -1
		outer loop
			vertex -258.9864501953125 825.4559326171875 -15.6491117477417
			vertex -260.3086242675781 825.4315795898438 -15.6491117477417
			vertex -260.5864562988281 825.4559326171875 -15.6491117477417
		endloop
	endfacet
	facet normal 0 0 -1
		outer loop
			vertex -260.5864562988281 822.2559204101562 -15.6491117477417
			vertex -260.3086242675781 822.2802124023438 -15.6491117477417
			vertex -258.9864501953125 822.2559204101562 -15.6491117477417
		endloop
	endfacet
	facet normal 0 0 -1
		outer loop
			vertex -258.9864501953125 822.2559204101562 -15.6491117477417
			vertex -260.3086242675781 822.2802124023438 -15.6491117477417
			vertex -260.0392150878906 822.3524169921875 -15.6491117477417
		endloop
	endfacet
	facet normal 0 0 -1
		outer loop
			vertex -258.9864501953125 822.2559204101562 -15.6491117477417
			vertex -260.0392150878906 822.3524169921875 -15.6491117477417
			vertex -259.7864685058594 822.4702758789062 -15.6491117477417
		endloop
	endfacet
	facet normal 0 0 -1
		outer loop
			vertex -259.7864685058594 822.4702758789062 -15.6491117477417
			vertex -259.5580139160156 822.6302490234375 -15.6491117477417
			vertex -258.9864501953125 822.2559204101562 -15.6491117477417
		endloop
	endfacet
	facet normal 0 0 -1
		outer loop
			vertex -258.9864501953125 822.2559204101562 -15.6491117477417
			vertex -259.5580139160156 822.6302490234375 -15.6491117477417
			vertex -259.36077880859375 822.8274536132812 -15.6491117477417
		endloop
	endfacet
	facet normal 0 0 -1
		outer loop
			vertex -258.9864501953125 822.2559204101562 -15.6491117477417
			vertex -259.36077880859375 822.8274536132812 -15.6491117477417
			vertex -259.2008056640625 823.055908203125 -15.6491117477417
		endloop
	endfacet
	facet normal 0 0 -1
		outer loop
			vertex -259.2008056640625 823.055908203125 -15.6491117477417
			vertex -259.08294677734375 823.3086547851562 -15.6491117477417
			vertex -258.9864501953125 822.2559204101562 -15.6491117477417
		endloop
	endfacet
	facet normal 0 0 -1
		outer loop
			vertex -258.9864501953125 822.2559204101562 -15.6491117477417
			vertex -259.08294677734375 823.3086547851562 -15.6491117477417
			vertex -259.0107727050781 823.5780639648438 -15.6491117477417
		endloop
	endfacet
	facet normal 0 0 -1
		outer loop
			vertex -258.9864501953125 822.2559204101562 -15.6491117477417
			vertex -259.0107727050781 823.5780639648438 -15.6491117477417
			vertex -258.9864501953125 823.8558959960938 -15.6491117477417
		endloop
	endfacet
	facet normal -0.000006808644494210693 -5.960555428257822e-7 -0.9999999999766436
		outer loop
			vertex -262.18646240234375 823.8558959960938 -15.6491117477417
			vertex -262.1621398925781 823.5780639648438 -15.6491117477417
			vertex -262.18646240234375 822.2559204101562 -15.649110794067383
		endloop
	endfacet
	facet normal -0.0000025194713697370753 -6.749603295682129e-7 -0.9999999999965985
		outer loop
			vertex -262.18646240234375 822.2559204101562 -15.649110794067383
			vertex -262.1621398925781 823.5780639648438 -15.6491117477417
			vertex -262.0899658203125 823.3086547851562 -15.6491117477417
		endloop
	endfacet
	facet normal -0.0000016235524326502605 -7.57082769245992e-7 -0.9999999999983956
		outer loop
			vertex -262.18646240234375 822.2559204101562 -15.649110794067383
			vertex -262.0899658203125 823.3086547851562 -15.6491117477417
			vertex -261.97210693359375 823.055908203125 -15.6491117477417
		endloop
	endfacet
	facet normal -0.0000012312794729409404 -8.621916907769716e-7 -0.9999999999988703
		outer loop
			vertex -261.97210693359375 823.055908203125 -15.6491117477417
			vertex -261.8121337890625 822.8274536132812 -15.6491117477417
			vertex -262.18646240234375 822.2559204101562 -15.649110794067383
		endloop
	endfacet
	facet normal -0.0000010082596631595868 -0.0000010082596631595868 -0.9999999999989835
		outer loop
			vertex -262.18646240234375 822.2559204101562 -15.649110794067383
			vertex -261.8121337890625 822.8274536132812 -15.6491117477417
			vertex -261.61492919921875 822.6302490234375 -15.6491117477417
		endloop
	endfacet
	facet normal -8.621916907769716e-7 -0.0000012312794729409404 -0.9999999999988703
		outer loop
			vertex -262.18646240234375 822.2559204101562 -15.649110794067383
			vertex -261.61492919921875 822.6302490234375 -15.6491117477417
			vertex -261.386474609375 822.4702758789062 -15.6491117477417
		endloop
	endfacet
	facet normal -7.570494120297532e-7 -0.0000016236769238328446 -0.9999999999983953
		outer loop
			vertex -261.386474609375 822.4702758789062 -15.6491117477417
			vertex -261.1336975097656 822.3524169921875 -15.6491117477417
			vertex -262.18646240234375 822.2559204101562 -15.649110794067383
		endloop
	endfacet
	facet normal -6.75018481467365e-7 -0.0000025186234803017317 -0.9999999999966005
		outer loop
			vertex -262.18646240234375 822.2559204101562 -15.649110794067383
			vertex -261.1336975097656 822.3524169921875 -15.6491117477417
			vertex -260.8642883300781 822.2802124023438 -15.6491117477417
		endloop
	endfacet
	facet normal -5.960441740118697e-7 -0.000006817068040457364 -0.9999999999765862
		outer loop
			vertex -262.18646240234375 822.2559204101562 -15.649110794067383
			vertex -260.8642883300781 822.2802124023438 -15.6491117477417
			vertex -260.5864562988281 822.2559204101562 -15.6491117477417
		endloop
	endfacet
	facet normal 0 0 -1
		outer loop
			vertex -260.5864562988281 825.4559326171875 -15.6491117477417
			vertex -260.8642883300781 825.4315795898438 -15.6491117477417
			vertex -262.18646240234375 825.4559326171875 -15.6491117477417
		endloop
	endfacet
	facet normal 0 0 -1
		outer loop
			vertex -262.18646240234375 825.4559326171875 -15.6491117477417
			vertex -260.8642883300781 825.4315795898438 -15.6491117477417
			vertex -261.1336975097656 825.3594360351562 -15.6491117477417
		endloop
	endfacet
	facet normal 0 0 -1
		outer loop
			vertex -262.18646240234375 825.4559326171875 -15.6491117477417
			vertex -261.1336975097656 825.3594360351562 -15.6491117477417
			vertex -261.386474609375 825.2415771484375 -15.6491117477417
		endloop
	endfacet
	facet normal 0 0 -1
		outer loop
			vertex -261.386474609375 825.2415771484375 -15.6491117477417
			vertex -261.61492919921875 825.0816040039062 -15.6491117477417
			vertex -262.18646240234375 825.4559326171875 -15.6491117477417
		endloop
	endfacet
	facet normal 0 0 -1
		outer loop
			vertex -262.18646240234375 825.4559326171875 -15.6491117477417
			vertex -261.61492919921875 825.0816040039062 -15.6491117477417
			vertex -261.8121337890625 824.8843994140625 -15.6491117477417
		endloop
	endfacet
	facet normal 0 0 -1
		outer loop
			vertex -262.18646240234375 825.4559326171875 -15.6491117477417
			vertex -261.8121337890625 824.8843994140625 -15.6491117477417
			vertex -261.97210693359375 824.6558837890625 -15.6491117477417
		endloop
	endfacet
	facet normal 0 0 -1
		outer loop
			vertex -261.97210693359375 824.6558837890625 -15.6491117477417
			vertex -262.0899658203125 824.4031372070312 -15.6491117477417
			vertex -262.18646240234375 825.4559326171875 -15.6491117477417
		endloop
	endfacet
	facet normal 0 0 -1
		outer loop
			vertex -262.18646240234375 825.4559326171875 -15.6491117477417
			vertex -262.0899658203125 824.4031372070312 -15.6491117477417
			vertex -262.1621398925781 824.1337280273438 -15.6491117477417
		endloop
	endfacet
	facet normal 0 0 -1
		outer loop
			vertex -262.18646240234375 825.4559326171875 -15.6491117477417
			vertex -262.1621398925781 824.1337280273438 -15.6491117477417
			vertex -262.18646240234375 823.8558959960938 -15.6491117477417
		endloop
	endfacet
	facet normal 0 1 0
		outer loop
			vertex -258.9864501953125 822.2559204101562 -15.6491117477417
			vertex -258.9864501953125 822.2559204101562 -15.849111557006836
			vertex -260.5864562988281 822.2559204101562 -15.6491117477417
		endloop
	endfacet
	facet normal 0 1 0
		outer loop
			vertex -260.5864562988281 822.2559204101562 -15.6491117477417
			vertex -258.9864501953125 822.2559204101562 -15.849111557006836
			vertex -262.18646240234375 822.2559204101562 -15.849111557006836
		endloop
	endfacet
	facet normal 0 1 0
		outer loop
			vertex -260.5864562988281 822.2559204101562 -15.6491117477417
			vertex -262.18646240234375 822.2559204101562 -15.849111557006836
			vertex -262.18646240234375 822.2559204101562 -15.649110794067383
		endloop
	endfacet
	facet normal -0.9999999999999469 3.2604173595051826e-7 0
		outer loop
			vertex -270.48626708984375 832.9400024414062 -13.64928913116455
			vertex -270.4862976074219 739.3397827148438 -13.649277687072754
			vertex -270.48626708984375 832.9400024414062 -10.000103950500488
		endloop
	endfacet
	facet normal -0.9999999999999469 3.2604173595051826e-7 0
		outer loop
			vertex -270.48626708984375 832.9400024414062 -10.000103950500488
			vertex -270.4862976074219 739.3397827148438 -13.649277687072754
			vertex -270.4862976074219 739.3397827148438 -10.000092506408691
		endloop
	endfacet
	facet normal 0 0 1
		outer loop
			vertex -129.18955993652344 696.9453125 -10.000112533569336
			vertex -129.90113830566406 696.8944091796875 -10.000112533569336
			vertex -124.06242370605469 688.9400024414062 -10.000112533569336
		endloop
	endfacet
	facet normal 1.9562550080127627e-7 1.4359354571188408e-7 0.9999999999999706
		outer loop
			vertex -124.06242370605469 688.9400024414062 -10.000112533569336
			vertex -129.90113830566406 696.8944091796875 -10.000112533569336
			vertex -168.90113830566406 696.8944091796875 -10.000104904174805
		endloop
	endfacet
	facet normal 1.7876915292977705e-7 4.857489802763268e-8 0.9999999999999829
		outer loop
			vertex -124.06242370605469 688.9400024414062 -10.000112533569336
			vertex -168.90113830566406 696.8944091796875 -10.000104904174805
			vertex -220.0864715576172 688.9400024414062 -10.00009536743164
		endloop
	endfacet
	facet normal 5.873184038098813e-8 8.209957771242864e-7 0.9999999999996613
		outer loop
			vertex -220.0864715576172 688.9400024414062 -10.00009536743164
			vertex -168.90113830566406 696.8944091796875 -10.000104904174805
			vertex -169.61270141601562 696.9453125 -10.000104904174805
		endloop
	endfacet
	facet normal 1.0928262016885396e-7 5.022712779088625e-7 0.9999999999998679
		outer loop
			vertex -220.0864715576172 688.9400024414062 -10.00009536743164
			vertex -169.61270141601562 696.9453125 -10.000104904174805
			vertex -170.30979919433594 697.0969848632812 -10.000104904174805
		endloop
	endfacet
	facet normal 1.3310247847568535e-7 3.569144263973675e-7 0.9999999999999276
		outer loop
			vertex -170.30979919433594 697.0969848632812 -10.000104904174805
			vertex -170.97821044921875 697.3462524414062 -10.000104904174805
			vertex -220.0864715576172 688.9400024414062 -10.00009536743164
		endloop
	endfacet
	facet normal 1.4785198439090943e-7 2.7074965759981154e-7 0.9999999999999525
		outer loop
			vertex -220.0864715576172 688.9400024414062 -10.00009536743164
			vertex -170.97821044921875 697.3462524414062 -10.000104904174805
			vertex -171.60433959960938 697.6881713867188 -10.000104904174805
		endloop
	endfacet
	facet normal 1.5849942794342462e-7 2.1174179360503117e-7 0.999999999999965
		outer loop
			vertex -220.0864715576172 688.9400024414062 -10.00009536743164
			vertex -171.60433959960938 697.6881713867188 -10.000104904174805
			vertex -172.17543029785156 698.1156616210938 -10.000104904174805
		endloop
	endfacet
	facet normal 1.6705717952953027e-7 1.6705717952953027e-7 0.9999999999999722
		outer loop
			vertex -172.17543029785156 698.1156616210938 -10.000104904174805
			vertex -172.6798858642578 698.6201171875 -10.000104904174805
			vertex -220.0864715576172 688.9400024414062 -10.00009536743164
		endloop
	endfacet
	facet normal 1.7449635720006384e-7 1.3062517195766242e-7 0.9999999999999764
		outer loop
			vertex -220.0864715576172 688.9400024414062 -10.00009536743164
			vertex -172.6798858642578 698.6201171875 -10.000104904174805
			vertex -173.10740661621094 699.1912231445312 -10.000104904174805
		endloop
	endfacet
	facet normal 1.8138857263654626e-7 9.90396812187946e-8 0.9999999999999788
		outer loop
			vertex -220.0864715576172 688.9400024414062 -10.00009536743164
			vertex -173.10740661621094 699.1912231445312 -10.000104904174805
			vertex -173.4492950439453 699.8173828125 -10.000104904174805
		endloop
	endfacet
	facet normal 1.881228976551691e-7 7.016600999657914e-8 0.9999999999999799
		outer loop
			vertex -173.4492950439453 699.8173828125 -10.000104904174805
			vertex -173.69859313964844 700.4857788085938 -10.000104904174805
			vertex -220.0864715576172 688.9400024414062 -10.00009536743164
		endloop
	endfacet
	facet normal 1.9502732896823522e-7 4.2425829508937954e-8 0.9999999999999802
		outer loop
			vertex -220.0864715576172 688.9400024414062 -10.00009536743164
			vertex -173.69859313964844 700.4857788085938 -10.000104904174805
			vertex -173.85023498535156 701.182861328125 -10.000104904174805
		endloop
	endfacet
	facet normal 2.024267200746072e-7 1.448137626884735e-8 0.9999999999999796
		outer loop
			vertex -220.0864715576172 688.9400024414062 -10.00009536743164
			vertex -173.85023498535156 701.182861328125 -10.000104904174805
			vertex -173.90113830566406 701.8944091796875 -10.000104904174805
		endloop
	endfacet
	facet normal 1.6636451172841868e-7 1.4305114746093405e-7 0.9999999999999759
		outer loop
			vertex -173.90113830566406 701.8944091796875 -10.000104904174805
			vertex -173.90113830566406 721.8944091796875 -10.000107765197754
			vertex -220.0864715576172 688.9400024414062 -10.00009536743164
		endloop
	endfacet
	facet normal 2.8287309281555936e-7 -2.0234682168983318e-8 0.9999999999999598
		outer loop
			vertex -220.0864715576172 688.9400024414062 -10.00009536743164
			vertex -173.90113830566406 721.8944091796875 -10.000107765197754
			vertex -173.85023498535156 722.6060180664062 -10.000107765197754
		endloop
	endfacet
	facet normal 3.1860541490308134e-7 -6.930874295829662e-8 0.9999999999999468
		outer loop
			vertex -220.0864715576172 688.9400024414062 -10.00009536743164
			vertex -173.85023498535156 722.6060180664062 -10.000107765197754
			vertex -173.69859313964844 723.3031005859375 -10.000107765197754
		endloop
	endfacet
	facet normal 1.847900049607243e-7 1.1133308801831352e-7 0.9999999999999769
		outer loop
			vertex -220.0864715576172 688.9400024414062 -10.00009536743164
			vertex -173.69859313964844 723.3031005859375 -10.000107765197754
			vertex -258.9864501953125 744.9400024414062 -10.000094413757324
		endloop
	endfacet
	facet normal 1.430133804168532e-7 -5.334107865150551e-8 0.9999999999999883
		outer loop
			vertex -258.9864501953125 744.9400024414062 -10.000094413757324
			vertex -173.69859313964844 723.3031005859375 -10.000107765197754
			vertex -173.4492950439453 723.9714965820312 -10.000107765197754
		endloop
	endfacet
	facet normal 1.5951257848960597e-7 1.3964359079109837e-8 0.9999999999999873
		outer loop
			vertex -258.9864501953125 744.9400024414062 -10.000094413757324
			vertex -173.4492950439453 723.9714965820312 -10.000107765197754
			vertex -259.0107727050781 745.2178344726562 -10.000094413757324
		endloop
	endfacet
	facet normal 1.3741399886853833e-7 -7.502919530774125e-8 0.9999999999999879
		outer loop
			vertex -259.0107727050781 745.2178344726562 -10.000094413757324
			vertex -173.4492950439453 723.9714965820312 -10.000107765197754
			vertex -173.10740661621094 724.59765625 -10.000107765197754
		endloop
	endfacet
	facet normal 1.6610552015114056e-7 4.449926995440048e-8 0.9999999999999853
		outer loop
			vertex -259.0107727050781 745.2178344726562 -10.000094413757324
			vertex -173.10740661621094 724.59765625 -10.000107765197754
			vertex -259.08294677734375 745.4872436523438 -10.000094413757324
		endloop
	endfacet
	facet normal 1.3139480897832653e-7 -9.836004483153663e-8 0.9999999999999866
		outer loop
			vertex -259.08294677734375 745.4872436523438 -10.000094413757324
			vertex -173.10740661621094 724.59765625 -10.000107765197754
			vertex -172.6798858642578 725.1687622070312 -10.000107765197754
		endloop
	endfacet
	facet normal 1.2510251021831157e-7 -1.2511764846979006e-7 0.9999999999999843
		outer loop
			vertex -259.08294677734375 745.4872436523438 -10.000094413757324
			vertex -172.6798858642578 725.1687622070312 -10.000107765197754
			vertex -172.17543029785156 725.6731567382812 -10.000107765197754
		endloop
	endfacet
	facet normal 0.0000017500989401204332 -1.071003937181842e-7 0.9999999999984629
		outer loop
			vertex -171.60433959960938 726.1007080078125 -10.00010871887207
			vertex -156.34730529785156 832.9400024414062 -10.000123977661133
			vertex -172.17543029785156 725.6731567382812 -10.000107765197754
		endloop
	endfacet
	facet normal 1.8207599819902353e-7 1.242745755459795e-7 0.9999999999999757
		outer loop
			vertex -172.17543029785156 725.6731567382812 -10.000107765197754
			vertex -156.34730529785156 832.9400024414062 -10.000123977661133
			vertex -259.2008361816406 745.739990234375 -10.000094413757324
		endloop
	endfacet
	facet normal 1.719093902572004e-7 8.018425193957561e-8 0.9999999999999821
		outer loop
			vertex -172.17543029785156 725.6731567382812 -10.000107765197754
			vertex -259.2008361816406 745.739990234375 -10.000094413757324
			vertex -259.08294677734375 745.4872436523438 -10.000094413757324
		endloop
	endfacet
	facet normal -8.457171711156672e-8 1.54897154077666e-7 0.9999999999999845
		outer loop
			vertex -171.60433959960938 726.1007080078125 -10.00010871887207
			vertex -170.97821044921875 726.4425659179688 -10.00010871887207
			vertex -156.34730529785156 832.9400024414062 -10.000123977661133
		endloop
	endfacet
	facet normal -5.6332066908417675e-8 1.5101751474438411e-7 0.9999999999999871
		outer loop
			vertex -156.34730529785156 832.9400024414062 -10.000123977661133
			vertex -170.97821044921875 726.4425659179688 -10.00010871887207
			vertex -170.30979919433594 726.69189453125 -10.00010871887207
		endloop
	endfacet
	facet normal -3.216697626827912e-8 1.478418823758885e-7 0.9999999999999886
		outer loop
			vertex -156.34730529785156 832.9400024414062 -10.000123977661133
			vertex -170.30979919433594 726.69189453125 -10.00010871887207
			vertex -169.61270141601562 726.8435668945312 -10.00010871887207
		endloop
	endfacet
	facet normal -1.0368792937921333e-8 1.451164228913822e-7 0.9999999999999896
		outer loop
			vertex -169.61270141601562 726.8435668945312 -10.00010871887207
			vertex -168.90113830566406 726.8944091796875 -10.00010871887207
			vertex -156.34730529785156 832.9400024414062 -10.000123977661133
		endloop
	endfacet
	facet normal 1.7117231320111798e-7 1.2362532023991588e-7 0.9999999999999778
		outer loop
			vertex -156.34730529785156 832.9400024414062 -10.000123977661133
			vertex -168.90113830566406 726.8944091796875 -10.00010871887207
			vertex -129.90113830566406 726.8944091796875 -10.000115394592285
		endloop
	endfacet
	facet normal 0.000001370462780471684 4.2271022319567755e-7 0.9999999999989716
		outer loop
			vertex -156.34730529785156 832.9400024414062 -10.000123977661133
			vertex -129.90113830566406 726.8944091796875 -10.000115394592285
			vertex -129.18955993652344 726.843505859375 -10.000116348266602
		endloop
	endfacet
	facet normal 1.65620395820504e-8 7.614937764355783e-8 0.9999999999999971
		outer loop
			vertex -129.18955993652344 726.843505859375 -10.000116348266602
			vertex -128.4924774169922 726.69189453125 -10.000116348266602
			vertex -156.34730529785156 832.9400024414062 -10.000123977661133
		endloop
	endfacet
	facet normal 2.96883140814048e-8 7.959066355526182e-8 0.9999999999999964
		outer loop
			vertex -156.34730529785156 832.9400024414062 -10.000123977661133
			vertex -128.4924774169922 726.69189453125 -10.000116348266602
			vertex -127.82405853271484 726.4425659179688 -10.000116348266602
		endloop
	endfacet
	facet normal 1.764859991278072e-7 1.1890754039114435e-7 0.9999999999999775
		outer loop
			vertex -156.34730529785156 832.9400024414062 -10.000123977661133
			vertex -127.82405853271484 726.4425659179688 -10.000116348266602
			vertex -124.06241607666016 865.224853515625 -10.000133514404297
		endloop
	endfacet
	facet normal 6.65488161461333e-8 1.2188734698002294e-7 0.9999999999999903
		outer loop
			vertex -124.06241607666016 865.224853515625 -10.000133514404297
			vertex -127.82405853271484 726.4425659179688 -10.000116348266602
			vertex -127.19792938232422 726.1007080078125 -10.000116348266602
		endloop
	endfacet
	facet normal 9.08407737325056e-8 1.2133986648370284e-7 0.9999999999999886
		outer loop
			vertex -124.06241607666016 865.224853515625 -10.000133514404297
			vertex -127.19792938232422 726.1007080078125 -10.000116348266602
			vertex -126.6268310546875 725.6731567382812 -10.000116348266602
		endloop
	endfacet
	facet normal 1.2079131931833947e-7 1.2078949246838005e-7 0.9999999999999856
		outer loop
			vertex -126.6268310546875 725.6731567382812 -10.000116348266602
			vertex -126.12238311767578 725.168701171875 -10.000116348266602
			vertex -124.06241607666016 865.224853515625 -10.000133514404297
		endloop
	endfacet
	facet normal 1.6055879934916462e-7 1.2020458636609914e-7 0.99999999999998
		outer loop
			vertex -124.06241607666016 865.224853515625 -10.000133514404297
			vertex -126.12238311767578 725.168701171875 -10.000116348266602
			vertex -125.69486236572266 724.59765625 -10.000116348266602
		endloop
	endfacet
	facet normal 2.1891095322624968e-7 1.1952721556651111e-7 0.999999999999969
		outer loop
			vertex -124.06241607666016 865.224853515625 -10.000133514404297
			vertex -125.69486236572266 724.59765625 -10.000116348266602
			vertex -125.35297393798828 723.9714965820312 -10.000116348266602
		endloop
	endfacet
	facet normal 3.1802809707904345e-7 1.1862163419153392e-7 0.9999999999999425
		outer loop
			vertex -125.35297393798828 723.9714965820312 -10.000116348266602
			vertex -125.10366821289062 723.3031005859375 -10.000116348266602
			vertex -124.06241607666016 865.224853515625 -10.000133514404297
		endloop
	endfacet
	facet normal 5.378771312915052e-7 1.1700864483790777e-7 0.9999999999998485
		outer loop
			vertex -124.06241607666016 865.224853515625 -10.000133514404297
			vertex -125.10366821289062 723.3031005859375 -10.000116348266602
			vertex -124.9520263671875 722.6060180664062 -10.000116348266602
		endloop
	endfacet
	facet normal 0.000001547894134794253 1.1070848457428233e-7 0.999999999998796
		outer loop
			vertex -124.06241607666016 865.224853515625 -10.000133514404297
			vertex -124.9520263671875 722.6060180664062 -10.000116348266602
			vertex -124.90113067626953 721.8944091796875 -10.000116348266602
		endloop
	endfacet
	facet normal 1.2808540184478516e-7 1.190166588670166e-7 0.9999999999999849
		outer loop
			vertex -124.06241607666016 865.224853515625 -10.000133514404297
			vertex -124.90113067626953 721.8944091796875 -10.000116348266602
			vertex -124.06242370605469 688.9400024414062 -10.000112533569336
		endloop
	endfacet
	facet normal 0.0000010724465923416 1.4305114746085377e-7 0.9999999999994148
		outer loop
			vertex -124.06242370605469 688.9400024414062 -10.000112533569336
			vertex -124.90113067626953 721.8944091796875 -10.000116348266602
			vertex -124.90113067626953 701.8944091796875 -10.000113487243652
		endloop
	endfacet
	facet normal -5.402300398602081e-7 3.864164732273383e-8 0.9999999999998535
		outer loop
			vertex -124.06242370605469 688.9400024414062 -10.000112533569336
			vertex -124.90113067626953 701.8944091796875 -10.000113487243652
			vertex -124.9520263671875 701.182861328125 -10.000113487243652
		endloop
	endfacet
	facet normal -2.684222783706051e-7 5.839201038541007e-8 0.9999999999999624
		outer loop
			vertex -124.9520263671875 701.182861328125 -10.000113487243652
			vertex -125.10366821289062 700.4857788085938 -10.000113487243652
			vertex -124.06242370605469 688.9400024414062 -10.000112533569336
		endloop
	endfacet
	facet normal -1.7834613611372253e-7 6.65154388443676e-8 0.999999999999982
		outer loop
			vertex -124.06242370605469 688.9400024414062 -10.000112533569336
			vertex -125.10366821289062 700.4857788085938 -10.000113487243652
			vertex -125.35297393798828 699.8173217773438 -10.000113487243652
		endloop
	endfacet
	facet normal -1.3189842424387578e-7 7.2026273221398e-8 0.9999999999999888
		outer loop
			vertex -124.06242370605469 688.9400024414062 -10.000112533569336
			vertex -125.35297393798828 699.8173217773438 -10.000113487243652
			vertex -125.69486999511719 699.1912231445312 -10.000113487243652
		endloop
	endfacet
	facet normal -1.0247721243326316e-7 7.671142725630413e-8 0.9999999999999918
		outer loop
			vertex -125.69486999511719 699.1912231445312 -10.000113487243652
			vertex -126.12238311767578 698.6201171875 -10.000113487243652
			vertex -124.06242370605469 688.9400024414062 -10.000112533569336
		endloop
	endfacet
	facet normal 0.0000014775732413902082 4.129512228126701e-7 0.9999999999988233
		outer loop
			vertex -124.06242370605469 688.9400024414062 -10.000112533569336
			vertex -126.12238311767578 698.6201171875 -10.000113487243652
			vertex -126.6268310546875 698.1156616210938 -10.000112533569336
		endloop
	endfacet
	facet normal 0 0 1
		outer loop
			vertex -124.06242370605469 688.9400024414062 -10.000112533569336
			vertex -126.6268310546875 698.1156616210938 -10.000112533569336
			vertex -127.19792938232422 697.6881713867188 -10.000112533569336
		endloop
	endfacet
	facet normal 0 0 1
		outer loop
			vertex -127.19792938232422 697.6881713867188 -10.000112533569336
			vertex -127.82405853271484 697.3462524414062 -10.000112533569336
			vertex -124.06242370605469 688.9400024414062 -10.000112533569336
		endloop
	endfacet
	facet normal 0 0 1
		outer loop
			vertex -124.06242370605469 688.9400024414062 -10.000112533569336
			vertex -127.82405853271484 697.3462524414062 -10.000112533569336
			vertex -128.4924774169922 697.0969848632812 -10.000112533569336
		endloop
	endfacet
	facet normal 0 0 1
		outer loop
			vertex -124.06242370605469 688.9400024414062 -10.000112533569336
			vertex -128.4924774169922 697.0969848632812 -10.000112533569336
			vertex -129.18955993652344 696.9453125 -10.000112533569336
		endloop
	endfacet
	facet normal 1.7546296488160165e-7 1.1999130102870802e-7 0.9999999999999775
		outer loop
			vertex -270.48626708984375 832.9400024414062 -10.000103950500488
			vertex -259.7864685058594 825.2415771484375 -10.000104904174805
			vertex -156.34730529785156 832.9400024414062 -10.000123977661133
		endloop
	endfacet
	facet normal 1.6667585990762714e-7 2.3805840578565518e-7 0.9999999999999579
		outer loop
			vertex -156.34730529785156 832.9400024414062 -10.000123977661133
			vertex -259.7864685058594 825.2415771484375 -10.000104904174805
			vertex -259.5579833984375 825.0816040039062 -10.000104904174805
		endloop
	endfacet
	facet normal 1.7172634294464564e-7 1.7172634294464564e-7 0.9999999999999707
		outer loop
			vertex -156.34730529785156 832.9400024414062 -10.000123977661133
			vertex -259.5579833984375 825.0816040039062 -10.000104904174805
			vertex -259.36077880859375 824.8843994140625 -10.000104904174805
		endloop
	endfacet
	facet normal 1.4193822253911285e-7 1.2226560470366421e-7 0.9999999999999825
		outer loop
			vertex -270.4862976074219 739.3397827148438 -10.000092506408691
			vertex -261.97210693359375 823.055908203125 -10.000103950500488
			vertex -270.48626708984375 832.9400024414062 -10.000103950500488
		endloop
	endfacet
	facet normal 0 0 1
		outer loop
			vertex -270.48626708984375 832.9400024414062 -10.000103950500488
			vertex -261.97210693359375 823.055908203125 -10.000103950500488
			vertex -262.0899658203125 823.3086547851562 -10.000103950500488
		endloop
	endfacet
	facet normal 0 0 1
		outer loop
			vertex -270.48626708984375 832.9400024414062 -10.000103950500488
			vertex -262.0899658203125 823.3086547851562 -10.000103950500488
			vertex -262.1621398925781 823.5780639648438 -10.000103950500488
		endloop
	endfacet
	facet normal 1.503855595721214e-7 9.361912032194935e-8 0.9999999999999845
		outer loop
			vertex -220.0864715576172 688.9400024414062 -10.00009536743164
			vertex -260.3086242675781 743.3643188476562 -10.000094413757324
			vertex -270.4862976074219 739.3397827148438 -10.000092506408691
		endloop
	endfacet
	facet normal 0.000004356773280184389 -0.000010543939780491685 0.9999999999349221
		outer loop
			vertex -270.4862976074219 739.3397827148438 -10.000092506408691
			vertex -260.3086242675781 743.3643188476562 -10.000094413757324
			vertex -260.5864562988281 743.3399658203125 -10.000093460083008
		endloop
	endfacet
	facet normal 1.7172177515623104e-8 1.9590915301031674e-7 0.9999999999999808
		outer loop
			vertex -270.4862976074219 739.3397827148438 -10.000092506408691
			vertex -260.5864562988281 743.3399658203125 -10.000093460083008
			vertex -260.8642883300781 743.3643188476562 -10.000093460083008
		endloop
	endfacet
	facet normal 2.1772173790272036e-8 -1.9060218047942455e-9 0.9999999999999998
		outer loop
			vertex -258.9864501953125 744.9400024414062 -10.000094413757324
			vertex -259.0107727050781 744.6621704101562 -10.000094413757324
			vertex -220.0864715576172 688.9400024414062 -10.00009536743164
		endloop
	endfacet
	facet normal 1.7709126970626824e-8 -4.744232587849166e-9 0.9999999999999999
		outer loop
			vertex -220.0864715576172 688.9400024414062 -10.00009536743164
			vertex -259.0107727050781 744.6621704101562 -10.000094413757324
			vertex -259.08294677734375 744.3927612304688 -10.000094413757324
		endloop
	endfacet
	facet normal 1.4704660977710842e-8 -6.857086595472837e-9 1
		outer loop
			vertex -220.0864715576172 688.9400024414062 -10.00009536743164
			vertex -259.08294677734375 744.3927612304688 -10.000094413757324
			vertex -259.2008361816406 744.1399536132812 -10.000094413757324
		endloop
	endfacet
	facet normal 1.2264294011787002e-8 -8.58631644613621e-9 1
		outer loop
			vertex -259.2008361816406 744.1399536132812 -10.000094413757324
			vertex -259.36077880859375 743.9114990234375 -10.000094413757324
			vertex -220.0864715576172 688.9400024414062 -10.00009536743164
		endloop
	endfacet
	facet normal 1.0118097614129614e-8 -1.0119663398347215e-8 1
		outer loop
			vertex -220.0864715576172 688.9400024414062 -10.00009536743164
			vertex -259.36077880859375 743.9114990234375 -10.000094413757324
			vertex -259.5580139160156 743.7142944335938 -10.000094413757324
		endloop
	endfacet
	facet normal 8.103021880887431e-9 -1.1571770660115092e-8 1
		outer loop
			vertex -220.0864715576172 688.9400024414062 -10.00009536743164
			vertex -259.5580139160156 743.7142944335938 -10.000094413757324
			vertex -259.7864685058594 743.5543212890625 -10.000094413757324
		endloop
	endfacet
	facet normal 6.081347629202466e-9 -1.3041357085721083e-8 1
		outer loop
			vertex -259.7864685058594 743.5543212890625 -10.000094413757324
			vertex -260.0392150878906 743.4364624023438 -10.000094413757324
			vertex -220.0864715576172 688.9400024414062 -10.00009536743164
		endloop
	endfacet
	facet normal 3.917145981896167e-9 -1.4627988463696854e-8 1
		outer loop
			vertex -220.0864715576172 688.9400024414062 -10.00009536743164
			vertex -260.0392150878906 743.4364624023438 -10.000094413757324
			vertex -260.3086242675781 743.3643188476562 -10.000094413757324
		endloop
	endfacet
	facet normal 3.8686996711105785e-8 1.4447073052692127e-7 0.999999999999989
		outer loop
			vertex -260.8642883300781 743.3643188476562 -10.000093460083008
			vertex -261.1336975097656 743.4364624023438 -10.000093460083008
			vertex -270.4862976074219 739.3397827148438 -10.000092506408691
		endloop
	endfacet
	facet normal 5.257611272906118e-8 1.1276228423998284e-7 0.9999999999999923
		outer loop
			vertex -270.4862976074219 739.3397827148438 -10.000092506408691
			vertex -261.1336975097656 743.4364624023438 -10.000093460083008
			vertex -261.386474609375 743.5543212890625 -10.000093460083008
		endloop
	endfacet
	facet normal 6.307985189971686e-8 9.008313073660444e-8 0.9999999999999941
		outer loop
			vertex -270.4862976074219 739.3397827148438 -10.000092506408691
			vertex -261.386474609375 743.5543212890625 -10.000093460083008
			vertex -261.61492919921875 743.7142944335938 -10.000093460083008
		endloop
	endfacet
	facet normal 7.199780665881759e-8 7.199780665881759e-8 0.999999999999995
		outer loop
			vertex -261.61492919921875 743.7142944335938 -10.000093460083008
			vertex -261.8121337890625 743.9114990234375 -10.000093460083008
			vertex -270.4862976074219 739.3397827148438 -10.000092506408691
		endloop
	endfacet
	facet normal 8.030627488692494e-8 5.623370197131452e-8 0.9999999999999952
		outer loop
			vertex -270.4862976074219 739.3397827148438 -10.000092506408691
			vertex -261.8121337890625 743.9114990234375 -10.000093460083008
			vertex -261.97210693359375 744.1399536132812 -10.000093460083008
		endloop
	endfacet
	facet normal 8.869714154194658e-8 4.1350598821221354e-8 0.9999999999999953
		outer loop
			vertex -270.4862976074219 739.3397827148438 -10.000092506408691
			vertex -261.97210693359375 744.1399536132812 -10.000093460083008
			vertex -262.0899658203125 744.3927612304688 -10.000093460083008
		endloop
	endfacet
	facet normal 9.781262402702725e-8 2.6203767084721277e-8 0.9999999999999949
		outer loop
			vertex -262.0899658203125 744.3927612304688 -10.000093460083008
			vertex -262.1621398925781 744.6621704101562 -10.000093460083008
			vertex -270.4862976074219 739.3397827148438 -10.000092506408691
		endloop
	endfacet
	facet normal 1.0849413130951676e-7 9.498003367056772e-9 0.9999999999999942
		outer loop
			vertex -270.4862976074219 739.3397827148438 -10.000092506408691
			vertex -262.1621398925781 744.6621704101562 -10.000093460083008
			vertex -262.18646240234375 744.9400024414062 -10.000093460083008
		endloop
	endfacet
	facet normal 1.221161121200168e-7 -1.0690525193283544e-8 0.9999999999999927
		outer loop
			vertex -270.4862976074219 739.3397827148438 -10.000092506408691
			vertex -262.18646240234375 744.9400024414062 -10.000093460083008
			vertex -262.1621398925781 745.2178344726562 -10.000093460083008
		endloop
	endfacet
	facet normal 1.4129676936894736e-7 -3.78530651968238e-8 0.9999999999999893
		outer loop
			vertex -262.1621398925781 745.2178344726562 -10.000093460083008
			vertex -262.0899658203125 745.4872436523438 -10.000093460083008
			vertex -270.4862976074219 739.3397827148438 -10.000092506408691
		endloop
	endfacet
	facet normal -0.000004022318544466374 0.00000564890053344334 0.9999999999759555
		outer loop
			vertex -270.4862976074219 739.3397827148438 -10.000092506408691
			vertex -262.0899658203125 745.4872436523438 -10.000093460083008
			vertex -261.97210693359375 745.739990234375 -10.000094413757324
		endloop
	endfacet
	facet normal 4.729933203162223e-7 -3.312090549155273e-7 0.9999999999998335
		outer loop
			vertex -270.4862976074219 739.3397827148438 -10.000092506408691
			vertex -261.97210693359375 745.739990234375 -10.000094413757324
			vertex -261.8121337890625 745.9684448242188 -10.000094413757324
		endloop
	endfacet
	facet normal 1.2506962598171996e-7 1.240784633120551e-7 0.9999999999999846
		outer loop
			vertex -270.4862976074219 739.3397827148438 -10.000092506408691
			vertex -261.8121337890625 745.9684448242188 -10.000094413757324
			vertex -261.61492919921875 822.6302490234375 -10.000103950500488
		endloop
	endfacet
	facet normal -1.247210240134847e-7 1.247210240134847e-7 0.9999999999999845
		outer loop
			vertex -261.61492919921875 822.6302490234375 -10.000103950500488
			vertex -261.8121337890625 745.9684448242188 -10.000094413757324
			vertex -261.61492919921875 746.1656494140625 -10.000094413757324
		endloop
	endfacet
	facet normal 8.732304098820481e-8 1.247210240134852e-7 0.9999999999999885
		outer loop
			vertex -261.61492919921875 822.6302490234375 -10.000103950500488
			vertex -261.61492919921875 746.1656494140625 -10.000094413757324
			vertex -261.3864440917969 822.4702758789062 -10.000103950500488
		endloop
	endfacet
	facet normal -8.77016953470928e-8 1.2524511472116305e-7 0.9999999999999883
		outer loop
			vertex -261.3864440917969 822.4702758789062 -10.000103950500488
			vertex -261.61492919921875 746.1656494140625 -10.000094413757324
			vertex -261.386474609375 746.3256225585938 -10.000094413757324
		endloop
	endfacet
	facet normal 5.840333336242004e-8 1.252450561645683e-7 0.9999999999999906
		outer loop
			vertex -261.3864440917969 822.4702758789062 -10.000103950500488
			vertex -261.386474609375 746.3256225585938 -10.000094413757324
			vertex -261.1336975097656 822.3524169921875 -10.000103950500488
		endloop
	endfacet
	facet normal -5.857762957133388e-8 1.2563399941464488e-7 0.9999999999999906
		outer loop
			vertex -261.1336975097656 822.3524169921875 -10.000103950500488
			vertex -261.386474609375 746.3256225585938 -10.000094413757324
			vertex -261.1336975097656 746.4434814453125 -10.000094413757324
		endloop
	endfacet
	facet normal 3.3671278048827605e-8 1.2563399941464502e-7 0.9999999999999916
		outer loop
			vertex -261.1336975097656 822.3524169921875 -10.000103950500488
			vertex -261.1336975097656 746.4434814453125 -10.000094413757324
			vertex -260.8642883300781 822.2802124023438 -10.000103950500488
		endloop
	endfacet
	facet normal -3.3735456390265326e-8 1.2587346112141265e-7 0.9999999999999916
		outer loop
			vertex -260.8642883300781 822.2802124023438 -10.000103950500488
			vertex -261.1336975097656 746.4434814453125 -10.000094413757324
			vertex -260.8642883300781 746.5156860351562 -10.000094413757324
		endloop
	endfacet
	facet normal 1.1005632145501375e-8 1.258734611214127e-7 0.999999999999992
		outer loop
			vertex -260.8642883300781 822.2802124023438 -10.000103950500488
			vertex -260.8642883300781 746.5156860351562 -10.000094413757324
			vertex -260.5864562988281 822.2559204101562 -10.000103950500488
		endloop
	endfacet
	facet normal -1.1012694032910644e-8 1.2595422924072676e-7 0.9999999999999921
		outer loop
			vertex -260.5864562988281 822.2559204101562 -10.000103950500488
			vertex -260.8642883300781 746.5156860351562 -10.000094413757324
			vertex -260.5864562988281 746.5399780273438 -10.000094413757324
		endloop
	endfacet
	facet normal -1.1012694032910644e-8 1.2595422924072676e-7 0.9999999999999921
		outer loop
			vertex -260.5864562988281 822.2559204101562 -10.000103950500488
			vertex -260.5864562988281 746.5399780273438 -10.000094413757324
			vertex -260.3086242675781 822.2802124023438 -10.000103950500488
		endloop
	endfacet
	facet normal 1.1005632145501375e-8 1.258734611214127e-7 0.999999999999992
		outer loop
			vertex -260.3086242675781 822.2802124023438 -10.000103950500488
			vertex -260.5864562988281 746.5399780273438 -10.000094413757324
			vertex -260.3086242675781 746.5156860351562 -10.000094413757324
		endloop
	endfacet
	facet normal -3.3735456390265326e-8 1.2587346112141265e-7 0.9999999999999916
		outer loop
			vertex -260.3086242675781 822.2802124023438 -10.000103950500488
			vertex -260.3086242675781 746.5156860351562 -10.000094413757324
			vertex -260.0392150878906 822.3524169921875 -10.000103950500488
		endloop
	endfacet
	facet normal 3.3671278048827605e-8 1.2563399941464502e-7 0.9999999999999916
		outer loop
			vertex -260.0392150878906 822.3524169921875 -10.000103950500488
			vertex -260.3086242675781 746.5156860351562 -10.000094413757324
			vertex -260.0392150878906 746.4434814453125 -10.000094413757324
		endloop
	endfacet
	facet normal -5.858470245585106e-8 1.2563399941464486e-7 0.9999999999999905
		outer loop
			vertex -260.0392150878906 822.3524169921875 -10.000103950500488
			vertex -260.0392150878906 746.4434814453125 -10.000094413757324
			vertex -259.7864685058594 822.4702758789062 -10.000103950500488
		endloop
	endfacet
	facet normal 5.8403344277459996e-8 1.2524507957170473e-7 0.9999999999999906
		outer loop
			vertex -259.7864685058594 822.4702758789062 -10.000103950500488
			vertex -260.0392150878906 746.4434814453125 -10.000094413757324
			vertex -259.7864685058594 746.3256225585938 -10.000094413757324
		endloop
	endfacet
	facet normal -8.770167073402014e-8 1.2524507957170447e-7 0.9999999999999883
		outer loop
			vertex -259.7864685058594 822.4702758789062 -10.000103950500488
			vertex -259.7864685058594 746.3256225585938 -10.000094413757324
			vertex -259.5580139160156 822.6302490234375 -10.000103950500488
		endloop
	endfacet
	facet normal 8.733470583471673e-8 1.2472102401348522e-7 0.9999999999999886
		outer loop
			vertex -259.5580139160156 822.6302490234375 -10.000103950500488
			vertex -259.7864685058594 746.3256225585938 -10.000094413757324
			vertex -259.5580139160156 746.1656494140625 -10.000094413757324
		endloop
	endfacet
	facet normal 0.000004710514117667779 1.2472102401210196e-7 0.9999999999888979
		outer loop
			vertex -259.5580139160156 822.6302490234375 -10.000103950500488
			vertex -259.5580139160156 746.1656494140625 -10.000094413757324
			vertex -259.36077880859375 822.8274536132812 -10.000104904174805
		endloop
	endfacet
	facet normal 1.364679885399613e-7 1.3648910707733982e-7 0.9999999999999813
		outer loop
			vertex -259.36077880859375 822.8274536132812 -10.000104904174805
			vertex -259.5580139160156 746.1656494140625 -10.000094413757324
			vertex -259.36077880859375 745.9684448242188 -10.000094413757324
		endloop
	endfacet
	facet normal -1.9491748484947656e-7 1.3648910707733852e-7 0.9999999999999717
		outer loop
			vertex -259.36077880859375 822.8274536132812 -10.000104904174805
			vertex -259.36077880859375 745.9684448242188 -10.000094413757324
			vertex -259.2008056640625 823.055908203125 -10.000104904174805
		endloop
	endfacet
	facet normal 1.9380245468732587e-7 1.3568242920334959e-7 0.999999999999972
		outer loop
			vertex -259.2008056640625 823.055908203125 -10.000104904174805
			vertex -259.36077880859375 745.9684448242188 -10.000094413757324
			vertex -259.2008361816406 745.739990234375 -10.000094413757324
		endloop
	endfacet
	facet normal 1.7240432522744645e-7 1.3568243764946448e-7 0.9999999999999759
		outer loop
			vertex -259.2008056640625 823.055908203125 -10.000104904174805
			vertex -259.2008361816406 745.739990234375 -10.000094413757324
			vertex -156.34730529785156 832.9400024414062 -10.000123977661133
		endloop
	endfacet
	facet normal 1.8440176297931953e-7 1.6143256271366175e-8 0.9999999999999829
		outer loop
			vertex -259.0107727050781 824.1337280273438 -10.000104904174805
			vertex -258.9864501953125 823.8558959960938 -10.000104904174805
			vertex -156.34730529785156 832.9400024414062 -10.000123977661133
		endloop
	endfacet
	facet normal 1.8728160316303374e-7 -1.6395368818204952e-8 0.9999999999999825
		outer loop
			vertex -156.34730529785156 832.9400024414062 -10.000123977661133
			vertex -258.9864501953125 823.8558959960938 -10.000104904174805
			vertex -259.0107727050781 823.5780639648438 -10.000104904174805
		endloop
	endfacet
	facet normal 1.904388706735989e-7 -5.101811612404411e-8 0.9999999999999807
		outer loop
			vertex -156.34730529785156 832.9400024414062 -10.000123977661133
			vertex -259.0107727050781 823.5780639648438 -10.000104904174805
			vertex -259.08294677734375 823.3086547851562 -10.000104904174805
		endloop
	endfacet
	facet normal 1.9414319496539644e-7 -9.053139567210349e-8 0.9999999999999772
		outer loop
			vertex -259.08294677734375 823.3086547851562 -10.000104904174805
			vertex -259.2008056640625 823.055908203125 -10.000104904174805
			vertex -156.34730529785156 832.9400024414062 -10.000123977661133
		endloop
	endfacet
	facet normal 1.2417387123467378e-7 1.2417387123467378e-7 0.9999999999999846
		outer loop
			vertex -261.61492919921875 822.6302490234375 -10.000103950500488
			vertex -261.8121337890625 822.8274536132812 -10.000103950500488
			vertex -270.4862976074219 739.3397827148438 -10.000092506408691
		endloop
	endfacet
	facet normal 1.7046232460682922e-7 1.1936461469262608e-7 0.9999999999999784
		outer loop
			vertex -270.4862976074219 739.3397827148438 -10.000092506408691
			vertex -261.8121337890625 822.8274536132812 -10.000103950500488
			vertex -261.97210693359375 823.055908203125 -10.000103950500488
		endloop
	endfacet
	facet normal 0 0 1
		outer loop
			vertex -262.1621398925781 823.5780639648438 -10.000103950500488
			vertex -262.18646240234375 823.8558959960938 -10.000103950500488
			vertex -270.48626708984375 832.9400024414062 -10.000103950500488
		endloop
	endfacet
	facet normal 0 0 1
		outer loop
			vertex -270.48626708984375 832.9400024414062 -10.000103950500488
			vertex -262.18646240234375 823.8558959960938 -10.000103950500488
			vertex -262.1621398925781 824.1337280273438 -10.000103950500488
		endloop
	endfacet
	facet normal 0 0 1
		outer loop
			vertex -270.48626708984375 832.9400024414062 -10.000103950500488
			vertex -262.1621398925781 824.1337280273438 -10.000103950500488
			vertex -262.0899658203125 824.4031372070312 -10.000103950500488
		endloop
	endfacet
	facet normal 0 0 1
		outer loop
			vertex -262.0899658203125 824.4031372070312 -10.000103950500488
			vertex -261.97210693359375 824.6558837890625 -10.000103950500488
			vertex -270.48626708984375 832.9400024414062 -10.000103950500488
		endloop
	endfacet
	facet normal 0 0 1
		outer loop
			vertex -270.48626708984375 832.9400024414062 -10.000103950500488
			vertex -261.97210693359375 824.6558837890625 -10.000103950500488
			vertex -261.8121337890625 824.8843994140625 -10.000103950500488
		endloop
	endfacet
	facet normal 0 0 1
		outer loop
			vertex -270.48626708984375 832.9400024414062 -10.000103950500488
			vertex -261.8121337890625 824.8843994140625 -10.000103950500488
			vertex -261.61492919921875 825.0816040039062 -10.000103950500488
		endloop
	endfacet
	facet normal 0 0 1
		outer loop
			vertex -261.61492919921875 825.0816040039062 -10.000103950500488
			vertex -261.3864440917969 825.2415771484375 -10.000103950500488
			vertex -270.48626708984375 832.9400024414062 -10.000103950500488
		endloop
	endfacet
	facet normal 0.0000024324694667911813 0.0000028752687405007285 0.999999999992908
		outer loop
			vertex -270.48626708984375 832.9400024414062 -10.000103950500488
			vertex -261.3864440917969 825.2415771484375 -10.000103950500488
			vertex -261.1336975097656 825.3594360351562 -10.000104904174805
		endloop
	endfacet
	facet normal 2.532256526337173e-8 -9.456328517133911e-8 0.9999999999999952
		outer loop
			vertex -270.48626708984375 832.9400024414062 -10.000103950500488
			vertex -261.1336975097656 825.3594360351562 -10.000104904174805
			vertex -260.8642883300781 825.4315795898438 -10.000104904174805
		endloop
	endfacet
	facet normal 1.000896820408289e-8 -1.1418752697991307e-7 0.9999999999999936
		outer loop
			vertex -260.8642883300781 825.4315795898438 -10.000104904174805
			vertex -260.5864562988281 825.4559326171875 -10.000104904174805
			vertex -270.48626708984375 832.9400024414062 -10.000103950500488
		endloop
	endfacet
	facet normal -1.2634399958990998e-8 -1.4413982108603266e-7 0.9999999999999896
		outer loop
			vertex -270.48626708984375 832.9400024414062 -10.000103950500488
			vertex -260.5864562988281 825.4559326171875 -10.000104904174805
			vertex -260.3086242675781 825.4315795898438 -10.000104904174805
		endloop
	endfacet
	facet normal -5.3392957326474016e-8 -1.9938791340021683e-7 0.9999999999999788
		outer loop
			vertex -270.48626708984375 832.9400024414062 -10.000103950500488
			vertex -260.3086242675781 825.4315795898438 -10.000104904174805
			vertex -260.0392150878906 825.3594360351562 -10.000104904174805
		endloop
	endfacet
	facet normal -1.6416177236859965e-7 -3.5204241293545893e-7 0.9999999999999246
		outer loop
			vertex -260.0392150878906 825.3594360351562 -10.000104904174805
			vertex -259.7864685058594 825.2415771484375 -10.000104904174805
			vertex -270.48626708984375 832.9400024414062 -10.000103950500488
		endloop
	endfacet
	facet normal 1.7554523926330257e-7 1.2289104490093912e-7 0.999999999999977
		outer loop
			vertex -259.36077880859375 824.8843994140625 -10.000104904174805
			vertex -259.2008056640625 824.6558837890625 -10.000104904174805
			vertex -156.34730529785156 832.9400024414062 -10.000123977661133
		endloop
	endfacet
	facet normal 1.7873045326310028e-7 8.334424178967559e-8 0.9999999999999807
		outer loop
			vertex -156.34730529785156 832.9400024414062 -10.000123977661133
			vertex -259.2008056640625 824.6558837890625 -10.000104904174805
			vertex -259.08294677734375 824.4031372070312 -10.000104904174805
		endloop
	endfacet
	facet normal 1.816130790947944e-7 4.8653707754778965e-8 0.9999999999999825
		outer loop
			vertex -156.34730529785156 832.9400024414062 -10.000123977661133
			vertex -259.08294677734375 824.4031372070312 -10.000104904174805
			vertex -259.0107727050781 824.1337280273438 -10.000104904174805
		endloop
	endfacet
	facet normal 0 1 0
		outer loop
			vertex -144.9009246826172 699.056640625 -13.799118995666504
			vertex -129.90133666992188 699.056640625 -13.799121856689453
			vertex -144.9009246826172 699.056640625 -15.649118423461914
		endloop
	endfacet
	facet normal 0 1 0
		outer loop
			vertex -144.9009246826172 699.056640625 -15.649118423461914
			vertex -129.90133666992188 699.056640625 -13.799121856689453
			vertex -129.90133666992188 699.056640625 -15.649121284484863
		endloop
	endfacet
	facet normal 0 1 0
		outer loop
			vertex -144.9009246826172 701.556640625 -13.799118995666504
			vertex -144.9009246826172 701.556640625 -12.449119567871094
			vertex -129.90133666992188 701.556640625 -13.799121856689453
		endloop
	endfacet
	facet normal 0 1 0
		outer loop
			vertex -129.90133666992188 701.556640625 -13.799121856689453
			vertex -144.9009246826172 701.556640625 -12.449119567871094
			vertex -129.90133666992188 701.556640625 -12.449121475219727
		endloop
	endfacet
	facet normal -1.907401021146176e-7 0 -0.9999999999999818
		outer loop
			vertex -144.9009246826172 699.056640625 -13.799118995666504
			vertex -144.9009246826172 701.556640625 -13.799118995666504
			vertex -129.90133666992188 699.056640625 -13.799121856689453
		endloop
	endfacet
	facet normal -1.907401021146176e-7 0 -0.9999999999999818
		outer loop
			vertex -129.90133666992188 699.056640625 -13.799121856689453
			vertex -144.9009246826172 701.556640625 -13.799118995666504
			vertex -129.90133666992188 701.556640625 -13.799121856689453
		endloop
	endfacet
	facet normal 1.798314928659479e-7 0.7071067811865361 0.7071067811865361
		outer loop
			vertex -144.9009246826172 701.556640625 -18.149118423461914
			vertex -144.9009246826172 699.056640625 -15.649118423461914
			vertex -129.90133666992188 701.556640625 -18.14912223815918
		endloop
	endfacet
	facet normal 1.348735939243629e-7 0.7071069160564177 0.7071066463166387
		outer loop
			vertex -129.90133666992188 701.556640625 -18.14912223815918
			vertex -144.9009246826172 699.056640625 -15.649118423461914
			vertex -129.90133666992188 699.056640625 -15.649121284484863
		endloop
	endfacet
	facet normal 0 1 0
		outer loop
			vertex -168.9009246826172 699.056640625 -13.799114227294922
			vertex -153.90133666992188 699.056640625 -13.799117088317871
			vertex -168.9009246826172 699.056640625 -15.649114608764648
		endloop
	endfacet
	facet normal 0 1 0
		outer loop
			vertex -168.9009246826172 699.056640625 -15.649114608764648
			vertex -153.90133666992188 699.056640625 -13.799117088317871
			vertex -153.90133666992188 699.056640625 -15.649117469787598
		endloop
	endfacet
	facet normal 0 1 0
		outer loop
			vertex -168.9009246826172 701.556640625 -13.799115180969238
			vertex -168.9009246826172 701.556640625 -12.449114799499512
			vertex -153.90133666992188 701.556640625 -13.799117088317871
		endloop
	endfacet
	facet normal 0 1 0
		outer loop
			vertex -153.90133666992188 701.556640625 -13.799117088317871
			vertex -168.9009246826172 701.556640625 -12.449114799499512
			vertex -153.90133666992188 701.556640625 -12.449117660522461
		endloop
	endfacet
	facet normal -1.9074010211460374e-7 -3.8146972656246535e-7 -0.9999999999999091
		outer loop
			vertex -168.9009246826172 699.056640625 -13.799114227294922
			vertex -168.9009246826172 701.556640625 -13.799115180969238
			vertex -153.90133666992188 699.056640625 -13.799117088317871
		endloop
	endfacet
	facet normal -1.27160068076413e-7 0 -0.9999999999999919
		outer loop
			vertex -153.90133666992188 699.056640625 -13.799117088317871
			vertex -168.9009246826172 701.556640625 -13.799115180969238
			vertex -153.90133666992188 701.556640625 -13.799117088317871
		endloop
	endfacet
	facet normal 1.798314928659479e-7 0.7071067811865361 0.7071067811865361
		outer loop
			vertex -168.9009246826172 701.556640625 -18.14911460876465
			vertex -168.9009246826172 699.056640625 -15.649114608764648
			vertex -153.90133666992188 701.556640625 -18.149118423461914
		endloop
	endfacet
	facet normal 1.348735939243629e-7 0.7071069160564177 0.7071066463166387
		outer loop
			vertex -153.90133666992188 701.556640625 -18.149118423461914
			vertex -168.9009246826172 699.056640625 -15.649114608764648
			vertex -153.90133666992188 699.056640625 -15.649117469787598
		endloop
	endfacet
	facet normal 0 1 0
		outer loop
			vertex -168.90093994140625 701.556640625 -19.000104904174805
			vertex -168.9009246826172 701.556640625 -18.14911460876465
			vertex -153.90133666992188 701.556640625 -19.00010871887207
		endloop
	endfacet
	facet normal 0 1 0
		outer loop
			vertex -153.90133666992188 701.556640625 -19.00010871887207
			vertex -168.9009246826172 701.556640625 -18.14911460876465
			vertex -153.90133666992188 701.556640625 -18.149118423461914
		endloop
	endfacet
	facet normal 2.676952848103723e-7 0.7071027504920079 -0.7071108118580607
		outer loop
			vertex -154.29653930664062 827.9889526367188 -19.000123977661133
			vertex -265.1354675292969 827.989013671875 -19.000104904174805
			vertex -156.34730529785156 832.9400024414062 -14.049131393432617
		endloop
	endfacet
	facet normal -1.245071323488461e-7 0.7071070594453633 -0.7071065029276113
		outer loop
			vertex -156.34730529785156 832.9400024414062 -14.049131393432617
			vertex -265.1354675292969 827.989013671875 -19.000104904174805
			vertex -270.0864562988281 832.9400024414062 -14.049111366271973
		endloop
	endfacet
endsolid exported
