solid exported
	facet normal 0 0 1
		outer loop
			vertex 48.20000076293945 -0.5 12.5
			vertex 51.20000076293945 -0.5 12.5
			vertex 48.20000076293945 12.122833251953125 12.5
		endloop
	endfacet
	facet normal 0 0 1
		outer loop
			vertex 48.20000076293945 12.122833251953125 12.5
			vertex 51.20000076293945 -0.5 12.5
			vertex 51.20000076293945 14 12.5
		endloop
	endfacet
	facet normal 0 0 1
		outer loop
			vertex 48.20000076293945 12.122833251953125 12.5
			vertex 51.20000076293945 14 12.5
			vertex 49.5 13.422833442687988 12.5
		endloop
	endfacet
	facet normal 0 0 1
		outer loop
			vertex 49.5 13.422833442687988 12.5
			vertex 51.20000076293945 14 12.5
			vertex 49.5 14.837047576904297 12.5
		endloop
	endfacet
	facet normal 0 0 1
		outer loop
			vertex 49.5 14.837047576904297 12.5
			vertex 51.20000076293945 14 12.5
			vertex 51.230777740478516 14.39108657836914 12.5
		endloop
	endfacet
	facet normal 0 0 1
		outer loop
			vertex 49.5 14.837047576904297 12.5
			vertex 51.230777740478516 14.39108657836914 12.5
			vertex 51.322357177734375 14.772542953491211 12.5
		endloop
	endfacet
	facet normal 0 0 1
		outer loop
			vertex 14.5 -0.5 12.5
			vertex -43.24767303466797 -4.5 12.5
			vertex 48.20000076293945 -0.5 12.5
		endloop
	endfacet
	facet normal 0 0 1
		outer loop
			vertex 48.20000076293945 -0.5 12.5
			vertex -43.24767303466797 -4.5 12.5
			vertex 115.95233154296875 -4.5 12.5
		endloop
	endfacet
	facet normal 0 0 1
		outer loop
			vertex 48.20000076293945 -0.5 12.5
			vertex 115.95233154296875 -4.5 12.5
			vertex 51.20000076293945 -0.5 12.5
		endloop
	endfacet
	facet normal 0 0 1
		outer loop
			vertex 51.20000076293945 -0.5 12.5
			vertex 115.95233154296875 -4.5 12.5
			vertex 115.95233154296875 -0.5 12.5
		endloop
	endfacet
	facet normal 0 0 1
		outer loop
			vertex 14.5 11.395479202270508 12.5
			vertex 13.5 11.395479202270508 12.5
			vertex 14.5 -0.5 12.5
		endloop
	endfacet
	facet normal 0 0 1
		outer loop
			vertex 14.5 -0.5 12.5
			vertex 13.5 11.395479202270508 12.5
			vertex 8.5 -0.5 12.5
		endloop
	endfacet
	facet normal 0 0 1
		outer loop
			vertex 14.5 -0.5 12.5
			vertex 8.5 -0.5 12.5
			vertex -43.24767303466797 -4.5 12.5
		endloop
	endfacet
	facet normal 0 0 1
		outer loop
			vertex -43.24767303466797 -4.5 12.5
			vertex 8.5 -0.5 12.5
			vertex -43.24767303466797 -0.5 12.5
		endloop
	endfacet
	facet normal 0 0 1
		outer loop
			vertex 8.5 -0.5 12.5
			vertex 13.5 11.395479202270508 12.5
			vertex 8.5 18.200000762939453 12.5
		endloop
	endfacet
	facet normal 0 0 1
		outer loop
			vertex 8.5 18.200000762939453 12.5
			vertex 13.5 11.395479202270508 12.5
			vertex 13.5 15.129940032958984 12.5
		endloop
	endfacet
	facet normal 0 0 1
		outer loop
			vertex 8.5 18.200000762939453 12.5
			vertex 13.5 15.129940032958984 12.5
			vertex 14.5 15.129940032958984 12.5
		endloop
	endfacet
	facet normal 0 0 1
		outer loop
			vertex 14.5 15.129940032958984 12.5
			vertex 14.5 18.5 12.5
			vertex 8.5 18.200000762939453 12.5
		endloop
	endfacet
	facet normal 0 0 1
		outer loop
			vertex 8.5 18.200000762939453 12.5
			vertex 14.5 18.5 12.5
			vertex 8.504557609558105 18.252094268798828 12.5
		endloop
	endfacet
	facet normal 0 0 1
		outer loop
			vertex 8.504557609558105 18.252094268798828 12.5
			vertex 14.5 18.5 12.5
			vertex 8.518092155456543 18.3026065826416 12.5
		endloop
	endfacet
	facet normal 0 0 1
		outer loop
			vertex 8.518092155456543 18.3026065826416 12.5
			vertex 14.5 18.5 12.5
			vertex 8.540192604064941 18.350000381469727 12.5
		endloop
	endfacet
	facet normal 0 0 1
		outer loop
			vertex 8.540192604064941 18.350000381469727 12.5
			vertex 14.5 18.5 12.5
			vertex 8.800000190734863 18.5 12.5
		endloop
	endfacet
	facet normal 0 0 1
		outer loop
			vertex 8.540192604064941 18.350000381469727 12.5
			vertex 8.800000190734863 18.5 12.5
			vertex 8.570186614990234 18.39283561706543 12.5
		endloop
	endfacet
	facet normal 0 0 1
		outer loop
			vertex 8.570186614990234 18.39283561706543 12.5
			vertex 8.800000190734863 18.5 12.5
			vertex 8.607163429260254 18.429813385009766 12.5
		endloop
	endfacet
	facet normal 0 0 1
		outer loop
			vertex 8.607163429260254 18.429813385009766 12.5
			vertex 8.800000190734863 18.5 12.5
			vertex 8.649999618530273 18.459808349609375 12.5
		endloop
	endfacet
	facet normal 0 0 1
		outer loop
			vertex 8.649999618530273 18.459808349609375 12.5
			vertex 8.800000190734863 18.5 12.5
			vertex 8.697394371032715 18.48190689086914 12.5
		endloop
	endfacet
	facet normal 0 0 1
		outer loop
			vertex 8.697394371032715 18.48190689086914 12.5
			vertex 8.800000190734863 18.5 12.5
			vertex 8.747905731201172 18.495441436767578 12.5
		endloop
	endfacet
	facet normal 0 0 1
		outer loop
			vertex 51.322357177734375 14.772542953491211 12.5
			vertex 51.47248458862305 15.134976387023926 12.5
			vertex 49.5 14.837047576904297 12.5
		endloop
	endfacet
	facet normal 0 0 1
		outer loop
			vertex 49.5 14.837047576904297 12.5
			vertex 51.47248458862305 15.134976387023926 12.5
			vertex 51.67745590209961 15.469463348388672 12.5
		endloop
	endfacet
	facet normal 0 0 1
		outer loop
			vertex 49.5 14.837047576904297 12.5
			vertex 51.67745590209961 15.469463348388672 12.5
			vertex 48.20000076293945 16.137046813964844 12.5
		endloop
	endfacet
	facet normal 0 0 1
		outer loop
			vertex 48.20000076293945 16.137046813964844 12.5
			vertex 51.67745590209961 15.469463348388672 12.5
			vertex 51.93223190307617 15.767766952514648 12.5
		endloop
	endfacet
	facet normal 0 0 1
		outer loop
			vertex 48.20000076293945 16.137046813964844 12.5
			vertex 51.93223190307617 15.767766952514648 12.5
			vertex 52.23053741455078 16.02254295349121 12.5
		endloop
	endfacet
	facet normal 0 0 1
		outer loop
			vertex 48.20000076293945 16.137046813964844 12.5
			vertex 52.23053741455078 16.02254295349121 12.5
			vertex 48.20000076293945 16.21038246154785 12.5
		endloop
	endfacet
	facet normal 0 0 1
		outer loop
			vertex 48.20000076293945 16.21038246154785 12.5
			vertex 52.23053741455078 16.02254295349121 12.5
			vertex 52.565025329589844 16.227516174316406 12.5
		endloop
	endfacet
	facet normal 0 0 1
		outer loop
			vertex 48.20000076293945 16.21038246154785 12.5
			vertex 52.565025329589844 16.227516174316406 12.5
			vertex 52.92745590209961 16.377641677856445 12.5
		endloop
	endfacet
	facet normal 0 0 1
		outer loop
			vertex 52.92745590209961 16.377641677856445 12.5
			vertex 53.30891418457031 16.469221115112305 12.5
			vertex 48.20000076293945 16.21038246154785 12.5
		endloop
	endfacet
	facet normal 0 0 1
		outer loop
			vertex 48.20000076293945 16.21038246154785 12.5
			vertex 53.30891418457031 16.469221115112305 12.5
			vertex 48.685401916503906 17.520971298217773 12.5
		endloop
	endfacet
	facet normal 0 0 1
		outer loop
			vertex 48.685401916503906 17.520971298217773 12.5
			vertex 53.30891418457031 16.469221115112305 12.5
			vertex 53.70000076293945 16.5 12.5
		endloop
	endfacet
	facet normal 0 0 1
		outer loop
			vertex 48.685401916503906 17.520971298217773 12.5
			vertex 53.70000076293945 16.5 12.5
			vertex 57.900001525878906 16.5 12.5
		endloop
	endfacet
	facet normal 0 0 1
		outer loop
			vertex 48.685401916503906 17.520971298217773 12.5
			vertex 57.900001525878906 16.5 12.5
			vertex 63.20000076293945 17.792892456054688 12.5
		endloop
	endfacet
	facet normal 0 0 1
		outer loop
			vertex 63.20000076293945 17.792892456054688 12.5
			vertex 57.900001525878906 16.5 12.5
			vertex 58.1257438659668 16.480249404907227 12.5
		endloop
	endfacet
	facet normal 0 0 1
		outer loop
			vertex 63.20000076293945 17.792892456054688 12.5
			vertex 58.1257438659668 16.480249404907227 12.5
			vertex 58.344627380371094 16.421600341796875 12.5
		endloop
	endfacet
	facet normal 0 0 1
		outer loop
			vertex 58.344627380371094 16.421600341796875 12.5
			vertex 58.54999923706055 16.32583236694336 12.5
			vertex 63.20000076293945 17.792892456054688 12.5
		endloop
	endfacet
	facet normal 0 0 1
		outer loop
			vertex 63.20000076293945 17.792892456054688 12.5
			vertex 58.54999923706055 16.32583236694336 12.5
			vertex 58.73562240600586 16.195858001708984 12.5
		endloop
	endfacet
	facet normal 0 0 1
		outer loop
			vertex 63.20000076293945 17.792892456054688 12.5
			vertex 58.73562240600586 16.195858001708984 12.5
			vertex 58.89585876464844 16.03562355041504 12.5
		endloop
	endfacet
	facet normal 0 0 1
		outer loop
			vertex 58.89585876464844 16.03562355041504 12.5
			vertex 59.02583312988281 15.850000381469727 12.5
			vertex 63.20000076293945 17.792892456054688 12.5
		endloop
	endfacet
	facet normal 0 0 1
		outer loop
			vertex 63.20000076293945 17.792892456054688 12.5
			vertex 59.02583312988281 15.850000381469727 12.5
			vertex 59.12160110473633 15.64462661743164 12.5
		endloop
	endfacet
	facet normal 0 0 1
		outer loop
			vertex 63.20000076293945 17.792892456054688 12.5
			vertex 59.12160110473633 15.64462661743164 12.5
			vertex 59.18024826049805 15.425743103027344 12.5
		endloop
	endfacet
	facet normal 0 0 1
		outer loop
			vertex 59.18024826049805 15.425743103027344 12.5
			vertex 59.20000076293945 15.199999809265137 12.5
			vertex 63.20000076293945 17.792892456054688 12.5
		endloop
	endfacet
	facet normal 0 0 1
		outer loop
			vertex 63.20000076293945 17.792892456054688 12.5
			vertex 59.20000076293945 15.199999809265137 12.5
			vertex 63.20000076293945 12.5 12.5
		endloop
	endfacet
	facet normal 0 0 1
		outer loop
			vertex 63.20000076293945 12.5 12.5
			vertex 59.20000076293945 15.199999809265137 12.5
			vertex 59.20000076293945 12.5 12.5
		endloop
	endfacet
	facet normal 0 0 1
		outer loop
			vertex 62.49289321899414 18.5 12.5
			vertex 50.09202575683594 18.5 12.5
			vertex 63.20000076293945 17.792892456054688 12.5
		endloop
	endfacet
	facet normal 0 0 1
		outer loop
			vertex 63.20000076293945 17.792892456054688 12.5
			vertex 50.09202575683594 18.5 12.5
			vertex 49.131553649902344 18.15216827392578 12.5
		endloop
	endfacet
	facet normal 0 0 1
		outer loop
			vertex 63.20000076293945 17.792892456054688 12.5
			vertex 49.131553649902344 18.15216827392578 12.5
			vertex 48.94685363769531 17.96880340576172 12.5
		endloop
	endfacet
	facet normal 0 0 1
		outer loop
			vertex 49.83274459838867 18.477420806884766 12.5
			vertex 49.581268310546875 18.410364151000977 12.5
			vertex 50.09202575683594 18.5 12.5
		endloop
	endfacet
	facet normal 0 0 1
		outer loop
			vertex 50.09202575683594 18.5 12.5
			vertex 49.581268310546875 18.410364151000977 12.5
			vertex 49.34516906738281 18.30084800720215 12.5
		endloop
	endfacet
	facet normal 0 0 1
		outer loop
			vertex 50.09202575683594 18.5 12.5
			vertex 49.34516906738281 18.30084800720215 12.5
			vertex 49.131553649902344 18.15216827392578 12.5
		endloop
	endfacet
	facet normal 0 0 1
		outer loop
			vertex 48.94685363769531 17.96880340576172 12.5
			vertex 48.796630859375 17.756271362304688 12.5
			vertex 63.20000076293945 17.792892456054688 12.5
		endloop
	endfacet
	facet normal 0 0 1
		outer loop
			vertex 63.20000076293945 17.792892456054688 12.5
			vertex 48.796630859375 17.756271362304688 12.5
			vertex 48.685401916503906 17.520971298217773 12.5
		endloop
	endfacet
	facet normal 6.578063052624692e-14 0.7071067811859364 0.7071067811871588
		outer loop
			vertex 47.70000076293945 9.108269694024784e-13 12
			vertex 15 3.952838056875407e-12 12
			vertex 48.20000076293945 -0.5 12.5
		endloop
	endfacet
	facet normal 0 0.7071067811837525 0.7071067811893426
		outer loop
			vertex 48.20000076293945 -0.5 12.5
			vertex 15 3.952838056875407e-12 12
			vertex 14.5 -0.5 12.5
		endloop
	endfacet
	facet normal -1 0 0
		outer loop
			vertex 47.70000076293945 12.329940795898438 12
			vertex 47.70000076293945 12.329940795898438 -2
			vertex 47.70000076293945 9.108269694024784e-13 12
		endloop
	endfacet
	facet normal -1 0 0
		outer loop
			vertex 47.70000076293945 9.108269694024784e-13 12
			vertex 47.70000076293945 12.329940795898438 -2
			vertex 47.70000076293945 9.054978988842777e-13 -2
		endloop
	endfacet
	facet normal 9.302785983175243e-14 1 -2.220446049250313e-16
		outer loop
			vertex 15 3.952838056875407e-12 12
			vertex 47.70000076293945 9.108269694024784e-13 12
			vertex 15 3.949729432406457e-12 -2
		endloop
	endfacet
	facet normal 9.309576337907488e-14 1 -3.8064789415719656e-16
		outer loop
			vertex 15 3.949729432406457e-12 -2
			vertex 47.70000076293945 9.108269694024784e-13 12
			vertex 47.70000076293945 9.054978988842777e-13 -2
		endloop
	endfacet
	facet normal 0 0 -1
		outer loop
			vertex 48.20000076293945 -0.5 -2.5
			vertex -43.24767303466797 -4.5 -2.5
			vertex 14.5 -0.5 -2.5
		endloop
	endfacet
	facet normal 0 0 -1
		outer loop
			vertex 14.5 -0.5 -2.5
			vertex -43.24767303466797 -4.5 -2.5
			vertex 8.5 -0.5 -2.5
		endloop
	endfacet
	facet normal 0 0 -1
		outer loop
			vertex 14.5 -0.5 -2.5
			vertex 8.5 -0.5 -2.5
			vertex 13.5 11.395479202270508 -2.5
		endloop
	endfacet
	facet normal 0 0 -1
		outer loop
			vertex 13.5 11.395479202270508 -2.5
			vertex 8.5 -0.5 -2.5
			vertex 8.5 18.200000762939453 -2.5
		endloop
	endfacet
	facet normal 0 0 -1
		outer loop
			vertex 13.5 11.395479202270508 -2.5
			vertex 8.5 18.200000762939453 -2.5
			vertex 13.5 15.129940032958984 -2.5
		endloop
	endfacet
	facet normal 0 0 -1
		outer loop
			vertex 13.5 15.129940032958984 -2.5
			vertex 8.5 18.200000762939453 -2.5
			vertex 14.5 15.129940032958984 -2.5
		endloop
	endfacet
	facet normal 0 0 -1
		outer loop
			vertex 14.5 15.129940032958984 -2.5
			vertex 8.5 18.200000762939453 -2.5
			vertex 14.5 18.5 -2.5
		endloop
	endfacet
	facet normal 0 0 -1
		outer loop
			vertex 14.5 18.5 -2.5
			vertex 8.5 18.200000762939453 -2.5
			vertex 8.504557609558105 18.252094268798828 -2.5
		endloop
	endfacet
	facet normal 0 0 -1
		outer loop
			vertex 14.5 18.5 -2.5
			vertex 8.504557609558105 18.252094268798828 -2.5
			vertex 8.518092155456543 18.3026065826416 -2.5
		endloop
	endfacet
	facet normal 0 0 -1
		outer loop
			vertex 48.20000076293945 12.122833251953125 -2.5
			vertex 51.20000076293945 -0.5 -2.5
			vertex 48.20000076293945 -0.5 -2.5
		endloop
	endfacet
	facet normal 0 0 -1
		outer loop
			vertex 48.20000076293945 -0.5 -2.5
			vertex 51.20000076293945 -0.5 -2.5
			vertex 115.95233154296875 -4.5 -2.5
		endloop
	endfacet
	facet normal 0 0 -1
		outer loop
			vertex 48.20000076293945 -0.5 -2.5
			vertex 115.95233154296875 -4.5 -2.5
			vertex -43.24767303466797 -4.5 -2.5
		endloop
	endfacet
	facet normal 0 0 -1
		outer loop
			vertex 51.20000076293945 -0.5 -2.5
			vertex 48.20000076293945 12.122833251953125 -2.5
			vertex 51.20000076293945 14 -2.5
		endloop
	endfacet
	facet normal 0 0 -1
		outer loop
			vertex 51.20000076293945 14 -2.5
			vertex 48.20000076293945 12.122833251953125 -2.5
			vertex 49.5 13.422833442687988 -2.5
		endloop
	endfacet
	facet normal 0 0 -1
		outer loop
			vertex 51.20000076293945 14 -2.5
			vertex 49.5 13.422833442687988 -2.5
			vertex 49.5 14.837047576904297 -2.5
		endloop
	endfacet
	facet normal 0 0 -1
		outer loop
			vertex 48.20000076293945 16.137046813964844 -2.5
			vertex 51.67745590209961 15.469463348388672 -2.5
			vertex 49.5 14.837047576904297 -2.5
		endloop
	endfacet
	facet normal 0 0 -1
		outer loop
			vertex 49.5 14.837047576904297 -2.5
			vertex 51.67745590209961 15.469463348388672 -2.5
			vertex 51.47248458862305 15.134976387023926 -2.5
		endloop
	endfacet
	facet normal 0 0 -1
		outer loop
			vertex 49.5 14.837047576904297 -2.5
			vertex 51.47248458862305 15.134976387023926 -2.5
			vertex 51.322357177734375 14.772542953491211 -2.5
		endloop
	endfacet
	facet normal 0 0 -1
		outer loop
			vertex 48.20000076293945 16.21038246154785 -2.5
			vertex 52.23053741455078 16.02254295349121 -2.5
			vertex 48.20000076293945 16.137046813964844 -2.5
		endloop
	endfacet
	facet normal 0 0 -1
		outer loop
			vertex 48.20000076293945 16.137046813964844 -2.5
			vertex 52.23053741455078 16.02254295349121 -2.5
			vertex 51.93223190307617 15.767766952514648 -2.5
		endloop
	endfacet
	facet normal 0 0 -1
		outer loop
			vertex 48.20000076293945 16.137046813964844 -2.5
			vertex 51.93223190307617 15.767766952514648 -2.5
			vertex 51.67745590209961 15.469463348388672 -2.5
		endloop
	endfacet
	facet normal 0 0 -1
		outer loop
			vertex 48.685401916503906 17.520971298217773 -2.5
			vertex 53.30891418457031 16.469221115112305 -2.5
			vertex 48.20000076293945 16.21038246154785 -2.5
		endloop
	endfacet
	facet normal 0 0 -1
		outer loop
			vertex 48.20000076293945 16.21038246154785 -2.5
			vertex 53.30891418457031 16.469221115112305 -2.5
			vertex 52.92745590209961 16.377641677856445 -2.5
		endloop
	endfacet
	facet normal 0 0 -1
		outer loop
			vertex 48.20000076293945 16.21038246154785 -2.5
			vertex 52.92745590209961 16.377641677856445 -2.5
			vertex 52.565025329589844 16.227516174316406 -2.5
		endloop
	endfacet
	facet normal 0 0 -1
		outer loop
			vertex 48.796630859375 17.756271362304688 -2.5
			vertex 63.20000076293945 17.792892456054688 -2.5
			vertex 48.685401916503906 17.520971298217773 -2.5
		endloop
	endfacet
	facet normal 0 0 -1
		outer loop
			vertex 48.685401916503906 17.520971298217773 -2.5
			vertex 63.20000076293945 17.792892456054688 -2.5
			vertex 57.900001525878906 16.5 -2.5
		endloop
	endfacet
	facet normal 0 0 -1
		outer loop
			vertex 48.685401916503906 17.520971298217773 -2.5
			vertex 57.900001525878906 16.5 -2.5
			vertex 53.70000076293945 16.5 -2.5
		endloop
	endfacet
	facet normal 0 0 -1
		outer loop
			vertex 48.796630859375 17.756271362304688 -2.5
			vertex 48.94685363769531 17.96880340576172 -2.5
			vertex 63.20000076293945 17.792892456054688 -2.5
		endloop
	endfacet
	facet normal 0 0 -1
		outer loop
			vertex 63.20000076293945 17.792892456054688 -2.5
			vertex 48.94685363769531 17.96880340576172 -2.5
			vertex 49.131553649902344 18.15216827392578 -2.5
		endloop
	endfacet
	facet normal 0 0 -1
		outer loop
			vertex 63.20000076293945 17.792892456054688 -2.5
			vertex 49.131553649902344 18.15216827392578 -2.5
			vertex 50.09202575683594 18.5 -2.5
		endloop
	endfacet
	facet normal 0 0 -1
		outer loop
			vertex 50.09202575683594 18.5 -2.5
			vertex 49.131553649902344 18.15216827392578 -2.5
			vertex 49.34516906738281 18.30084800720215 -2.5
		endloop
	endfacet
	facet normal 0 0 -1
		outer loop
			vertex 50.09202575683594 18.5 -2.5
			vertex 49.34516906738281 18.30084800720215 -2.5
			vertex 49.581268310546875 18.410364151000977 -2.5
		endloop
	endfacet
	facet normal 0 0 -1
		outer loop
			vertex 49.581268310546875 18.410364151000977 -2.5
			vertex 49.83274459838867 18.477420806884766 -2.5
			vertex 50.09202575683594 18.5 -2.5
		endloop
	endfacet
	facet normal 0 0 -1
		outer loop
			vertex 50.09202575683594 18.5 -2.5
			vertex 62.49289321899414 18.5 -2.5
			vertex 63.20000076293945 17.792892456054688 -2.5
		endloop
	endfacet
	facet normal 0 0 -1
		outer loop
			vertex 63.20000076293945 12.5 -2.5
			vertex 59.20000076293945 15.199999809265137 -2.5
			vertex 63.20000076293945 17.792892456054688 -2.5
		endloop
	endfacet
	facet normal 0 0 -1
		outer loop
			vertex 63.20000076293945 17.792892456054688 -2.5
			vertex 59.20000076293945 15.199999809265137 -2.5
			vertex 59.18024826049805 15.425743103027344 -2.5
		endloop
	endfacet
	facet normal 0 0 -1
		outer loop
			vertex 63.20000076293945 17.792892456054688 -2.5
			vertex 59.18024826049805 15.425743103027344 -2.5
			vertex 59.12160110473633 15.64462661743164 -2.5
		endloop
	endfacet
	facet normal 0 0 -1
		outer loop
			vertex 63.20000076293945 12.5 -2.5
			vertex 59.20000076293945 12.5 -2.5
			vertex 59.20000076293945 15.199999809265137 -2.5
		endloop
	endfacet
	facet normal 0 0 -1
		outer loop
			vertex 59.12160110473633 15.64462661743164 -2.5
			vertex 59.02583312988281 15.850000381469727 -2.5
			vertex 63.20000076293945 17.792892456054688 -2.5
		endloop
	endfacet
	facet normal 0 0 -1
		outer loop
			vertex 63.20000076293945 17.792892456054688 -2.5
			vertex 59.02583312988281 15.850000381469727 -2.5
			vertex 58.89585876464844 16.03562355041504 -2.5
		endloop
	endfacet
	facet normal 0 0 -1
		outer loop
			vertex 63.20000076293945 17.792892456054688 -2.5
			vertex 58.89585876464844 16.03562355041504 -2.5
			vertex 58.73562240600586 16.195858001708984 -2.5
		endloop
	endfacet
	facet normal 0 0 -1
		outer loop
			vertex 58.73562240600586 16.195858001708984 -2.5
			vertex 58.54999923706055 16.32583236694336 -2.5
			vertex 63.20000076293945 17.792892456054688 -2.5
		endloop
	endfacet
	facet normal 0 0 -1
		outer loop
			vertex 63.20000076293945 17.792892456054688 -2.5
			vertex 58.54999923706055 16.32583236694336 -2.5
			vertex 58.344627380371094 16.421600341796875 -2.5
		endloop
	endfacet
	facet normal 0 0 -1
		outer loop
			vertex 63.20000076293945 17.792892456054688 -2.5
			vertex 58.344627380371094 16.421600341796875 -2.5
			vertex 58.1257438659668 16.480249404907227 -2.5
		endloop
	endfacet
	facet normal 0 0 -1
		outer loop
			vertex 58.1257438659668 16.480249404907227 -2.5
			vertex 57.900001525878906 16.5 -2.5
			vertex 63.20000076293945 17.792892456054688 -2.5
		endloop
	endfacet
	facet normal 0 0 -1
		outer loop
			vertex 53.70000076293945 16.5 -2.5
			vertex 53.30891418457031 16.469221115112305 -2.5
			vertex 48.685401916503906 17.520971298217773 -2.5
		endloop
	endfacet
	facet normal 0 0 -1
		outer loop
			vertex 52.565025329589844 16.227516174316406 -2.5
			vertex 52.23053741455078 16.02254295349121 -2.5
			vertex 48.20000076293945 16.21038246154785 -2.5
		endloop
	endfacet
	facet normal 0 0 -1
		outer loop
			vertex 51.322357177734375 14.772542953491211 -2.5
			vertex 51.230777740478516 14.39108657836914 -2.5
			vertex 49.5 14.837047576904297 -2.5
		endloop
	endfacet
	facet normal 0 0 -1
		outer loop
			vertex 49.5 14.837047576904297 -2.5
			vertex 51.230777740478516 14.39108657836914 -2.5
			vertex 51.20000076293945 14 -2.5
		endloop
	endfacet
	facet normal 0 0 -1
		outer loop
			vertex 51.20000076293945 -0.5 -2.5
			vertex 115.95233154296875 -0.5 -2.5
			vertex 115.95233154296875 -4.5 -2.5
		endloop
	endfacet
	facet normal 0 0 -1
		outer loop
			vertex -43.24767303466797 -4.5 -2.5
			vertex -43.24767303466797 -0.5 -2.5
			vertex 8.5 -0.5 -2.5
		endloop
	endfacet
	facet normal 0 0 -1
		outer loop
			vertex 8.518092155456543 18.3026065826416 -2.5
			vertex 8.540192604064941 18.350000381469727 -2.5
			vertex 14.5 18.5 -2.5
		endloop
	endfacet
	facet normal 0 0 -1
		outer loop
			vertex 14.5 18.5 -2.5
			vertex 8.540192604064941 18.350000381469727 -2.5
			vertex 8.800000190734863 18.5 -2.5
		endloop
	endfacet
	facet normal 0 0 -1
		outer loop
			vertex 8.800000190734863 18.5 -2.5
			vertex 8.540192604064941 18.350000381469727 -2.5
			vertex 8.570186614990234 18.39283561706543 -2.5
		endloop
	endfacet
	facet normal 0 0 -1
		outer loop
			vertex 8.800000190734863 18.5 -2.5
			vertex 8.570186614990234 18.39283561706543 -2.5
			vertex 8.607163429260254 18.429813385009766 -2.5
		endloop
	endfacet
	facet normal 0 0 -1
		outer loop
			vertex 8.607163429260254 18.429813385009766 -2.5
			vertex 8.649999618530273 18.459808349609375 -2.5
			vertex 8.800000190734863 18.5 -2.5
		endloop
	endfacet
	facet normal 0 0 -1
		outer loop
			vertex 8.800000190734863 18.5 -2.5
			vertex 8.649999618530273 18.459808349609375 -2.5
			vertex 8.697394371032715 18.48190689086914 -2.5
		endloop
	endfacet
	facet normal 0 0 -1
		outer loop
			vertex 8.800000190734863 18.5 -2.5
			vertex 8.697394371032715 18.48190689086914 -2.5
			vertex 8.747905731201172 18.495441436767578 -2.5
		endloop
	endfacet
	facet normal 0 0 -1
		outer loop
			vertex 13.5 11.395479202270508 -2.5
			vertex 14.5 11.395479202270508 -2.5
			vertex 14.5 -0.5 -2.5
		endloop
	endfacet
	facet normal -0.4999997303241252 -0.4999997303241252 0.7071071625656216
		outer loop
			vertex 49.5 14.837047576904297 12.5
			vertex 48.20000076293945 16.137046813964844 12.5
			vertex 49 14.629940032958984 12
		endloop
	endfacet
	facet normal -0.5000002129145924 -0.4999998461166761 0.7071067394450874
		outer loop
			vertex 49 14.629940032958984 12
			vertex 48.20000076293945 16.137046813964844 12.5
			vertex 47.70000076293945 15.929940223693848 12
		endloop
	endfacet
	facet normal -0.7071067811865476 0 0.7071067811865476
		outer loop
			vertex 48.20000076293945 16.21038246154785 12.5
			vertex 47.70000076293945 16.299999237060547 12
			vertex 48.20000076293945 16.137046813964844 12.5
		endloop
	endfacet
	facet normal -0.7071067811865476 0 0.7071067811865476
		outer loop
			vertex 48.20000076293945 16.137046813964844 12.5
			vertex 47.70000076293945 16.299999237060547 12
			vertex 47.70000076293945 15.929940223693848 12
		endloop
	endfacet
	facet normal -0.4999997303241252 -0.4999997303241252 -0.7071071625656216
		outer loop
			vertex 49.5 14.837047576904297 -2.5
			vertex 49 14.629940032958984 -2
			vertex 48.20000076293945 16.137046813964844 -2.5
		endloop
	endfacet
	facet normal -0.5000002129145924 -0.4999998461166761 -0.7071067394450874
		outer loop
			vertex 48.20000076293945 16.137046813964844 -2.5
			vertex 49 14.629940032958984 -2
			vertex 47.70000076293945 15.929940223693848 -2
		endloop
	endfacet
	facet normal -0.7071067811865476 0 -0.7071067811865476
		outer loop
			vertex 49.5 14.837047576904297 -2.5
			vertex 49.5 13.422833442687988 -2.5
			vertex 49 14.629940032958984 -2
		endloop
	endfacet
	facet normal -0.7071067811865476 0 -0.7071067811865476
		outer loop
			vertex 49 14.629940032958984 -2
			vertex 49.5 13.422833442687988 -2.5
			vertex 49 13.629940032958984 -2
		endloop
	endfacet
	facet normal -0.5000002129145924 0.4999998461166761 -0.7071067394450874
		outer loop
			vertex 49.5 13.422833442687988 -2.5
			vertex 48.20000076293945 12.122833251953125 -2.5
			vertex 49 13.629940032958984 -2
		endloop
	endfacet
	facet normal -0.4999997303241252 0.4999997303241252 -0.7071071625656216
		outer loop
			vertex 49 13.629940032958984 -2
			vertex 48.20000076293945 12.122833251953125 -2.5
			vertex 47.70000076293945 12.329940795898438 -2
		endloop
	endfacet
	facet normal -0.6630887908825829 0.24558844106762331 -0.7071064792659228
		outer loop
			vertex 47.70000076293945 16.299999237060547 -2
			vertex 48.216529846191406 17.69462776184082 -2
			vertex 48.20000076293945 16.21038246154785 -2.5
		endloop
	endfacet
	facet normal -0.6630904578955452 0.24558798623518435 -0.707105073991711
		outer loop
			vertex 48.20000076293945 16.21038246154785 -2.5
			vertex 48.216529846191406 17.69462776184082 -2
			vertex 48.685401916503906 17.520971298217773 -2.5
		endloop
	endfacet
	facet normal -0.06146136938316435 0.7057699696337137 -0.7057699696337137
		outer loop
			vertex 50.09202575683594 19 -2
			vertex 50.09202575683594 18.5 -2.5
			vertex 49.74631881713867 18.969894409179688 -2
		endloop
	endfacet
	facet normal -0.061461150953197256 0.7057700572964799 -0.7057699009926902
		outer loop
			vertex 49.74631881713867 18.969894409179688 -2
			vertex 50.09202575683594 18.5 -2.5
			vertex 49.83274459838867 18.477420806884766 -2.5
		endloop
	endfacet
	facet normal -0.18252818238971974 0.684523516327826 -0.7057698054094506
		outer loop
			vertex 49.74631881713867 18.969894409179688 -2
			vertex 49.83274459838867 18.477420806884766 -2.5
			vertex 49.411014556884766 18.88048553466797 -2
		endloop
	endfacet
	facet normal -0.1825293702439162 0.6845227792240343 -0.7057702131159713
		outer loop
			vertex 49.411014556884766 18.88048553466797 -2
			vertex 49.83274459838867 18.477420806884766 -2.5
			vertex 49.581268310546875 18.410364151000977 -2.5
		endloop
	endfacet
	facet normal -0.2981065220603528 0.6426668544106819 -0.7057703704087894
		outer loop
			vertex 49.411014556884766 18.88048553466797 -2
			vertex 49.581268310546875 18.410364151000977 -2.5
			vertex 49.096214294433594 18.73446273803711 -2
		endloop
	endfacet
	facet normal -0.29810553803247275 0.6426677334600928 -0.705769985592783
		outer loop
			vertex 49.096214294433594 18.73446273803711 -2
			vertex 49.581268310546875 18.410364151000977 -2.5
			vertex 49.34516906738281 18.30084800720215 -2.5
		endloop
	endfacet
	facet normal -0.40470985787293917 0.5814623148992102 -0.705770151885525
		outer loop
			vertex 49.096214294433594 18.73446273803711 -2
			vertex 49.34516906738281 18.30084800720215 -2.5
			vertex 48.811397552490234 18.536224365234375 -2
		endloop
	endfacet
	facet normal -0.40470835724691906 0.581464216985362 -0.705769445314899
		outer loop
			vertex 48.811397552490234 18.536224365234375 -2
			vertex 49.34516906738281 18.30084800720215 -2.5
			vertex 49.131553649902344 18.15216827392578 -2.5
		endloop
	endfacet
	facet normal -0.4991221806394567 0.5027590416395756 -0.7057693637750005
		outer loop
			vertex 48.811397552490234 18.536224365234375 -2
			vertex 49.131553649902344 18.15216827392578 -2.5
			vertex 48.565128326416016 18.291736602783203 -2
		endloop
	endfacet
	facet normal -0.49912308070520683 0.5027573712570672 -0.7057699171500774
		outer loop
			vertex 48.565128326416016 18.291736602783203 -2
			vertex 49.131553649902344 18.15216827392578 -2.5
			vertex 48.94685363769531 17.96880340576172 -2.5
		endloop
	endfacet
	facet normal -0.5785145603968972 0.4089124860033639 -0.7057701341083609
		outer loop
			vertex 48.565128326416016 18.291736602783203 -2
			vertex 48.94685363769531 17.96880340576172 -2.5
			vertex 48.364830017089844 18.00836181640625 -2
		endloop
	endfacet
	facet normal -0.5785157516783027 0.4089088972447062 -0.7057712368850171
		outer loop
			vertex 48.364830017089844 18.00836181640625 -2
			vertex 48.94685363769531 17.96880340576172 -2.5
			vertex 48.796630859375 17.756271362304688 -2.5
		endloop
	endfacet
	facet normal -0.6404892239385884 0.3027553432166258 -0.7057710366488043
		outer loop
			vertex 48.364830017089844 18.00836181640625 -2
			vertex 48.796630859375 17.756271362304688 -2.5
			vertex 48.216529846191406 17.69462776184082 -2
		endloop
	endfacet
	facet normal -0.6404877043037772 0.30276562204984453 -0.7057680063168407
		outer loop
			vertex 48.216529846191406 17.69462776184082 -2
			vertex 48.796630859375 17.756271362304688 -2.5
			vertex 48.685401916503906 17.520971298217773 -2.5
		endloop
	endfacet
	facet normal -0.7071067811865476 0 -0.7071067811865476
		outer loop
			vertex 47.70000076293945 15.929940223693848 -2
			vertex 47.70000076293945 16.299999237060547 -2
			vertex 48.20000076293945 16.137046813964844 -2.5
		endloop
	endfacet
	facet normal -0.7071067811865476 0 -0.7071067811865476
		outer loop
			vertex 48.20000076293945 16.137046813964844 -2.5
			vertex 47.70000076293945 16.299999237060547 -2
			vertex 48.20000076293945 16.21038246154785 -2.5
		endloop
	endfacet
	facet normal -0.7071067811865476 0 0.7071067811865476
		outer loop
			vertex 47.70000076293945 12.329940795898438 12
			vertex 47.70000076293945 9.108269694024784e-13 12
			vertex 48.20000076293945 12.122833251953125 12.5
		endloop
	endfacet
	facet normal -0.7071067811865476 0 0.7071067811865476
		outer loop
			vertex 48.20000076293945 12.122833251953125 12.5
			vertex 47.70000076293945 9.108269694024784e-13 12
			vertex 48.20000076293945 -0.5 12.5
		endloop
	endfacet
	facet normal -0.4999997303241252 0.4999997303241252 0.7071071625656216
		outer loop
			vertex 47.70000076293945 12.329940795898438 12
			vertex 48.20000076293945 12.122833251953125 12.5
			vertex 49 13.629940032958984 12
		endloop
	endfacet
	facet normal -0.5000002129145924 0.4999998461166761 0.7071067394450874
		outer loop
			vertex 49 13.629940032958984 12
			vertex 48.20000076293945 12.122833251953125 12.5
			vertex 49.5 13.422833442687988 12.5
		endloop
	endfacet
	facet normal -0.6404915633676268 0.30275644905043997 0.705768439230079
		outer loop
			vertex 48.216529846191406 17.69462776184082 12
			vertex 48.685401916503906 17.520971298217773 12.5
			vertex 48.364830017089844 18.00836181640625 12
		endloop
	endfacet
	facet normal -0.6404845851001237 0.30276414756777703 0.7057714695258513
		outer loop
			vertex 48.364830017089844 18.00836181640625 12
			vertex 48.685401916503906 17.520971298217773 12.5
			vertex 48.796630859375 17.756271362304688 12.5
		endloop
	endfacet
	facet normal -0.5785137914216061 0.4089119424671774 0.705771079347063
		outer loop
			vertex 48.364830017089844 18.00836181640625 12
			vertex 48.796630859375 17.756271362304688 12.5
			vertex 48.565128326416016 18.291736602783203 12
		endloop
	endfacet
	facet normal -0.5785167769814926 0.4089096219537491 0.7057699765678531
		outer loop
			vertex 48.565128326416016 18.291736602783203 12
			vertex 48.796630859375 17.756271362304688 12.5
			vertex 48.94685363769531 17.96880340576172 12.5
		endloop
	endfacet
	facet normal -0.4991218477267262 0.5027587063010718 0.7057698380919459
		outer loop
			vertex 48.565128326416016 18.291736602783203 12
			vertex 48.94685363769531 17.96880340576172 12.5
			vertex 48.811397552490234 18.536224365234375 12
		endloop
	endfacet
	facet normal -0.49912352459344783 0.5027578183774144 0.7057692847225618
		outer loop
			vertex 48.811397552490234 18.536224365234375 12
			vertex 48.94685363769531 17.96880340576172 12.5
			vertex 49.131553649902344 18.15216827392578 12.5
		endloop
	endfacet
	facet normal -0.4047102025502502 0.5814628101104418 0.7057695462473595
		outer loop
			vertex 48.811397552490234 18.536224365234375 12
			vertex 49.131553649902344 18.15216827392578 12.5
			vertex 49.096214294433594 18.73446273803711 12
		endloop
	endfacet
	facet normal -0.4047078976844402 0.5814635567095555 0.7057702528234768
		outer loop
			vertex 49.096214294433594 18.73446273803711 12
			vertex 49.131553649902344 18.15216827392578 12.5
			vertex 49.34516906738281 18.30084800720215 12.5
		endloop
	endfacet
	facet normal -0.29810666033111594 0.6426671524988814 0.7057700405693121
		outer loop
			vertex 49.096214294433594 18.73446273803711 12
			vertex 49.34516906738281 18.30084800720215 12.5
			vertex 49.411014556884766 18.88048553466797 12
		endloop
	endfacet
	facet normal -0.29810535367126656 0.6426673360068978 0.7057704253808927
		outer loop
			vertex 49.411014556884766 18.88048553466797 12
			vertex 49.34516906738281 18.30084800720215 12.5
			vertex 49.581268310546875 18.410364151000977 12.5
		endloop
	endfacet
	facet normal -0.18252809269168985 0.6845231799391651 0.7057701548693508
		outer loop
			vertex 49.411014556884766 18.88048553466797 12
			vertex 49.581268310546875 18.410364151000977 12.5
			vertex 49.74631881713867 18.969894409179688 12
		endloop
	endfacet
	facet normal -0.1825294898429832 0.684523227745199 0.7057697471661383
		outer loop
			vertex 49.74631881713867 18.969894409179688 12
			vertex 49.581268310546875 18.410364151000977 12.5
			vertex 49.83274459838867 18.477420806884766 12.5
		endloop
	endfacet
	facet normal -0.06146137446824376 0.7057700280264306 0.7057699107981621
		outer loop
			vertex 49.74631881713867 18.969894409179688 12
			vertex 49.83274459838867 18.477420806884766 12.5
			vertex 50.09202575683594 19 12
		endloop
	endfacet
	facet normal -0.061461144173140865 0.705769979439806 0.705769979439806
		outer loop
			vertex 50.09202575683594 19 12
			vertex 49.83274459838867 18.477420806884766 12.5
			vertex 50.09202575683594 18.5 12.5
		endloop
	endfacet
	facet normal -0.6630904578955452 0.24558798623518435 0.707105073991711
		outer loop
			vertex 48.685401916503906 17.520971298217773 12.5
			vertex 48.216529846191406 17.69462776184082 12
			vertex 48.20000076293945 16.21038246154785 12.5
		endloop
	endfacet
	facet normal -0.6630887908825829 0.24558844106762331 0.7071064792659228
		outer loop
			vertex 48.20000076293945 16.21038246154785 12.5
			vertex 48.216529846191406 17.69462776184082 12
			vertex 47.70000076293945 16.299999237060547 12
		endloop
	endfacet
	facet normal -0.7071067811865476 0 0.7071067811865476
		outer loop
			vertex 49 14.629940032958984 12
			vertex 49 13.629940032958984 12
			vertex 49.5 14.837047576904297 12.5
		endloop
	endfacet
	facet normal -0.7071067811865476 0 0.7071067811865476
		outer loop
			vertex 49.5 14.837047576904297 12.5
			vertex 49 13.629940032958984 12
			vertex 49.5 13.422833442687988 12.5
		endloop
	endfacet
	facet normal -0.9377487607237038 0.347314355823594 0
		outer loop
			vertex 48.216529846191406 17.69462776184082 -2
			vertex 47.70000076293945 16.299999237060547 -2
			vertex 48.216529846191406 17.69462776184082 12
		endloop
	endfacet
	facet normal -0.9377487607237038 0.347314355823594 0
		outer loop
			vertex 48.216529846191406 17.69462776184082 12
			vertex 47.70000076293945 16.299999237060547 -2
			vertex 47.70000076293945 16.299999237060547 12
		endloop
	endfacet
	facet normal -1 0 0
		outer loop
			vertex 47.70000076293945 16.299999237060547 -2
			vertex 47.70000076293945 15.929940223693848 -2
			vertex 47.70000076293945 16.299999237060547 12
		endloop
	endfacet
	facet normal -1 0 0
		outer loop
			vertex 47.70000076293945 16.299999237060547 12
			vertex 47.70000076293945 15.929940223693848 -2
			vertex 47.70000076293945 15.929940223693848 12
		endloop
	endfacet
	facet normal -0.7071070405517786 -0.7071065218212212 0
		outer loop
			vertex 47.70000076293945 15.929940223693848 -2
			vertex 49 14.629940032958984 -2
			vertex 47.70000076293945 15.929940223693848 12
		endloop
	endfacet
	facet normal -0.7071070405517786 -0.7071065218212212 0
		outer loop
			vertex 47.70000076293945 15.929940223693848 12
			vertex 49 14.629940032958984 -2
			vertex 49 14.629940032958984 12
		endloop
	endfacet
	facet normal -1 0 0
		outer loop
			vertex 49 14.629940032958984 -2
			vertex 49 13.629940032958984 -2
			vertex 49 14.629940032958984 12
		endloop
	endfacet
	facet normal -1 0 0
		outer loop
			vertex 49 14.629940032958984 12
			vertex 49 13.629940032958984 -2
			vertex 49 13.629940032958984 12
		endloop
	endfacet
	facet normal -0.7071067811865476 0.7071067811865476 0
		outer loop
			vertex 49 13.629940032958984 -2
			vertex 47.70000076293945 12.329940795898438 -2
			vertex 49 13.629940032958984 12
		endloop
	endfacet
	facet normal -0.7071067811865476 0.7071067811865476 0
		outer loop
			vertex 49 13.629940032958984 12
			vertex 47.70000076293945 12.329940795898438 -2
			vertex 47.70000076293945 12.329940795898438 12
		endloop
	endfacet
	facet normal 0.028664074337627448 0.08711869591746609 -0.9957854707034076
		outer loop
			vertex 51.599998474121094 7.743716716766357 10.486327171325684
			vertex 51.52724075317383 7.754509449005127 10.485177040100098
			vertex 51.599998474121094 7.900000095367432 10.5
		endloop
	endfacet
	facet normal 0.06760641275036598 0.06760685599262965 -0.995418849519045
		outer loop
			vertex 51.599998474121094 7.900000095367432 10.5
			vertex 51.52724075317383 7.754509449005127 10.485177040100098
			vertex 51.45450973510742 7.827239990234375 10.485177040100098
		endloop
	endfacet
	facet normal 0.08712028329817145 0.028662227291654095 -0.9957853849925334
		outer loop
			vertex 51.599998474121094 7.900000095367432 10.5
			vertex 51.45450973510742 7.827239990234375 10.485177040100098
			vertex 51.44371795654297 7.900000095367432 10.486327171325684
		endloop
	endfacet
	facet normal 0.267328502272193 0.05485733336652054 -0.962042693880485
		outer loop
			vertex 51.44371795654297 7.900000095367432 10.486327171325684
			vertex 51.45450973510742 7.827239990234375 10.485177040100098
			vertex 51.269996643066406 7.820204257965088 10.433504104614258
		endloop
	endfacet
	facet normal 0.2580753784473787 0.07573616852600423 -0.963151666050702
		outer loop
			vertex 51.44371795654297 7.900000095367432 10.486327171325684
			vertex 51.269996643066406 7.820204257965088 10.433504104614258
			vertex 51.29218292236328 7.900000095367432 10.445723533630371
		endloop
	endfacet
	facet normal 0.4225232051726841 0.02127723996460921 -0.9061023232229849
		outer loop
			vertex 51.29218292236328 7.900000095367432 10.445723533630371
			vertex 51.269996643066406 7.820204257965088 10.433504104614258
			vertex 51.150001525878906 7.900000095367432 10.379423141479492
		endloop
	endfacet
	facet normal 0.45953830296208165 0.09236525327295056 -0.8833420674339889
		outer loop
			vertex 51.150001525878906 7.900000095367432 10.379423141479492
			vertex 51.269996643066406 7.820204257965088 10.433504104614258
			vertex 51.157737731933594 7.734270095825195 10.366118431091309
		endloop
	endfacet
	facet normal 0.4871636013368628 0.09245548316322459 -0.868402907160929
		outer loop
			vertex 51.150001525878906 7.900000095367432 10.379423141479492
			vertex 51.157737731933594 7.734270095825195 10.366118431091309
			vertex 51.09358215332031 7.846506118774414 10.342077255249023
		endloop
	endfacet
	facet normal 0.5883699649109357 0.16684527331744564 -0.7911911521006356
		outer loop
			vertex 51.09358215332031 7.846506118774414 10.342077255249023
			vertex 51.157737731933594 7.734270095825195 10.366118431091309
			vertex 51.05887222290039 7.653354644775391 10.275533676147461
		endloop
	endfacet
	facet normal 0.5883628566085473 0.16684816196091856 -0.7911958289915926
		outer loop
			vertex 51.09358215332031 7.846506118774414 10.342077255249023
			vertex 51.05887222290039 7.653354644775391 10.275533676147461
			vertex 50.99055099487305 7.772876262664795 10.249932289123535
		endloop
	endfacet
	facet normal 0.6909750093852941 0.24966519829597952 -0.678395773251
		outer loop
			vertex 50.99055099487305 7.772876262664795 10.249932289123535
			vertex 51.05887222290039 7.653354644775391 10.275533676147461
			vertex 50.97639083862305 7.579907417297363 10.1644926071167
		endloop
	endfacet
	facet normal 0.6909799972780433 0.24966294932013725 -0.6783915205089213
		outer loop
			vertex 50.99055099487305 7.772876262664795 10.249932289123535
			vertex 50.97639083862305 7.579907417297363 10.1644926071167
			vertex 50.905975341796875 7.703095436096191 10.138106346130371
		endloop
	endfacet
	facet normal 0.7727544781537525 0.3249294528867456 -0.5452259780495075
		outer loop
			vertex 50.905975341796875 7.703095436096191 10.138106346130371
			vertex 50.97639083862305 7.579907417297363 10.1644926071167
			vertex 50.91279220581055 7.516152858734131 10.036358833312988
		endloop
	endfacet
	facet normal 0.7727630640070252 0.3249246882103834 -0.5452166485883014
		outer loop
			vertex 50.905975341796875 7.703095436096191 10.138106346130371
			vertex 50.91279220581055 7.516152858734131 10.036358833312988
			vertex 50.84241485595703 7.63927698135376 10.00998592376709
		endloop
	endfacet
	facet normal 0.8312939604271613 0.39042256568649014 -0.39562680844465475
		outer loop
			vertex 50.84241485595703 7.63927698135376 10.00998592376709
			vertex 50.91279220581055 7.516152858734131 10.036358833312988
			vertex 50.8700065612793 7.464021682739258 9.895011901855469
		endloop
	endfacet
	facet normal 0.8312895346092836 0.390425846001275 -0.39563287075680387
		outer loop
			vertex 50.84241485595703 7.63927698135376 10.00998592376709
			vertex 50.8700065612793 7.464021682739258 9.895011901855469
			vertex 50.801795959472656 7.583353519439697 9.869451522827148
		endloop
	endfacet
	facet normal 0.864811342013654 0.4441892739664002 -0.23408808516826635
		outer loop
			vertex 50.801795959472656 7.583353519439697 9.869451522827148
			vertex 50.8700065612793 7.464021682739258 9.895011901855469
			vertex 50.84932327270508 7.425092697143555 9.744730949401855
		endloop
	endfacet
	facet normal 0.8648152070326407 0.44418522963706153 -0.2340814803810032
		outer loop
			vertex 50.801795959472656 7.583353519439697 9.869451522827148
			vertex 50.84932327270508 7.425092697143555 9.744730949401855
			vertex 50.78534698486328 7.537018299102783 9.720756530761719
		endloop
	endfacet
	facet normal 0.8728497566529041 0.47945539184894165 -0.09086159550626532
		outer loop
			vertex 50.78534698486328 7.537018299102783 9.720756530761719
			vertex 50.84932327270508 7.425092697143555 9.744730949401855
			vertex 50.82057571411133 7.449999809265137 9.600000381469727
		endloop
	endfacet
	facet normal 0.9055811766635751 0.4222726997833618 -0.04010610290573738
		outer loop
			vertex 50.78534698486328 7.537018299102783 9.720756530761719
			vertex 50.82057571411133 7.449999809265137 9.600000381469727
			vertex 50.754276275634766 7.59218168258667 9.600000381469727
		endloop
	endfacet
	facet normal 0.05358460286550451 0.25844689235712315 -0.9645381766247989
		outer loop
			vertex 51.599998474121094 7.743716716766357 10.486327171325684
			vertex 51.599998474121094 7.59218168258667 10.445723533630371
			vertex 51.52724075317383 7.754509449005127 10.485177040100098
		endloop
	endfacet
	facet normal 0.07311653515077259 0.2663645728548172 -0.9610951496160081
		outer loop
			vertex 51.52724075317383 7.754509449005127 10.485177040100098
			vertex 51.599998474121094 7.59218168258667 10.445723533630371
			vertex 51.52020263671875 7.569995403289795 10.433504104614258
		endloop
	endfacet
	facet normal 0.09073597353002986 0.2653502424070256 -0.9598730290835817
		outer loop
			vertex 51.52724075317383 7.754509449005127 10.485177040100098
			vertex 51.52020263671875 7.569995403289795 10.433504104614258
			vertex 51.4261474609375 7.642016410827637 10.444522857666016
		endloop
	endfacet
	facet normal 0.19423454380670185 0.3912825736151889 -0.8995392651670502
		outer loop
			vertex 51.4261474609375 7.642016410827637 10.444522857666016
			vertex 51.52020263671875 7.569995403289795 10.433504104614258
			vertex 51.434268951416016 7.457736968994141 10.366118431091309
		endloop
	endfacet
	facet normal 0.19423309545255726 0.3912826320314946 -0.8995395524941767
		outer loop
			vertex 51.4261474609375 7.642016410827637 10.444522857666016
			vertex 51.434268951416016 7.457736968994141 10.366118431091309
			vertex 51.33031463623047 7.537335395812988 10.3782958984375
		endloop
	endfacet
	facet normal 0.2917771319457133 0.5052995991606787 -0.8121197081475067
		outer loop
			vertex 51.33031463623047 7.537335395812988 10.3782958984375
			vertex 51.434268951416016 7.457736968994141 10.366118431091309
			vertex 51.353355407714844 7.358870983123779 10.275533676147461
		endloop
	endfacet
	facet normal 0.2917736922636417 0.5052997961062567 -0.8121208214039443
		outer loop
			vertex 51.33031463623047 7.537335395812988 10.3782958984375
			vertex 51.353355407714844 7.358870983123779 10.275533676147461
			vertex 51.242652893066406 7.443635940551758 10.288501739501953
		endloop
	endfacet
	facet normal 0.3804541734839403 0.6040094401308828 -0.700305089308531
		outer loop
			vertex 51.242652893066406 7.443635940551758 10.288501739501953
			vertex 51.353355407714844 7.358870983123779 10.275533676147461
			vertex 51.2799072265625 7.276390552520752 10.1644926071167
		endloop
	endfacet
	facet normal 0.3804540872568954 0.6040094496013012 -0.7003051279848349
		outer loop
			vertex 51.242652893066406 7.443635940551758 10.288501739501953
			vertex 51.2799072265625 7.276390552520752 10.1644926071167
			vertex 51.165809631347656 7.36375617980957 10.17785930633545
		endloop
	endfacet
	facet normal 0.45765438657816726 0.6845055680611575 -0.5674544825261614
		outer loop
			vertex 51.165809631347656 7.36375617980957 10.17785930633545
			vertex 51.2799072265625 7.276390552520752 10.1644926071167
			vertex 51.21615219116211 7.212793827056885 10.036358833312988
		endloop
	endfacet
	facet normal 0.4576618855444978 0.684504081107111 -0.5674502281853138
		outer loop
			vertex 51.165809631347656 7.36375617980957 10.17785930633545
			vertex 51.21615219116211 7.212793827056885 10.036358833312988
			vertex 51.102115631103516 7.300113677978516 10.049717903137207
		endloop
	endfacet
	facet normal 0.5210892102514382 0.7444017131570829 -0.4175309861654975
		outer loop
			vertex 51.102115631103516 7.300113677978516 10.049717903137207
			vertex 51.21615219116211 7.212793827056885 10.036358833312988
			vertex 51.16402053833008 7.170005798339844 9.895011901855469
		endloop
	endfacet
	facet normal 0.5210982573869684 0.7443987895955438 -0.41752490727734365
		outer loop
			vertex 51.102115631103516 7.300113677978516 10.049717903137207
			vertex 51.16402053833008 7.170005798339844 9.895011901855469
			vertex 51.053497314453125 7.254636764526367 9.907958984375
		endloop
	endfacet
	facet normal 0.5688638374467776 0.7819100735152149 -0.25497170702012734
		outer loop
			vertex 51.053497314453125 7.254636764526367 9.907958984375
			vertex 51.16402053833008 7.170005798339844 9.895011901855469
			vertex 51.125091552734375 7.149322986602783 9.744730949401855
		endloop
	endfacet
	facet normal 0.5688608603429101 0.7819115111660392 -0.2549739403860034
		outer loop
			vertex 51.053497314453125 7.254636764526367 9.907958984375
			vertex 51.125091552734375 7.149322986602783 9.744730949401855
			vertex 51.021427154541016 7.228701591491699 9.756875038146973
		endloop
	endfacet
	facet normal 0.5985953961189125 0.7957763415971085 -0.0917799863781009
		outer loop
			vertex 51.021427154541016 7.228701591491699 9.756875038146973
			vertex 51.125091552734375 7.149322986602783 9.744730949401855
			vertex 51.02149200439453 7.210559844970703 9.600000381469727
		endloop
	endfacet
	facet normal 0.7047711125468432 0.7047711125468432 -0.08121180849463762
		outer loop
			vertex 51.021427154541016 7.228701591491699 9.756875038146973
			vertex 51.02149200439453 7.210559844970703 9.600000381469727
			vertex 50.910560607910156 7.321491241455078 9.600000381469727
		endloop
	endfacet
	facet normal 0.021277646511553706 0.4225220375831487 -0.9061028581322949
		outer loop
			vertex 51.599998474121094 7.59218168258667 10.445723533630371
			vertex 51.599998474121094 7.449999809265137 10.379423141479492
			vertex 51.52020263671875 7.569995403289795 10.433504104614258
		endloop
	endfacet
	facet normal 0.0923681389985286 0.4595382680281211 -0.8833417838615264
		outer loop
			vertex 51.52020263671875 7.569995403289795 10.433504104614258
			vertex 51.599998474121094 7.449999809265137 10.379423141479492
			vertex 51.434268951416016 7.457736968994141 10.366118431091309
		endloop
	endfacet
	facet normal 0.09245853844841626 0.48717090910903055 -0.868398482256771
		outer loop
			vertex 51.434268951416016 7.457736968994141 10.366118431091309
			vertex 51.599998474121094 7.449999809265137 10.379423141479492
			vertex 51.546504974365234 7.393581867218018 10.342077255249023
		endloop
	endfacet
	facet normal -0.033035611738416945 0.5732647258575541 -0.8187039772985911
		outer loop
			vertex 51.546504974365234 7.393581867218018 10.342077255249023
			vertex 51.599998474121094 7.449999809265137 10.379423141479492
			vertex 51.599998474121094 7.321491241455078 10.289440155029297
		endloop
	endfacet
	facet normal 0.08709582097305069 0.6287981349868013 -0.7726753674125705
		outer loop
			vertex 51.546504974365234 7.393581867218018 10.342077255249023
			vertex 51.599998474121094 7.321491241455078 10.289440155029297
			vertex 51.472877502441406 7.29055118560791 10.249932289123535
		endloop
	endfacet
	facet normal 0.04760416810741267 0.7063051193283258 -0.7063051193283258
		outer loop
			vertex 51.472877502441406 7.29055118560791 10.249932289123535
			vertex 51.599998474121094 7.321491241455078 10.289440155029297
			vertex 51.599998474121094 7.210559844970703 10.178508758544922
		endloop
	endfacet
	facet normal 0.11834650224114415 0.7593607659523742 -0.6398166397801095
		outer loop
			vertex 51.472877502441406 7.29055118560791 10.249932289123535
			vertex 51.599998474121094 7.210559844970703 10.178508758544922
			vertex 51.53318786621094 7.1540141105651855 10.099040031433105
		endloop
	endfacet
	facet normal -0.011049146312655979 0.819102514280034 -0.5735407461252324
		outer loop
			vertex 51.53318786621094 7.1540141105651855 10.099040031433105
			vertex 51.599998474121094 7.210559844970703 10.178508758544922
			vertex 51.599998474121094 7.120577335357666 10.050000190734863
		endloop
	endfacet
	facet normal 0.087359893642241 0.8744406887262386 -0.4772019812226248
		outer loop
			vertex 51.53318786621094 7.1540141105651855 10.099040031433105
			vertex 51.599998474121094 7.120577335357666 10.050000190734863
			vertex 51.46902084350586 7.090570449829102 9.971036911010742
		endloop
	endfacet
	facet normal 0.047100171838843255 0.9053015739762968 -0.42215001358378634
		outer loop
			vertex 51.46902084350586 7.090570449829102 9.971036911010742
			vertex 51.599998474121094 7.120577335357666 10.050000190734863
			vertex 51.599998474121094 7.054276466369629 9.907817840576172
		endloop
	endfacet
	facet normal 0.11256904905072512 0.944392006560766 -0.3089529853229218
		outer loop
			vertex 51.46902084350586 7.090570449829102 9.971036911010742
			vertex 51.599998474121094 7.054276466369629 9.907817840576172
			vertex 51.53592300415039 7.021227836608887 9.78345012664795
		endloop
	endfacet
	facet normal 0.004157076763339792 0.965917156222206 -0.2588180172020305
		outer loop
			vertex 51.53592300415039 7.021227836608887 9.78345012664795
			vertex 51.599998474121094 7.054276466369629 9.907817840576172
			vertex 51.599998474121094 7.013672828674316 9.7562837600708
		endloop
	endfacet
	facet normal 0.07041613305544377 0.9914734732348308 -0.10964451685870862
		outer loop
			vertex 51.53592300415039 7.021227836608887 9.78345012664795
			vertex 51.599998474121094 7.013672828674316 9.7562837600708
			vertex 51.47391128540039 7.0097784996032715 9.640092849731445
		endloop
	endfacet
	facet normal 0.049484787836713756 0.9949743454034843 -0.08704773266239361
		outer loop
			vertex 51.47391128540039 7.0097784996032715 9.640092849731445
			vertex 51.599998474121094 7.013672828674316 9.7562837600708
			vertex 51.599998474121094 7 9.600000381469727
		endloop
	endfacet
	facet normal 0.08711389806224284 0.9957124017057865 0.031112406748691018
		outer loop
			vertex 51.47391128540039 7.0097784996032715 9.640092849731445
			vertex 51.599998474121094 7 9.600000381469727
			vertex 51.44371795654297 7.013672828674316 9.600000381469727
		endloop
	endfacet
	facet normal 0.2096167538265594 0.9757465673191382 -0.06308290481686893
		outer loop
			vertex 51.47391128540039 7.0097784996032715 9.640092849731445
			vertex 51.44371795654297 7.013672828674316 9.600000381469727
			vertex 51.35445022583008 7.038379192352295 9.685524940490723
		endloop
	endfacet
	facet normal 0.2588085058032011 0.9658877381178467 -0.008890144965344843
		outer loop
			vertex 51.35445022583008 7.038379192352295 9.685524940490723
			vertex 51.44371795654297 7.013672828674316 9.600000381469727
			vertex 51.29218292236328 7.054276466369629 9.600000381469727
		endloop
	endfacet
	facet normal 0.3491718367222539 0.9335784893574731 -0.08068601272232079
		outer loop
			vertex 51.35445022583008 7.038379192352295 9.685524940490723
			vertex 51.29218292236328 7.054276466369629 9.600000381469727
			vertex 51.23701858520508 7.085345268249512 9.720756530761719
		endloop
	endfacet
	facet normal 0.4222817300030008 0.905577965991634 -0.04008351302129072
		outer loop
			vertex 51.23701858520508 7.085345268249512 9.720756530761719
			vertex 51.29218292236328 7.054276466369629 9.600000381469727
			vertex 51.150001525878906 7.120577335357666 9.600000381469727
		endloop
	endfacet
	facet normal 0.4794639935296681 0.87284741792954 -0.0908386697520263
		outer loop
			vertex 51.23701858520508 7.085345268249512 9.720756530761719
			vertex 51.150001525878906 7.120577335357666 9.600000381469727
			vertex 51.125091552734375 7.149322986602783 9.744730949401855
		endloop
	endfacet
	facet normal 0.5724026568632604 0.8174832180855832 -0.06384658616026044
		outer loop
			vertex 51.125091552734375 7.149322986602783 9.744730949401855
			vertex 51.150001525878906 7.120577335357666 9.600000381469727
			vertex 51.02149200439453 7.210559844970703 9.600000381469727
		endloop
	endfacet
	facet normal 0.8174731549047354 0.5724150247804558 -0.06386454740847237
		outer loop
			vertex 50.82057571411133 7.449999809265137 9.600000381469727
			vertex 50.84932327270508 7.425092697143555 9.744730949401855
			vertex 50.910560607910156 7.321491241455078 9.600000381469727
		endloop
	endfacet
	facet normal 0.7957789594572812 0.5985916854493457 -0.09178148939736351
		outer loop
			vertex 50.910560607910156 7.321491241455078 9.600000381469727
			vertex 50.84932327270508 7.425092697143555 9.744730949401855
			vertex 50.92870330810547 7.321425437927246 9.756875038146973
		endloop
	endfacet
	facet normal 0.7047711125468432 0.7047711125468432 -0.0812118084946376
		outer loop
			vertex 50.910560607910156 7.321491241455078 9.600000381469727
			vertex 50.92870330810547 7.321425437927246 9.756875038146973
			vertex 51.021427154541016 7.228701591491699 9.756875038146973
		endloop
	endfacet
	facet normal 0.6824092998484662 0.6824092998484662 -0.2619830050989043
		outer loop
			vertex 51.021427154541016 7.228701591491699 9.756875038146973
			vertex 50.92870330810547 7.321425437927246 9.756875038146973
			vertex 50.95463562011719 7.3534955978393555 9.907958984375
		endloop
	endfacet
	facet normal 0.6823971866829164 0.6824169355909923 -0.2619946671706138
		outer loop
			vertex 51.021427154541016 7.228701591491699 9.756875038146973
			vertex 50.95463562011719 7.3534955978393555 9.907958984375
			vertex 51.053497314453125 7.254636764526367 9.907958984375
		endloop
	endfacet
	facet normal 0.6400947951633081 0.6401133198194998 -0.42489244638437795
		outer loop
			vertex 51.053497314453125 7.254636764526367 9.907958984375
			vertex 50.95463562011719 7.3534955978393555 9.907958984375
			vertex 51.00011444091797 7.402114391326904 10.049717903137207
		endloop
	endfacet
	facet normal 0.640105554139481 0.6401085465314297 -0.42488342897459386
		outer loop
			vertex 51.053497314453125 7.254636764526367 9.907958984375
			vertex 51.00011444091797 7.402114391326904 10.049717903137207
			vertex 51.102115631103516 7.300113677978516 10.049717903137207
		endloop
	endfacet
	facet normal 0.5785591848198512 0.5785618894922843 -0.5749220901023956
		outer loop
			vertex 51.102115631103516 7.300113677978516 10.049717903137207
			vertex 51.00011444091797 7.402114391326904 10.049717903137207
			vertex 51.06375503540039 7.465809345245361 10.17785930633545
		endloop
	endfacet
	facet normal 0.5785550507412471 0.5785631605302503 -0.5749249712258468
		outer loop
			vertex 51.102115631103516 7.300113677978516 10.049717903137207
			vertex 51.06375503540039 7.465809345245361 10.17785930633545
			vertex 51.165809631347656 7.36375617980957 10.17785930633545
		endloop
	endfacet
	facet normal 0.49959643586280317 0.499603438863946 -0.7076721028474299
		outer loop
			vertex 51.165809631347656 7.36375617980957 10.17785930633545
			vertex 51.06375503540039 7.465809345245361 10.17785930633545
			vertex 51.14363479614258 7.542652130126953 10.288501739501953
		endloop
	endfacet
	facet normal 0.4995942836008198 0.4996039072843596 -0.7076732915827647
		outer loop
			vertex 51.165809631347656 7.36375617980957 10.17785930633545
			vertex 51.14363479614258 7.542652130126953 10.288501739501953
			vertex 51.242652893066406 7.443635940551758 10.288501739501953
		endloop
	endfacet
	facet normal 0.40556661595357546 0.4055744283823689 -0.8191612192152896
		outer loop
			vertex 51.242652893066406 7.443635940551758 10.288501739501953
			vertex 51.14363479614258 7.542652130126953 10.288501739501953
			vertex 51.237335205078125 7.630315780639648 10.3782958984375
		endloop
	endfacet
	facet normal 0.4055768545114485 0.4055726946208415 -0.8191570084315885
		outer loop
			vertex 51.242652893066406 7.443635940551758 10.288501739501953
			vertex 51.237335205078125 7.630315780639648 10.3782958984375
			vertex 51.33031463623047 7.537335395812988 10.3782958984375
		endloop
	endfacet
	facet normal 0.2992532881550174 0.29925021879608166 -0.9060335402615664
		outer loop
			vertex 51.33031463623047 7.537335395812988 10.3782958984375
			vertex 51.237335205078125 7.630315780639648 10.3782958984375
			vertex 51.342018127441406 7.7261457443237305 10.444522857666016
		endloop
	endfacet
	facet normal 0.29925064072578905 0.29925064072578905 -0.9060342753176668
		outer loop
			vertex 51.33031463623047 7.537335395812988 10.3782958984375
			vertex 51.342018127441406 7.7261457443237305 10.444522857666016
			vertex 51.4261474609375 7.642016410827637 10.444522857666016
		endloop
	endfacet
	facet normal 0.18379863909813482 0.18379863909813482 -0.9656273196898207
		outer loop
			vertex 51.4261474609375 7.642016410827637 10.444522857666016
			vertex 51.342018127441406 7.7261457443237305 10.444522857666016
			vertex 51.45450973510742 7.827239990234375 10.485177040100098
		endloop
	endfacet
	facet normal 0.18379762399299265 0.18379882900996666 -0.9656274767575204
		outer loop
			vertex 51.4261474609375 7.642016410827637 10.444522857666016
			vertex 51.45450973510742 7.827239990234375 10.485177040100098
			vertex 51.52724075317383 7.754509449005127 10.485177040100098
		endloop
	endfacet
	facet normal 0.9335771851594867 0.34917129946180014 -0.08070342608493919
		outer loop
			vertex 50.78534698486328 7.537018299102783 9.720756530761719
			vertex 50.754276275634766 7.59218168258667 9.600000381469727
			vertex 50.738380432128906 7.654449462890625 9.685524940490723
		endloop
	endfacet
	facet normal 0.965887586850151 0.25880846527119644 -0.00890774229308173
		outer loop
			vertex 50.738380432128906 7.654449462890625 9.685524940490723
			vertex 50.754276275634766 7.59218168258667 9.600000381469727
			vertex 50.71367263793945 7.743716716766357 9.600000381469727
		endloop
	endfacet
	facet normal 0.9757443871365091 0.20962415219455133 -0.06309204219482814
		outer loop
			vertex 50.738380432128906 7.654449462890625 9.685524940490723
			vertex 50.71367263793945 7.743716716766357 9.600000381469727
			vertex 50.70977783203125 7.7739129066467285 9.640092849731445
		endloop
	endfacet
	facet normal 0.9957127137175801 0.0871062545467901 0.031123819817021458
		outer loop
			vertex 50.70977783203125 7.7739129066467285 9.640092849731445
			vertex 50.71367263793945 7.743716716766357 9.600000381469727
			vertex 50.70000076293945 7.900000095367432 9.600000381469727
		endloop
	endfacet
	facet normal 0.9949753319427451 0.04947547909016374 -0.08704174742170065
		outer loop
			vertex 50.70977783203125 7.7739129066467285 9.640092849731445
			vertex 50.70000076293945 7.900000095367432 9.600000381469727
			vertex 50.71367263793945 7.900000095367432 9.7562837600708
		endloop
	endfacet
	facet normal 0.9914697936747269 0.07043310869042366 -0.10966688392946096
		outer loop
			vertex 50.70977783203125 7.7739129066467285 9.640092849731445
			vertex 50.71367263793945 7.900000095367432 9.7562837600708
			vertex 50.721229553222656 7.8359222412109375 9.78345012664795
		endloop
	endfacet
	facet normal 0.9659170409994177 0.00418567318801503 -0.25881798632802294
		outer loop
			vertex 50.721229553222656 7.8359222412109375 9.78345012664795
			vertex 50.71367263793945 7.900000095367432 9.7562837600708
			vertex 50.754276275634766 7.900000095367432 9.907817840576172
		endloop
	endfacet
	facet normal 0.9452844531593928 0.10918523799105524 -0.30743436115695444
		outer loop
			vertex 50.721229553222656 7.8359222412109375 9.78345012664795
			vertex 50.754276275634766 7.900000095367432 9.907817840576172
			vertex 50.75163269042969 7.708827972412109 9.831794738769531
		endloop
	endfacet
	facet normal 0.9436344651039548 0.11095874212183003 -0.3118367422461868
		outer loop
			vertex 50.75163269042969 7.708827972412109 9.831794738769531
			vertex 50.754276275634766 7.900000095367432 9.907817840576172
			vertex 50.79056930541992 7.7690205574035645 9.971036911010742
		endloop
	endfacet
	facet normal 0.8986093237725264 0.2510683253047896 -0.35981381193296486
		outer loop
			vertex 50.75163269042969 7.708827972412109 9.831794738769531
			vertex 50.79056930541992 7.7690205574035645 9.971036911010742
			vertex 50.84241485595703 7.63927698135376 10.00998592376709
		endloop
	endfacet
	facet normal 0.8411867276267624 0.18343196089064506 -0.5086822239752359
		outer loop
			vertex 50.84241485595703 7.63927698135376 10.00998592376709
			vertex 50.79056930541992 7.7690205574035645 9.971036911010742
			vertex 50.905975341796875 7.703095436096191 10.138106346130371
		endloop
	endfacet
	facet normal 0.905305177770552 0.04709747811701497 -0.4221425856945098
		outer loop
			vertex 50.754276275634766 7.900000095367432 9.907817840576172
			vertex 50.82057571411133 7.900000095367432 10.050000190734863
			vertex 50.79056930541992 7.7690205574035645 9.971036911010742
		endloop
	endfacet
	facet normal 0.8744286591098491 0.0873760648849228 -0.4772210634628119
		outer loop
			vertex 50.79056930541992 7.7690205574035645 9.971036911010742
			vertex 50.82057571411133 7.900000095367432 10.050000190734863
			vertex 50.8540153503418 7.833188533782959 10.099040031433105
		endloop
	endfacet
	facet normal 0.8411832093077788 0.18319124668339018 -0.508774778774706
		outer loop
			vertex 50.79056930541992 7.7690205574035645 9.971036911010742
			vertex 50.8540153503418 7.833188533782959 10.099040031433105
			vertex 50.905975341796875 7.703095436096191 10.138106346130371
		endloop
	endfacet
	facet normal 0.7584854120890689 0.11005528634839676 -0.6423299102446091
		outer loop
			vertex 50.905975341796875 7.703095436096191 10.138106346130371
			vertex 50.8540153503418 7.833188533782959 10.099040031433105
			vertex 50.99055099487305 7.772876262664795 10.249932289123535
		endloop
	endfacet
	facet normal 0.8190955927740288 -0.011024973936785316 -0.5735510961090178
		outer loop
			vertex 50.82057571411133 7.900000095367432 10.050000190734863
			vertex 50.910560607910156 7.900000095367432 10.178508758544922
			vertex 50.8540153503418 7.833188533782959 10.099040031433105
		endloop
	endfacet
	facet normal 0.7593645228813989 0.11834260640155478 -0.6398129014791685
		outer loop
			vertex 50.8540153503418 7.833188533782959 10.099040031433105
			vertex 50.910560607910156 7.900000095367432 10.178508758544922
			vertex 50.99055099487305 7.772876262664795 10.249932289123535
		endloop
	endfacet
	facet normal 0.7063053334937892 0.047597812517533575 -0.7063053334937892
		outer loop
			vertex 50.910560607910156 7.900000095367432 10.178508758544922
			vertex 51.02149200439453 7.900000095367432 10.289440155029297
			vertex 50.99055099487305 7.772876262664795 10.249932289123535
		endloop
	endfacet
	facet normal 0.6287983857024789 0.08708924938298783 -0.7726759041020137
		outer loop
			vertex 50.99055099487305 7.772876262664795 10.249932289123535
			vertex 51.02149200439453 7.900000095367432 10.289440155029297
			vertex 51.09358215332031 7.846506118774414 10.342077255249023
		endloop
	endfacet
	facet normal 0.5732616698979612 -0.03304622945346053 -0.8187056885992122
		outer loop
			vertex 51.02149200439453 7.900000095367432 10.289440155029297
			vertex 51.150001525878906 7.900000095367432 10.379423141479492
			vertex 51.09358215332031 7.846506118774414 10.342077255249023
		endloop
	endfacet
	facet normal 0.7819139233938904 0.5688578870728528 -0.2549731764672172
		outer loop
			vertex 50.84932327270508 7.425092697143555 9.744730949401855
			vertex 50.8700065612793 7.464021682739258 9.895011901855469
			vertex 50.92870330810547 7.321425437927246 9.756875038146973
		endloop
	endfacet
	facet normal 0.7819252372564018 0.568848728019661 -0.25495891428215123
		outer loop
			vertex 50.92870330810547 7.321425437927246 9.756875038146973
			vertex 50.8700065612793 7.464021682739258 9.895011901855469
			vertex 50.95463562011719 7.3534955978393555 9.907958984375
		endloop
	endfacet
	facet normal 0.7444129470464154 0.5210835725888411 -0.41751799320235405
		outer loop
			vertex 50.8700065612793 7.464021682739258 9.895011901855469
			vertex 50.91279220581055 7.516152858734131 10.036358833312988
			vertex 50.95463562011719 7.3534955978393555 9.907958984375
		endloop
	endfacet
	facet normal 0.744397558573949 0.5210924881390973 -0.4175343022964091
		outer loop
			vertex 50.95463562011719 7.3534955978393555 9.907958984375
			vertex 50.91279220581055 7.516152858734131 10.036358833312988
			vertex 51.00011444091797 7.402114391326904 10.049717903137207
		endloop
	endfacet
	facet normal 0.6844956661200996 0.4576608071949054 -0.5674612485628502
		outer loop
			vertex 50.91279220581055 7.516152858734131 10.036358833312988
			vertex 50.97639083862305 7.579907417297363 10.1644926071167
			vertex 51.00011444091797 7.402114391326904 10.049717903137207
		endloop
	endfacet
	facet normal 0.6845152514072091 0.4576524962329481 -0.5674443261525107
		outer loop
			vertex 51.00011444091797 7.402114391326904 10.049717903137207
			vertex 50.97639083862305 7.579907417297363 10.1644926071167
			vertex 51.06375503540039 7.465809345245361 10.17785930633545
		endloop
	endfacet
	facet normal 0.6040131098412953 0.3804476897642829 -0.7003054465680439
		outer loop
			vertex 50.97639083862305 7.579907417297363 10.1644926071167
			vertex 51.05887222290039 7.653354644775391 10.275533676147461
			vertex 51.06375503540039 7.465809345245361 10.17785930633545
		endloop
	endfacet
	facet normal 0.604016305574236 0.3804466356897794 -0.7003032628745773
		outer loop
			vertex 51.06375503540039 7.465809345245361 10.17785930633545
			vertex 51.05887222290039 7.653354644775391 10.275533676147461
			vertex 51.14363479614258 7.542652130126953 10.288501739501953
		endloop
	endfacet
	facet normal 0.5053050331867914 0.29176691614232614 -0.8121199973408443
		outer loop
			vertex 51.05887222290039 7.653354644775391 10.275533676147461
			vertex 51.157737731933594 7.734270095825195 10.366118431091309
			vertex 51.14363479614258 7.542652130126953 10.288501739501953
		endloop
	endfacet
	facet normal 0.5052962949388686 0.2917694000742006 -0.8121245418662049
		outer loop
			vertex 51.14363479614258 7.542652130126953 10.288501739501953
			vertex 51.157737731933594 7.734270095825195 10.366118431091309
			vertex 51.237335205078125 7.630315780639648 10.3782958984375
		endloop
	endfacet
	facet normal 0.2653526029862495 0.09073598285934553 -0.959872375632808
		outer loop
			vertex 51.269996643066406 7.820204257965088 10.433504104614258
			vertex 51.45450973510742 7.827239990234375 10.485177040100098
			vertex 51.342018127441406 7.7261457443237305 10.444522857666016
		endloop
	endfacet
	facet normal 0.39128364253205566 0.1942302593257138 -0.8995397253313012
		outer loop
			vertex 51.157737731933594 7.734270095825195 10.366118431091309
			vertex 51.269996643066406 7.820204257965088 10.433504104614258
			vertex 51.237335205078125 7.630315780639648 10.3782958984375
		endloop
	endfacet
	facet normal 0.3912835142502494 0.19423029535233505 -0.8995397733526405
		outer loop
			vertex 51.237335205078125 7.630315780639648 10.3782958984375
			vertex 51.269996643066406 7.820204257965088 10.433504104614258
			vertex 51.342018127441406 7.7261457443237305 10.444522857666016
		endloop
	endfacet
	facet normal 0.16684256497601088 0.5883698468338064 -0.7911918110350922
		outer loop
			vertex 51.546504974365234 7.393581867218018 10.342077255249023
			vertex 51.472877502441406 7.29055118560791 10.249932289123535
			vertex 51.434268951416016 7.457736968994141 10.366118431091309
		endloop
	endfacet
	facet normal 0.1668455685439405 0.5883700139280372 -0.7911910533920178
		outer loop
			vertex 51.434268951416016 7.457736968994141 10.366118431091309
			vertex 51.472877502441406 7.29055118560791 10.249932289123535
			vertex 51.353355407714844 7.358870983123779 10.275533676147461
		endloop
	endfacet
	facet normal 0.2496601460398657 0.6909801142067706 -0.6783924330725921
		outer loop
			vertex 51.2799072265625 7.276390552520752 10.1644926071167
			vertex 51.353355407714844 7.358870983123779 10.275533676147461
			vertex 51.40309524536133 7.205975532531738 10.138106346130371
		endloop
	endfacet
	facet normal 0.24965951753849178 0.690980116000224 -0.6783926625449044
		outer loop
			vertex 51.40309524536133 7.205975532531738 10.138106346130371
			vertex 51.353355407714844 7.358870983123779 10.275533676147461
			vertex 51.472877502441406 7.29055118560791 10.249932289123535
		endloop
	endfacet
	facet normal 0.1100618005654415 0.7584820106595964 -0.6423328105912613
		outer loop
			vertex 51.40309524536133 7.205975532531738 10.138106346130371
			vertex 51.472877502441406 7.29055118560791 10.249932289123535
			vertex 51.53318786621094 7.1540141105651855 10.099040031433105
		endloop
	endfacet
	facet normal 0.3249327550581531 0.7727579702761579 -0.5452190606215002
		outer loop
			vertex 51.21615219116211 7.212793827056885 10.036358833312988
			vertex 51.2799072265625 7.276390552520752 10.1644926071167
			vertex 51.33927536010742 7.1424150466918945 10.00998592376709
		endloop
	endfacet
	facet normal 0.32492980206572863 0.7727582439566623 -0.5452204326018444
		outer loop
			vertex 51.33927536010742 7.1424150466918945 10.00998592376709
			vertex 51.2799072265625 7.276390552520752 10.1644926071167
			vertex 51.40309524536133 7.205975532531738 10.138106346130371
		endloop
	endfacet
	facet normal 0.18342417219728374 0.8411888861055593 -0.5086814631439107
		outer loop
			vertex 51.33927536010742 7.1424150466918945 10.00998592376709
			vertex 51.40309524536133 7.205975532531738 10.138106346130371
			vertex 51.46902084350586 7.090570449829102 9.971036911010742
		endloop
	endfacet
	facet normal 0.1832048537689348 0.8411856811218652 -0.5087657923161178
		outer loop
			vertex 51.46902084350586 7.090570449829102 9.971036911010742
			vertex 51.40309524536133 7.205975532531738 10.138106346130371
			vertex 51.53318786621094 7.1540141105651855 10.099040031433105
		endloop
	endfacet
	facet normal 0.4441883064530017 0.8648126025816002 -0.23408526400962035
		outer loop
			vertex 51.23701858520508 7.085345268249512 9.720756530761719
			vertex 51.125091552734375 7.149322986602783 9.744730949401855
			vertex 51.16402053833008 7.170005798339844 9.895011901855469
		endloop
	endfacet
	facet normal 0.39042414069381176 0.8312866912535126 -0.3956405278889993
		outer loop
			vertex 51.16402053833008 7.170005798339844 9.895011901855469
			vertex 51.21615219116211 7.212793827056885 10.036358833312988
			vertex 51.28335189819336 7.101795196533203 9.869451522827148
		endloop
	endfacet
	facet normal 0.3904281367770068 0.8312858472882673 -0.39563835773476597
		outer loop
			vertex 51.28335189819336 7.101795196533203 9.869451522827148
			vertex 51.21615219116211 7.212793827056885 10.036358833312988
			vertex 51.33927536010742 7.1424150466918945 10.00998592376709
		endloop
	endfacet
	facet normal 0.25126890190969553 0.898592308794632 -0.35971627918156307
		outer loop
			vertex 51.28335189819336 7.101795196533203 9.869451522827148
			vertex 51.33927536010742 7.1424150466918945 10.00998592376709
			vertex 51.40882873535156 7.051634311676025 9.831794738769531
		endloop
	endfacet
	facet normal 0.25106143728790414 0.898613544355641 -0.3598080774628665
		outer loop
			vertex 51.40882873535156 7.051634311676025 9.831794738769531
			vertex 51.33927536010742 7.1424150466918945 10.00998592376709
			vertex 51.46902084350586 7.090570449829102 9.971036911010742
		endloop
	endfacet
	facet normal 0.10776733372413835 0.9443905370068395 -0.3106649568167024
		outer loop
			vertex 51.40882873535156 7.051634311676025 9.831794738769531
			vertex 51.46902084350586 7.090570449829102 9.971036911010742
			vertex 51.53592300415039 7.021227836608887 9.78345012664795
		endloop
	endfacet
	facet normal 0.31157400465326046 0.928966598305321 -0.19985669580319457
		outer loop
			vertex 51.35445022583008 7.038379192352295 9.685524940490723
			vertex 51.23701858520508 7.085345268249512 9.720756530761719
			vertex 51.28335189819336 7.101795196533203 9.869451522827148
		endloop
	endfacet
	facet normal 0.44419208769248797 0.8648112650818149 -0.23408303018155738
		outer loop
			vertex 51.28335189819336 7.101795196533203 9.869451522827148
			vertex 51.23701858520508 7.085345268249512 9.720756530761719
			vertex 51.16402053833008 7.170005798339844 9.895011901855469
		endloop
	endfacet
	facet normal 0.311377636941904 0.929012684118101 -0.1999484932680349
		outer loop
			vertex 51.35445022583008 7.038379192352295 9.685524940490723
			vertex 51.28335189819336 7.101795196533203 9.869451522827148
			vertex 51.40882873535156 7.051634311676025 9.831794738769531
		endloop
	endfacet
	facet normal 0.17465309728118153 0.9726585697992342 -0.15307384559812567
		outer loop
			vertex 51.47391128540039 7.0097784996032715 9.640092849731445
			vertex 51.35445022583008 7.038379192352295 9.685524940490723
			vertex 51.40882873535156 7.051634311676025 9.831794738769531
		endloop
	endfacet
	facet normal 0.17445340781266677 0.9726828978151841 -0.15314695165233758
		outer loop
			vertex 51.47391128540039 7.0097784996032715 9.640092849731445
			vertex 51.40882873535156 7.051634311676025 9.831794738769531
			vertex 51.53592300415039 7.021227836608887 9.78345012664795
		endloop
	endfacet
	facet normal 0.8985867828252442 0.25128850938600333 -0.35971638659135075
		outer loop
			vertex 50.75163269042969 7.708827972412109 9.831794738769531
			vertex 50.84241485595703 7.63927698135376 10.00998592376709
			vertex 50.801795959472656 7.583353519439697 9.869451522827148
		endloop
	endfacet
	facet normal 0.9290067033928188 0.311401741706707 -0.19993874140155202
		outer loop
			vertex 50.75163269042969 7.708827972412109 9.831794738769531
			vertex 50.801795959472656 7.583353519439697 9.869451522827148
			vertex 50.738380432128906 7.654449462890625 9.685524940490723
		endloop
	endfacet
	facet normal 0.9289651756922821 0.3115786722778126 -0.19985603151419518
		outer loop
			vertex 50.738380432128906 7.654449462890625 9.685524940490723
			vertex 50.801795959472656 7.583353519439697 9.869451522827148
			vertex 50.78534698486328 7.537018299102783 9.720756530761719
		endloop
	endfacet
	facet normal 0.9726870709147709 0.1744278837083502 -0.15314951994789192
		outer loop
			vertex 50.721229553222656 7.8359222412109375 9.78345012664795
			vertex 50.75163269042969 7.708827972412109 9.831794738769531
			vertex 50.70977783203125 7.7739129066467285 9.640092849731445
		endloop
	endfacet
	facet normal 0.9726575978551659 0.17466981369664122 -0.15306094706945636
		outer loop
			vertex 50.70977783203125 7.7739129066467285 9.640092849731445
			vertex 50.75163269042969 7.708827972412109 9.831794738769531
			vertex 50.738380432128906 7.654449462890625 9.685524940490723
		endloop
	endfacet
	facet normal 0.08712142072084311 0.02865954054850744 0.9957853628102445
		outer loop
			vertex 51.44371795654297 7.900000095367432 -0.48632699251174927
			vertex 51.45450973510742 7.827239990234375 -0.48517706990242004
			vertex 51.599998474121094 7.900000095367432 -0.5
		endloop
	endfacet
	facet normal 0.06760627806674002 0.06760672130812066 0.9954188678139112
		outer loop
			vertex 51.599998474121094 7.900000095367432 -0.5
			vertex 51.45450973510742 7.827239990234375 -0.48517706990242004
			vertex 51.52724075317383 7.754509449005127 -0.48517706990242004
		endloop
	endfacet
	facet normal 0.028661387518336783 0.08711983332035143 0.99578544853184
		outer loop
			vertex 51.599998474121094 7.900000095367432 -0.5
			vertex 51.52724075317383 7.754509449005127 -0.48517706990242004
			vertex 51.599998474121094 7.743716716766357 -0.48632699251174927
		endloop
	endfacet
	facet normal 0.054859435006957925 0.26732544797322616 0.96204342275005
		outer loop
			vertex 51.599998474121094 7.743716716766357 -0.48632699251174927
			vertex 51.52724075317383 7.754509449005127 -0.48517706990242004
			vertex 51.52020263671875 7.569995403289795 -0.4335043430328369
		endloop
	endfacet
	facet normal 0.07573116133030801 0.2580754768775634 0.9631520333976257
		outer loop
			vertex 51.599998474121094 7.743716716766357 -0.48632699251174927
			vertex 51.52020263671875 7.569995403289795 -0.4335043430328369
			vertex 51.599998474121094 7.59218168258667 -0.44572335481643677
		endloop
	endfacet
	facet normal 0.021272747400986416 0.422522549653508 0.9061027343807725
		outer loop
			vertex 51.599998474121094 7.59218168258667 -0.44572335481643677
			vertex 51.52020263671875 7.569995403289795 -0.4335043430328369
			vertex 51.599998474121094 7.449999809265137 -0.3794228732585907
		endloop
	endfacet
	facet normal 0.09236831169033358 0.4595413756916901 0.8833401491061449
		outer loop
			vertex 51.599998474121094 7.449999809265137 -0.3794228732585907
			vertex 51.52020263671875 7.569995403289795 -0.4335043430328369
			vertex 51.434268951416016 7.457736968994141 -0.3661181330680847
		endloop
	endfacet
	facet normal 0.0924586816256671 0.4871637781041429 0.8684024674627204
		outer loop
			vertex 51.599998474121094 7.449999809265137 -0.3794228732585907
			vertex 51.434268951416016 7.457736968994141 -0.3661181330680847
			vertex 51.546504974365234 7.393581867218018 -0.3420776128768921
		endloop
	endfacet
	facet normal 0.16684721121242735 0.5883695929681637 0.7911910200331606
		outer loop
			vertex 51.546504974365234 7.393581867218018 -0.3420776128768921
			vertex 51.434268951416016 7.457736968994141 -0.3661181330680847
			vertex 51.353355407714844 7.358870983123779 -0.2755332589149475
		endloop
	endfacet
	facet normal 0.16684728214216837 0.5883694184314315 0.791191134869717
		outer loop
			vertex 51.546504974365234 7.393581867218018 -0.3420776128768921
			vertex 51.353355407714844 7.358870983123779 -0.2755332589149475
			vertex 51.472877502441406 7.29055118560791 -0.2499321848154068
		endloop
	endfacet
	facet normal 0.24966012516119115 0.6909785758258378 0.6783940076785728
		outer loop
			vertex 51.472877502441406 7.29055118560791 -0.2499321848154068
			vertex 51.353355407714844 7.358870983123779 -0.2755332589149475
			vertex 51.2799072265625 7.276390552520752 -0.1644926369190216
		endloop
	endfacet
	facet normal 0.2496594628661112 0.6909800446943304 0.6783927552941778
		outer loop
			vertex 51.472877502441406 7.29055118560791 -0.2499321848154068
			vertex 51.2799072265625 7.276390552520752 -0.1644926369190216
			vertex 51.40309524536133 7.205975532531738 -0.13810627162456512
		endloop
	endfacet
	facet normal 0.32493058906513844 0.7727595558907849 0.5452181041283013
		outer loop
			vertex 51.40309524536133 7.205975532531738 -0.13810627162456512
			vertex 51.2799072265625 7.276390552520752 -0.1644926369190216
			vertex 51.21615219116211 7.212793827056885 -0.036358706653118134
		endloop
	endfacet
	facet normal 0.32493235297343054 0.7727563773177005 0.54522155799819
		outer loop
			vertex 51.40309524536133 7.205975532531738 -0.13810627162456512
			vertex 51.21615219116211 7.212793827056885 -0.036358706653118134
			vertex 51.33927536010742 7.1424150466918945 -0.009986032731831074
		endloop
	endfacet
	facet normal 0.39042790908473357 0.8312849304447303 0.3956405088248967
		outer loop
			vertex 51.33927536010742 7.1424150466918945 -0.009986032731831074
			vertex 51.21615219116211 7.212793827056885 -0.036358706653118134
			vertex 51.16402053833008 7.170005798339844 0.10498853772878647
		endloop
	endfacet
	facet normal 0.3904256961969917 0.8312879161330253 0.39563641925422743
		outer loop
			vertex 51.33927536010742 7.1424150466918945 -0.009986032731831074
			vertex 51.16402053833008 7.170005798339844 0.10498853772878647
			vertex 51.28335189819336 7.101795196533203 0.13054892420768738
		endloop
	endfacet
	facet normal 0.44419106968217664 0.8648108324721505 0.23408656017257828
		outer loop
			vertex 51.28335189819336 7.101795196533203 0.13054892420768738
			vertex 51.16402053833008 7.170005798339844 0.10498853772878647
			vertex 51.125091552734375 7.149322986602783 0.25526896119117737
		endloop
	endfacet
	facet normal 0.44418926100650774 0.8648125609731395 0.23408360640927578
		outer loop
			vertex 51.28335189819336 7.101795196533203 0.13054892420768738
			vertex 51.125091552734375 7.149322986602783 0.25526896119117737
			vertex 51.23701858520508 7.085345268249512 0.2792430818080902
		endloop
	endfacet
	facet normal 0.4794642536020312 0.8728473130421337 0.09083830487726426
		outer loop
			vertex 51.23701858520508 7.085345268249512 0.2792430818080902
			vertex 51.125091552734375 7.149322986602783 0.25526896119117737
			vertex 51.150001525878906 7.120577335357666 0.4000000059604645
		endloop
	endfacet
	facet normal 0.4222817343565542 0.9055779753277755 0.04008325623084507
		outer loop
			vertex 51.23701858520508 7.085345268249512 0.2792430818080902
			vertex 51.150001525878906 7.120577335357666 0.4000000059604645
			vertex 51.29218292236328 7.054276466369629 0.4000000059604645
		endloop
	endfacet
	facet normal 0.25844700187687236 0.053576716727491557 0.9645385853585942
		outer loop
			vertex 51.44371795654297 7.900000095367432 -0.48632699251174927
			vertex 51.29218292236328 7.900000095367432 -0.44572335481643677
			vertex 51.45450973510742 7.827239990234375 -0.48517706990242004
		endloop
	endfacet
	facet normal 0.2708352917523429 0.08425532677714333 0.9589313242621186
		outer loop
			vertex 51.45450973510742 7.827239990234375 -0.48517706990242004
			vertex 51.29218292236328 7.900000095367432 -0.44572335481643677
			vertex 51.342018127441406 7.7261457443237305 -0.44452303647994995
		endloop
	endfacet
	facet normal 0.1837974384000767 0.1837986434158339 0.9656275474094912
		outer loop
			vertex 51.45450973510742 7.827239990234375 -0.48517706990242004
			vertex 51.342018127441406 7.7261457443237305 -0.44452303647994995
			vertex 51.52724075317383 7.754509449005127 -0.48517706990242004
		endloop
	endfacet
	facet normal 0.18379762831878083 0.18379762831878083 0.9656277044745468
		outer loop
			vertex 51.52724075317383 7.754509449005127 -0.48517706990242004
			vertex 51.342018127441406 7.7261457443237305 -0.44452303647994995
			vertex 51.4261474609375 7.642016410827637 -0.44452303647994995
		endloop
	endfacet
	facet normal 0.09073578483856884 0.2653492464471707 0.9598733222460388
		outer loop
			vertex 51.52724075317383 7.754509449005127 -0.48517706990242004
			vertex 51.4261474609375 7.642016410827637 -0.44452303647994995
			vertex 51.52020263671875 7.569995403289795 -0.4335043430328369
		endloop
	endfacet
	facet normal 0.1942342270639048 0.3912814975809025 0.8995398016139885
		outer loop
			vertex 51.52020263671875 7.569995403289795 -0.4335043430328369
			vertex 51.4261474609375 7.642016410827637 -0.44452303647994995
			vertex 51.33031463623047 7.537335395812988 -0.3782961070537567
		endloop
	endfacet
	facet normal 0.19423257524719048 0.39128737941894265 0.8995375997812993
		outer loop
			vertex 51.52020263671875 7.569995403289795 -0.4335043430328369
			vertex 51.33031463623047 7.537335395812988 -0.3782961070537567
			vertex 51.434268951416016 7.457736968994141 -0.3661181330680847
		endloop
	endfacet
	facet normal 0.29177405273013013 0.5053008016369224 0.8121200662577664
		outer loop
			vertex 51.434268951416016 7.457736968994141 -0.3661181330680847
			vertex 51.33031463623047 7.537335395812988 -0.3782961070537567
			vertex 51.242652893066406 7.443635940551758 -0.28850170969963074
		endloop
	endfacet
	facet normal 0.29177345287207906 0.5053029119308999 0.8121189687436552
		outer loop
			vertex 51.434268951416016 7.457736968994141 -0.3661181330680847
			vertex 51.242652893066406 7.443635940551758 -0.28850170969963074
			vertex 51.353355407714844 7.358870983123779 -0.2755332589149475
		endloop
	endfacet
	facet normal 0.38045342277715877 0.6040114568352875 0.7003037577429226
		outer loop
			vertex 51.353355407714844 7.358870983123779 -0.2755332589149475
			vertex 51.242652893066406 7.443635940551758 -0.28850170969963074
			vertex 51.165809631347656 7.36375617980957 -0.17785890400409698
		endloop
	endfacet
	facet normal 0.3804548295959427 0.60400719145651 0.7003066723271607
		outer loop
			vertex 51.353355407714844 7.358870983123779 -0.2755332589149475
			vertex 51.165809631347656 7.36375617980957 -0.17785890400409698
			vertex 51.2799072265625 7.276390552520752 -0.1644926369190216
		endloop
	endfacet
	facet normal 0.4576573505462214 0.6845061576289855 0.5674513808768252
		outer loop
			vertex 51.2799072265625 7.276390552520752 -0.1644926369190216
			vertex 51.165809631347656 7.36375617980957 -0.17785890400409698
			vertex 51.102115631103516 7.300113677978516 -0.049718037247657776
		endloop
	endfacet
	facet normal 0.4576588925816528 0.6845025237481575 0.5674545206651705
		outer loop
			vertex 51.2799072265625 7.276390552520752 -0.1644926369190216
			vertex 51.102115631103516 7.300113677978516 -0.049718037247657776
			vertex 51.21615219116211 7.212793827056885 -0.036358706653118134
		endloop
	endfacet
	facet normal 0.521090831838488 0.7444041134465851 0.4175246829322505
		outer loop
			vertex 51.21615219116211 7.212793827056885 -0.036358706653118134
			vertex 51.102115631103516 7.300113677978516 -0.049718037247657776
			vertex 51.053497314453125 7.254636764526367 0.09204067289829254
		endloop
	endfacet
	facet normal 0.5210942124334735 0.744398278413421 0.4175308669589269
		outer loop
			vertex 51.21615219116211 7.212793827056885 -0.036358706653118134
			vertex 51.053497314453125 7.254636764526367 0.09204067289829254
			vertex 51.16402053833008 7.170005798339844 0.10498853772878647
		endloop
	endfacet
	facet normal 0.5688621385196635 0.781910562299949 0.2549739985226192
		outer loop
			vertex 51.16402053833008 7.170005798339844 0.10498853772878647
			vertex 51.053497314453125 7.254636764526367 0.09204067289829254
			vertex 51.021427154541016 7.228701591491699 0.24312464892864227
		endloop
	endfacet
	facet normal 0.5688609350733377 0.781912048918718 0.254972124561138
		outer loop
			vertex 51.16402053833008 7.170005798339844 0.10498853772878647
			vertex 51.021427154541016 7.228701591491699 0.24312464892864227
			vertex 51.125091552734375 7.149322986602783 0.25526896119117737
		endloop
	endfacet
	facet normal 0.5985953224389501 0.7957764429224795 0.0917795883835573
		outer loop
			vertex 51.125091552734375 7.149322986602783 0.25526896119117737
			vertex 51.021427154541016 7.228701591491699 0.24312464892864227
			vertex 51.02149200439453 7.210559844970703 0.4000000059604645
		endloop
	endfacet
	facet normal 0.5724026645507526 0.8174832290645605 0.06384637666600769
		outer loop
			vertex 51.125091552734375 7.149322986602783 0.25526896119117737
			vertex 51.02149200439453 7.210559844970703 0.4000000059604645
			vertex 51.150001525878906 7.120577335357666 0.4000000059604645
		endloop
	endfacet
	facet normal 0.24990962461943306 0.07829957815943431 0.9650981067138349
		outer loop
			vertex 51.342018127441406 7.7261457443237305 -0.44452303647994995
			vertex 51.29218292236328 7.900000095367432 -0.44572335481643677
			vertex 51.269996643066406 7.820204257965088 -0.4335043430328369
		endloop
	endfacet
	facet normal 0.42252371724303406 0.02127234085638486 0.9061021994684809
		outer loop
			vertex 51.269996643066406 7.820204257965088 -0.4335043430328369
			vertex 51.29218292236328 7.900000095367432 -0.44572335481643677
			vertex 51.150001525878906 7.900000095367432 -0.3794228732585907
		endloop
	endfacet
	facet normal 0.45954141062792386 0.09236542594666755 0.8833404326802826
		outer loop
			vertex 51.269996643066406 7.820204257965088 -0.4335043430328369
			vertex 51.150001525878906 7.900000095367432 -0.3794228732585907
			vertex 51.157737731933594 7.734270095825195 -0.3661181330680847
		endloop
	endfacet
	facet normal 0.48715647036279996 0.0924556263752401 0.8684068922660738
		outer loop
			vertex 51.157737731933594 7.734270095825195 -0.3661181330680847
			vertex 51.150001525878906 7.900000095367432 -0.3794228732585907
			vertex 51.09358215332031 7.846506118774414 -0.3420776128768921
		endloop
	endfacet
	facet normal 0.5883656993997094 0.16684684873376524 0.7911939919119096
		outer loop
			vertex 51.157737731933594 7.734270095825195 -0.3661181330680847
			vertex 51.09358215332031 7.846506118774414 -0.3420776128768921
			vertex 50.99055099487305 7.772876262664795 -0.2499321848154068
		endloop
	endfacet
	facet normal 0.6288011372865062 0.08708766745393492 0.7726738431735795
		outer loop
			vertex 50.99055099487305 7.772876262664795 -0.2499321848154068
			vertex 51.09358215332031 7.846506118774414 -0.3420776128768921
			vertex 51.02149200439453 7.900000095367432 -0.28944000601768494
		endloop
	endfacet
	facet normal 0.7063045686906699 0.047597984378127636 0.706306086714412
		outer loop
			vertex 50.99055099487305 7.772876262664795 -0.2499321848154068
			vertex 51.02149200439453 7.900000095367432 -0.28944000601768494
			vertex 50.910560607910156 7.900000095367432 -0.17850884795188904
		endloop
	endfacet
	facet normal 0.573260993718636 -0.03305501165322639 0.8187058075312079
		outer loop
			vertex 51.150001525878906 7.900000095367432 -0.3794228732585907
			vertex 51.02149200439453 7.900000095367432 -0.28944000601768494
			vertex 51.09358215332031 7.846506118774414 -0.3420776128768921
		endloop
	endfacet
	facet normal 0.7593639090990963 0.11834280668609978 0.6398135929029609
		outer loop
			vertex 50.99055099487305 7.772876262664795 -0.2499321848154068
			vertex 50.910560607910156 7.900000095367432 -0.17850884795188904
			vertex 50.8540153503418 7.833188533782959 -0.09904024004936218
		endloop
	endfacet
	facet normal 0.8190961559597182 -0.011027488100204087 0.5735502434819576
		outer loop
			vertex 50.8540153503418 7.833188533782959 -0.09904024004936218
			vertex 50.910560607910156 7.900000095367432 -0.17850884795188904
			vertex 50.82057571411133 7.900000095367432 -0.05000000074505806
		endloop
	endfacet
	facet normal 0.8744298641315844 0.08737534476526262 0.477218987302444
		outer loop
			vertex 50.8540153503418 7.833188533782959 -0.09904024004936218
			vertex 50.82057571411133 7.900000095367432 -0.05000000074505806
			vertex 50.79056930541992 7.7690205574035645 0.028963500633835793
		endloop
	endfacet
	facet normal 0.9053045653543556 0.04709902081825703 0.4221437269302041
		outer loop
			vertex 50.79056930541992 7.7690205574035645 0.028963500633835793
			vertex 50.82057571411133 7.900000095367432 -0.05000000074505806
			vertex 50.754276275634766 7.900000095367432 0.09218186885118484
		endloop
	endfacet
	facet normal 0.9443959288001269 0.1125690667616439 0.308940989307276
		outer loop
			vertex 50.79056930541992 7.7690205574035645 0.028963500633835793
			vertex 50.754276275634766 7.900000095367432 0.09218186885118484
			vertex 50.721229553222656 7.8359222412109375 0.21654987335205078
		endloop
	endfacet
	facet normal 0.965917341402064 0.004184551173319904 0.258816883356257
		outer loop
			vertex 50.721229553222656 7.8359222412109375 0.21654987335205078
			vertex 50.754276275634766 7.900000095367432 0.09218186885118484
			vertex 50.71367263793945 7.900000095367432 0.24371664226055145
		endloop
	endfacet
	facet normal 0.9914698464303161 0.0704324488909005 0.10966683073143159
		outer loop
			vertex 50.721229553222656 7.8359222412109375 0.21654987335205078
			vertex 50.71367263793945 7.900000095367432 0.24371664226055145
			vertex 50.70977783203125 7.7739129066467285 0.3599068522453308
		endloop
	endfacet
	facet normal 0.994975354647412 0.04947500439124273 0.08704175770711067
		outer loop
			vertex 50.70977783203125 7.7739129066467285 0.3599068522453308
			vertex 50.71367263793945 7.900000095367432 0.24371664226055145
			vertex 50.70000076293945 7.900000095367432 0.4000000059604645
		endloop
	endfacet
	facet normal 0.9957127302077017 0.08710625598936758 -0.031123288223441903
		outer loop
			vertex 50.70977783203125 7.7739129066467285 0.3599068522453308
			vertex 50.70000076293945 7.900000095367432 0.4000000059604645
			vertex 50.71367263793945 7.743716716766357 0.4000000059604645
		endloop
	endfacet
	facet normal 0.9757443059960829 0.2096247228098405 0.06309140118209748
		outer loop
			vertex 50.70977783203125 7.7739129066467285 0.3599068522453308
			vertex 50.71367263793945 7.743716716766357 0.4000000059604645
			vertex 50.738380432128906 7.654449462890625 0.314475417137146
		endloop
	endfacet
	facet normal 0.9658875868768577 0.2588084652783525 0.00890773918929197
		outer loop
			vertex 50.738380432128906 7.654449462890625 0.314475417137146
			vertex 50.71367263793945 7.743716716766357 0.4000000059604645
			vertex 50.754276275634766 7.59218168258667 0.4000000059604645
		endloop
	endfacet
	facet normal 0.9335773446814334 0.34917094581242547 0.08070311083236262
		outer loop
			vertex 50.738380432128906 7.654449462890625 0.314475417137146
			vertex 50.754276275634766 7.59218168258667 0.4000000059604645
			vertex 50.78534698486328 7.537018299102783 0.2792430818080902
		endloop
	endfacet
	facet normal 0.905581186010276 0.4222727041417305 0.04010584597103839
		outer loop
			vertex 50.78534698486328 7.537018299102783 0.2792430818080902
			vertex 50.754276275634766 7.59218168258667 0.4000000059604645
			vertex 50.82057571411133 7.449999809265137 0.4000000059604645
		endloop
	endfacet
	facet normal 0.872849651746576 0.4794556519950966 0.09086123054327251
		outer loop
			vertex 50.78534698486328 7.537018299102783 0.2792430818080902
			vertex 50.82057571411133 7.449999809265137 0.4000000059604645
			vertex 50.84932327270508 7.425092697143555 0.25526896119117737
		endloop
	endfacet
	facet normal 0.8174731658897555 0.5724150324724401 0.06386433785576759
		outer loop
			vertex 50.84932327270508 7.425092697143555 0.25526896119117737
			vertex 50.82057571411133 7.449999809265137 0.4000000059604645
			vertex 50.910560607910156 7.321491241455078 0.4000000059604645
		endloop
	endfacet
	facet normal 0.7957790607827061 0.5985916117702762 0.09178109139717958
		outer loop
			vertex 50.84932327270508 7.425092697143555 0.25526896119117737
			vertex 50.910560607910156 7.321491241455078 0.4000000059604645
			vertex 50.92870330810547 7.321425437927246 0.24312464892864227
		endloop
	endfacet
	facet normal 0.7047711332983078 0.7047711332983078 0.08121144832373058
		outer loop
			vertex 50.92870330810547 7.321425437927246 0.24312464892864227
			vertex 50.910560607910156 7.321491241455078 0.4000000059604645
			vertex 51.02149200439453 7.210559844970703 0.4000000059604645
		endloop
	endfacet
	facet normal 0.7047711332983078 0.7047711332983078 0.08121144832373058
		outer loop
			vertex 50.92870330810547 7.321425437927246 0.24312464892864227
			vertex 51.02149200439453 7.210559844970703 0.4000000059604645
			vertex 51.021427154541016 7.228701591491699 0.24312464892864227
		endloop
	endfacet
	facet normal 0.3491714831479847 0.9335786488395996 0.08068569753719892
		outer loop
			vertex 51.23701858520508 7.085345268249512 0.2792430818080902
			vertex 51.29218292236328 7.054276466369629 0.4000000059604645
			vertex 51.35445022583008 7.038379192352295 0.314475417137146
		endloop
	endfacet
	facet normal 0.2588085058103288 0.9658877381444478 0.008890141867685677
		outer loop
			vertex 51.35445022583008 7.038379192352295 0.314475417137146
			vertex 51.29218292236328 7.054276466369629 0.4000000059604645
			vertex 51.44371795654297 7.013672828674316 0.4000000059604645
		endloop
	endfacet
	facet normal 0.20961732438043837 0.9757464861860409 0.0630822638717132
		outer loop
			vertex 51.35445022583008 7.038379192352295 0.314475417137146
			vertex 51.44371795654297 7.013672828674316 0.4000000059604645
			vertex 51.47391128540039 7.0097784996032715 0.3599068522453308
		endloop
	endfacet
	facet normal 0.08711389950388904 0.9957124181838114 -0.0311118753496684
		outer loop
			vertex 51.47391128540039 7.0097784996032715 0.3599068522453308
			vertex 51.44371795654297 7.013672828674316 0.4000000059604645
			vertex 51.599998474121094 7 0.4000000059604645
		endloop
	endfacet
	facet normal 0.049484313105580255 0.9949743681140479 0.08704774294902876
		outer loop
			vertex 51.47391128540039 7.0097784996032715 0.3599068522453308
			vertex 51.599998474121094 7 0.4000000059604645
			vertex 51.599998474121094 7.013672828674316 0.24371664226055145
		endloop
	endfacet
	facet normal 0.07041547337201985 0.991473525970556 0.1096444636509644
		outer loop
			vertex 51.47391128540039 7.0097784996032715 0.3599068522453308
			vertex 51.599998474121094 7.013672828674316 0.24371664226055145
			vertex 51.53592300415039 7.021227836608887 0.21654987335205078
		endloop
	endfacet
	facet normal 0.004155954697687119 0.9659174565940991 0.25881691422188313
		outer loop
			vertex 51.53592300415039 7.021227836608887 0.21654987335205078
			vertex 51.599998474121094 7.013672828674316 0.24371664226055145
			vertex 51.599998474121094 7.054276466369629 0.09218186885118484
		endloop
	endfacet
	facet normal 0.11257063059355045 0.9443918051335811 0.3089530247858188
		outer loop
			vertex 51.53592300415039 7.021227836608887 0.21654987335205078
			vertex 51.599998474121094 7.054276466369629 0.09218186885118484
			vertex 51.46902084350586 7.090570449829102 0.028963500633835793
		endloop
	endfacet
	facet normal 0.04710171458758786 0.9053009615373502 0.42215115482781596
		outer loop
			vertex 51.46902084350586 7.090570449829102 0.028963500633835793
			vertex 51.599998474121094 7.054276466369629 0.09218186885118484
			vertex 51.599998474121094 7.120577335357666 -0.05000000074505806
		endloop
	endfacet
	facet normal 0.08735917351130162 0.874441893659717 0.4771999050882455
		outer loop
			vertex 51.46902084350586 7.090570449829102 0.028963500633835793
			vertex 51.599998474121094 7.120577335357666 -0.05000000074505806
			vertex 51.53318786621094 7.1540141105651855 -0.09904024004936218
		endloop
	endfacet
	facet normal -0.011051660482287876 0.8191030773997957 0.573539893464063
		outer loop
			vertex 51.53318786621094 7.1540141105651855 -0.09904024004936218
			vertex 51.599998474121094 7.120577335357666 -0.05000000074505806
			vertex 51.599998474121094 7.210559844970703 -0.17850884795188904
		endloop
	endfacet
	facet normal 0.11303882141715896 0.7622105851688179 0.6373831255290872
		outer loop
			vertex 51.53318786621094 7.1540141105651855 -0.09904024004936218
			vertex 51.599998474121094 7.210559844970703 -0.17850884795188904
			vertex 51.40309524536133 7.205975532531738 -0.13810627162456512
		endloop
	endfacet
	facet normal 0.11446532821532207 0.7566639937837465 0.6437059026821094
		outer loop
			vertex 51.40309524536133 7.205975532531738 -0.13810627162456512
			vertex 51.599998474121094 7.210559844970703 -0.17850884795188904
			vertex 51.472877502441406 7.29055118560791 -0.2499321848154068
		endloop
	endfacet
	facet normal 0.04760433996603705 0.7063043545247281 0.7063058725480098
		outer loop
			vertex 51.599998474121094 7.210559844970703 -0.17850884795188904
			vertex 51.599998474121094 7.321491241455078 -0.28944000601768494
			vertex 51.472877502441406 7.29055118560791 -0.2499321848154068
		endloop
	endfacet
	facet normal 0.08709423903584647 0.6288008865661519 0.7726733065017766
		outer loop
			vertex 51.472877502441406 7.29055118560791 -0.2499321848154068
			vertex 51.599998474121094 7.321491241455078 -0.28944000601768494
			vertex 51.546504974365234 7.393581867218018 -0.3420776128768921
		endloop
	endfacet
	facet normal -0.03304439401405131 0.5732640497293043 0.8187040963084292
		outer loop
			vertex 51.599998474121094 7.321491241455078 -0.28944000601768494
			vertex 51.599998474121094 7.449999809265137 -0.3794228732585907
			vertex 51.546504974365234 7.393581867218018 -0.3420776128768921
		endloop
	endfacet
	facet normal 0.6824069987555661 0.6824069987555661 0.2619949925071882
		outer loop
			vertex 51.021427154541016 7.228701591491699 0.24312464892864227
			vertex 51.053497314453125 7.254636764526367 0.09204067289829254
			vertex 50.92870330810547 7.321425437927246 0.24312464892864227
		endloop
	endfacet
	facet normal 0.6823993628169728 0.6824191117880269 0.2619833305640457
		outer loop
			vertex 50.92870330810547 7.321425437927246 0.24312464892864227
			vertex 51.053497314453125 7.254636764526367 0.09204067289829254
			vertex 50.95463562011719 7.3534955978393555 0.09204067289829254
		endloop
	endfacet
	facet normal 0.7819162408211623 0.5688606723680104 0.2549598552186553
		outer loop
			vertex 50.92870330810547 7.321425437927246 0.24312464892864227
			vertex 50.95463562011719 7.3534955978393555 0.09204067289829254
			vertex 50.84932327270508 7.425092697143555 0.25526896119117737
		endloop
	endfacet
	facet normal 0.781924056671548 0.5688444867828234 0.25497199739402077
		outer loop
			vertex 50.84932327270508 7.425092697143555 0.25526896119117737
			vertex 50.95463562011719 7.3534955978393555 0.09204067289829254
			vertex 50.8700065612793 7.464021682739258 0.10498853772878647
		endloop
	endfacet
	facet normal 0.864814162224958 0.4441838806082345 0.23408790020621248
		outer loop
			vertex 50.84932327270508 7.425092697143555 0.25526896119117737
			vertex 50.8700065612793 7.464021682739258 0.10498853772878647
			vertex 50.78534698486328 7.537018299102783 0.2792430818080902
		endloop
	endfacet
	facet normal 0.8648118503407046 0.44419041657817443 0.23408403903383707
		outer loop
			vertex 50.78534698486328 7.537018299102783 0.2792430818080902
			vertex 50.8700065612793 7.464021682739258 0.10498853772878647
			vertex 50.801795959472656 7.583353519439697 0.13054892420768738
		endloop
	endfacet
	facet normal 0.9289654770634228 0.311577306025272 0.19985676069215477
		outer loop
			vertex 50.78534698486328 7.537018299102783 0.2792430818080902
			vertex 50.801795959472656 7.583353519439697 0.13054892420768738
			vertex 50.738380432128906 7.654449462890625 0.314475417137146
		endloop
	endfacet
	facet normal 0.9290066516224909 0.3114018793804494 0.19993876752519066
		outer loop
			vertex 50.738380432128906 7.654449462890625 0.314475417137146
			vertex 50.801795959472656 7.583353519439697 0.13054892420768738
			vertex 50.75163269042969 7.708827972412109 0.1682056039571762
		endloop
	endfacet
	facet normal 0.9726574332310637 0.17467052531744467 0.1530611811194693
		outer loop
			vertex 50.738380432128906 7.654449462890625 0.314475417137146
			vertex 50.75163269042969 7.708827972412109 0.1682056039571762
			vertex 50.70977783203125 7.7739129066467285 0.3599068522453308
		endloop
	endfacet
	facet normal 0.972686964811238 0.17442811532392408 0.15314993003865734
		outer loop
			vertex 50.70977783203125 7.7739129066467285 0.3599068522453308
			vertex 50.75163269042969 7.708827972412109 0.1682056039571762
			vertex 50.721229553222656 7.8359222412109375 0.21654987335205078
		endloop
	endfacet
	facet normal 0.640097664663075 0.6401161894023114 0.4248838003006728
		outer loop
			vertex 51.053497314453125 7.254636764526367 0.09204067289829254
			vertex 51.102115631103516 7.300113677978516 -0.049718037247657776
			vertex 50.95463562011719 7.3534955978393555 0.09204067289829254
		endloop
	endfacet
	facet normal 0.6401024380797338 0.6401054304571153 0.4248928178537402
		outer loop
			vertex 50.95463562011719 7.3534955978393555 0.09204067289829254
			vertex 51.102115631103516 7.300113677978516 -0.049718037247657776
			vertex 51.00011444091797 7.402114391326904 -0.049718037247657776
		endloop
	endfacet
	facet normal 0.7444095550207906 0.5210762395367804 0.41753319267329675
		outer loop
			vertex 50.95463562011719 7.3534955978393555 0.09204067289829254
			vertex 51.00011444091797 7.402114391326904 -0.049718037247657776
			vertex 50.8700065612793 7.464021682739258 0.10498853772878647
		endloop
	endfacet
	facet normal 0.7444027507291219 0.5210972965986476 0.41751904409798835
		outer loop
			vertex 50.8700065612793 7.464021682739258 0.10498853772878647
			vertex 51.00011444091797 7.402114391326904 -0.049718037247657776
			vertex 50.91279220581055 7.516152858734131 -0.036358706653118134
		endloop
	endfacet
	facet normal 0.8312912437970384 0.39042802895339257 0.3956271251999059
		outer loop
			vertex 50.8700065612793 7.464021682739258 0.10498853772878647
			vertex 50.91279220581055 7.516152858734131 -0.036358706653118134
			vertex 50.801795959472656 7.583353519439697 0.13054892420768738
		endloop
	endfacet
	facet normal 0.8312925741733695 0.3904217298392371 0.395630546082517
		outer loop
			vertex 50.801795959472656 7.583353519439697 0.13054892420768738
			vertex 50.91279220581055 7.516152858734131 -0.036358706653118134
			vertex 50.84241485595703 7.63927698135376 -0.009986032731831074
		endloop
	endfacet
	facet normal 0.8985870129276238 0.25128922240882634 0.3597153136842772
		outer loop
			vertex 50.801795959472656 7.583353519439697 0.13054892420768738
			vertex 50.84241485595703 7.63927698135376 -0.009986032731831074
			vertex 50.75163269042969 7.708827972412109 0.1682056039571762
		endloop
	endfacet
	facet normal 0.898609750422119 0.25106711924139213 0.3598135879620524
		outer loop
			vertex 50.75163269042969 7.708827972412109 0.1682056039571762
			vertex 50.84241485595703 7.63927698135376 -0.009986032731831074
			vertex 50.79056930541992 7.7690205574035645 0.028963500633835793
		endloop
	endfacet
	facet normal 0.9443944198756895 0.10774596894992489 0.31066056377129975
		outer loop
			vertex 50.75163269042969 7.708827972412109 0.1682056039571762
			vertex 50.79056930541992 7.7690205574035645 0.028963500633835793
			vertex 50.721229553222656 7.8359222412109375 0.21654987335205078
		endloop
	endfacet
	facet normal 0.5785569523713657 0.5785596570333624 0.574926583240152
		outer loop
			vertex 51.102115631103516 7.300113677978516 -0.049718037247657776
			vertex 51.165809631347656 7.36375617980957 -0.17785890400409698
			vertex 51.00011444091797 7.402114391326904 -0.049718037247657776
		endloop
	endfacet
	facet normal 0.578555681292825 0.5785637910906667 0.5749237021401976
		outer loop
			vertex 51.00011444091797 7.402114391326904 -0.049718037247657776
			vertex 51.165809631347656 7.36375617980957 -0.17785890400409698
			vertex 51.06375503540039 7.465809345245361 -0.17785890400409698
		endloop
	endfacet
	facet normal 0.6845029818577537 0.45766670220466965 0.5674476694118553
		outer loop
			vertex 51.00011444091797 7.402114391326904 -0.049718037247657776
			vertex 51.06375503540039 7.465809345245361 -0.17785890400409698
			vertex 50.91279220581055 7.516152858734131 -0.036358706653118134
		endloop
	endfacet
	facet normal 0.6845069723443516 0.4576465769449556 0.5674590870032253
		outer loop
			vertex 50.91279220581055 7.516152858734131 -0.036358706653118134
			vertex 51.06375503540039 7.465809345245361 -0.17785890400409698
			vertex 50.97639083862305 7.579907417297363 -0.1644926369190216
		endloop
	endfacet
	facet normal 0.7727591239762149 0.3249219314459747 0.5452238758316904
		outer loop
			vertex 50.91279220581055 7.516152858734131 -0.036358706653118134
			vertex 50.97639083862305 7.579907417297363 -0.1644926369190216
			vertex 50.84241485595703 7.63927698135376 -0.009986032731831074
		endloop
	endfacet
	facet normal 0.772758135925819 0.3249325933757255 0.5452189221978441
		outer loop
			vertex 50.84241485595703 7.63927698135376 -0.009986032731831074
			vertex 50.97639083862305 7.579907417297363 -0.1644926369190216
			vertex 50.905975341796875 7.703095436096191 -0.13810627162456512
		endloop
	endfacet
	facet normal 0.8411871382645789 0.18343008457974322 0.5086822215188147
		outer loop
			vertex 50.84241485595703 7.63927698135376 -0.009986032731831074
			vertex 50.905975341796875 7.703095436096191 -0.13810627162456512
			vertex 50.79056930541992 7.7690205574035645 0.028963500633835793
		endloop
	endfacet
	facet normal 0.8411836724311645 0.18319295337910807 0.5087733985454224
		outer loop
			vertex 50.79056930541992 7.7690205574035645 0.028963500633835793
			vertex 50.905975341796875 7.703095436096191 -0.13810627162456512
			vertex 50.8540153503418 7.833188533782959 -0.09904024004936218
		endloop
	endfacet
	facet normal 0.49959644907367434 0.4996034520750024 0.7076720841941672
		outer loop
			vertex 51.165809631347656 7.36375617980957 -0.17785890400409698
			vertex 51.242652893066406 7.443635940551758 -0.28850170969963074
			vertex 51.06375503540039 7.465809345245361 -0.17785890400409698
		endloop
	endfacet
	facet normal 0.4995959806267314 0.499605604342961 0.7076708954384938
		outer loop
			vertex 51.06375503540039 7.465809345245361 -0.17785890400409698
			vertex 51.242652893066406 7.443635940551758 -0.28850170969963074
			vertex 51.14363479614258 7.542652130126953 -0.28850170969963074
		endloop
	endfacet
	facet normal 0.6040140660285015 0.38045140745258443 0.7003026021707079
		outer loop
			vertex 51.06375503540039 7.465809345245361 -0.17785890400409698
			vertex 51.14363479614258 7.542652130126953 -0.28850170969963074
			vertex 50.97639083862305 7.579907417297363 -0.1644926369190216
		endloop
	endfacet
	facet normal 0.6040150093104574 0.38044281837710603 0.700306454684642
		outer loop
			vertex 50.97639083862305 7.579907417297363 -0.1644926369190216
			vertex 51.14363479614258 7.542652130126953 -0.28850170969963074
			vertex 51.05887222290039 7.653354644775391 -0.2755332589149475
		endloop
	endfacet
	facet normal 0.6909767599678227 0.24965955019256453 0.6783960688137988
		outer loop
			vertex 50.97639083862305 7.579907417297363 -0.1644926369190216
			vertex 51.05887222290039 7.653354644775391 -0.2755332589149475
			vertex 50.905975341796875 7.703095436096191 -0.13810627162456512
		endloop
	endfacet
	facet normal 0.6909767341401214 0.24966860519234974 0.6783927626812941
		outer loop
			vertex 50.905975341796875 7.703095436096191 -0.13810627162456512
			vertex 51.05887222290039 7.653354644775391 -0.2755332589149475
			vertex 50.99055099487305 7.772876262664795 -0.2499321848154068
		endloop
	endfacet
	facet normal 0.7584848892697399 0.11005634448945016 0.6423303463071709
		outer loop
			vertex 50.905975341796875 7.703095436096191 -0.13810627162456512
			vertex 50.99055099487305 7.772876262664795 -0.2499321848154068
			vertex 50.8540153503418 7.833188533782959 -0.09904024004936218
		endloop
	endfacet
	facet normal 0.4055714571732577 0.40557926969530755 0.8191564253058029
		outer loop
			vertex 51.242652893066406 7.443635940551758 -0.28850170969963074
			vertex 51.33031463623047 7.537335395812988 -0.3782961070537567
			vertex 51.14363479614258 7.542652130126953 -0.28850170969963074
		endloop
	endfacet
	facet normal 0.4055731909945847 0.4055690311415534 0.8191606360936614
		outer loop
			vertex 51.14363479614258 7.542652130126953 -0.28850170969963074
			vertex 51.33031463623047 7.537335395812988 -0.3782961070537567
			vertex 51.237335205078125 7.630315780639648 -0.3782961070537567
		endloop
	endfacet
	facet normal 0.5053032274668019 0.29176236831126656 0.8121227547292554
		outer loop
			vertex 51.14363479614258 7.542652130126953 -0.28850170969963074
			vertex 51.237335205078125 7.630315780639648 -0.3782961070537567
			vertex 51.05887222290039 7.653354644775391 -0.2755332589149475
		endloop
	endfacet
	facet normal 0.5053027384200908 0.29177090895745594 0.8121199906610459
		outer loop
			vertex 51.05887222290039 7.653354644775391 -0.2755332589149475
			vertex 51.237335205078125 7.630315780639648 -0.3782961070537567
			vertex 51.157737731933594 7.734270095825195 -0.3661181330680847
		endloop
	endfacet
	facet normal 0.5883660281358787 0.1668527591745862 0.7911925010333694
		outer loop
			vertex 51.05887222290039 7.653354644775391 -0.2755332589149475
			vertex 51.157737731933594 7.734270095825195 -0.3661181330680847
			vertex 50.99055099487305 7.772876262664795 -0.2499321848154068
		endloop
	endfacet
	facet normal 0.29925212044581234 0.2992490510988535 0.9060343116158024
		outer loop
			vertex 51.33031463623047 7.537335395812988 -0.3782961070537567
			vertex 51.4261474609375 7.642016410827637 -0.44452303647994995
			vertex 51.237335205078125 7.630315780639648 -0.3782961070537567
		endloop
	endfacet
	facet normal 0.2992516985535991 0.2992516985535991 0.9060335765442535
		outer loop
			vertex 51.237335205078125 7.630315780639648 -0.3782961070537567
			vertex 51.4261474609375 7.642016410827637 -0.44452303647994995
			vertex 51.342018127441406 7.7261457443237305 -0.44452303647994995
		endloop
	endfacet
	facet normal 0.3912856596088373 0.19422745149274873 0.899539454204822
		outer loop
			vertex 51.237335205078125 7.630315780639648 -0.3782961070537567
			vertex 51.342018127441406 7.7261457443237305 -0.44452303647994995
			vertex 51.157737731933594 7.734270095825195 -0.3661181330680847
		endloop
	endfacet
	facet normal 0.3912854557818686 0.19423250691316957 0.8995384512914392
		outer loop
			vertex 51.157737731933594 7.734270095825195 -0.3661181330680847
			vertex 51.342018127441406 7.7261457443237305 -0.44452303647994995
			vertex 51.269996643066406 7.820204257965088 -0.4335043430328369
		endloop
	endfacet
	facet normal 0.3115726383914723 0.9289668996675593 0.19985742500047396
		outer loop
			vertex 51.23701858520508 7.085345268249512 0.2792430818080902
			vertex 51.35445022583008 7.038379192352295 0.314475417137146
			vertex 51.28335189819336 7.101795196533203 0.13054892420768738
		endloop
	endfacet
	facet normal 0.31137777462242333 0.9290126323489986 0.19994851939229794
		outer loop
			vertex 51.28335189819336 7.101795196533203 0.13054892420768738
			vertex 51.35445022583008 7.038379192352295 0.314475417137146
			vertex 51.40882873535156 7.051634311676025 0.1682056039571762
		endloop
	endfacet
	facet normal 0.2512696149205298 0.8985925389135772 0.3597152062764933
		outer loop
			vertex 51.28335189819336 7.101795196533203 0.13054892420768738
			vertex 51.40882873535156 7.051634311676025 0.1682056039571762
			vertex 51.33927536010742 7.1424150466918945 -0.009986032731831074
		endloop
	endfacet
	facet normal 0.25106023125158883 0.8986139709828732 0.3598078534972395
		outer loop
			vertex 51.33927536010742 7.1424150466918945 -0.009986032731831074
			vertex 51.40882873535156 7.051634311676025 0.1682056039571762
			vertex 51.46902084350586 7.090570449829102 0.028963500633835793
		endloop
	endfacet
	facet normal 0.18342229591298922 0.8411892967288235 0.5086814606714847
		outer loop
			vertex 51.33927536010742 7.1424150466918945 -0.009986032731831074
			vertex 51.46902084350586 7.090570449829102 0.028963500633835793
			vertex 51.40309524536133 7.205975532531738 -0.13810627162456512
		endloop
	endfacet
	facet normal 0.18320656044395428 0.8411861442095838 0.5087644120809839
		outer loop
			vertex 51.40309524536133 7.205975532531738 -0.13810627162456512
			vertex 51.46902084350586 7.090570449829102 0.028963500633835793
			vertex 51.53318786621094 7.1540141105651855 -0.09904024004936218
		endloop
	endfacet
	facet normal 0.1077679803378288 0.9443903389093008 0.31066533470711105
		outer loop
			vertex 51.53592300415039 7.021227836608887 0.21654987335205078
			vertex 51.46902084350586 7.090570449829102 0.028963500633835793
			vertex 51.40882873535156 7.051634311676025 0.1682056039571762
		endloop
	endfacet
	facet normal 0.17445363941923175 0.9726827917084271 0.153147361739226
		outer loop
			vertex 51.53592300415039 7.021227836608887 0.21654987335205078
			vertex 51.40882873535156 7.051634311676025 0.1682056039571762
			vertex 51.47391128540039 7.0097784996032715 0.3599068522453308
		endloop
	endfacet
	facet normal 0.17465380897879856 0.9726584051669654 0.15307407967142136
		outer loop
			vertex 51.47391128540039 7.0097784996032715 0.3599068522453308
			vertex 51.40882873535156 7.051634311676025 0.1682056039571762
			vertex 51.35445022583008 7.038379192352295 0.314475417137146
		endloop
	endfacet
	facet normal 0.9961953339284058 0.08714847479601907 0
		outer loop
			vertex 50.71367263793945 7.743716716766357 9.600000381469727
			vertex 50.71367263793945 7.743716716766357 6.5333333015441895
			vertex 50.70000076293945 7.900000095367432 9.600000381469727
		endloop
	endfacet
	facet normal 0.9961953339284056 0.08714847479601906 0
		outer loop
			vertex 50.70000076293945 7.900000095367432 9.600000381469727
			vertex 50.71367263793945 7.743716716766357 6.5333333015441895
			vertex 50.71367263793945 7.743716716766357 3.4666666984558105
		endloop
	endfacet
	facet normal 0.9961953339284056 0.08714847479601906 0
		outer loop
			vertex 50.70000076293945 7.900000095367432 9.600000381469727
			vertex 50.71367263793945 7.743716716766357 3.4666666984558105
			vertex 50.70000076293945 7.900000095367432 0.4000000059604645
		endloop
	endfacet
	facet normal 0.9961953339284056 0.08714847479601906 0
		outer loop
			vertex 50.70000076293945 7.900000095367432 0.4000000059604645
			vertex 50.71367263793945 7.743716716766357 3.4666666984558105
			vertex 50.71367263793945 7.743716716766357 0.4000000059604645
		endloop
	endfacet
	facet normal 0.965925909693464 0.2588187338328776 0
		outer loop
			vertex 50.71367263793945 7.743716716766357 0.4000000059604645
			vertex 50.71367263793945 7.743716716766357 3.4666666984558105
			vertex 50.754276275634766 7.59218168258667 0.4000000059604645
		endloop
	endfacet
	facet normal 0.965925909693464 0.2588187338328776 0
		outer loop
			vertex 50.754276275634766 7.59218168258667 0.4000000059604645
			vertex 50.71367263793945 7.743716716766357 3.4666666984558105
			vertex 50.754276275634766 7.59218168258667 3.4666666984558105
		endloop
	endfacet
	facet normal 0.9063103698923243 0.42261272274464085 0
		outer loop
			vertex 50.754276275634766 7.59218168258667 0.4000000059604645
			vertex 50.754276275634766 7.59218168258667 3.4666666984558105
			vertex 50.82057571411133 7.449999809265137 0.4000000059604645
		endloop
	endfacet
	facet normal 0.9063103698923243 0.42261272274464085 0
		outer loop
			vertex 50.82057571411133 7.449999809265137 0.4000000059604645
			vertex 50.754276275634766 7.59218168258667 3.4666666984558105
			vertex 50.82057571411133 7.449999809265137 3.4666666984558105
		endloop
	endfacet
	facet normal 0.8191453778678641 0.5735859568693382 0
		outer loop
			vertex 50.82057571411133 7.449999809265137 0.4000000059604645
			vertex 50.82057571411133 7.449999809265137 3.4666666984558105
			vertex 50.910560607910156 7.321491241455078 0.4000000059604645
		endloop
	endfacet
	facet normal 0.8191453778678641 0.5735859568693382 0
		outer loop
			vertex 50.910560607910156 7.321491241455078 0.4000000059604645
			vertex 50.82057571411133 7.449999809265137 3.4666666984558105
			vertex 50.910560607910156 7.321491241455078 3.4666666984558105
		endloop
	endfacet
	facet normal 0.7071067811865476 0.7071067811865476 0
		outer loop
			vertex 50.910560607910156 7.321491241455078 0.4000000059604645
			vertex 50.910560607910156 7.321491241455078 3.4666666984558105
			vertex 51.02149200439453 7.210559844970703 0.4000000059604645
		endloop
	endfacet
	facet normal 0.7071067811865476 0.7071067811865476 0
		outer loop
			vertex 51.02149200439453 7.210559844970703 0.4000000059604645
			vertex 50.910560607910156 7.321491241455078 3.4666666984558105
			vertex 51.02149200439453 7.210559844970703 3.4666666984558105
		endloop
	endfacet
	facet normal 0.5735729031130888 0.8191545182774879 0
		outer loop
			vertex 51.02149200439453 7.210559844970703 0.4000000059604645
			vertex 51.02149200439453 7.210559844970703 3.4666666984558105
			vertex 51.150001525878906 7.120577335357666 0.4000000059604645
		endloop
	endfacet
	facet normal 0.5735729031130888 0.8191545182774879 0
		outer loop
			vertex 51.150001525878906 7.120577335357666 0.4000000059604645
			vertex 51.02149200439453 7.210559844970703 3.4666666984558105
			vertex 51.150001525878906 7.120577335357666 3.4666666984558105
		endloop
	endfacet
	facet normal 0.42262137683522766 0.906306334437698 0
		outer loop
			vertex 51.150001525878906 7.120577335357666 0.4000000059604645
			vertex 51.150001525878906 7.120577335357666 3.4666666984558105
			vertex 51.29218292236328 7.054276466369629 0.4000000059604645
		endloop
	endfacet
	facet normal 0.42262137683522766 0.906306334437698 0
		outer loop
			vertex 51.29218292236328 7.054276466369629 0.4000000059604645
			vertex 51.150001525878906 7.120577335357666 3.4666666984558105
			vertex 51.29218292236328 7.054276466369629 3.4666666984558105
		endloop
	endfacet
	facet normal 0.2588187338328776 0.965925909693464 0
		outer loop
			vertex 51.29218292236328 7.054276466369629 0.4000000059604645
			vertex 51.29218292236328 7.054276466369629 3.4666666984558105
			vertex 51.44371795654297 7.013672828674316 0.4000000059604645
		endloop
	endfacet
	facet normal 0.2588187338328776 0.965925909693464 0
		outer loop
			vertex 51.44371795654297 7.013672828674316 0.4000000059604645
			vertex 51.29218292236328 7.054276466369629 3.4666666984558105
			vertex 51.44371795654297 7.013672828674316 3.4666666984558105
		endloop
	endfacet
	facet normal 0.08715609103250159 0.9961946676207087 0
		outer loop
			vertex 51.44371795654297 7.013672828674316 0.4000000059604645
			vertex 51.44371795654297 7.013672828674316 3.4666666984558105
			vertex 51.599998474121094 7 0.4000000059604645
		endloop
	endfacet
	facet normal 0.08715609103250159 0.9961946676207089 0
		outer loop
			vertex 51.599998474121094 7 0.4000000059604645
			vertex 51.44371795654297 7.013672828674316 3.4666666984558105
			vertex 51.44371795654297 7.013672828674316 6.5333333015441895
		endloop
	endfacet
	facet normal 0.0871560910325016 0.9961946676207089 0
		outer loop
			vertex 51.599998474121094 7 0.4000000059604645
			vertex 51.44371795654297 7.013672828674316 6.5333333015441895
			vertex 51.599998474121094 7 9.600000381469727
		endloop
	endfacet
	facet normal 0.0871560910325016 0.9961946676207089 0
		outer loop
			vertex 51.599998474121094 7 9.600000381469727
			vertex 51.44371795654297 7.013672828674316 6.5333333015441895
			vertex 51.44371795654297 7.013672828674316 9.600000381469727
		endloop
	endfacet
	facet normal 0.2588187338328777 0.9659259096934641 0
		outer loop
			vertex 51.44371795654297 7.013672828674316 9.600000381469727
			vertex 51.44371795654297 7.013672828674316 6.5333333015441895
			vertex 51.29218292236328 7.054276466369629 9.600000381469727
		endloop
	endfacet
	facet normal 0.2588187338328777 0.9659259096934641 0
		outer loop
			vertex 51.29218292236328 7.054276466369629 9.600000381469727
			vertex 51.44371795654297 7.013672828674316 6.5333333015441895
			vertex 51.29218292236328 7.054276466369629 6.5333333015441895
		endloop
	endfacet
	facet normal 0.42262137683522777 0.9063063344376981 0
		outer loop
			vertex 51.29218292236328 7.054276466369629 9.600000381469727
			vertex 51.29218292236328 7.054276466369629 6.5333333015441895
			vertex 51.150001525878906 7.120577335357666 9.600000381469727
		endloop
	endfacet
	facet normal 0.42262137683522777 0.9063063344376981 0
		outer loop
			vertex 51.150001525878906 7.120577335357666 9.600000381469727
			vertex 51.29218292236328 7.054276466369629 6.5333333015441895
			vertex 51.150001525878906 7.120577335357666 6.5333333015441895
		endloop
	endfacet
	facet normal 0.573572903113089 0.8191545182774879 0
		outer loop
			vertex 51.150001525878906 7.120577335357666 9.600000381469727
			vertex 51.150001525878906 7.120577335357666 6.5333333015441895
			vertex 51.02149200439453 7.210559844970703 9.600000381469727
		endloop
	endfacet
	facet normal 0.573572903113089 0.8191545182774879 0
		outer loop
			vertex 51.02149200439453 7.210559844970703 9.600000381469727
			vertex 51.150001525878906 7.120577335357666 6.5333333015441895
			vertex 51.02149200439453 7.210559844970703 6.5333333015441895
		endloop
	endfacet
	facet normal 0.7071067811865476 0.7071067811865476 0
		outer loop
			vertex 51.02149200439453 7.210559844970703 9.600000381469727
			vertex 51.02149200439453 7.210559844970703 6.5333333015441895
			vertex 50.910560607910156 7.321491241455078 9.600000381469727
		endloop
	endfacet
	facet normal 0.7071067811865476 0.7071067811865476 0
		outer loop
			vertex 50.910560607910156 7.321491241455078 9.600000381469727
			vertex 51.02149200439453 7.210559844970703 6.5333333015441895
			vertex 50.910560607910156 7.321491241455078 6.5333333015441895
		endloop
	endfacet
	facet normal 0.819145377867864 0.5735859568693381 0
		outer loop
			vertex 50.910560607910156 7.321491241455078 9.600000381469727
			vertex 50.910560607910156 7.321491241455078 6.5333333015441895
			vertex 50.82057571411133 7.449999809265137 9.600000381469727
		endloop
	endfacet
	facet normal 0.819145377867864 0.5735859568693381 0
		outer loop
			vertex 50.82057571411133 7.449999809265137 9.600000381469727
			vertex 50.910560607910156 7.321491241455078 6.5333333015441895
			vertex 50.82057571411133 7.449999809265137 6.5333333015441895
		endloop
	endfacet
	facet normal 0.9063103698923242 0.4226127227446408 0
		outer loop
			vertex 50.82057571411133 7.449999809265137 9.600000381469727
			vertex 50.82057571411133 7.449999809265137 6.5333333015441895
			vertex 50.754276275634766 7.59218168258667 9.600000381469727
		endloop
	endfacet
	facet normal 0.9063103698923242 0.4226127227446408 0
		outer loop
			vertex 50.754276275634766 7.59218168258667 9.600000381469727
			vertex 50.82057571411133 7.449999809265137 6.5333333015441895
			vertex 50.754276275634766 7.59218168258667 6.5333333015441895
		endloop
	endfacet
	facet normal 0.9659259096934641 0.2588187338328777 0
		outer loop
			vertex 50.754276275634766 7.59218168258667 9.600000381469727
			vertex 50.754276275634766 7.59218168258667 6.5333333015441895
			vertex 50.71367263793945 7.743716716766357 9.600000381469727
		endloop
	endfacet
	facet normal 0.9659259096934641 0.2588187338328777 0
		outer loop
			vertex 50.71367263793945 7.743716716766357 9.600000381469727
			vertex 50.754276275634766 7.59218168258667 6.5333333015441895
			vertex 50.71367263793945 7.743716716766357 6.5333333015441895
		endloop
	endfacet
	facet normal 0.965925909693464 0.2588187338328776 0
		outer loop
			vertex 50.754276275634766 7.59218168258667 3.4666666984558105
			vertex 50.71367263793945 7.743716716766357 3.4666666984558105
			vertex 50.71367263793945 7.743716716766357 6.5333333015441895
		endloop
	endfacet
	facet normal 0.965925909693464 0.2588187338328776 0
		outer loop
			vertex 50.754276275634766 7.59218168258667 3.4666666984558105
			vertex 50.71367263793945 7.743716716766357 6.5333333015441895
			vertex 50.754276275634766 7.59218168258667 6.5333333015441895
		endloop
	endfacet
	facet normal 0.9063103698923242 0.4226127227446408 0
		outer loop
			vertex 50.82057571411133 7.449999809265137 3.4666666984558105
			vertex 50.754276275634766 7.59218168258667 3.4666666984558105
			vertex 50.754276275634766 7.59218168258667 6.5333333015441895
		endloop
	endfacet
	facet normal 0.9063103698923242 0.4226127227446408 0
		outer loop
			vertex 50.82057571411133 7.449999809265137 3.4666666984558105
			vertex 50.754276275634766 7.59218168258667 6.5333333015441895
			vertex 50.82057571411133 7.449999809265137 6.5333333015441895
		endloop
	endfacet
	facet normal 0.819145377867864 0.5735859568693381 0
		outer loop
			vertex 50.910560607910156 7.321491241455078 3.4666666984558105
			vertex 50.82057571411133 7.449999809265137 3.4666666984558105
			vertex 50.82057571411133 7.449999809265137 6.5333333015441895
		endloop
	endfacet
	facet normal 0.819145377867864 0.5735859568693381 0
		outer loop
			vertex 50.910560607910156 7.321491241455078 3.4666666984558105
			vertex 50.82057571411133 7.449999809265137 6.5333333015441895
			vertex 50.910560607910156 7.321491241455078 6.5333333015441895
		endloop
	endfacet
	facet normal 0.7071067811865476 0.7071067811865476 0
		outer loop
			vertex 51.02149200439453 7.210559844970703 3.4666666984558105
			vertex 50.910560607910156 7.321491241455078 3.4666666984558105
			vertex 50.910560607910156 7.321491241455078 6.5333333015441895
		endloop
	endfacet
	facet normal 0.7071067811865476 0.7071067811865476 0
		outer loop
			vertex 51.02149200439453 7.210559844970703 3.4666666984558105
			vertex 50.910560607910156 7.321491241455078 6.5333333015441895
			vertex 51.02149200439453 7.210559844970703 6.5333333015441895
		endloop
	endfacet
	facet normal 0.573572903113089 0.819154518277488 0
		outer loop
			vertex 51.150001525878906 7.120577335357666 3.4666666984558105
			vertex 51.02149200439453 7.210559844970703 3.4666666984558105
			vertex 51.02149200439453 7.210559844970703 6.5333333015441895
		endloop
	endfacet
	facet normal 0.573572903113089 0.819154518277488 0
		outer loop
			vertex 51.150001525878906 7.120577335357666 3.4666666984558105
			vertex 51.02149200439453 7.210559844970703 6.5333333015441895
			vertex 51.150001525878906 7.120577335357666 6.5333333015441895
		endloop
	endfacet
	facet normal 0.4226213768352277 0.906306334437698 0
		outer loop
			vertex 51.29218292236328 7.054276466369629 3.4666666984558105
			vertex 51.150001525878906 7.120577335357666 3.4666666984558105
			vertex 51.150001525878906 7.120577335357666 6.5333333015441895
		endloop
	endfacet
	facet normal 0.4226213768352277 0.906306334437698 0
		outer loop
			vertex 51.29218292236328 7.054276466369629 3.4666666984558105
			vertex 51.150001525878906 7.120577335357666 6.5333333015441895
			vertex 51.29218292236328 7.054276466369629 6.5333333015441895
		endloop
	endfacet
	facet normal 0.2588187338328776 0.965925909693464 0
		outer loop
			vertex 51.44371795654297 7.013672828674316 3.4666666984558105
			vertex 51.29218292236328 7.054276466369629 3.4666666984558105
			vertex 51.29218292236328 7.054276466369629 6.5333333015441895
		endloop
	endfacet
	facet normal 0.2588187338328776 0.965925909693464 0
		outer loop
			vertex 51.44371795654297 7.013672828674316 3.4666666984558105
			vertex 51.29218292236328 7.054276466369629 6.5333333015441895
			vertex 51.44371795654297 7.013672828674316 6.5333333015441895
		endloop
	endfacet
	facet normal 0 0.9961948054293867 0.08715451586410634
		outer loop
			vertex 51.599998474121094 7 0.4000000059604645
			vertex 51.70000076293945 7 0.4000000059604645
			vertex 51.599998474121094 7.013672828674316 0.24371664226055145
		endloop
	endfacet
	facet normal 0 0.9961948054293867 0.08715451586410634
		outer loop
			vertex 51.599998474121094 7.013672828674316 0.24371664226055145
			vertex 51.70000076293945 7 0.4000000059604645
			vertex 51.70000076293945 7.013672828674316 0.24371664226055145
		endloop
	endfacet
	facet normal 0 0.9659257983457288 0.25881914938846107
		outer loop
			vertex 51.599998474121094 7.013672828674316 0.24371664226055145
			vertex 51.70000076293945 7.013672828674316 0.24371664226055145
			vertex 51.599998474121094 7.054276466369629 0.09218186885118484
		endloop
	endfacet
	facet normal 0 0.9659257983457288 0.25881914938846107
		outer loop
			vertex 51.599998474121094 7.054276466369629 0.09218186885118484
			vertex 51.70000076293945 7.013672828674316 0.24371664226055145
			vertex 51.70000076293945 7.054276466369629 0.09218186885118484
		endloop
	endfacet
	facet normal 0 0.9063068730759883 0.42262022173013053
		outer loop
			vertex 51.599998474121094 7.054276466369629 0.09218186885118484
			vertex 51.70000076293945 7.054276466369629 0.09218186885118484
			vertex 51.599998474121094 7.120577335357666 -0.05000000074505806
		endloop
	endfacet
	facet normal 0 0.9063068730759883 0.42262022173013053
		outer loop
			vertex 51.599998474121094 7.120577335357666 -0.05000000074505806
			vertex 51.70000076293945 7.054276466369629 0.09218186885118484
			vertex 51.70000076293945 7.120577335357666 -0.05000000074505806
		endloop
	endfacet
	facet normal 0 0.819153104279581 0.5735749225246222
		outer loop
			vertex 51.599998474121094 7.120577335357666 -0.05000000074505806
			vertex 51.70000076293945 7.120577335357666 -0.05000000074505806
			vertex 51.599998474121094 7.210559844970703 -0.17850884795188904
		endloop
	endfacet
	facet normal 0 0.819153104279581 0.5735749225246222
		outer loop
			vertex 51.599998474121094 7.210559844970703 -0.17850884795188904
			vertex 51.70000076293945 7.120577335357666 -0.05000000074505806
			vertex 51.70000076293945 7.210559844970703 -0.17850884795188904
		endloop
	endfacet
	facet normal 0 0.707106021313008 0.7071075410592705
		outer loop
			vertex 51.599998474121094 7.210559844970703 -0.17850884795188904
			vertex 51.70000076293945 7.210559844970703 -0.17850884795188904
			vertex 51.599998474121094 7.321491241455078 -0.28944000601768494
		endloop
	endfacet
	facet normal 0 0.707106021313008 0.7071075410592705
		outer loop
			vertex 51.599998474121094 7.321491241455078 -0.28944000601768494
			vertex 51.70000076293945 7.210559844970703 -0.17850884795188904
			vertex 51.70000076293945 7.321491241455078 -0.28944000601768494
		endloop
	endfacet
	facet normal 0 0.5735772889528282 0.8191514472901357
		outer loop
			vertex 51.599998474121094 7.321491241455078 -0.28944000601768494
			vertex 51.70000076293945 7.321491241455078 -0.28944000601768494
			vertex 51.599998474121094 7.449999809265137 -0.3794228732585907
		endloop
	endfacet
	facet normal 0 0.5735772889528282 0.8191514472901357
		outer loop
			vertex 51.599998474121094 7.449999809265137 -0.3794228732585907
			vertex 51.70000076293945 7.321491241455078 -0.28944000601768494
			vertex 51.70000076293945 7.449999809265137 -0.3794228732585907
		endloop
	endfacet
	facet normal 0 0.4226181841314589 0.9063078232264292
		outer loop
			vertex 51.599998474121094 7.449999809265137 -0.3794228732585907
			vertex 51.70000076293945 7.449999809265137 -0.3794228732585907
			vertex 51.599998474121094 7.59218168258667 -0.44572335481643677
		endloop
	endfacet
	facet normal 0 0.4226181841314589 0.9063078232264292
		outer loop
			vertex 51.599998474121094 7.59218168258667 -0.44572335481643677
			vertex 51.70000076293945 7.449999809265137 -0.3794228732585907
			vertex 51.70000076293945 7.59218168258667 -0.44572335481643677
		endloop
	endfacet
	facet normal 0 0.2588187338328777 0.9659259096934641
		outer loop
			vertex 51.599998474121094 7.59218168258667 -0.44572335481643677
			vertex 51.70000076293945 7.59218168258667 -0.44572335481643677
			vertex 51.599998474121094 7.743716716766357 -0.48632699251174927
		endloop
	endfacet
	facet normal 0 0.2588187338328777 0.9659259096934641
		outer loop
			vertex 51.599998474121094 7.743716716766357 -0.48632699251174927
			vertex 51.70000076293945 7.59218168258667 -0.44572335481643677
			vertex 51.70000076293945 7.743716716766357 -0.48632699251174927
		endloop
	endfacet
	facet normal 0 0.08715563877022346 0.996194707188587
		outer loop
			vertex 51.599998474121094 7.743716716766357 -0.48632699251174927
			vertex 51.70000076293945 7.743716716766357 -0.48632699251174927
			vertex 51.599998474121094 7.900000095367432 -0.5
		endloop
	endfacet
	facet normal 0 0.08715563877022346 0.996194707188587
		outer loop
			vertex 51.599998474121094 7.900000095367432 -0.5
			vertex 51.70000076293945 7.743716716766357 -0.48632699251174927
			vertex 51.70000076293945 7.900000095367432 -0.5
		endloop
	endfacet
	facet normal 0.08712028282912031 -0.028662414977975257 -0.995785379631276
		outer loop
			vertex 51.44371795654297 9.100000381469727 10.486327171325684
			vertex 51.45450973510742 9.172760009765625 10.485177040100098
			vertex 51.599998474121094 9.100000381469727 10.5
		endloop
	endfacet
	facet normal 0.0676067075532755 -0.0676067075532755 -0.9954188395784017
		outer loop
			vertex 51.599998474121094 9.100000381469727 10.5
			vertex 51.45450973510742 9.172760009765625 10.485177040100098
			vertex 51.52724075317383 9.245491027832031 10.485177040100098
		endloop
	endfacet
	facet normal 0.028664074337627448 -0.08711869591746609 -0.9957854707034076
		outer loop
			vertex 51.599998474121094 9.100000381469727 10.5
			vertex 51.52724075317383 9.245491027832031 10.485177040100098
			vertex 51.599998474121094 9.2562837600708 10.486327171325684
		endloop
	endfacet
	facet normal 0.05486231530233691 -0.2673263125407974 -0.962043018260102
		outer loop
			vertex 51.599998474121094 9.2562837600708 10.486327171325684
			vertex 51.52724075317383 9.245491027832031 10.485177040100098
			vertex 51.52020263671875 9.430005073547363 10.433504104614258
		endloop
	endfacet
	facet normal 0.07573262108721872 -0.25807696357060866 -0.96315152025911
		outer loop
			vertex 51.599998474121094 9.2562837600708 10.486327171325684
			vertex 51.52020263671875 9.430005073547363 10.433504104614258
			vertex 51.599998474121094 9.407817840576172 10.445723533630371
		endloop
	endfacet
	facet normal 0.02127300561334777 -0.42252091539310616 -0.9061034903848161
		outer loop
			vertex 51.599998474121094 9.407817840576172 10.445723533630371
			vertex 51.52020263671875 9.430005073547363 10.433504104614258
			vertex 51.599998474121094 9.550000190734863 10.379423141479492
		endloop
	endfacet
	facet normal 0.09236814623620888 -0.4595397509295671 -0.8833410116577165
		outer loop
			vertex 51.599998474121094 9.550000190734863 10.379423141479492
			vertex 51.52020263671875 9.430005073547363 10.433504104614258
			vertex 51.434268951416016 9.54226303100586 10.366118431091309
		endloop
	endfacet
	facet normal 0.09245854335003292 -0.48717390799492527 -0.8683967993553074
		outer loop
			vertex 51.599998474121094 9.550000190734863 10.379423141479492
			vertex 51.434268951416016 9.54226303100586 10.366118431091309
			vertex 51.546504974365234 9.606417655944824 10.342077255249023
		endloop
	endfacet
	facet normal 0.16684092269513634 -0.5883711214366921 -0.7911912094895676
		outer loop
			vertex 51.546504974365234 9.606417655944824 10.342077255249023
			vertex 51.434268951416016 9.54226303100586 10.366118431091309
			vertex 51.353355407714844 9.641129493713379 10.275533676147461
		endloop
	endfacet
	facet normal 0.16684197529505315 -0.588368531324192 -0.7911929136607951
		outer loop
			vertex 51.546504974365234 9.606417655944824 10.342077255249023
			vertex 51.353355407714844 9.641129493713379 10.275533676147461
			vertex 51.472877502441406 9.70944881439209 10.249932289123535
		endloop
	endfacet
	facet normal 0.24965773273697506 -0.690981524724661 -0.6783918845135279
		outer loop
			vertex 51.472877502441406 9.70944881439209 10.249932289123535
			vertex 51.353355407714844 9.641129493713379 10.275533676147461
			vertex 51.2799072265625 9.723609924316406 10.1644926071167
		endloop
	endfacet
	facet normal 0.24965798057384483 -0.6909809750665237 -0.6783923531643807
		outer loop
			vertex 51.472877502441406 9.70944881439209 10.249932289123535
			vertex 51.2799072265625 9.723609924316406 10.1644926071167
			vertex 51.40309524536133 9.794024467468262 10.138106346130371
		endloop
	endfacet
	facet normal 0.3249285241403329 -0.772760387954665 -0.5452181554278445
		outer loop
			vertex 51.40309524536133 9.794024467468262 10.138106346130371
			vertex 51.2799072265625 9.723609924316406 10.1644926071167
			vertex 51.21615219116211 9.787206649780273 10.036358833312988
		endloop
	endfacet
	facet normal 0.3249296729699457 -0.7727583177725814 -0.5452204049161538
		outer loop
			vertex 51.40309524536133 9.794024467468262 10.138106346130371
			vertex 51.21615219116211 9.787206649780273 10.036358833312988
			vertex 51.33927536010742 9.857584953308105 10.00998592376709
		endloop
	endfacet
	facet normal 0.3904255959425224 -0.8312870371886106 -0.39563836496870214
		outer loop
			vertex 51.33927536010742 9.857584953308105 10.00998592376709
			vertex 51.21615219116211 9.787206649780273 10.036358833312988
			vertex 51.16402053833008 9.829994201660156 9.895011901855469
		endloop
	endfacet
	facet normal 0.3904252294494843 -0.8312875316710435 -0.3956376876607957
		outer loop
			vertex 51.33927536010742 9.857584953308105 10.00998592376709
			vertex 51.16402053833008 9.829994201660156 9.895011901855469
			vertex 51.28335189819336 9.898204803466797 9.869451522827148
		endloop
	endfacet
	facet normal 0.4441920131318833 -0.8648112326117465 -0.23408329162585859
		outer loop
			vertex 51.28335189819336 9.898204803466797 9.869451522827148
			vertex 51.16402053833008 9.829994201660156 9.895011901855469
			vertex 51.125091552734375 9.850676536560059 9.744730949401855
		endloop
	endfacet
	facet normal 0.44419181115341966 -0.8648114256364504 -0.23408296177401502
		outer loop
			vertex 51.28335189819336 9.898204803466797 9.869451522827148
			vertex 51.125091552734375 9.850676536560059 9.744730949401855
			vertex 51.23701858520508 9.914654731750488 9.720756530761719
		endloop
	endfacet
	facet normal 0.47946575064255303 -0.8728459166534386 -0.09084382060543295
		outer loop
			vertex 51.23701858520508 9.914654731750488 9.720756530761719
			vertex 51.125091552734375 9.850676536560059 9.744730949401855
			vertex 51.150001525878906 9.879423141479492 9.600000381469727
		endloop
	endfacet
	facet normal 0.42227921102935534 -0.9055790770262875 -0.04008494960259956
		outer loop
			vertex 51.23701858520508 9.914654731750488 9.720756530761719
			vertex 51.150001525878906 9.879423141479492 9.600000381469727
			vertex 51.29218292236328 9.945723533630371 9.600000381469727
		endloop
	endfacet
	facet normal 0.2584469587202747 -0.05357982442366803 -0.9645384242957714
		outer loop
			vertex 51.44371795654297 9.100000381469727 10.486327171325684
			vertex 51.29218292236328 9.100000381469727 10.445723533630371
			vertex 51.45450973510742 9.172760009765625 10.485177040100098
		endloop
	endfacet
	facet normal 0.2663668954399262 -0.07311666316878059 -0.9610944961764991
		outer loop
			vertex 51.45450973510742 9.172760009765625 10.485177040100098
			vertex 51.29218292236328 9.100000381469727 10.445723533630371
			vertex 51.269996643066406 9.179795265197754 10.433504104614258
		endloop
	endfacet
	facet normal 0.26535283718303704 -0.09073570672064055 -0.9598723369932163
		outer loop
			vertex 51.45450973510742 9.172760009765625 10.485177040100098
			vertex 51.269996643066406 9.179795265197754 10.433504104614258
			vertex 51.342018127441406 9.27385425567627 10.444522857666016
		endloop
	endfacet
	facet normal 0.3912836180567722 -0.1942293721132394 -0.8995399275456865
		outer loop
			vertex 51.342018127441406 9.27385425567627 10.444522857666016
			vertex 51.269996643066406 9.179795265197754 10.433504104614258
			vertex 51.157737731933594 9.265729904174805 10.366118431091309
		endloop
	endfacet
	facet normal 0.39128358425479565 -0.19423021049848188 -0.8995397612237249
		outer loop
			vertex 51.342018127441406 9.27385425567627 10.444522857666016
			vertex 51.157737731933594 9.265729904174805 10.366118431091309
			vertex 51.237335205078125 9.369684219360352 10.3782958984375
		endloop
	endfacet
	facet normal 0.5053005164169009 -0.2917730956618638 -0.8121205875710247
		outer loop
			vertex 51.237335205078125 9.369684219360352 10.3782958984375
			vertex 51.157737731933594 9.265729904174805 10.366118431091309
			vertex 51.05887222290039 9.34664535522461 10.275533676147461
		endloop
	endfacet
	facet normal 0.5053010689755761 -0.2917634458429363 -0.8121237106266483
		outer loop
			vertex 51.237335205078125 9.369684219360352 10.3782958984375
			vertex 51.05887222290039 9.34664535522461 10.275533676147461
			vertex 51.14363479614258 9.457347869873047 10.288501739501953
		endloop
	endfacet
	facet normal 0.6040148865640919 -0.3804453222239126 -0.700305200328336
		outer loop
			vertex 51.14363479614258 9.457347869873047 10.288501739501953
			vertex 51.05887222290039 9.34664535522461 10.275533676147461
			vertex 50.97639083862305 9.420092582702637 10.1644926071167
		endloop
	endfacet
	facet normal 0.6040143173144904 -0.3804505055037055 -0.7003028754339691
		outer loop
			vertex 51.14363479614258 9.457347869873047 10.288501739501953
			vertex 50.97639083862305 9.420092582702637 10.1644926071167
			vertex 51.06375503540039 9.53419017791748 10.17785930633545
		endloop
	endfacet
	facet normal 0.684507421325217 -0.4576467653819603 -0.5674583934405506
		outer loop
			vertex 51.06375503540039 9.53419017791748 10.17785930633545
			vertex 50.97639083862305 9.420092582702637 10.1644926071167
			vertex 50.91279220581055 9.483846664428711 10.036358833312988
		endloop
	endfacet
	facet normal 0.6845038497704617 -0.45766477786104054 -0.5674481745100796
		outer loop
			vertex 51.06375503540039 9.53419017791748 10.17785930633545
			vertex 50.91279220581055 9.483846664428711 10.036358833312988
			vertex 51.00011444091797 9.597886085510254 10.049717903137207
		endloop
	endfacet
	facet normal 0.7444037077576022 -0.5210944032359107 -0.4175209489270502
		outer loop
			vertex 51.00011444091797 9.597886085510254 10.049717903137207
			vertex 50.91279220581055 9.483846664428711 10.036358833312988
			vertex 50.8700065612793 9.535978317260742 9.895011901855469
		endloop
	endfacet
	facet normal 0.7444087540132359 -0.5210787866080699 -0.41753144204421677
		outer loop
			vertex 51.00011444091797 9.597886085510254 10.049717903137207
			vertex 50.8700065612793 9.535978317260742 9.895011901855469
			vertex 50.95463562011719 9.646504402160645 9.907958984375
		endloop
	endfacet
	facet normal 0.7819233154098287 -0.5688458011151104 -0.2549713383347432
		outer loop
			vertex 50.95463562011719 9.646504402160645 9.907958984375
			vertex 50.8700065612793 9.535978317260742 9.895011901855469
			vertex 50.84932327270508 9.574907302856445 9.744730949401855
		endloop
	endfacet
	facet normal 0.7819159723135274 -0.5688610076565886 -0.25495993059483285
		outer loop
			vertex 50.95463562011719 9.646504402160645 9.907958984375
			vertex 50.84932327270508 9.574907302856445 9.744730949401855
			vertex 50.92870330810547 9.678574562072754 9.756875038146973
		endloop
	endfacet
	facet normal 0.7957789594572812 -0.5985916854493457 -0.09178148939736351
		outer loop
			vertex 50.92870330810547 9.678574562072754 9.756875038146973
			vertex 50.84932327270508 9.574907302856445 9.744730949401855
			vertex 50.910560607910156 9.678508758544922 9.600000381469727
		endloop
	endfacet
	facet normal 0.7047711125468432 -0.7047711125468432 -0.08121180849463762
		outer loop
			vertex 50.92870330810547 9.678574562072754 9.756875038146973
			vertex 50.910560607910156 9.678508758544922 9.600000381469727
			vertex 51.02149200439453 9.789440155029297 9.600000381469727
		endloop
	endfacet
	facet normal 0.4225232028865127 -0.02127749414595208 -0.9061023183202832
		outer loop
			vertex 51.29218292236328 9.100000381469727 10.445723533630371
			vertex 51.150001525878906 9.100000381469727 10.379423141479492
			vertex 51.269996643066406 9.179795265197754 10.433504104614258
		endloop
	endfacet
	facet normal 0.4595378390766668 -0.09236551455258366 -0.8833422814391848
		outer loop
			vertex 51.269996643066406 9.179795265197754 10.433504104614258
			vertex 51.150001525878906 9.100000381469727 10.379423141479492
			vertex 51.157737731933594 9.265729904174805 10.366118431091309
		endloop
	endfacet
	facet normal 0.48716397477801265 -0.0924557475305183 -0.8684026695186174
		outer loop
			vertex 51.157737731933594 9.265729904174805 10.366118431091309
			vertex 51.150001525878906 9.100000381469727 10.379423141479492
			vertex 51.09358215332031 9.153493881225586 10.342077255249023
		endloop
	endfacet
	facet normal 0.5732616643175302 0.033046523703449196 -0.8187056806294999
		outer loop
			vertex 51.09358215332031 9.153493881225586 10.342077255249023
			vertex 51.150001525878906 9.100000381469727 10.379423141479492
			vertex 51.02149200439453 9.100000381469727 10.289440155029297
		endloop
	endfacet
	facet normal 0.6287980841929857 -0.08708939395941591 -0.7726761331728922
		outer loop
			vertex 51.09358215332031 9.153493881225586 10.342077255249023
			vertex 51.02149200439453 9.100000381469727 10.289440155029297
			vertex 50.99055099487305 9.227124214172363 10.249932289123535
		endloop
	endfacet
	facet normal 0.7063053334937892 -0.047597812517533575 -0.7063053334937892
		outer loop
			vertex 50.99055099487305 9.227124214172363 10.249932289123535
			vertex 51.02149200439453 9.100000381469727 10.289440155029297
			vertex 50.910560607910156 9.100000381469727 10.178508758544922
		endloop
	endfacet
	facet normal 0.7593649428178819 -0.11834321378300611 -0.6398122907311995
		outer loop
			vertex 50.99055099487305 9.227124214172363 10.249932289123535
			vertex 50.910560607910156 9.100000381469727 10.178508758544922
			vertex 50.8540153503418 9.166810989379883 10.099040031433105
		endloop
	endfacet
	facet normal 0.819095591352854 0.011025131291384807 -0.5735510951138759
		outer loop
			vertex 50.8540153503418 9.166810989379883 10.099040031433105
			vertex 50.910560607910156 9.100000381469727 10.178508758544922
			vertex 50.82057571411133 9.100000381469727 10.050000190734863
		endloop
	endfacet
	facet normal 0.8744283987200269 -0.08737695061085508 -0.4772213784124491
		outer loop
			vertex 50.8540153503418 9.166810989379883 10.099040031433105
			vertex 50.82057571411133 9.100000381469727 10.050000190734863
			vertex 50.79056930541992 9.230978965759277 9.971036911010742
		endloop
	endfacet
	facet normal 0.9053051631490605 -0.0470978202800009 -0.422142578876528
		outer loop
			vertex 50.79056930541992 9.230978965759277 9.971036911010742
			vertex 50.82057571411133 9.100000381469727 10.050000190734863
			vertex 50.754276275634766 9.100000381469727 9.907817840576172
		endloop
	endfacet
	facet normal 0.9443960448769355 -0.11256829835525936 -0.30894091445809296
		outer loop
			vertex 50.79056930541992 9.230978965759277 9.971036911010742
			vertex 50.754276275634766 9.100000381469727 9.907817840576172
			vertex 50.721229553222656 9.164077758789062 9.78345012664795
		endloop
	endfacet
	facet normal 0.9659170408734852 -0.004185704335506135 -0.25881798629427927
		outer loop
			vertex 50.721229553222656 9.164077758789062 9.78345012664795
			vertex 50.754276275634766 9.100000381469727 9.907817840576172
			vertex 50.71367263793945 9.100000381469727 9.7562837600708
		endloop
	endfacet
	facet normal 0.9914697575787925 -0.07043363296951037 -0.10966687354605593
		outer loop
			vertex 50.721229553222656 9.164077758789062 9.78345012664795
			vertex 50.71367263793945 9.100000381469727 9.7562837600708
			vertex 50.70977783203125 9.226086616516113 9.640092849731445
		endloop
	endfacet
	facet normal 0.9949753135211866 -0.04947585239019552 -0.08704174581015854
		outer loop
			vertex 50.70977783203125 9.226086616516113 9.640092849731445
			vertex 50.71367263793945 9.100000381469727 9.7562837600708
			vertex 50.70000076293945 9.100000381469727 9.600000381469727
		endloop
	endfacet
	facet normal 0.9957127779270616 -0.08710626016391979 0.031121749838814543
		outer loop
			vertex 50.70977783203125 9.226086616516113 9.640092849731445
			vertex 50.70000076293945 9.100000381469727 9.600000381469727
			vertex 50.71367263793945 9.2562837600708 9.600000381469727
		endloop
	endfacet
	facet normal 0.9757446132084753 -0.20962207629077279 -0.06309544299066641
		outer loop
			vertex 50.70977783203125 9.226086616516113 9.640092849731445
			vertex 50.71367263793945 9.2562837600708 9.600000381469727
			vertex 50.738380432128906 9.345550537109375 9.685524940490723
		endloop
	endfacet
	facet normal 0.9658871818934626 -0.2588099855646563 -0.008907481458170864
		outer loop
			vertex 50.738380432128906 9.345550537109375 9.685524940490723
			vertex 50.71367263793945 9.2562837600708 9.600000381469727
			vertex 50.754276275634766 9.407817840576172 9.600000381469727
		endloop
	endfacet
	facet normal 0.9335767061178826 -0.3491727633149614 -0.08070263411487184
		outer loop
			vertex 50.738380432128906 9.345550537109375 9.685524940490723
			vertex 50.754276275634766 9.407817840576172 9.600000381469727
			vertex 50.78534698486328 9.462981224060059 9.720756530761719
		endloop
	endfacet
	facet normal 0.9055816947158127 -0.4222715251738445 -0.04010677278206387
		outer loop
			vertex 50.78534698486328 9.462981224060059 9.720756530761719
			vertex 50.754276275634766 9.407817840576172 9.600000381469727
			vertex 50.82057571411133 9.550000190734863 9.600000381469727
		endloop
	endfacet
	facet normal 0.8728506152431399 -0.47945374267529556 -0.09086204985759526
		outer loop
			vertex 50.78534698486328 9.462981224060059 9.720756530761719
			vertex 50.82057571411133 9.550000190734863 9.600000381469727
			vertex 50.84932327270508 9.574907302856445 9.744730949401855
		endloop
	endfacet
	facet normal 0.8174731549047354 -0.5724150247804558 -0.06386454740847237
		outer loop
			vertex 50.84932327270508 9.574907302856445 9.744730949401855
			vertex 50.82057571411133 9.550000190734863 9.600000381469727
			vertex 50.910560607910156 9.678508758544922 9.600000381469727
		endloop
	endfacet
	facet normal 0.5724045185173448 -0.8174815448126125 -0.06385132004674147
		outer loop
			vertex 51.150001525878906 9.879423141479492 9.600000381469727
			vertex 51.125091552734375 9.850676536560059 9.744730949401855
			vertex 51.02149200439453 9.789440155029297 9.600000381469727
		endloop
	endfacet
	facet normal 0.5985930470799449 -0.7957780852076396 -0.0917801889887443
		outer loop
			vertex 51.02149200439453 9.789440155029297 9.600000381469727
			vertex 51.125091552734375 9.850676536560059 9.744730949401855
			vertex 51.021427154541016 9.7712984085083 9.756875038146973
		endloop
	endfacet
	facet normal 0.7047711125468432 -0.7047711125468432 -0.0812118084946376
		outer loop
			vertex 51.02149200439453 9.789440155029297 9.600000381469727
			vertex 51.021427154541016 9.7712984085083 9.756875038146973
			vertex 50.92870330810547 9.678574562072754 9.756875038146973
		endloop
	endfacet
	facet normal 0.6824069895157937 -0.6824069895157937 -0.2619950406400531
		outer loop
			vertex 50.92870330810547 9.678574562072754 9.756875038146973
			vertex 51.021427154541016 9.7712984085083 9.756875038146973
			vertex 51.053497314453125 9.745363235473633 9.907958984375
		endloop
	endfacet
	facet normal 0.6823993535781262 -0.682419102548913 -0.26198337869508376
		outer loop
			vertex 50.92870330810547 9.678574562072754 9.756875038146973
			vertex 51.053497314453125 9.745363235473633 9.907958984375
			vertex 50.95463562011719 9.646504402160645 9.907958984375
		endloop
	endfacet
	facet normal 0.640097834716036 -0.6401163594601939 -0.4248832879077151
		outer loop
			vertex 50.95463562011719 9.646504402160645 9.907958984375
			vertex 51.053497314453125 9.745363235473633 9.907958984375
			vertex 51.102115631103516 9.699886322021484 10.049717903137207
		endloop
	endfacet
	facet normal 0.6401016885249579 -0.640107673300691 -0.42489056818088344
		outer loop
			vertex 50.95463562011719 9.646504402160645 9.907958984375
			vertex 51.102115631103516 9.699886322021484 10.049717903137207
			vertex 51.00011444091797 9.597886085510254 10.049717903137207
		endloop
	endfacet
	facet normal 0.5785564007884707 -0.5785618101325948 -0.5749249715943688
		outer loop
			vertex 51.00011444091797 9.597886085510254 10.049717903137207
			vertex 51.102115631103516 9.699886322021484 10.049717903137207
			vertex 51.165809631347656 9.63624382019043 10.17785930633545
		endloop
	endfacet
	facet normal 0.5785564014541612 -0.5785618079675239 -0.5749249731032404
		outer loop
			vertex 51.00011444091797 9.597886085510254 10.049717903137207
			vertex 51.165809631347656 9.63624382019043 10.17785930633545
			vertex 51.06375503540039 9.53419017791748 10.17785930633545
		endloop
	endfacet
	facet normal 0.4995967851663394 -0.49960145381521814 -0.7076732576529787
		outer loop
			vertex 51.06375503540039 9.53419017791748 10.17785930633545
			vertex 51.165809631347656 9.63624382019043 10.17785930633545
			vertex 51.242652893066406 9.556364059448242 10.288501739501953
		endloop
	endfacet
	facet normal 0.4995958994711518 -0.4996055231858181 -0.707671010027849
		outer loop
			vertex 51.06375503540039 9.53419017791748 10.17785930633545
			vertex 51.242652893066406 9.556364059448242 10.288501739501953
			vertex 51.14363479614258 9.457347869873047 10.288501739501953
		endloop
	endfacet
	facet normal 0.4055707345823514 -0.4055785470904819 -0.8191571408406971
		outer loop
			vertex 51.14363479614258 9.457347869873047 10.288501739501953
			vertex 51.242652893066406 9.556364059448242 10.288501739501953
			vertex 51.33031463623047 9.462664604187012 10.3782958984375
		endloop
	endfacet
	facet normal 0.40557246839316047 -0.40556830854754067 -0.8191613516172292
		outer loop
			vertex 51.14363479614258 9.457347869873047 10.288501739501953
			vertex 51.33031463623047 9.462664604187012 10.3782958984375
			vertex 51.237335205078125 9.369684219360352 10.3782958984375
		endloop
	endfacet
	facet normal 0.29925223099153986 -0.29924916164344717 -0.9060342385927147
		outer loop
			vertex 51.237335205078125 9.369684219360352 10.3782958984375
			vertex 51.33031463623047 9.462664604187012 10.3782958984375
			vertex 51.4261474609375 9.357983589172363 10.444522857666016
		endloop
	endfacet
	facet normal 0.2992518090989914 -0.2992518090989914 -0.906033503520682
		outer loop
			vertex 51.237335205078125 9.369684219360352 10.3782958984375
			vertex 51.4261474609375 9.357983589172363 10.444522857666016
			vertex 51.342018127441406 9.27385425567627 10.444522857666016
		endloop
	endfacet
	facet normal 0.18379863909813482 -0.18379863909813482 -0.9656273196898207
		outer loop
			vertex 51.342018127441406 9.27385425567627 10.444522857666016
			vertex 51.4261474609375 9.357983589172363 10.444522857666016
			vertex 51.52724075317383 9.245491027832031 10.485177040100098
		endloop
	endfacet
	facet normal 0.1837986390981348 -0.1837986390981348 -0.9656273196898207
		outer loop
			vertex 51.342018127441406 9.27385425567627 10.444522857666016
			vertex 51.52724075317383 9.245491027832031 10.485177040100098
			vertex 51.45450973510742 9.172760009765625 10.485177040100098
		endloop
	endfacet
	facet normal 0.3491757505784612 -0.9335772085144213 -0.08068389523560128
		outer loop
			vertex 51.23701858520508 9.914654731750488 9.720756530761719
			vertex 51.29218292236328 9.945723533630371 9.600000381469727
			vertex 51.35445022583008 9.961621284484863 9.685524940490723
		endloop
	endfacet
	facet normal 0.2588085181900762 -0.9658877843463537 -0.00888476014019717
		outer loop
			vertex 51.35445022583008 9.961621284484863 9.685524940490723
			vertex 51.29218292236328 9.945723533630371 9.600000381469727
			vertex 51.44371795654297 9.986327171325684 9.600000381469727
		endloop
	endfacet
	facet normal 0.20962015321005584 -0.9757464208347774 -0.06307387411848565
		outer loop
			vertex 51.35445022583008 9.961621284484863 9.685524940490723
			vertex 51.44371795654297 9.986327171325684 9.600000381469727
			vertex 51.47391128540039 9.990221977233887 9.640092849731445
		endloop
	endfacet
	facet normal 0.08711386595931264 -0.9957120347690928 0.031124237719437113
		outer loop
			vertex 51.47391128540039 9.990221977233887 9.640092849731445
			vertex 51.44371795654297 9.986327171325684 9.600000381469727
			vertex 51.599998474121094 10 9.600000381469727
		endloop
	endfacet
	facet normal 0.049481034250863254 -0.9949745306620157 -0.08704774887018349
		outer loop
			vertex 51.47391128540039 9.990221977233887 9.640092849731445
			vertex 51.599998474121094 10 9.600000381469727
			vertex 51.599998474121094 9.986327171325684 9.7562837600708
		endloop
	endfacet
	facet normal 0.07041493587952644 -0.9914732527704639 -0.10964727924503243
		outer loop
			vertex 51.47391128540039 9.990221977233887 9.640092849731445
			vertex 51.599998474121094 9.986327171325684 9.7562837600708
			vertex 51.53592300415039 9.978772163391113 9.78345012664795
		endloop
	endfacet
	facet normal 0.004157076763339792 -0.965917156222206 -0.2588180172020305
		outer loop
			vertex 51.53592300415039 9.978772163391113 9.78345012664795
			vertex 51.599998474121094 9.986327171325684 9.7562837600708
			vertex 51.599998474121094 9.945723533630371 9.907817840576172
		endloop
	endfacet
	facet normal 0.1091982641942174 -0.9452773456837186 -0.30745158778922205
		outer loop
			vertex 51.53592300415039 9.978772163391113 9.78345012664795
			vertex 51.599998474121094 9.945723533630371 9.907817840576172
			vertex 51.40882873535156 9.948366165161133 9.831794738769531
		endloop
	endfacet
	facet normal 0.1109657329508151 -0.9436329133440552 -0.31183895036460646
		outer loop
			vertex 51.40882873535156 9.948366165161133 9.831794738769531
			vertex 51.599998474121094 9.945723533630371 9.907817840576172
			vertex 51.46902084350586 9.909429550170898 9.971036911010742
		endloop
	endfacet
	facet normal 0.2510604250863466 -0.8986128481322309 -0.35981052253532436
		outer loop
			vertex 51.40882873535156 9.948366165161133 9.831794738769531
			vertex 51.46902084350586 9.909429550170898 9.971036911010742
			vertex 51.33927536010742 9.857584953308105 10.00998592376709
		endloop
	endfacet
	facet normal 0.18342417219728374 -0.8411888861055593 -0.5086814631439107
		outer loop
			vertex 51.33927536010742 9.857584953308105 10.00998592376709
			vertex 51.46902084350586 9.909429550170898 9.971036911010742
			vertex 51.40309524536133 9.794024467468262 10.138106346130371
		endloop
	endfacet
	facet normal 0.04710169439957395 -0.9053026718068597 -0.4221474893968348
		outer loop
			vertex 51.599998474121094 9.945723533630371 9.907817840576172
			vertex 51.599998474121094 9.879423141479492 10.050000190734863
			vertex 51.46902084350586 9.909429550170898 9.971036911010742
		endloop
	endfacet
	facet normal 0.08736172745542001 -0.8744415488677131 -0.47720006935230025
		outer loop
			vertex 51.46902084350586 9.909429550170898 9.971036911010742
			vertex 51.599998474121094 9.879423141479492 10.050000190734863
			vertex 51.53318786621094 9.845986366271973 10.099040031433105
		endloop
	endfacet
	facet normal 0.18320836273973543 -0.8411857327642782 -0.5087644433488349
		outer loop
			vertex 51.46902084350586 9.909429550170898 9.971036911010742
			vertex 51.53318786621094 9.845986366271973 10.099040031433105
			vertex 51.40309524536133 9.794024467468262 10.138106346130371
		endloop
	endfacet
	facet normal 0.11006401026908756 -0.7584811033718233 -0.6423335033075479
		outer loop
			vertex 51.40309524536133 9.794024467468262 10.138106346130371
			vertex 51.53318786621094 9.845986366271973 10.099040031433105
			vertex 51.472877502441406 9.70944881439209 10.249932289123535
		endloop
	endfacet
	facet normal -0.01105135767467653 -0.81910106625 -0.5735427715189683
		outer loop
			vertex 51.599998474121094 9.879423141479492 10.050000190734863
			vertex 51.599998474121094 9.789440155029297 10.178508758544922
			vertex 51.53318786621094 9.845986366271973 10.099040031433105
		endloop
	endfacet
	facet normal 0.1183445535418099 -0.7593594186784701 -0.6398185992226904
		outer loop
			vertex 51.53318786621094 9.845986366271973 10.099040031433105
			vertex 51.599998474121094 9.789440155029297 10.178508758544922
			vertex 51.472877502441406 9.70944881439209 10.249932289123535
		endloop
	endfacet
	facet normal 0.04760416810741267 -0.7063051193283258 -0.7063051193283258
		outer loop
			vertex 51.599998474121094 9.789440155029297 10.178508758544922
			vertex 51.599998474121094 9.678508758544922 10.289440155029297
			vertex 51.472877502441406 9.70944881439209 10.249932289123535
		endloop
	endfacet
	facet normal 0.08709686483535178 -0.6287959580516842 -0.7726770213185565
		outer loop
			vertex 51.472877502441406 9.70944881439209 10.249932289123535
			vertex 51.599998474121094 9.678508758544922 10.289440155029297
			vertex 51.546504974365234 9.606417655944824 10.342077255249023
		endloop
	endfacet
	facet normal -0.03303050727398839 -0.5732648226248023 -0.8187041154960546
		outer loop
			vertex 51.599998474121094 9.678508758544922 10.289440155029297
			vertex 51.599998474121094 9.550000190734863 10.379423141479492
			vertex 51.546504974365234 9.606417655944824 10.342077255249023
		endloop
	endfacet
	facet normal 0.5688597813821218 -0.7819139998329491 -0.2549687157106211
		outer loop
			vertex 51.125091552734375 9.850676536560059 9.744730949401855
			vertex 51.16402053833008 9.829994201660156 9.895011901855469
			vertex 51.021427154541016 9.7712984085083 9.756875038146973
		endloop
	endfacet
	facet normal 0.5688632644142513 -0.7819096972668348 -0.2549741393162231
		outer loop
			vertex 51.021427154541016 9.7712984085083 9.756875038146973
			vertex 51.16402053833008 9.829994201660156 9.895011901855469
			vertex 51.053497314453125 9.745363235473633 9.907958984375
		endloop
	endfacet
	facet normal 0.5210965095866549 -0.7443972584070494 -0.41752981854314797
		outer loop
			vertex 51.16402053833008 9.829994201660156 9.895011901855469
			vertex 51.21615219116211 9.787206649780273 10.036358833312988
			vertex 51.053497314453125 9.745363235473633 9.907958984375
		endloop
	endfacet
	facet normal 0.5210935675178937 -0.7444023365451344 -0.4175244366951697
		outer loop
			vertex 51.053497314453125 9.745363235473633 9.907958984375
			vertex 51.21615219116211 9.787206649780273 10.036358833312988
			vertex 51.102115631103516 9.699886322021484 10.049717903137207
		endloop
	endfacet
	facet normal 0.4576612613905075 -0.6845003024198117 -0.5674552897009912
		outer loop
			vertex 51.21615219116211 9.787206649780273 10.036358833312988
			vertex 51.2799072265625 9.723609924316406 10.1644926071167
			vertex 51.102115631103516 9.699886322021484 10.049717903137207
		endloop
	endfacet
	facet normal 0.4576585861721674 -0.684506606736694 -0.5674498425735175
		outer loop
			vertex 51.102115631103516 9.699886322021484 10.049717903137207
			vertex 51.2799072265625 9.723609924316406 10.1644926071167
			vertex 51.165809631347656 9.63624382019043 10.17785930633545
		endloop
	endfacet
	facet normal 0.38045570819791397 -0.6040082883722776 -0.7003052489287905
		outer loop
			vertex 51.2799072265625 9.723609924316406 10.1644926071167
			vertex 51.353355407714844 9.641129493713379 10.275533676147461
			vertex 51.165809631347656 9.63624382019043 10.17785930633545
		endloop
	endfacet
	facet normal 0.3804557548764415 -0.6040081468449069 -0.700305345636015
		outer loop
			vertex 51.165809631347656 9.63624382019043 10.17785930633545
			vertex 51.353355407714844 9.641129493713379 10.275533676147461
			vertex 51.242652893066406 9.556364059448242 10.288501739501953
		endloop
	endfacet
	facet normal 0.2917754862004108 -0.5052992498574048 -0.8121205167621725
		outer loop
			vertex 51.353355407714844 9.641129493713379 10.275533676147461
			vertex 51.434268951416016 9.54226303100586 10.366118431091309
			vertex 51.242652893066406 9.556364059448242 10.288501739501953
		endloop
	endfacet
	facet normal 0.291775814637352 -0.5052980944146803 -0.8121211176749454
		outer loop
			vertex 51.242652893066406 9.556364059448242 10.288501739501953
			vertex 51.434268951416016 9.54226303100586 10.366118431091309
			vertex 51.33031463623047 9.462664604187012 10.3782958984375
		endloop
	endfacet
	facet normal 0.09073727105327678 -0.26535016458937616 -0.959872927941087
		outer loop
			vertex 51.52020263671875 9.430005073547363 10.433504104614258
			vertex 51.52724075317383 9.245491027832031 10.485177040100098
			vertex 51.4261474609375 9.357983589172363 10.444522857666016
		endloop
	endfacet
	facet normal 0.19423429732091235 -0.39128406649278336 -0.8995386690149137
		outer loop
			vertex 51.434268951416016 9.54226303100586 10.366118431091309
			vertex 51.52020263671875 9.430005073547363 10.433504104614258
			vertex 51.33031463623047 9.462664604187012 10.3782958984375
		endloop
	endfacet
	facet normal 0.19423518408854865 -0.3912809088283718 -0.8995398510619367
		outer loop
			vertex 51.33031463623047 9.462664604187012 10.3782958984375
			vertex 51.52020263671875 9.430005073547363 10.433504104614258
			vertex 51.4261474609375 9.357983589172363 10.444522857666016
		endloop
	endfacet
	facet normal 0.5883657217739853 -0.1668420252793781 -0.791194992427311
		outer loop
			vertex 51.09358215332031 9.153493881225586 10.342077255249023
			vertex 50.99055099487305 9.227124214172363 10.249932289123535
			vertex 51.157737731933594 9.265729904174805 10.366118431091309
		endloop
	endfacet
	facet normal 0.5883662461815123 -0.1668514537885039 -0.7911926141736529
		outer loop
			vertex 51.157737731933594 9.265729904174805 10.366118431091309
			vertex 50.99055099487305 9.227124214172363 10.249932289123535
			vertex 51.05887222290039 9.34664535522461 10.275533676147461
		endloop
	endfacet
	facet normal 0.6909775501348269 -0.2496608512303421 -0.6783947851897256
		outer loop
			vertex 50.97639083862305 9.420092582702637 10.1644926071167
			vertex 51.05887222290039 9.34664535522461 10.275533676147461
			vertex 50.905975341796875 9.296904563903809 10.138106346130371
		endloop
	endfacet
	facet normal 0.6909775284827461 -0.24966843942911135 -0.6783920146087424
		outer loop
			vertex 50.905975341796875 9.296904563903809 10.138106346130371
			vertex 51.05887222290039 9.34664535522461 10.275533676147461
			vertex 50.99055099487305 9.227124214172363 10.249932289123535
		endloop
	endfacet
	facet normal 0.7584857263777122 -0.11005511090597571 -0.6423295691813885
		outer loop
			vertex 50.905975341796875 9.296904563903809 10.138106346130371
			vertex 50.99055099487305 9.227124214172363 10.249932289123535
			vertex 50.8540153503418 9.166810989379883 10.099040031433105
		endloop
	endfacet
	facet normal 0.7727597388839637 -0.32492135226847985 -0.5452233494633286
		outer loop
			vertex 50.91279220581055 9.483846664428711 10.036358833312988
			vertex 50.97639083862305 9.420092582702637 10.1644926071167
			vertex 50.84241485595703 9.360722541809082 10.00998592376709
		endloop
	endfacet
	facet normal 0.7727586045571649 -0.3249335927525419 -0.5452176623916255
		outer loop
			vertex 50.84241485595703 9.360722541809082 10.00998592376709
			vertex 50.97639083862305 9.420092582702637 10.1644926071167
			vertex 50.905975341796875 9.296904563903809 10.138106346130371
		endloop
	endfacet
	facet normal 0.8411869542404466 -0.18343218859236102 -0.5086817671235105
		outer loop
			vertex 50.84241485595703 9.360722541809082 10.00998592376709
			vertex 50.905975341796875 9.296904563903809 10.138106346130371
			vertex 50.79056930541992 9.230978965759277 9.971036911010742
		endloop
	endfacet
	facet normal 0.8411834244475642 -0.1831907099320122 -0.5087746163374062
		outer loop
			vertex 50.79056930541992 9.230978965759277 9.971036911010742
			vertex 50.905975341796875 9.296904563903809 10.138106346130371
			vertex 50.8540153503418 9.166810989379883 10.099040031433105
		endloop
	endfacet
	facet normal 0.8648152965721018 -0.44418224704078463 -0.23408680917281
		outer loop
			vertex 50.78534698486328 9.462981224060059 9.720756530761719
			vertex 50.84932327270508 9.574907302856445 9.744730949401855
			vertex 50.8700065612793 9.535978317260742 9.895011901855469
		endloop
	endfacet
	facet normal 0.8312913511087868 -0.3904262210325139 -0.39562868387163036
		outer loop
			vertex 50.8700065612793 9.535978317260742 9.895011901855469
			vertex 50.91279220581055 9.483846664428711 10.036358833312988
			vertex 50.801795959472656 9.416646003723145 9.869451522827148
		endloop
	endfacet
	facet normal 0.8312925178217054 -0.39042069677639163 -0.3956316839464287
		outer loop
			vertex 50.801795959472656 9.416646003723145 9.869451522827148
			vertex 50.91279220581055 9.483846664428711 10.036358833312988
			vertex 50.84241485595703 9.360722541809082 10.00998592376709
		endloop
	endfacet
	facet normal 0.8985864804641217 -0.25128927791810596 -0.3597166050247053
		outer loop
			vertex 50.801795959472656 9.416646003723145 9.869451522827148
			vertex 50.84241485595703 9.360722541809082 10.00998592376709
			vertex 50.75163269042969 9.29117202758789 9.831794738769531
		endloop
	endfacet
	facet normal 0.8986091292514515 -0.251068042496202 -0.35981449507082613
		outer loop
			vertex 50.75163269042969 9.29117202758789 9.831794738769531
			vertex 50.84241485595703 9.360722541809082 10.00998592376709
			vertex 50.79056930541992 9.230978965759277 9.971036911010742
		endloop
	endfacet
	facet normal 0.9443945372549218 -0.10774519260097998 -0.3106604762026218
		outer loop
			vertex 50.75163269042969 9.29117202758789 9.831794738769531
			vertex 50.79056930541992 9.230978965759277 9.971036911010742
			vertex 50.721229553222656 9.164077758789062 9.78345012664795
		endloop
	endfacet
	facet normal 0.928964773858938 -0.3115796945221119 -0.1998563056066028
		outer loop
			vertex 50.738380432128906 9.345550537109375 9.685524940490723
			vertex 50.78534698486328 9.462981224060059 9.720756530761719
			vertex 50.801795959472656 9.416646003723145 9.869451522827148
		endloop
	endfacet
	facet normal 0.8648127363060091 -0.4441894852334507 -0.23408253316075425
		outer loop
			vertex 50.801795959472656 9.416646003723145 9.869451522827148
			vertex 50.78534698486328 9.462981224060059 9.720756530761719
			vertex 50.8700065612793 9.535978317260742 9.895011901855469
		endloop
	endfacet
	facet normal 0.929006321883755 -0.3114026784561151 -0.19993905509023208
		outer loop
			vertex 50.738380432128906 9.345550537109375 9.685524940490723
			vertex 50.801795959472656 9.416646003723145 9.869451522827148
			vertex 50.75163269042969 9.29117202758789 9.831794738769531
		endloop
	endfacet
	facet normal 0.972657735438892 -0.17466922757488665 -0.15306074163311412
		outer loop
			vertex 50.70977783203125 9.226086616516113 9.640092849731445
			vertex 50.738380432128906 9.345550537109375 9.685524940490723
			vertex 50.75163269042969 9.29117202758789 9.831794738769531
		endloop
	endfacet
	facet normal 0.9726871129782616 -0.17442808076317526 -0.15314902835894775
		outer loop
			vertex 50.70977783203125 9.226086616516113 9.640092849731445
			vertex 50.75163269042969 9.29117202758789 9.831794738769531
			vertex 50.721229553222656 9.164077758789062 9.78345012664795
		endloop
	endfacet
	facet normal 0.25127165011284336 -0.8985912276369444 -0.3597170602897477
		outer loop
			vertex 51.40882873535156 9.948366165161133 9.831794738769531
			vertex 51.33927536010742 9.857584953308105 10.00998592376709
			vertex 51.28335189819336 9.898204803466797 9.869451522827148
		endloop
	endfacet
	facet normal 0.311380431559232 -0.9290115460267621 -0.1999494290838362
		outer loop
			vertex 51.40882873535156 9.948366165161133 9.831794738769531
			vertex 51.28335189819336 9.898204803466797 9.869451522827148
			vertex 51.35445022583008 9.961621284484863 9.685524940490723
		endloop
	endfacet
	facet normal 0.31157705245540407 -0.9289654002687951 -0.19985751296020857
		outer loop
			vertex 51.35445022583008 9.961621284484863 9.685524940490723
			vertex 51.28335189819336 9.898204803466797 9.869451522827148
			vertex 51.23701858520508 9.914654731750488 9.720756530761719
		endloop
	endfacet
	facet normal 0.17444930682226523 -0.9726833969585641 -0.1531484529153977
		outer loop
			vertex 51.53592300415039 9.978772163391113 9.78345012664795
			vertex 51.40882873535156 9.948366165161133 9.831794738769531
			vertex 51.47391128540039 9.990221977233887 9.640092849731445
		endloop
	endfacet
	facet normal 0.17465309728118153 -0.9726585697992342 -0.15307384559812567
		outer loop
			vertex 51.47391128540039 9.990221977233887 9.640092849731445
			vertex 51.40882873535156 9.948366165161133 9.831794738769531
			vertex 51.35445022583008 9.961621284484863 9.685524940490723
		endloop
	endfacet
	facet normal 0.08705045218393906 -0.04948287524370595 0.9949742025963224
		outer loop
			vertex 51.44371795654297 9.100000381469727 -0.48632699251174927
			vertex 51.599998474121094 9.100000381469727 -0.5
			vertex 51.559906005859375 9.226086616516113 -0.49022167921066284
		endloop
	endfacet
	facet normal -0.03111334331908021 -0.08711344347801564 0.9957124122119357
		outer loop
			vertex 51.559906005859375 9.226086616516113 -0.49022167921066284
			vertex 51.599998474121094 9.100000381469727 -0.5
			vertex 51.599998474121094 9.2562837600708 -0.48632699251174927
		endloop
	endfacet
	facet normal 0.06309047828770967 -0.20961195460299914 0.9757471086490282
		outer loop
			vertex 51.559906005859375 9.226086616516113 -0.49022167921066284
			vertex 51.599998474121094 9.2562837600708 -0.48632699251174927
			vertex 51.51447677612305 9.345550537109375 -0.4616208076477051
		endloop
	endfacet
	facet normal 0.008889605043592637 -0.258810026737872 0.9658873355532265
		outer loop
			vertex 51.51447677612305 9.345550537109375 -0.4616208076477051
			vertex 51.599998474121094 9.2562837600708 -0.48632699251174927
			vertex 51.599998474121094 9.407817840576172 -0.44572335481643677
		endloop
	endfacet
	facet normal 0.08068814158283696 -0.34917352600034424 0.9335776735485887
		outer loop
			vertex 51.51447677612305 9.345550537109375 -0.4616208076477051
			vertex 51.599998474121094 9.407817840576172 -0.44572335481643677
			vertex 51.479244232177734 9.462981224060059 -0.4146546721458435
		endloop
	endfacet
	facet normal 0.04008908925195609 -0.4222772820654388 0.9055797932674815
		outer loop
			vertex 51.479244232177734 9.462981224060059 -0.4146546721458435
			vertex 51.599998474121094 9.407817840576172 -0.44572335481643677
			vertex 51.599998474121094 9.550000190734863 -0.3794228732585907
		endloop
	endfacet
	facet normal 0.0908502232510645 -0.47946428389641726 0.8728460559588546
		outer loop
			vertex 51.479244232177734 9.462981224060059 -0.4146546721458435
			vertex 51.599998474121094 9.550000190734863 -0.3794228732585907
			vertex 51.45526885986328 9.574907302856445 -0.35067692399024963
		endloop
	endfacet
	facet normal 0.06385859438242243 -0.5724065930614985 0.8174795239901911
		outer loop
			vertex 51.45526885986328 9.574907302856445 -0.35067692399024963
			vertex 51.599998474121094 9.550000190734863 -0.3794228732585907
			vertex 51.599998474121094 9.678508758544922 -0.28944000601768494
		endloop
	endfacet
	facet normal 0.09177650377654281 -0.5985842961588306 0.7957850926893465
		outer loop
			vertex 51.45526885986328 9.574907302856445 -0.35067692399024963
			vertex 51.599998474121094 9.678508758544922 -0.28944000601768494
			vertex 51.44312286376953 9.678574562072754 -0.2712983191013336
		endloop
	endfacet
	facet normal 0.08120688318888038 -0.7047706389494022 0.7047721536763487
		outer loop
			vertex 51.44312286376953 9.678574562072754 -0.2712983191013336
			vertex 51.599998474121094 9.678508758544922 -0.28944000601768494
			vertex 51.599998474121094 9.789440155029297 -0.17850884795188904
		endloop
	endfacet
	facet normal 0.081206764428699 -0.7047705537030156 0.7047722526065897
		outer loop
			vertex 51.44312286376953 9.678574562072754 -0.2712983191013336
			vertex 51.599998474121094 9.789440155029297 -0.17850884795188904
			vertex 51.44312286376953 9.7712984085083 -0.17857469618320465
		endloop
	endfacet
	facet normal 0.0917768283990946 -0.7957867520190121 0.5985820403921542
		outer loop
			vertex 51.44312286376953 9.7712984085083 -0.17857469618320465
			vertex 51.599998474121094 9.789440155029297 -0.17850884795188904
			vertex 51.45526885986328 9.850676536560059 -0.07490746676921844
		endloop
	endfacet
	facet normal 0.2549696973020155 -0.781923298770146 0.568846559537923
		outer loop
			vertex 51.44312286376953 9.7712984085083 -0.17857469618320465
			vertex 51.45526885986328 9.850676536560059 -0.07490746676921844
			vertex 51.304988861083984 9.829994201660156 -0.035978082567453384
		endloop
	endfacet
	facet normal 0.23408606784484642 -0.8648098922374914 0.44419315970545575
		outer loop
			vertex 51.304988861083984 9.829994201660156 -0.035978082567453384
			vertex 51.45526885986328 9.850676536560059 -0.07490746676921844
			vertex 51.33054733276367 9.898204803466797 0.08335360884666443
		endloop
	endfacet
	facet normal 0.3956405636883007 -0.8312847408496737 0.390428257167555
		outer loop
			vertex 51.304988861083984 9.829994201660156 -0.035978082567453384
			vertex 51.33054733276367 9.898204803466797 0.08335360884666443
			vertex 51.19001388549805 9.857584953308105 0.13927699625492096
		endloop
	endfacet
	facet normal 0.3597188752941772 -0.89859075048072 0.25127075816256184
		outer loop
			vertex 51.19001388549805 9.857584953308105 0.13927699625492096
			vertex 51.33054733276367 9.898204803466797 0.08335360884666443
			vertex 51.36820602416992 9.948366165161133 0.20882779359817505
		endloop
	endfacet
	facet normal 0.3598093535051084 -0.8986116828927074 0.251066271129701
		outer loop
			vertex 51.19001388549805 9.857584953308105 0.13927699625492096
			vertex 51.36820602416992 9.948366165161133 0.20882779359817505
			vertex 51.22896194458008 9.909429550170898 0.26902076601982117
		endloop
	endfacet
	facet normal 0.310664199256943 -0.9443909215156018 0.10776614801947369
		outer loop
			vertex 51.22896194458008 9.909429550170898 0.26902076601982117
			vertex 51.36820602416992 9.948366165161133 0.20882779359817505
			vertex 51.41654968261719 9.978772163391113 0.3359224796295166
		endloop
	endfacet
	facet normal 0.3089540751116704 -0.9443924008361115 0.11256275012142283
		outer loop
			vertex 51.22896194458008 9.909429550170898 0.26902076601982117
			vertex 51.41654968261719 9.978772163391113 0.3359224796295166
			vertex 51.29218292236328 9.945723533630371 0.4000000059604645
		endloop
	endfacet
	facet normal 0.2588165051437128 -0.9659175921015452 0.004149931800379626
		outer loop
			vertex 51.29218292236328 9.945723533630371 0.4000000059604645
			vertex 51.41654968261719 9.978772163391113 0.3359224796295166
			vertex 51.44371795654297 9.986327171325684 0.4000000059604645
		endloop
	endfacet
	facet normal 0.10964498743778207 -0.991473824692852 0.07041045148766473
		outer loop
			vertex 51.44371795654297 9.986327171325684 0.4000000059604645
			vertex 51.41654968261719 9.978772163391113 0.3359224796295166
			vertex 51.559906005859375 9.990221977233887 0.27391305565834045
		endloop
	endfacet
	facet normal 0.08704933215500728 -0.9949744129807737 0.04948061524407147
		outer loop
			vertex 51.44371795654297 9.986327171325684 0.4000000059604645
			vertex 51.559906005859375 9.990221977233887 0.27391305565834045
			vertex 51.599998474121094 10 0.4000000059604645
		endloop
	endfacet
	facet normal -0.031118740061014977 -0.9957123430378718 0.08711230647300539
		outer loop
			vertex 51.599998474121094 10 0.4000000059604645
			vertex 51.559906005859375 9.990221977233887 0.27391305565834045
			vertex 51.599998474121094 9.986327171325684 0.24371664226055145
		endloop
	endfacet
	facet normal 0.0630846380126843 -0.9757472322920517 0.20961313680494736
		outer loop
			vertex 51.599998474121094 9.986327171325684 0.24371664226055145
			vertex 51.559906005859375 9.990221977233887 0.27391305565834045
			vertex 51.51447677612305 9.961621284484863 0.15444935858249664
		endloop
	endfacet
	facet normal 0.008885944202753116 -0.9658876628402876 0.25880893100616226
		outer loop
			vertex 51.599998474121094 9.986327171325684 0.24371664226055145
			vertex 51.51447677612305 9.961621284484863 0.15444935858249664
			vertex 51.599998474121094 9.945723533630371 0.09218186885118484
		endloop
	endfacet
	facet normal 0.08068775037773625 -0.9335767189296424 0.3491761687336972
		outer loop
			vertex 51.599998474121094 9.945723533630371 0.09218186885118484
			vertex 51.51447677612305 9.961621284484863 0.15444935858249664
			vertex 51.479244232177734 9.914654731750488 0.037018533796072006
		endloop
	endfacet
	facet normal 0.040089745130919896 -0.9055794408571661 0.42227797554710383
		outer loop
			vertex 51.599998474121094 9.945723533630371 0.09218186885118484
			vertex 51.479244232177734 9.914654731750488 0.037018533796072006
			vertex 51.599998474121094 9.879423141479492 -0.05000000074505806
		endloop
	endfacet
	facet normal 0.09085226456958287 -0.8728444795720224 0.47946676683918776
		outer loop
			vertex 51.599998474121094 9.879423141479492 -0.05000000074505806
			vertex 51.479244232177734 9.914654731750488 0.037018533796072006
			vertex 51.45526885986328 9.850676536560059 -0.07490746676921844
		endloop
	endfacet
	facet normal 0.06386098972857007 -0.8174796268575887 0.5724061789181394
		outer loop
			vertex 51.599998474121094 9.879423141479492 -0.05000000074505806
			vertex 51.45526885986328 9.850676536560059 -0.07490746676921844
			vertex 51.599998474121094 9.789440155029297 -0.17850884795188904
		endloop
	endfacet
	facet normal 0.4221499772259198 -0.9053019347342232 0.04709356319740616
		outer loop
			vertex 51.29218292236328 9.945723533630371 0.4000000059604645
			vertex 51.150001525878906 9.879423141479492 0.4000000059604645
			vertex 51.22896194458008 9.909429550170898 0.26902076601982117
		endloop
	endfacet
	facet normal 0.47719888118996284 -0.8744434611250725 0.08734907604921399
		outer loop
			vertex 51.22896194458008 9.909429550170898 0.26902076601982117
			vertex 51.150001525878906 9.879423141479492 0.4000000059604645
			vertex 51.10095977783203 9.845986366271973 0.3331887423992157
		endloop
	endfacet
	facet normal 0.508767615722018 -0.8411843855342449 0.18320573879086893
		outer loop
			vertex 51.22896194458008 9.909429550170898 0.26902076601982117
			vertex 51.10095977783203 9.845986366271973 0.3331887423992157
			vertex 51.061893463134766 9.794024467468262 0.20309531688690186
		endloop
	endfacet
	facet normal 0.6373893605697358 -0.7622058258739094 0.11303575556599424
		outer loop
			vertex 51.061893463134766 9.794024467468262 0.20309531688690186
			vertex 51.10095977783203 9.845986366271973 0.3331887423992157
			vertex 51.02149200439453 9.789440155029297 0.4000000059604645
		endloop
	endfacet
	facet normal 0.6437104497222803 -0.7566606537291644 0.11446183650672956
		outer loop
			vertex 51.061893463134766 9.794024467468262 0.20309531688690186
			vertex 51.02149200439453 9.789440155029297 0.4000000059604645
			vertex 50.950069427490234 9.70944881439209 0.2728760540485382
		endloop
	endfacet
	facet normal 0.706304978689042 -0.706304978689042 0.04760834126646399
		outer loop
			vertex 50.950069427490234 9.70944881439209 0.2728760540485382
			vertex 51.02149200439453 9.789440155029297 0.4000000059604645
			vertex 50.910560607910156 9.678508758544922 0.4000000059604645
		endloop
	endfacet
	facet normal 0.7726674024795229 -0.628808080346856 0.08709467972298116
		outer loop
			vertex 50.950069427490234 9.70944881439209 0.2728760540485382
			vertex 50.910560607910156 9.678508758544922 0.4000000059604645
			vertex 50.8579216003418 9.606417655944824 0.3465062379837036
		endloop
	endfacet
	facet normal 0.8186980703056181 -0.5732727409945523 -0.03304291316530674
		outer loop
			vertex 50.8579216003418 9.606417655944824 0.3465062379837036
			vertex 50.910560607910156 9.678508758544922 0.4000000059604645
			vertex 50.82057571411133 9.550000190734863 0.4000000059604645
		endloop
	endfacet
	facet normal 0.8683984683569305 -0.4871700219487958 0.09246334338399785
		outer loop
			vertex 50.8579216003418 9.606417655944824 0.3465062379837036
			vertex 50.82057571411133 9.550000190734863 0.4000000059604645
			vertex 50.83388137817383 9.54226303100586 0.23427021503448486
		endloop
	endfacet
	facet normal 0.8833392799635361 -0.45954209390666423 0.09237305018987027
		outer loop
			vertex 50.83388137817383 9.54226303100586 0.23427021503448486
			vertex 50.82057571411133 9.550000190734863 0.4000000059604645
			vertex 50.76649475097656 9.430005073547363 0.32020434737205505
		endloop
	endfacet
	facet normal 0.899537051663444 -0.3912837642452522 0.19424239630601953
		outer loop
			vertex 50.83388137817383 9.54226303100586 0.23427021503448486
			vertex 50.76649475097656 9.430005073547363 0.32020434737205505
			vertex 50.82170486450195 9.462664604187012 0.1303158402442932
		endloop
	endfacet
	facet normal 0.8995392608461439 -0.39127786266952863 0.19424405365709138
		outer loop
			vertex 50.82170486450195 9.462664604187012 0.1303158402442932
			vertex 50.76649475097656 9.430005073547363 0.32020434737205505
			vertex 50.75547790527344 9.357983589172363 0.22614572942256927
		endloop
	endfacet
	facet normal 0.9060319024711552 -0.29925435270304296 0.29925411290871523
		outer loop
			vertex 50.82170486450195 9.462664604187012 0.1303158402442932
			vertex 50.75547790527344 9.357983589172363 0.22614572942256927
			vertex 50.82170486450195 9.369684219360352 0.03733538091182709
		endloop
	endfacet
	facet normal 0.9060319472055248 -0.29925419158852756 0.29925413858401684
		outer loop
			vertex 50.82170486450195 9.369684219360352 0.03733538091182709
			vertex 50.75547790527344 9.357983589172363 0.22614572942256927
			vertex 50.75547790527344 9.27385425567627 0.14201638102531433
		endloop
	endfacet
	facet normal 0.8995387458566428 -0.19424025357140248 0.39128093308411444
		outer loop
			vertex 50.82170486450195 9.369684219360352 0.03733538091182709
			vertex 50.75547790527344 9.27385425567627 0.14201638102531433
			vertex 50.83388137817383 9.265729904174805 -0.04226307570934296
		endloop
	endfacet
	facet normal 0.8995379001372746 -0.19424451635154513 0.39128076119837163
		outer loop
			vertex 50.83388137817383 9.265729904174805 -0.04226307570934296
			vertex 50.75547790527344 9.27385425567627 0.14201638102531433
			vertex 50.76649475097656 9.179795265197754 0.06999517232179642
		endloop
	endfacet
	facet normal 0.8833398045538939 -0.09237254866901376 0.4595411863403316
		outer loop
			vertex 50.83388137817383 9.265729904174805 -0.04226307570934296
			vertex 50.76649475097656 9.179795265197754 0.06999517232179642
			vertex 50.82057571411133 9.100000381469727 -0.05000000074505806
		endloop
	endfacet
	facet normal 0.9061053945964751 -0.02126660848498484 0.4225171537898938
		outer loop
			vertex 50.82057571411133 9.100000381469727 -0.05000000074505806
			vertex 50.76649475097656 9.179795265197754 0.06999517232179642
			vertex 50.754276275634766 9.100000381469727 0.09218186885118484
		endloop
	endfacet
	facet normal 0.9651038327984431 -0.07829976050945457 0.24988745351040959
		outer loop
			vertex 50.754276275634766 9.100000381469727 0.09218186885118484
			vertex 50.76649475097656 9.179795265197754 0.06999517232179642
			vertex 50.75547790527344 9.27385425567627 0.14201638102531433
		endloop
	endfacet
	facet normal 0.958934384149056 -0.08425835660122782 0.2708235149309072
		outer loop
			vertex 50.754276275634766 9.100000381469727 0.09218186885118484
			vertex 50.75547790527344 9.27385425567627 0.14201638102531433
			vertex 50.71482467651367 9.172760009765625 0.2545093595981598
		endloop
	endfacet
	facet normal 0.9656292759911366 -0.18379312352946403 0.18379387664477992
		outer loop
			vertex 50.71482467651367 9.172760009765625 0.2545093595981598
			vertex 50.75547790527344 9.27385425567627 0.14201638102531433
			vertex 50.71482467651367 9.245491027832031 0.32724007964134216
		endloop
	endfacet
	facet normal 0.9954183398682852 -0.06761024771478252 0.06761052475623047
		outer loop
			vertex 50.71482467651367 9.172760009765625 0.2545093595981598
			vertex 50.71482467651367 9.245491027832031 0.32724007964134216
			vertex 50.70000076293945 9.100000381469727 0.4000000059604645
		endloop
	endfacet
	facet normal 0.9957853029740747 -0.08711260475018359 0.028688403135561515
		outer loop
			vertex 50.70000076293945 9.100000381469727 0.4000000059604645
			vertex 50.71482467651367 9.245491027832031 0.32724007964134216
			vertex 50.71367263793945 9.2562837600708 0.4000000059604645
		endloop
	endfacet
	facet normal 0.9620457554754813 -0.2673120515611357 0.05488379962964807
		outer loop
			vertex 50.71367263793945 9.2562837600708 0.4000000059604645
			vertex 50.71482467651367 9.245491027832031 0.32724007964134216
			vertex 50.76649475097656 9.430005073547363 0.32020434737205505
		endloop
	endfacet
	facet normal 0.9631523474591598 -0.25807718521930323 0.07572134476613215
		outer loop
			vertex 50.71367263793945 9.2562837600708 0.4000000059604645
			vertex 50.76649475097656 9.430005073547363 0.32020434737205505
			vertex 50.754276275634766 9.407817840576172 0.4000000059604645
		endloop
	endfacet
	facet normal 0.9061059923840644 -0.42251600447075344 0.021263972624144537
		outer loop
			vertex 50.754276275634766 9.407817840576172 0.4000000059604645
			vertex 50.76649475097656 9.430005073547363 0.32020434737205505
			vertex 50.82057571411133 9.550000190734863 0.4000000059604645
		endloop
	endfacet
	facet normal 0.5735398319922174 -0.8191029467814324 -0.011064524043675113
		outer loop
			vertex 51.150001525878906 9.879423141479492 0.4000000059604645
			vertex 51.02149200439453 9.789440155029297 0.4000000059604645
			vertex 51.10095977783203 9.845986366271973 0.3331887423992157
		endloop
	endfacet
	facet normal 0.9957852993711362 -0.028688503930778483 0.0871126127409256
		outer loop
			vertex 50.70000076293945 9.100000381469727 0.4000000059604645
			vertex 50.71367263793945 9.100000381469727 0.24371664226055145
			vertex 50.71482467651367 9.172760009765625 0.2545093595981598
		endloop
	endfacet
	facet normal 0.9645368305820029 -0.05360842117922867 0.25844697643713166
		outer loop
			vertex 50.71482467651367 9.172760009765625 0.2545093595981598
			vertex 50.71367263793945 9.100000381469727 0.24371664226055145
			vertex 50.754276275634766 9.100000381469727 0.09218186885118484
		endloop
	endfacet
	facet normal 0.8684001605696217 -0.09246280296525419 0.48716710807531316
		outer loop
			vertex 50.83388137817383 9.265729904174805 -0.04226307570934296
			vertex 50.82057571411133 9.100000381469727 -0.05000000074505806
			vertex 50.8579216003418 9.153493881225586 -0.10641804337501526
		endloop
	endfacet
	facet normal 0.8186985189455117 0.03304797046247725 0.5732718087650368
		outer loop
			vertex 50.8579216003418 9.153493881225586 -0.10641804337501526
			vertex 50.82057571411133 9.100000381469727 -0.05000000074505806
			vertex 50.910560607910156 9.100000381469727 -0.17850884795188904
		endloop
	endfacet
	facet normal 0.7726660139576635 -0.08709518464716044 0.6288097165964065
		outer loop
			vertex 50.8579216003418 9.153493881225586 -0.10641804337501526
			vertex 50.910560607910156 9.100000381469727 -0.17850884795188904
			vertex 50.950069427490234 9.227124214172363 -0.2094486504793167
		endloop
	endfacet
	facet normal 0.7063041849924212 -0.047609370403317045 0.7063057030153386
		outer loop
			vertex 50.950069427490234 9.227124214172363 -0.2094486504793167
			vertex 50.910560607910156 9.100000381469727 -0.17850884795188904
			vertex 51.02149200439453 9.100000381469727 -0.28944000601768494
		endloop
	endfacet
	facet normal 0.6398215575797221 -0.11834363817212637 0.7593570686840568
		outer loop
			vertex 50.950069427490234 9.227124214172363 -0.2094486504793167
			vertex 51.02149200439453 9.100000381469727 -0.28944000601768494
			vertex 51.10095977783203 9.166810989379883 -0.3459859788417816
		endloop
	endfacet
	facet normal 0.5735393342340904 0.011062618423864908 0.8191033210529207
		outer loop
			vertex 51.10095977783203 9.166810989379883 -0.3459859788417816
			vertex 51.02149200439453 9.100000381469727 -0.28944000601768494
			vertex 51.150001525878906 9.100000381469727 -0.3794228732585907
		endloop
	endfacet
	facet normal 0.47720140353860796 -0.08734895896169197 0.8744420963271906
		outer loop
			vertex 51.10095977783203 9.166810989379883 -0.3459859788417816
			vertex 51.150001525878906 9.100000381469727 -0.3794228732585907
			vertex 51.22896194458008 9.230978965759277 -0.4094296395778656
		endloop
	endfacet
	facet normal 0.4221504826817019 -0.047091663142317164 0.9053017978741104
		outer loop
			vertex 51.22896194458008 9.230978965759277 -0.4094296395778656
			vertex 51.150001525878906 9.100000381469727 -0.3794228732585907
			vertex 51.29218292236328 9.100000381469727 -0.44572335481643677
		endloop
	endfacet
	facet normal 0.3089533352851313 -0.11256183406030335 0.9443927520524361
		outer loop
			vertex 51.22896194458008 9.230978965759277 -0.4094296395778656
			vertex 51.29218292236328 9.100000381469727 -0.44572335481643677
			vertex 51.41654968261719 9.164077758789062 -0.47877195477485657
		endloop
	endfacet
	facet normal 0.25881650465079664 -0.004150390690400448 0.9659175902619548
		outer loop
			vertex 51.41654968261719 9.164077758789062 -0.47877195477485657
			vertex 51.29218292236328 9.100000381469727 -0.44572335481643677
			vertex 51.44371795654297 9.100000381469727 -0.48632699251174927
		endloop
	endfacet
	facet normal 0.10964445810745414 -0.07041130058412046 0.9914738229304773
		outer loop
			vertex 51.41654968261719 9.164077758789062 -0.47877195477485657
			vertex 51.44371795654297 9.100000381469727 -0.48632699251174927
			vertex 51.559906005859375 9.226086616516113 -0.49022167921066284
		endloop
	endfacet
	facet normal 0.15314663020081543 -0.17445223284727027 0.9726831591596189
		outer loop
			vertex 51.41654968261719 9.164077758789062 -0.47877195477485657
			vertex 51.559906005859375 9.226086616516113 -0.49022167921066284
			vertex 51.36820602416992 9.29117202758789 -0.44836580753326416
		endloop
	endfacet
	facet normal 0.1530725741896489 -0.17465450714144118 0.9726585167293478
		outer loop
			vertex 51.36820602416992 9.29117202758789 -0.44836580753326416
			vertex 51.559906005859375 9.226086616516113 -0.49022167921066284
			vertex 51.51447677612305 9.345550537109375 -0.4616208076477051
		endloop
	endfacet
	facet normal 0.19994763814622205 -0.3113811196911124 0.9290117008410911
		outer loop
			vertex 51.36820602416992 9.29117202758789 -0.44836580753326416
			vertex 51.51447677612305 9.345550537109375 -0.4616208076477051
			vertex 51.33054733276367 9.416646003723145 -0.3982049822807312
		endloop
	endfacet
	facet normal 0.19985694394525436 -0.31157513589813307 0.9289661655016954
		outer loop
			vertex 51.33054733276367 9.416646003723145 -0.3982049822807312
			vertex 51.51447677612305 9.345550537109375 -0.4616208076477051
			vertex 51.479244232177734 9.462981224060059 -0.4146546721458435
		endloop
	endfacet
	facet normal 0.23408463692093592 -0.44419344721484677 0.8648101318838632
		outer loop
			vertex 51.33054733276367 9.416646003723145 -0.3982049822807312
			vertex 51.479244232177734 9.462981224060059 -0.4146546721458435
			vertex 51.304988861083984 9.535978317260742 -0.3299940824508667
		endloop
	endfacet
	facet normal 0.23408705250296116 -0.4441893582865487 0.8648115782269916
		outer loop
			vertex 51.304988861083984 9.535978317260742 -0.3299940824508667
			vertex 51.479244232177734 9.462981224060059 -0.4146546721458435
			vertex 51.45526885986328 9.574907302856445 -0.35067692399024963
		endloop
	endfacet
	facet normal 0.25497181753154863 -0.5688534064973859 0.7819176262119805
		outer loop
			vertex 51.304988861083984 9.535978317260742 -0.3299940824508667
			vertex 51.45526885986328 9.574907302856445 -0.35067692399024963
			vertex 51.29204177856445 9.646504402160645 -0.24536332488059998
		endloop
	endfacet
	facet normal 0.2549765028374994 -0.568847160977627 0.7819206420401321
		outer loop
			vertex 51.29204177856445 9.646504402160645 -0.24536332488059998
			vertex 51.45526885986328 9.574907302856445 -0.35067692399024963
			vertex 51.44312286376953 9.678574562072754 -0.2712983191013336
		endloop
	endfacet
	facet normal 0.26199890146477567 -0.6824060426502674 0.6824064540914399
		outer loop
			vertex 51.29204177856445 9.646504402160645 -0.24536332488059998
			vertex 51.44312286376953 9.678574562072754 -0.2712983191013336
			vertex 51.29204177856445 9.745363235473633 -0.14650455117225647
		endloop
	endfacet
	facet normal 0.2619996298950059 -0.6824052860404568 0.6824069310308347
		outer loop
			vertex 51.29204177856445 9.745363235473633 -0.14650455117225647
			vertex 51.44312286376953 9.678574562072754 -0.2712983191013336
			vertex 51.44312286376953 9.7712984085083 -0.17857469618320465
		endloop
	endfacet
	facet normal 0.25497770169611195 -0.7819169491067145 0.568851699775448
		outer loop
			vertex 51.29204177856445 9.745363235473633 -0.14650455117225647
			vertex 51.44312286376953 9.7712984085083 -0.17857469618320465
			vertex 51.304988861083984 9.829994201660156 -0.035978082567453384
		endloop
	endfacet
	facet normal 0.310662316107965 -0.1077684117587499 0.9443912826670052
		outer loop
			vertex 51.41654968261719 9.164077758789062 -0.47877195477485657
			vertex 51.36820602416992 9.29117202758789 -0.44836580753326416
			vertex 51.22896194458008 9.230978965759277 -0.4094296395778656
		endloop
	endfacet
	facet normal 0.35980744100697865 -0.2510679571107164 0.8986119776122846
		outer loop
			vertex 51.22896194458008 9.230978965759277 -0.4094296395778656
			vertex 51.36820602416992 9.29117202758789 -0.44836580753326416
			vertex 51.19001388549805 9.360722541809082 -0.35758495330810547
		endloop
	endfacet
	facet normal 0.5086806649238496 -0.18343102297148095 0.8411878749389261
		outer loop
			vertex 51.22896194458008 9.230978965759277 -0.4094296395778656
			vertex 51.19001388549805 9.360722541809082 -0.35758495330810547
			vertex 51.061893463134766 9.296904563903809 -0.29402461647987366
		endloop
	endfacet
	facet normal 0.5452166666096987 -0.32493205372099687 0.7727599542650125
		outer loop
			vertex 51.061893463134766 9.296904563903809 -0.29402461647987366
			vertex 51.19001388549805 9.360722541809082 -0.35758495330810547
			vertex 51.03550720214844 9.420092582702637 -0.22360952198505402
		endloop
	endfacet
	facet normal 0.6783880589399708 -0.24966330348663757 0.6909832678001674
		outer loop
			vertex 51.061893463134766 9.296904563903809 -0.29402461647987366
			vertex 51.03550720214844 9.420092582702637 -0.22360952198505402
			vertex 50.92446517944336 9.34664535522461 -0.14112922549247742
		endloop
	endfacet
	facet normal 0.7003010098411718 -0.3804666696157651 0.6040062987477227
		outer loop
			vertex 50.92446517944336 9.34664535522461 -0.14112922549247742
			vertex 51.03550720214844 9.420092582702637 -0.22360952198505402
			vertex 50.9114990234375 9.457347869873047 -0.05636383593082428
		endloop
	endfacet
	facet normal 0.8121237929921318 -0.2917819853333132 0.505290231343357
		outer loop
			vertex 50.92446517944336 9.34664535522461 -0.14112922549247742
			vertex 50.9114990234375 9.457347869873047 -0.05636383593082428
			vertex 50.82170486450195 9.369684219360352 0.03733538091182709
		endloop
	endfacet
	facet normal 0.819159530720184 -0.40557238986535465 0.40557206487773895
		outer loop
			vertex 50.82170486450195 9.369684219360352 0.03733538091182709
			vertex 50.9114990234375 9.457347869873047 -0.05636383593082428
			vertex 50.82170486450195 9.462664604187012 0.1303158402442932
		endloop
	endfacet
	facet normal 0.3597191158420556 -0.2512675788744924 0.8985915431965519
		outer loop
			vertex 51.19001388549805 9.360722541809082 -0.35758495330810547
			vertex 51.36820602416992 9.29117202758789 -0.44836580753326416
			vertex 51.33054733276367 9.416646003723145 -0.3982049822807312
		endloop
	endfacet
	facet normal 0.6423382645371956 -0.1100574176442158 0.7584780278510581
		outer loop
			vertex 50.950069427490234 9.227124214172363 -0.2094486504793167
			vertex 51.10095977783203 9.166810989379883 -0.3459859788417816
			vertex 51.061893463134766 9.296904563903809 -0.29402461647987366
		endloop
	endfacet
	facet normal 0.5087688206738639 -0.18320175402062047 0.8411845246043782
		outer loop
			vertex 51.061893463134766 9.296904563903809 -0.29402461647987366
			vertex 51.10095977783203 9.166810989379883 -0.3459859788417816
			vertex 51.22896194458008 9.230978965759277 -0.4094296395778656
		endloop
	endfacet
	facet normal 0.3956416638456462 -0.39042820677939244 0.83128424090709
		outer loop
			vertex 51.19001388549805 9.360722541809082 -0.35758495330810547
			vertex 51.33054733276367 9.416646003723145 -0.3982049822807312
			vertex 51.16364288330078 9.483846664428711 -0.28720638155937195
		endloop
	endfacet
	facet normal 0.39564189655803383 -0.39042777827642594 0.831284331404181
		outer loop
			vertex 51.16364288330078 9.483846664428711 -0.28720638155937195
			vertex 51.33054733276367 9.416646003723145 -0.3982049822807312
			vertex 51.304988861083984 9.535978317260742 -0.3299940824508667
		endloop
	endfacet
	facet normal 0.41753098089053725 -0.5210822207941453 0.7444066087621922
		outer loop
			vertex 51.16364288330078 9.483846664428711 -0.28720638155937195
			vertex 51.304988861083984 9.535978317260742 -0.3299940824508667
			vertex 51.15028381347656 9.597886085510254 -0.19988617300987244
		endloop
	endfacet
	facet normal 0.41752729080806894 -0.5210877126441954 0.7444048341874969
		outer loop
			vertex 51.15028381347656 9.597886085510254 -0.19988617300987244
			vertex 51.304988861083984 9.535978317260742 -0.3299940824508667
			vertex 51.29204177856445 9.646504402160645 -0.24536332488059998
		endloop
	endfacet
	facet normal 0.42488668923676737 -0.640106435864334 0.6401055007375565
		outer loop
			vertex 51.15028381347656 9.597886085510254 -0.19988617300987244
			vertex 51.29204177856445 9.646504402160645 -0.24536332488059998
			vertex 51.15028381347656 9.699886322021484 -0.09788578748703003
		endloop
	endfacet
	facet normal 0.424887456195858 -0.6401055207879432 0.64010590672498
		outer loop
			vertex 51.15028381347656 9.699886322021484 -0.09788578748703003
			vertex 51.29204177856445 9.646504402160645 -0.24536332488059998
			vertex 51.29204177856445 9.745363235473633 -0.14650455117225647
		endloop
	endfacet
	facet normal 0.41752741195850407 -0.7444062342485802 0.521085615494308
		outer loop
			vertex 51.15028381347656 9.699886322021484 -0.09788578748703003
			vertex 51.29204177856445 9.745363235473633 -0.14650455117225647
			vertex 51.16364288330078 9.787206649780273 0.016153089702129364
		endloop
	endfacet
	facet normal 0.41752939643100256 -0.7444043618020131 0.5210867003158883
		outer loop
			vertex 51.16364288330078 9.787206649780273 0.016153089702129364
			vertex 51.29204177856445 9.745363235473633 -0.14650455117225647
			vertex 51.304988861083984 9.829994201660156 -0.035978082567453384
		endloop
	endfacet
	facet normal 0.395640005313099 -0.8312851485073908 0.3904279550274247
		outer loop
			vertex 51.16364288330078 9.787206649780273 0.016153089702129364
			vertex 51.304988861083984 9.829994201660156 -0.035978082567453384
			vertex 51.19001388549805 9.857584953308105 0.13927699625492096
		endloop
	endfacet
	facet normal 0.7911858464108402 -0.1668527896363985 0.5883749680515941
		outer loop
			vertex 50.83388137817383 9.265729904174805 -0.04226307570934296
			vertex 50.8579216003418 9.153493881225586 -0.10641804337501526
			vertex 50.950069427490234 9.227124214172363 -0.2094486504793167
		endloop
	endfacet
	facet normal 0.7911921139823453 -0.16682794154762226 0.5883735859903388
		outer loop
			vertex 50.83388137817383 9.265729904174805 -0.04226307570934296
			vertex 50.950069427490234 9.227124214172363 -0.2094486504793167
			vertex 50.92446517944336 9.34664535522461 -0.14112922549247742
		endloop
	endfacet
	facet normal 0.6783949382110986 -0.24964446174843424 0.6909833214542116
		outer loop
			vertex 50.92446517944336 9.34664535522461 -0.14112922549247742
			vertex 50.950069427490234 9.227124214172363 -0.2094486504793167
			vertex 51.061893463134766 9.296904563903809 -0.29402461647987366
		endloop
	endfacet
	facet normal 0.5452132710557193 -0.3249393619763433 0.7727592769440751
		outer loop
			vertex 51.19001388549805 9.360722541809082 -0.35758495330810547
			vertex 51.16364288330078 9.483846664428711 -0.28720638155937195
			vertex 51.03550720214844 9.420092582702637 -0.22360952198505402
		endloop
	endfacet
	facet normal 0.5674469948626462 -0.4576578146900431 0.6845094832611791
		outer loop
			vertex 51.03550720214844 9.420092582702637 -0.22360952198505402
			vertex 51.16364288330078 9.483846664428711 -0.28720638155937195
			vertex 51.02214050292969 9.53419017791748 -0.13624396920204163
		endloop
	endfacet
	facet normal 0.700307491856532 -0.3804522185704107 0.6040078859042041
		outer loop
			vertex 51.03550720214844 9.420092582702637 -0.22360952198505402
			vertex 51.02214050292969 9.53419017791748 -0.13624396920204163
			vertex 50.9114990234375 9.457347869873047 -0.05636383593082428
		endloop
	endfacet
	facet normal 0.7076749655999749 -0.4995975527231961 0.49959826698665377
		outer loop
			vertex 50.9114990234375 9.457347869873047 -0.05636383593082428
			vertex 51.02214050292969 9.53419017791748 -0.13624396920204163
			vertex 50.9114990234375 9.556364059448242 0.04265221208333969
		endloop
	endfacet
	facet normal 0.8191598489532699 -0.40557161607533876 0.40557219591201576
		outer loop
			vertex 50.9114990234375 9.457347869873047 -0.05636383593082428
			vertex 50.9114990234375 9.556364059448242 0.04265221208333969
			vertex 50.82170486450195 9.462664604187012 0.1303158402442932
		endloop
	endfacet
	facet normal 0.8121237651921793 -0.5052923518600797 0.29177839049831567
		outer loop
			vertex 50.82170486450195 9.462664604187012 0.1303158402442932
			vertex 50.9114990234375 9.556364059448242 0.04265221208333969
			vertex 50.83388137817383 9.54226303100586 0.23427021503448486
		endloop
	endfacet
	facet normal 0.5674473864505976 -0.45765712445351664 0.6845096201276681
		outer loop
			vertex 51.02214050292969 9.53419017791748 -0.13624396920204163
			vertex 51.16364288330078 9.483846664428711 -0.28720638155937195
			vertex 51.15028381347656 9.597886085510254 -0.19988617300987244
		endloop
	endfacet
	facet normal 0.8121253726172739 -0.2917771046845693 0.5052905108283194
		outer loop
			vertex 50.82170486450195 9.369684219360352 0.03733538091182709
			vertex 50.83388137817383 9.265729904174805 -0.04226307570934296
			vertex 50.92446517944336 9.34664535522461 -0.14112922549247742
		endloop
	endfacet
	facet normal 0.5749241075056087 -0.578558700582491 0.5785603690101655
		outer loop
			vertex 51.02214050292969 9.53419017791748 -0.13624396920204163
			vertex 51.15028381347656 9.597886085510254 -0.19988617300987244
			vertex 51.02214050292969 9.63624382019043 -0.034190621227025986
		endloop
	endfacet
	facet normal 0.5749227676815174 -0.5785606231056902 0.5785597778907373
		outer loop
			vertex 51.02214050292969 9.63624382019043 -0.034190621227025986
			vertex 51.15028381347656 9.597886085510254 -0.19988617300987244
			vertex 51.15028381347656 9.699886322021484 -0.09788578748703003
		endloop
	endfacet
	facet normal 0.5674468309355908 -0.6845089807916802 0.4576587694742561
		outer loop
			vertex 51.02214050292969 9.63624382019043 -0.034190621227025986
			vertex 51.15028381347656 9.699886322021484 -0.09788578748703003
			vertex 51.03550720214844 9.723609924316406 0.07990746945142746
		endloop
	endfacet
	facet normal 0.5674473855047316 -0.6845083389593665 0.4576590418411221
		outer loop
			vertex 51.03550720214844 9.723609924316406 0.07990746945142746
			vertex 51.15028381347656 9.699886322021484 -0.09788578748703003
			vertex 51.16364288330078 9.787206649780273 0.016153089702129364
		endloop
	endfacet
	facet normal 0.5452116806913889 -0.772763447572297 0.32493211188469673
		outer loop
			vertex 51.03550720214844 9.723609924316406 0.07990746945142746
			vertex 51.16364288330078 9.787206649780273 0.016153089702129364
			vertex 51.061893463134766 9.794024467468262 0.20309531688690186
		endloop
	endfacet
	facet normal 0.5452187645078108 -0.7727569283901251 0.32493572972764295
		outer loop
			vertex 51.061893463134766 9.794024467468262 0.20309531688690186
			vertex 51.16364288330078 9.787206649780273 0.016153089702129364
			vertex 51.19001388549805 9.857584953308105 0.13927699625492096
		endloop
	endfacet
	facet normal 0.5086814431180641 -0.8411876601330537 0.18342984998958575
		outer loop
			vertex 51.061893463134766 9.794024467468262 0.20309531688690186
			vertex 51.19001388549805 9.857584953308105 0.13927699625492096
			vertex 51.22896194458008 9.909429550170898 0.26902076601982117
		endloop
	endfacet
	facet normal 0.9656291735866777 -0.18379378537470825 0.1837937528207794
		outer loop
			vertex 50.71482467651367 9.245491027832031 0.32724007964134216
			vertex 50.75547790527344 9.27385425567627 0.14201638102531433
			vertex 50.75547790527344 9.357983589172363 0.22614572942256927
		endloop
	endfacet
	facet normal 0.9598759956271175 -0.2653370923662449 0.09074304619901828
		outer loop
			vertex 50.71482467651367 9.245491027832031 0.32724007964134216
			vertex 50.75547790527344 9.357983589172363 0.22614572942256927
			vertex 50.76649475097656 9.430005073547363 0.32020434737205505
		endloop
	endfacet
	facet normal 0.70030865954752 -0.6040002986183032 0.3804621145814081
		outer loop
			vertex 50.9114990234375 9.556364059448242 0.04265221208333969
			vertex 51.02214050292969 9.63624382019043 -0.034190621227025986
			vertex 50.92446517944336 9.641129493713379 0.15335452556610107
		endloop
	endfacet
	facet normal 0.7003001873265553 -0.6040126974804886 0.3804580251653726
		outer loop
			vertex 50.92446517944336 9.641129493713379 0.15335452556610107
			vertex 51.02214050292969 9.63624382019043 -0.034190621227025986
			vertex 51.03550720214844 9.723609924316406 0.07990746945142746
		endloop
	endfacet
	facet normal 0.6783851934289953 -0.6909910487858653 0.24964955404349282
		outer loop
			vertex 50.92446517944336 9.641129493713379 0.15335452556610107
			vertex 51.03550720214844 9.723609924316406 0.07990746945142746
			vertex 50.950069427490234 9.70944881439209 0.2728760540485382
		endloop
	endfacet
	facet normal 0.6783965599011367 -0.6909777177477024 0.2496555649098975
		outer loop
			vertex 50.950069427490234 9.70944881439209 0.2728760540485382
			vertex 51.03550720214844 9.723609924316406 0.07990746945142746
			vertex 51.061893463134766 9.794024467468262 0.20309531688690186
		endloop
	endfacet
	facet normal 0.7076752951188856 -0.4995969561142047 0.49959839683471724
		outer loop
			vertex 51.02214050292969 9.63624382019043 -0.034190621227025986
			vertex 50.9114990234375 9.556364059448242 0.04265221208333969
			vertex 51.02214050292969 9.53419017791748 -0.13624396920204163
		endloop
	endfacet
	facet normal 0.791196497188022 -0.5883636386062184 0.16684223567027445
		outer loop
			vertex 50.8579216003418 9.606417655944824 0.3465062379837036
			vertex 50.83388137817383 9.54226303100586 0.23427021503448486
			vertex 50.92446517944336 9.641129493713379 0.15335452556610107
		endloop
	endfacet
	facet normal 0.812126553553007 -0.5052869902295624 0.29177991452268454
		outer loop
			vertex 50.92446517944336 9.641129493713379 0.15335452556610107
			vertex 50.83388137817383 9.54226303100586 0.23427021503448486
			vertex 50.9114990234375 9.556364059448242 0.04265221208333969
		endloop
	endfacet
	facet normal 0.7911835764624949 -0.5883832761353182 0.1668342551764639
		outer loop
			vertex 50.8579216003418 9.606417655944824 0.3465062379837036
			vertex 50.92446517944336 9.641129493713379 0.15335452556610107
			vertex 50.950069427490234 9.70944881439209 0.2728760540485382
		endloop
	endfacet
	facet normal 0.23408538769265455 -0.8648102902567478 0.4441927432262026
		outer loop
			vertex 51.45526885986328 9.850676536560059 -0.07490746676921844
			vertex 51.479244232177734 9.914654731750488 0.037018533796072006
			vertex 51.33054733276367 9.898204803466797 0.08335360884666443
		endloop
	endfacet
	facet normal 0.1998586404547492 -0.9289651262689588 0.31157714616395843
		outer loop
			vertex 51.33054733276367 9.898204803466797 0.08335360884666443
			vertex 51.479244232177734 9.914654731750488 0.037018533796072006
			vertex 51.51447677612305 9.961621284484863 0.15444935858249664
		endloop
	endfacet
	facet normal 0.19994908069763015 -0.9290105340850754 0.3113836744068892
		outer loop
			vertex 51.33054733276367 9.898204803466797 0.08335360884666443
			vertex 51.51447677612305 9.961621284484863 0.15444935858249664
			vertex 51.36820602416992 9.948366165161133 0.20882779359817505
		endloop
	endfacet
	facet normal 0.1530728498836708 -0.9726586875682772 0.17465331410095702
		outer loop
			vertex 51.36820602416992 9.948366165161133 0.20882779359817505
			vertex 51.51447677612305 9.961621284484863 0.15444935858249664
			vertex 51.559906005859375 9.990221977233887 0.27391305565834045
		endloop
	endfacet
	facet normal 0.1531471459548456 -0.9726834096414224 0.17445038347398975
		outer loop
			vertex 51.36820602416992 9.948366165161133 0.20882779359817505
			vertex 51.559906005859375 9.990221977233887 0.27391305565834045
			vertex 51.41654968261719 9.978772163391113 0.3359224796295166
		endloop
	endfacet
	facet normal 0.9961953339284056 -0.08714847479601906 0
		outer loop
			vertex 50.71367263793945 9.2562837600708 0.4000000059604645
			vertex 50.71367263793945 9.2562837600708 3.4666666984558105
			vertex 50.70000076293945 9.100000381469727 0.4000000059604645
		endloop
	endfacet
	facet normal 0.9961953339284056 -0.08714847479601906 0
		outer loop
			vertex 50.70000076293945 9.100000381469727 0.4000000059604645
			vertex 50.71367263793945 9.2562837600708 3.4666666984558105
			vertex 50.71367263793945 9.2562837600708 6.5333333015441895
		endloop
	endfacet
	facet normal 0.9961953339284056 -0.08714847479601906 0
		outer loop
			vertex 50.70000076293945 9.100000381469727 0.4000000059604645
			vertex 50.71367263793945 9.2562837600708 6.5333333015441895
			vertex 50.70000076293945 9.100000381469727 9.600000381469727
		endloop
	endfacet
	facet normal 0.9961953339284058 -0.08714847479601907 0
		outer loop
			vertex 50.70000076293945 9.100000381469727 9.600000381469727
			vertex 50.71367263793945 9.2562837600708 6.5333333015441895
			vertex 50.71367263793945 9.2562837600708 9.600000381469727
		endloop
	endfacet
	facet normal 0.9659255024762835 -0.2588202535852622 0
		outer loop
			vertex 50.71367263793945 9.2562837600708 9.600000381469727
			vertex 50.71367263793945 9.2562837600708 6.5333333015441895
			vertex 50.754276275634766 9.407817840576172 9.600000381469727
		endloop
	endfacet
	facet normal 0.9659255024762835 -0.2588202535852622 0
		outer loop
			vertex 50.754276275634766 9.407817840576172 9.600000381469727
			vertex 50.71367263793945 9.2562837600708 6.5333333015441895
			vertex 50.754276275634766 9.407817840576172 6.5333333015441895
		endloop
	endfacet
	facet normal 0.9063109127502068 -0.42261155856162685 0
		outer loop
			vertex 50.754276275634766 9.407817840576172 9.600000381469727
			vertex 50.754276275634766 9.407817840576172 6.5333333015441895
			vertex 50.82057571411133 9.550000190734863 9.600000381469727
		endloop
	endfacet
	facet normal 0.9063109127502068 -0.42261155856162685 0
		outer loop
			vertex 50.82057571411133 9.550000190734863 9.600000381469727
			vertex 50.754276275634766 9.407817840576172 6.5333333015441895
			vertex 50.82057571411133 9.550000190734863 6.5333333015441895
		endloop
	endfacet
	facet normal 0.819145377867864 -0.5735859568693381 0
		outer loop
			vertex 50.82057571411133 9.550000190734863 9.600000381469727
			vertex 50.82057571411133 9.550000190734863 6.5333333015441895
			vertex 50.910560607910156 9.678508758544922 9.600000381469727
		endloop
	endfacet
	facet normal 0.819145377867864 -0.5735859568693381 0
		outer loop
			vertex 50.910560607910156 9.678508758544922 9.600000381469727
			vertex 50.82057571411133 9.550000190734863 6.5333333015441895
			vertex 50.910560607910156 9.678508758544922 6.5333333015441895
		endloop
	endfacet
	facet normal 0.7071067811865476 -0.7071067811865476 0
		outer loop
			vertex 50.910560607910156 9.678508758544922 9.600000381469727
			vertex 50.910560607910156 9.678508758544922 6.5333333015441895
			vertex 51.02149200439453 9.789440155029297 9.600000381469727
		endloop
	endfacet
	facet normal 0.7071067811865476 -0.7071067811865476 0
		outer loop
			vertex 51.02149200439453 9.789440155029297 9.600000381469727
			vertex 50.910560607910156 9.678508758544922 6.5333333015441895
			vertex 51.02149200439453 9.789440155029297 6.5333333015441895
		endloop
	endfacet
	facet normal 0.5735749426479929 -0.8191530901891 0
		outer loop
			vertex 51.02149200439453 9.789440155029297 9.600000381469727
			vertex 51.02149200439453 9.789440155029297 6.5333333015441895
			vertex 51.150001525878906 9.879423141479492 9.600000381469727
		endloop
	endfacet
	facet normal 0.5735749426479929 -0.8191530901891 0
		outer loop
			vertex 51.150001525878906 9.879423141479492 9.600000381469727
			vertex 51.02149200439453 9.789440155029297 6.5333333015441895
			vertex 51.150001525878906 9.879423141479492 6.5333333015441895
		endloop
	endfacet
	facet normal 0.4226188802108968 -0.9063074986390037 0
		outer loop
			vertex 51.150001525878906 9.879423141479492 9.600000381469727
			vertex 51.150001525878906 9.879423141479492 6.5333333015441895
			vertex 51.29218292236328 9.945723533630371 9.600000381469727
		endloop
	endfacet
	facet normal 0.4226188802108968 -0.9063074986390037 0
		outer loop
			vertex 51.29218292236328 9.945723533630371 9.600000381469727
			vertex 51.150001525878906 9.879423141479492 6.5333333015441895
			vertex 51.29218292236328 9.945723533630371 6.5333333015441895
		endloop
	endfacet
	facet normal 0.2588187338328777 -0.9659259096934641 0
		outer loop
			vertex 51.29218292236328 9.945723533630371 9.600000381469727
			vertex 51.29218292236328 9.945723533630371 6.5333333015441895
			vertex 51.44371795654297 9.986327171325684 9.600000381469727
		endloop
	endfacet
	facet normal 0.2588187338328777 -0.9659259096934641 0
		outer loop
			vertex 51.44371795654297 9.986327171325684 9.600000381469727
			vertex 51.29218292236328 9.945723533630371 6.5333333015441895
			vertex 51.44371795654297 9.986327171325684 6.5333333015441895
		endloop
	endfacet
	facet normal 0.0871560910325016 -0.9961946676207089 0
		outer loop
			vertex 51.44371795654297 9.986327171325684 9.600000381469727
			vertex 51.44371795654297 9.986327171325684 6.5333333015441895
			vertex 51.599998474121094 10 9.600000381469727
		endloop
	endfacet
	facet normal 0.08715609103250159 -0.9961946676207089 0
		outer loop
			vertex 51.599998474121094 10 9.600000381469727
			vertex 51.44371795654297 9.986327171325684 6.5333333015441895
			vertex 51.44371795654297 9.986327171325684 3.4666666984558105
		endloop
	endfacet
	facet normal 0.0871560910325016 -0.9961946676207089 0
		outer loop
			vertex 51.599998474121094 10 9.600000381469727
			vertex 51.44371795654297 9.986327171325684 3.4666666984558105
			vertex 51.599998474121094 10 0.4000000059604645
		endloop
	endfacet
	facet normal 0.08715609103250159 -0.9961946676207087 0
		outer loop
			vertex 51.599998474121094 10 0.4000000059604645
			vertex 51.44371795654297 9.986327171325684 3.4666666984558105
			vertex 51.44371795654297 9.986327171325684 0.4000000059604645
		endloop
	endfacet
	facet normal 0.2588187338328776 -0.965925909693464 0
		outer loop
			vertex 51.44371795654297 9.986327171325684 0.4000000059604645
			vertex 51.44371795654297 9.986327171325684 3.4666666984558105
			vertex 51.29218292236328 9.945723533630371 0.4000000059604645
		endloop
	endfacet
	facet normal 0.2588187338328776 -0.965925909693464 0
		outer loop
			vertex 51.29218292236328 9.945723533630371 0.4000000059604645
			vertex 51.44371795654297 9.986327171325684 3.4666666984558105
			vertex 51.29218292236328 9.945723533630371 3.4666666984558105
		endloop
	endfacet
	facet normal 0.4226188802108967 -0.9063074986390036 0
		outer loop
			vertex 51.29218292236328 9.945723533630371 0.4000000059604645
			vertex 51.29218292236328 9.945723533630371 3.4666666984558105
			vertex 51.150001525878906 9.879423141479492 0.4000000059604645
		endloop
	endfacet
	facet normal 0.4226188802108967 -0.9063074986390036 0
		outer loop
			vertex 51.150001525878906 9.879423141479492 0.4000000059604645
			vertex 51.29218292236328 9.945723533630371 3.4666666984558105
			vertex 51.150001525878906 9.879423141479492 3.4666666984558105
		endloop
	endfacet
	facet normal 0.5735749426479929 -0.8191530901891 0
		outer loop
			vertex 51.150001525878906 9.879423141479492 0.4000000059604645
			vertex 51.150001525878906 9.879423141479492 3.4666666984558105
			vertex 51.02149200439453 9.789440155029297 0.4000000059604645
		endloop
	endfacet
	facet normal 0.5735749426479929 -0.8191530901891 0
		outer loop
			vertex 51.02149200439453 9.789440155029297 0.4000000059604645
			vertex 51.150001525878906 9.879423141479492 3.4666666984558105
			vertex 51.02149200439453 9.789440155029297 3.4666666984558105
		endloop
	endfacet
	facet normal 0.7071067811865476 -0.7071067811865476 0
		outer loop
			vertex 51.02149200439453 9.789440155029297 0.4000000059604645
			vertex 51.02149200439453 9.789440155029297 3.4666666984558105
			vertex 50.910560607910156 9.678508758544922 0.4000000059604645
		endloop
	endfacet
	facet normal 0.7071067811865476 -0.7071067811865476 0
		outer loop
			vertex 50.910560607910156 9.678508758544922 0.4000000059604645
			vertex 51.02149200439453 9.789440155029297 3.4666666984558105
			vertex 50.910560607910156 9.678508758544922 3.4666666984558105
		endloop
	endfacet
	facet normal 0.8191453778678641 -0.5735859568693382 0
		outer loop
			vertex 50.910560607910156 9.678508758544922 0.4000000059604645
			vertex 50.910560607910156 9.678508758544922 3.4666666984558105
			vertex 50.82057571411133 9.550000190734863 0.4000000059604645
		endloop
	endfacet
	facet normal 0.8191453778678641 -0.5735859568693382 0
		outer loop
			vertex 50.82057571411133 9.550000190734863 0.4000000059604645
			vertex 50.910560607910156 9.678508758544922 3.4666666984558105
			vertex 50.82057571411133 9.550000190734863 3.4666666984558105
		endloop
	endfacet
	facet normal 0.9063109127502067 -0.42261155856162674 0
		outer loop
			vertex 50.82057571411133 9.550000190734863 0.4000000059604645
			vertex 50.82057571411133 9.550000190734863 3.4666666984558105
			vertex 50.754276275634766 9.407817840576172 0.4000000059604645
		endloop
	endfacet
	facet normal 0.9063109127502067 -0.42261155856162674 0
		outer loop
			vertex 50.754276275634766 9.407817840576172 0.4000000059604645
			vertex 50.82057571411133 9.550000190734863 3.4666666984558105
			vertex 50.754276275634766 9.407817840576172 3.4666666984558105
		endloop
	endfacet
	facet normal 0.9659255024762835 -0.2588202535852623 0
		outer loop
			vertex 50.754276275634766 9.407817840576172 0.4000000059604645
			vertex 50.754276275634766 9.407817840576172 3.4666666984558105
			vertex 50.71367263793945 9.2562837600708 0.4000000059604645
		endloop
	endfacet
	facet normal 0.9659255024762835 -0.2588202535852623 0
		outer loop
			vertex 50.71367263793945 9.2562837600708 0.4000000059604645
			vertex 50.754276275634766 9.407817840576172 3.4666666984558105
			vertex 50.71367263793945 9.2562837600708 3.4666666984558105
		endloop
	endfacet
	facet normal 0.9659255024762835 -0.2588202535852622 0
		outer loop
			vertex 50.754276275634766 9.407817840576172 6.5333333015441895
			vertex 50.71367263793945 9.2562837600708 6.5333333015441895
			vertex 50.71367263793945 9.2562837600708 3.4666666984558105
		endloop
	endfacet
	facet normal 0.9659255024762835 -0.2588202535852622 0
		outer loop
			vertex 50.754276275634766 9.407817840576172 6.5333333015441895
			vertex 50.71367263793945 9.2562837600708 3.4666666984558105
			vertex 50.754276275634766 9.407817840576172 3.4666666984558105
		endloop
	endfacet
	facet normal 0.9063109127502068 -0.4226115585616268 0
		outer loop
			vertex 50.82057571411133 9.550000190734863 6.5333333015441895
			vertex 50.754276275634766 9.407817840576172 6.5333333015441895
			vertex 50.754276275634766 9.407817840576172 3.4666666984558105
		endloop
	endfacet
	facet normal 0.9063109127502068 -0.4226115585616268 0
		outer loop
			vertex 50.82057571411133 9.550000190734863 6.5333333015441895
			vertex 50.754276275634766 9.407817840576172 3.4666666984558105
			vertex 50.82057571411133 9.550000190734863 3.4666666984558105
		endloop
	endfacet
	facet normal 0.819145377867864 -0.5735859568693381 0
		outer loop
			vertex 50.910560607910156 9.678508758544922 6.5333333015441895
			vertex 50.82057571411133 9.550000190734863 6.5333333015441895
			vertex 50.82057571411133 9.550000190734863 3.4666666984558105
		endloop
	endfacet
	facet normal 0.819145377867864 -0.5735859568693381 0
		outer loop
			vertex 50.910560607910156 9.678508758544922 6.5333333015441895
			vertex 50.82057571411133 9.550000190734863 3.4666666984558105
			vertex 50.910560607910156 9.678508758544922 3.4666666984558105
		endloop
	endfacet
	facet normal 0.7071067811865476 -0.7071067811865476 0
		outer loop
			vertex 51.02149200439453 9.789440155029297 6.5333333015441895
			vertex 50.910560607910156 9.678508758544922 6.5333333015441895
			vertex 50.910560607910156 9.678508758544922 3.4666666984558105
		endloop
	endfacet
	facet normal 0.7071067811865476 -0.7071067811865476 0
		outer loop
			vertex 51.02149200439453 9.789440155029297 6.5333333015441895
			vertex 50.910560607910156 9.678508758544922 3.4666666984558105
			vertex 51.02149200439453 9.789440155029297 3.4666666984558105
		endloop
	endfacet
	facet normal 0.5735749426479929 -0.8191530901891 0
		outer loop
			vertex 51.150001525878906 9.879423141479492 6.5333333015441895
			vertex 51.02149200439453 9.789440155029297 6.5333333015441895
			vertex 51.02149200439453 9.789440155029297 3.4666666984558105
		endloop
	endfacet
	facet normal 0.5735749426479929 -0.8191530901891 0
		outer loop
			vertex 51.150001525878906 9.879423141479492 6.5333333015441895
			vertex 51.02149200439453 9.789440155029297 3.4666666984558105
			vertex 51.150001525878906 9.879423141479492 3.4666666984558105
		endloop
	endfacet
	facet normal 0.4226188802108967 -0.9063074986390036 0
		outer loop
			vertex 51.29218292236328 9.945723533630371 6.5333333015441895
			vertex 51.150001525878906 9.879423141479492 6.5333333015441895
			vertex 51.150001525878906 9.879423141479492 3.4666666984558105
		endloop
	endfacet
	facet normal 0.4226188802108967 -0.9063074986390036 0
		outer loop
			vertex 51.29218292236328 9.945723533630371 6.5333333015441895
			vertex 51.150001525878906 9.879423141479492 3.4666666984558105
			vertex 51.29218292236328 9.945723533630371 3.4666666984558105
		endloop
	endfacet
	facet normal 0.2588187338328776 -0.965925909693464 0
		outer loop
			vertex 51.44371795654297 9.986327171325684 6.5333333015441895
			vertex 51.29218292236328 9.945723533630371 6.5333333015441895
			vertex 51.29218292236328 9.945723533630371 3.4666666984558105
		endloop
	endfacet
	facet normal 0.2588187338328776 -0.965925909693464 0
		outer loop
			vertex 51.44371795654297 9.986327171325684 6.5333333015441895
			vertex 51.29218292236328 9.945723533630371 3.4666666984558105
			vertex 51.44371795654297 9.986327171325684 3.4666666984558105
		endloop
	endfacet
	facet normal 0.08715722220566048 0 0.9961945686548351
		outer loop
			vertex 51.599998474121094 7.900000095367432 -0.5
			vertex 51.599998474121094 9.100000381469727 -0.5
			vertex 51.44371795654297 7.900000095367432 -0.48632699251174927
		endloop
	endfacet
	facet normal 0.08715722220566048 0 0.9961945686548351
		outer loop
			vertex 51.44371795654297 7.900000095367432 -0.48632699251174927
			vertex 51.599998474121094 9.100000381469727 -0.5
			vertex 51.44371795654297 9.100000381469727 -0.48632699251174927
		endloop
	endfacet
	facet normal 0.2588187338328776 0 0.965925909693464
		outer loop
			vertex 51.44371795654297 7.900000095367432 -0.48632699251174927
			vertex 51.44371795654297 9.100000381469727 -0.48632699251174927
			vertex 51.29218292236328 7.900000095367432 -0.44572335481643677
		endloop
	endfacet
	facet normal 0.2588187338328776 0 0.965925909693464
		outer loop
			vertex 51.29218292236328 7.900000095367432 -0.44572335481643677
			vertex 51.44371795654297 9.100000381469727 -0.48632699251174927
			vertex 51.29218292236328 9.100000381469727 -0.44572335481643677
		endloop
	endfacet
	facet normal 0.4226193483286917 0 0.9063072803515551
		outer loop
			vertex 51.29218292236328 7.900000095367432 -0.44572335481643677
			vertex 51.29218292236328 9.100000381469727 -0.44572335481643677
			vertex 51.150001525878906 7.900000095367432 -0.3794228732585907
		endloop
	endfacet
	facet normal 0.4226193483286917 0 0.9063072803515551
		outer loop
			vertex 51.150001525878906 7.900000095367432 -0.3794228732585907
			vertex 51.29218292236328 9.100000381469727 -0.44572335481643677
			vertex 51.150001525878906 9.100000381469727 -0.3794228732585907
		endloop
	endfacet
	facet normal 0.5735744327652669 0 0.8191534472112062
		outer loop
			vertex 51.150001525878906 7.900000095367432 -0.3794228732585907
			vertex 51.150001525878906 9.100000381469727 -0.3794228732585907
			vertex 51.02149200439453 7.900000095367432 -0.28944000601768494
		endloop
	endfacet
	facet normal 0.5735744327652669 0 0.8191534472112062
		outer loop
			vertex 51.02149200439453 7.900000095367432 -0.28944000601768494
			vertex 51.150001525878906 9.100000381469727 -0.3794228732585907
			vertex 51.02149200439453 9.100000381469727 -0.28944000601768494
		endloop
	endfacet
	facet normal 0.7071060213130079 0 0.7071075410592705
		outer loop
			vertex 51.02149200439453 7.900000095367432 -0.28944000601768494
			vertex 51.02149200439453 9.100000381469727 -0.28944000601768494
			vertex 50.910560607910156 7.900000095367432 -0.17850884795188904
		endloop
	endfacet
	facet normal 0.7071060213130079 0 0.7071075410592705
		outer loop
			vertex 50.910560607910156 7.900000095367432 -0.17850884795188904
			vertex 51.02149200439453 9.100000381469727 -0.28944000601768494
			vertex 50.910560607910156 9.100000381469727 -0.17850884795188904
		endloop
	endfacet
	facet normal 0.8191459637987022 0 0.5735851200931695
		outer loop
			vertex 50.910560607910156 7.900000095367432 -0.17850884795188904
			vertex 50.910560607910156 9.100000381469727 -0.17850884795188904
			vertex 50.82057571411133 7.900000095367432 -0.05000000074505806
		endloop
	endfacet
	facet normal 0.8191459637987022 0 0.5735851200931695
		outer loop
			vertex 50.82057571411133 7.900000095367432 -0.05000000074505806
			vertex 50.910560607910156 9.100000381469727 -0.17850884795188904
			vertex 50.82057571411133 9.100000381469727 -0.05000000074505806
		endloop
	endfacet
	facet normal 0.9063103656512294 0 0.4226127318398431
		outer loop
			vertex 50.82057571411133 7.900000095367432 -0.05000000074505806
			vertex 50.82057571411133 9.100000381469727 -0.05000000074505806
			vertex 50.754276275634766 7.900000095367432 0.09218186885118484
		endloop
	endfacet
	facet normal 0.9063103656512294 0 0.4226127318398431
		outer loop
			vertex 50.754276275634766 7.900000095367432 0.09218186885118484
			vertex 50.82057571411133 9.100000381469727 -0.05000000074505806
			vertex 50.754276275634766 9.100000381469727 0.09218186885118484
		endloop
	endfacet
	facet normal 0.9659257983457288 0 0.25881914938846107
		outer loop
			vertex 50.754276275634766 7.900000095367432 0.09218186885118484
			vertex 50.754276275634766 9.100000381469727 0.09218186885118484
			vertex 50.71367263793945 7.900000095367432 0.24371664226055145
		endloop
	endfacet
	facet normal 0.9659257983457288 0 0.25881914938846107
		outer loop
			vertex 50.71367263793945 7.900000095367432 0.24371664226055145
			vertex 50.754276275634766 9.100000381469727 0.09218186885118484
			vertex 50.71367263793945 9.100000381469727 0.24371664226055145
		endloop
	endfacet
	facet normal 0.9961953332070134 0 0.08714848304226265
		outer loop
			vertex 50.71367263793945 7.900000095367432 0.24371664226055145
			vertex 50.71367263793945 9.100000381469727 0.24371664226055145
			vertex 50.70000076293945 7.900000095367432 0.4000000059604645
		endloop
	endfacet
	facet normal 0.9961953332070134 0 0.08714848304226265
		outer loop
			vertex 50.70000076293945 7.900000095367432 0.4000000059604645
			vertex 50.71367263793945 9.100000381469727 0.24371664226055145
			vertex 50.70000076293945 9.100000381469727 0.4000000059604645
		endloop
	endfacet
	facet normal 0 -0.08715563877022346 0.996194707188587
		outer loop
			vertex 51.599998474121094 9.100000381469727 -0.5
			vertex 51.70000076293945 9.100000381469727 -0.5
			vertex 51.599998474121094 9.2562837600708 -0.48632699251174927
		endloop
	endfacet
	facet normal 0 -0.08715563877022346 0.996194707188587
		outer loop
			vertex 51.599998474121094 9.2562837600708 -0.48632699251174927
			vertex 51.70000076293945 9.100000381469727 -0.5
			vertex 51.70000076293945 9.2562837600708 -0.48632699251174927
		endloop
	endfacet
	facet normal 0 -0.2588202535852622 0.9659255024762835
		outer loop
			vertex 51.599998474121094 9.2562837600708 -0.48632699251174927
			vertex 51.70000076293945 9.2562837600708 -0.48632699251174927
			vertex 51.599998474121094 9.407817840576172 -0.44572335481643677
		endloop
	endfacet
	facet normal 0 -0.2588202535852622 0.9659255024762835
		outer loop
			vertex 51.599998474121094 9.407817840576172 -0.44572335481643677
			vertex 51.70000076293945 9.2562837600708 -0.48632699251174927
			vertex 51.70000076293945 9.407817840576172 -0.44572335481643677
		endloop
	endfacet
	facet normal 0 -0.4226170199399429 0.9063083660968171
		outer loop
			vertex 51.599998474121094 9.407817840576172 -0.44572335481643677
			vertex 51.70000076293945 9.407817840576172 -0.44572335481643677
			vertex 51.599998474121094 9.550000190734863 -0.3794228732585907
		endloop
	endfacet
	facet normal 0 -0.4226170199399429 0.9063083660968171
		outer loop
			vertex 51.599998474121094 9.550000190734863 -0.3794228732585907
			vertex 51.70000076293945 9.407817840576172 -0.44572335481643677
			vertex 51.70000076293945 9.550000190734863 -0.3794228732585907
		endloop
	endfacet
	facet normal 0 -0.5735772889528282 0.8191514472901357
		outer loop
			vertex 51.599998474121094 9.550000190734863 -0.3794228732585907
			vertex 51.70000076293945 9.550000190734863 -0.3794228732585907
			vertex 51.599998474121094 9.678508758544922 -0.28944000601768494
		endloop
	endfacet
	facet normal 0 -0.5735772889528282 0.8191514472901357
		outer loop
			vertex 51.599998474121094 9.678508758544922 -0.28944000601768494
			vertex 51.70000076293945 9.550000190734863 -0.3794228732585907
			vertex 51.70000076293945 9.678508758544922 -0.28944000601768494
		endloop
	endfacet
	facet normal 0 -0.707106021313008 0.7071075410592705
		outer loop
			vertex 51.599998474121094 9.678508758544922 -0.28944000601768494
			vertex 51.70000076293945 9.678508758544922 -0.28944000601768494
			vertex 51.599998474121094 9.789440155029297 -0.17850884795188904
		endloop
	endfacet
	facet normal 0 -0.707106021313008 0.7071075410592705
		outer loop
			vertex 51.599998474121094 9.789440155029297 -0.17850884795188904
			vertex 51.70000076293945 9.678508758544922 -0.28944000601768494
			vertex 51.70000076293945 9.789440155029297 -0.17850884795188904
		endloop
	endfacet
	facet normal 0 -0.8191516761836023 0.5735769620596656
		outer loop
			vertex 51.599998474121094 9.789440155029297 -0.17850884795188904
			vertex 51.70000076293945 9.789440155029297 -0.17850884795188904
			vertex 51.599998474121094 9.879423141479492 -0.05000000074505806
		endloop
	endfacet
	facet normal 0 -0.8191516761836023 0.5735769620596656
		outer loop
			vertex 51.599998474121094 9.879423141479492 -0.05000000074505806
			vertex 51.70000076293945 9.789440155029297 -0.17850884795188904
			vertex 51.70000076293945 9.879423141479492 -0.05000000074505806
		endloop
	endfacet
	facet normal 0 -0.9063080372716218 0.42261772510965573
		outer loop
			vertex 51.599998474121094 9.879423141479492 -0.05000000074505806
			vertex 51.70000076293945 9.879423141479492 -0.05000000074505806
			vertex 51.599998474121094 9.945723533630371 0.09218186885118484
		endloop
	endfacet
	facet normal 0 -0.9063080372716218 0.42261772510965573
		outer loop
			vertex 51.599998474121094 9.945723533630371 0.09218186885118484
			vertex 51.70000076293945 9.879423141479492 -0.05000000074505806
			vertex 51.70000076293945 9.945723533630371 0.09218186885118484
		endloop
	endfacet
	facet normal 0 -0.9659257983457288 0.25881914938846107
		outer loop
			vertex 51.599998474121094 9.945723533630371 0.09218186885118484
			vertex 51.70000076293945 9.945723533630371 0.09218186885118484
			vertex 51.599998474121094 9.986327171325684 0.24371664226055145
		endloop
	endfacet
	facet normal 0 -0.9659257983457288 0.25881914938846107
		outer loop
			vertex 51.599998474121094 9.986327171325684 0.24371664226055145
			vertex 51.70000076293945 9.945723533630371 0.09218186885118484
			vertex 51.70000076293945 9.986327171325684 0.24371664226055145
		endloop
	endfacet
	facet normal 0 -0.9961948054293867 0.08715451586410634
		outer loop
			vertex 51.599998474121094 9.986327171325684 0.24371664226055145
			vertex 51.70000076293945 9.986327171325684 0.24371664226055145
			vertex 51.599998474121094 10 0.4000000059604645
		endloop
	endfacet
	facet normal 0 -0.9961948054293867 0.08715451586410634
		outer loop
			vertex 51.599998474121094 10 0.4000000059604645
			vertex 51.70000076293945 9.986327171325684 0.24371664226055145
			vertex 51.70000076293945 10 0.4000000059604645
		endloop
	endfacet
	facet normal 0 -0.9961948061508784 -0.08715450761730065
		outer loop
			vertex 51.599998474121094 10 9.600000381469727
			vertex 51.70000076293945 10 9.600000381469727
			vertex 51.599998474121094 9.986327171325684 9.7562837600708
		endloop
	endfacet
	facet normal 0 -0.9961948061508784 -0.08715450761730065
		outer loop
			vertex 51.599998474121094 9.986327171325684 9.7562837600708
			vertex 51.70000076293945 10 9.600000381469727
			vertex 51.70000076293945 9.986327171325684 9.7562837600708
		endloop
	endfacet
	facet normal 0 -0.9659255024762835 -0.2588202535852622
		outer loop
			vertex 51.599998474121094 9.986327171325684 9.7562837600708
			vertex 51.70000076293945 9.986327171325684 9.7562837600708
			vertex 51.599998474121094 9.945723533630371 9.907817840576172
		endloop
	endfacet
	facet normal 0 -0.9659255024762835 -0.2588202535852622
		outer loop
			vertex 51.599998474121094 9.945723533630371 9.907817840576172
			vertex 51.70000076293945 9.986327171325684 9.7562837600708
			vertex 51.70000076293945 9.945723533630371 9.907817840576172
		endloop
	endfacet
	facet normal 0 -0.906308584382122 -0.4226165518236054
		outer loop
			vertex 51.599998474121094 9.945723533630371 9.907817840576172
			vertex 51.70000076293945 9.945723533630371 9.907817840576172
			vertex 51.599998474121094 9.879423141479492 10.050000190734863
		endloop
	endfacet
	facet normal 0 -0.906308584382122 -0.4226165518236054
		outer loop
			vertex 51.599998474121094 9.879423141479492 10.050000190734863
			vertex 51.70000076293945 9.945723533630371 9.907817840576172
			vertex 51.70000076293945 9.879423141479492 10.050000190734863
		endloop
	endfacet
	facet normal 0 -0.8191510902653454 -0.5735777988356034
		outer loop
			vertex 51.599998474121094 9.879423141479492 10.050000190734863
			vertex 51.70000076293945 9.879423141479492 10.050000190734863
			vertex 51.599998474121094 9.789440155029297 10.178508758544922
		endloop
	endfacet
	facet normal 0 -0.8191510902653454 -0.5735777988356034
		outer loop
			vertex 51.599998474121094 9.789440155029297 10.178508758544922
			vertex 51.70000076293945 9.879423141479492 10.050000190734863
			vertex 51.70000076293945 9.789440155029297 10.178508758544922
		endloop
	endfacet
	facet normal 0 -0.7071067811865476 -0.7071067811865476
		outer loop
			vertex 51.599998474121094 9.789440155029297 10.178508758544922
			vertex 51.70000076293945 9.789440155029297 10.178508758544922
			vertex 51.599998474121094 9.678508758544922 10.289440155029297
		endloop
	endfacet
	facet normal 0 -0.7071067811865476 -0.7071067811865476
		outer loop
			vertex 51.599998474121094 9.678508758544922 10.289440155029297
			vertex 51.70000076293945 9.789440155029297 10.178508758544922
			vertex 51.70000076293945 9.678508758544922 10.289440155029297
		endloop
	endfacet
	facet normal 0 -0.5735777988356034 -0.8191510902653454
		outer loop
			vertex 51.599998474121094 9.678508758544922 10.289440155029297
			vertex 51.70000076293945 9.678508758544922 10.289440155029297
			vertex 51.599998474121094 9.550000190734863 10.379423141479492
		endloop
	endfacet
	facet normal 0 -0.5735777988356034 -0.8191510902653454
		outer loop
			vertex 51.599998474121094 9.550000190734863 10.379423141479492
			vertex 51.70000076293945 9.678508758544922 10.289440155029297
			vertex 51.70000076293945 9.550000190734863 10.379423141479492
		endloop
	endfacet
	facet normal 0 -0.4226165518236054 -0.906308584382122
		outer loop
			vertex 51.599998474121094 9.550000190734863 10.379423141479492
			vertex 51.70000076293945 9.550000190734863 10.379423141479492
			vertex 51.599998474121094 9.407817840576172 10.445723533630371
		endloop
	endfacet
	facet normal 0 -0.4226165518236054 -0.906308584382122
		outer loop
			vertex 51.599998474121094 9.407817840576172 10.445723533630371
			vertex 51.70000076293945 9.550000190734863 10.379423141479492
			vertex 51.70000076293945 9.407817840576172 10.445723533630371
		endloop
	endfacet
	facet normal 0 -0.2588202535852622 -0.9659255024762835
		outer loop
			vertex 51.599998474121094 9.407817840576172 10.445723533630371
			vertex 51.70000076293945 9.407817840576172 10.445723533630371
			vertex 51.599998474121094 9.2562837600708 10.486327171325684
		endloop
	endfacet
	facet normal 0 -0.2588202535852622 -0.9659255024762835
		outer loop
			vertex 51.599998474121094 9.2562837600708 10.486327171325684
			vertex 51.70000076293945 9.407817840576172 10.445723533630371
			vertex 51.70000076293945 9.2562837600708 10.486327171325684
		endloop
	endfacet
	facet normal 0 -0.08715450761730065 -0.9961948061508784
		outer loop
			vertex 51.599998474121094 9.2562837600708 10.486327171325684
			vertex 51.70000076293945 9.2562837600708 10.486327171325684
			vertex 51.599998474121094 9.100000381469727 10.5
		endloop
	endfacet
	facet normal 0 -0.08715450761730065 -0.9961948061508784
		outer loop
			vertex 51.599998474121094 9.100000381469727 10.5
			vertex 51.70000076293945 9.2562837600708 10.486327171325684
			vertex 51.70000076293945 9.100000381469727 10.5
		endloop
	endfacet
	facet normal 0.08715609103250159 0 -0.9961946676207087
		outer loop
			vertex 51.599998474121094 9.100000381469727 10.5
			vertex 51.599998474121094 7.900000095367432 10.5
			vertex 51.44371795654297 9.100000381469727 10.486327171325684
		endloop
	endfacet
	facet normal 0.08715609103250159 0 -0.9961946676207087
		outer loop
			vertex 51.44371795654297 9.100000381469727 10.486327171325684
			vertex 51.599998474121094 7.900000095367432 10.5
			vertex 51.44371795654297 7.900000095367432 10.486327171325684
		endloop
	endfacet
	facet normal 0.2588187338328776 0 -0.965925909693464
		outer loop
			vertex 51.44371795654297 9.100000381469727 10.486327171325684
			vertex 51.44371795654297 7.900000095367432 10.486327171325684
			vertex 51.29218292236328 9.100000381469727 10.445723533630371
		endloop
	endfacet
	facet normal 0.2588187338328776 0 -0.965925909693464
		outer loop
			vertex 51.29218292236328 9.100000381469727 10.445723533630371
			vertex 51.44371795654297 7.900000095367432 10.486327171325684
			vertex 51.29218292236328 7.900000095367432 10.445723533630371
		endloop
	endfacet
	facet normal 0.42261888021089683 0 -0.9063074986390038
		outer loop
			vertex 51.29218292236328 9.100000381469727 10.445723533630371
			vertex 51.29218292236328 7.900000095367432 10.445723533630371
			vertex 51.150001525878906 9.100000381469727 10.379423141479492
		endloop
	endfacet
	facet normal 0.42261888021089683 0 -0.9063074986390038
		outer loop
			vertex 51.150001525878906 9.100000381469727 10.379423141479492
			vertex 51.29218292236328 7.900000095367432 10.445723533630371
			vertex 51.150001525878906 7.900000095367432 10.379423141479492
		endloop
	endfacet
	facet normal 0.5735749426479929 0 -0.8191530901891
		outer loop
			vertex 51.150001525878906 9.100000381469727 10.379423141479492
			vertex 51.150001525878906 7.900000095367432 10.379423141479492
			vertex 51.02149200439453 9.100000381469727 10.289440155029297
		endloop
	endfacet
	facet normal 0.5735749426479929 0 -0.8191530901891
		outer loop
			vertex 51.02149200439453 9.100000381469727 10.289440155029297
			vertex 51.150001525878906 7.900000095367432 10.379423141479492
			vertex 51.02149200439453 7.900000095367432 10.289440155029297
		endloop
	endfacet
	facet normal 0.7071067811865476 0 -0.7071067811865476
		outer loop
			vertex 51.02149200439453 9.100000381469727 10.289440155029297
			vertex 51.02149200439453 7.900000095367432 10.289440155029297
			vertex 50.910560607910156 9.100000381469727 10.178508758544922
		endloop
	endfacet
	facet normal 0.7071067811865476 0 -0.7071067811865476
		outer loop
			vertex 50.910560607910156 9.100000381469727 10.178508758544922
			vertex 51.02149200439453 7.900000095367432 10.289440155029297
			vertex 50.910560607910156 7.900000095367432 10.178508758544922
		endloop
	endfacet
	facet normal 0.819145377867864 0 -0.5735859568693381
		outer loop
			vertex 50.910560607910156 9.100000381469727 10.178508758544922
			vertex 50.910560607910156 7.900000095367432 10.178508758544922
			vertex 50.82057571411133 9.100000381469727 10.050000190734863
		endloop
	endfacet
	facet normal 0.819145377867864 0 -0.5735859568693381
		outer loop
			vertex 50.82057571411133 9.100000381469727 10.050000190734863
			vertex 50.910560607910156 7.900000095367432 10.178508758544922
			vertex 50.82057571411133 7.900000095367432 10.050000190734863
		endloop
	endfacet
	facet normal 0.9063109127502068 0 -0.4226115585616268
		outer loop
			vertex 50.82057571411133 9.100000381469727 10.050000190734863
			vertex 50.82057571411133 7.900000095367432 10.050000190734863
			vertex 50.754276275634766 9.100000381469727 9.907817840576172
		endloop
	endfacet
	facet normal 0.9063109127502068 0 -0.4226115585616268
		outer loop
			vertex 50.754276275634766 9.100000381469727 9.907817840576172
			vertex 50.82057571411133 7.900000095367432 10.050000190734863
			vertex 50.754276275634766 7.900000095367432 9.907817840576172
		endloop
	endfacet
	facet normal 0.9659255024762835 0 -0.2588202535852622
		outer loop
			vertex 50.754276275634766 9.100000381469727 9.907817840576172
			vertex 50.754276275634766 7.900000095367432 9.907817840576172
			vertex 50.71367263793945 9.100000381469727 9.7562837600708
		endloop
	endfacet
	facet normal 0.9659255024762835 0 -0.2588202535852622
		outer loop
			vertex 50.71367263793945 9.100000381469727 9.7562837600708
			vertex 50.754276275634766 7.900000095367432 9.907817840576172
			vertex 50.71367263793945 7.900000095367432 9.7562837600708
		endloop
	endfacet
	facet normal 0.9961953339284058 0 -0.08714847479601907
		outer loop
			vertex 50.71367263793945 9.100000381469727 9.7562837600708
			vertex 50.71367263793945 7.900000095367432 9.7562837600708
			vertex 50.70000076293945 9.100000381469727 9.600000381469727
		endloop
	endfacet
	facet normal 0.9961953339284058 0 -0.08714847479601907
		outer loop
			vertex 50.70000076293945 9.100000381469727 9.600000381469727
			vertex 50.71367263793945 7.900000095367432 9.7562837600708
			vertex 50.70000076293945 7.900000095367432 9.600000381469727
		endloop
	endfacet
	facet normal 0 0.08715450761730065 -0.9961948061508784
		outer loop
			vertex 51.599998474121094 7.900000095367432 10.5
			vertex 51.70000076293945 7.900000095367432 10.5
			vertex 51.599998474121094 7.743716716766357 10.486327171325684
		endloop
	endfacet
	facet normal 0 0.08715450761730065 -0.9961948061508784
		outer loop
			vertex 51.599998474121094 7.743716716766357 10.486327171325684
			vertex 51.70000076293945 7.900000095367432 10.5
			vertex 51.70000076293945 7.743716716766357 10.486327171325684
		endloop
	endfacet
	facet normal 0 0.2588187338328777 -0.9659259096934641
		outer loop
			vertex 51.599998474121094 7.743716716766357 10.486327171325684
			vertex 51.70000076293945 7.743716716766357 10.486327171325684
			vertex 51.599998474121094 7.59218168258667 10.445723533630371
		endloop
	endfacet
	facet normal 0 0.2588187338328777 -0.9659259096934641
		outer loop
			vertex 51.599998474121094 7.59218168258667 10.445723533630371
			vertex 51.70000076293945 7.743716716766357 10.486327171325684
			vertex 51.70000076293945 7.59218168258667 10.445723533630371
		endloop
	endfacet
	facet normal 0 0.4226177160143928 -0.9063080415128062
		outer loop
			vertex 51.599998474121094 7.59218168258667 10.445723533630371
			vertex 51.70000076293945 7.59218168258667 10.445723533630371
			vertex 51.599998474121094 7.449999809265137 10.379423141479492
		endloop
	endfacet
	facet normal 0 0.4226177160143928 -0.9063080415128062
		outer loop
			vertex 51.599998474121094 7.449999809265137 10.379423141479492
			vertex 51.70000076293945 7.59218168258667 10.445723533630371
			vertex 51.70000076293945 7.449999809265137 10.379423141479492
		endloop
	endfacet
	facet normal 0 0.5735777988356034 -0.8191510902653454
		outer loop
			vertex 51.599998474121094 7.449999809265137 10.379423141479492
			vertex 51.70000076293945 7.449999809265137 10.379423141479492
			vertex 51.599998474121094 7.321491241455078 10.289440155029297
		endloop
	endfacet
	facet normal 0 0.5735777988356034 -0.8191510902653454
		outer loop
			vertex 51.599998474121094 7.321491241455078 10.289440155029297
			vertex 51.70000076293945 7.449999809265137 10.379423141479492
			vertex 51.70000076293945 7.321491241455078 10.289440155029297
		endloop
	endfacet
	facet normal 0 0.7071067811865476 -0.7071067811865476
		outer loop
			vertex 51.599998474121094 7.321491241455078 10.289440155029297
			vertex 51.70000076293945 7.321491241455078 10.289440155029297
			vertex 51.599998474121094 7.210559844970703 10.178508758544922
		endloop
	endfacet
	facet normal 0 0.7071067811865476 -0.7071067811865476
		outer loop
			vertex 51.599998474121094 7.210559844970703 10.178508758544922
			vertex 51.70000076293945 7.321491241455078 10.289440155029297
			vertex 51.70000076293945 7.210559844970703 10.178508758544922
		endloop
	endfacet
	facet normal 0 0.8191525183644696 -0.5735757593005022
		outer loop
			vertex 51.599998474121094 7.210559844970703 10.178508758544922
			vertex 51.70000076293945 7.210559844970703 10.178508758544922
			vertex 51.599998474121094 7.120577335357666 10.050000190734863
		endloop
	endfacet
	facet normal 0 0.8191525183644696 -0.5735757593005022
		outer loop
			vertex 51.599998474121094 7.120577335357666 10.050000190734863
			vertex 51.70000076293945 7.210559844970703 10.178508758544922
			vertex 51.70000076293945 7.120577335357666 10.050000190734863
		endloop
	endfacet
	facet normal 0 0.9063074201922496 -0.4226190484401632
		outer loop
			vertex 51.599998474121094 7.120577335357666 10.050000190734863
			vertex 51.70000076293945 7.120577335357666 10.050000190734863
			vertex 51.599998474121094 7.054276466369629 9.907817840576172
		endloop
	endfacet
	facet normal 0 0.9063074201922496 -0.4226190484401632
		outer loop
			vertex 51.599998474121094 7.054276466369629 9.907817840576172
			vertex 51.70000076293945 7.120577335357666 10.050000190734863
			vertex 51.70000076293945 7.054276466369629 9.907817840576172
		endloop
	endfacet
	facet normal 0 0.9659255024762835 -0.2588202535852622
		outer loop
			vertex 51.599998474121094 7.054276466369629 9.907817840576172
			vertex 51.70000076293945 7.054276466369629 9.907817840576172
			vertex 51.599998474121094 7.013672828674316 9.7562837600708
		endloop
	endfacet
	facet normal 0 0.9659255024762835 -0.2588202535852622
		outer loop
			vertex 51.599998474121094 7.013672828674316 9.7562837600708
			vertex 51.70000076293945 7.054276466369629 9.907817840576172
			vertex 51.70000076293945 7.013672828674316 9.7562837600708
		endloop
	endfacet
	facet normal 0 0.9961948061508784 -0.08715450761730065
		outer loop
			vertex 51.599998474121094 7.013672828674316 9.7562837600708
			vertex 51.70000076293945 7.013672828674316 9.7562837600708
			vertex 51.599998474121094 7 9.600000381469727
		endloop
	endfacet
	facet normal 0 0.9961948061508784 -0.08715450761730065
		outer loop
			vertex 51.599998474121094 7 9.600000381469727
			vertex 51.70000076293945 7.013672828674316 9.7562837600708
			vertex 51.70000076293945 7 9.600000381469727
		endloop
	endfacet
	facet normal 0 0 1
		outer loop
			vertex 51.599998474121094 9.100000381469727 -0.5
			vertex 51.599998474121094 7.900000095367432 -0.5
			vertex 51.70000076293945 9.100000381469727 -0.5
		endloop
	endfacet
	facet normal 0 0 1
		outer loop
			vertex 51.70000076293945 9.100000381469727 -0.5
			vertex 51.599998474121094 7.900000095367432 -0.5
			vertex 51.70000076293945 7.900000095367432 -0.5
		endloop
	endfacet
	facet normal 0 1 0
		outer loop
			vertex 51.599998474121094 7 0.4000000059604645
			vertex 51.599998474121094 7 9.600000381469727
			vertex 51.70000076293945 7 0.4000000059604645
		endloop
	endfacet
	facet normal 0 1 0
		outer loop
			vertex 51.70000076293945 7 0.4000000059604645
			vertex 51.599998474121094 7 9.600000381469727
			vertex 51.70000076293945 7 9.600000381469727
		endloop
	endfacet
	facet normal 1 0 0
		outer loop
			vertex 50.70000076293945 9.100000381469727 9.600000381469727
			vertex 50.70000076293945 7.900000095367432 9.600000381469727
			vertex 50.70000076293945 9.100000381469727 0.4000000059604645
		endloop
	endfacet
	facet normal 1 0 0
		outer loop
			vertex 50.70000076293945 9.100000381469727 0.4000000059604645
			vertex 50.70000076293945 7.900000095367432 9.600000381469727
			vertex 50.70000076293945 7.900000095367432 0.4000000059604645
		endloop
	endfacet
	facet normal 0 0 -1
		outer loop
			vertex 51.70000076293945 9.100000381469727 10.5
			vertex 51.70000076293945 7.900000095367432 10.5
			vertex 51.599998474121094 9.100000381469727 10.5
		endloop
	endfacet
	facet normal 0 0 -1
		outer loop
			vertex 51.599998474121094 9.100000381469727 10.5
			vertex 51.70000076293945 7.900000095367432 10.5
			vertex 51.599998474121094 7.900000095367432 10.5
		endloop
	endfacet
	facet normal 0 -1 0
		outer loop
			vertex 51.70000076293945 10 0.4000000059604645
			vertex 51.70000076293945 10 9.600000381469727
			vertex 51.599998474121094 10 0.4000000059604645
		endloop
	endfacet
	facet normal 0 -1 0
		outer loop
			vertex 51.599998474121094 10 0.4000000059604645
			vertex 51.70000076293945 10 9.600000381469727
			vertex 51.599998474121094 10 9.600000381469727
		endloop
	endfacet
	facet normal -0.0867557965897796 0.9962296079509346 0
		outer loop
			vertex 50.09202575683594 19 12
			vertex 50.09202575683594 19 -2
			vertex 49.74631881713867 18.969894409179688 5
		endloop
	endfacet
	facet normal -0.0867557965897796 0.9962296079509346 0
		outer loop
			vertex 49.74631881713867 18.969894409179688 5
			vertex 50.09202575683594 19 -2
			vertex 49.74631881713867 18.969894409179688 -2
		endloop
	endfacet
	facet normal -0.25764759824361305 0.9662389534267898 0
		outer loop
			vertex 49.74631881713867 18.969894409179688 5
			vertex 49.74631881713867 18.969894409179688 -2
			vertex 49.411014556884766 18.88048553466797 5
		endloop
	endfacet
	facet normal -0.25764759824361305 0.9662389534267898 0
		outer loop
			vertex 49.411014556884766 18.88048553466797 5
			vertex 49.74631881713867 18.969894409179688 -2
			vertex 49.411014556884766 18.88048553466797 -2
		endloop
	endfacet
	facet normal -0.42079250145464486 0.9071569162606561 0
		outer loop
			vertex 49.411014556884766 18.88048553466797 5
			vertex 49.411014556884766 18.88048553466797 -2
			vertex 49.096214294433594 18.73446273803711 5
		endloop
	endfacet
	facet normal -0.42079250145464486 0.9071569162606561 0
		outer loop
			vertex 49.096214294433594 18.73446273803711 5
			vertex 49.411014556884766 18.88048553466797 -2
			vertex 49.096214294433594 18.73446273803711 -2
		endloop
	endfacet
	facet normal -0.5712683504839068 0.820763346973655 0
		outer loop
			vertex 49.096214294433594 18.73446273803711 5
			vertex 49.096214294433594 18.73446273803711 -2
			vertex 48.811397552490234 18.536224365234375 5
		endloop
	endfacet
	facet normal -0.5712683504839068 0.820763346973655 0
		outer loop
			vertex 48.811397552490234 18.536224365234375 5
			vertex 49.096214294433594 18.73446273803711 -2
			vertex 48.811397552490234 18.536224365234375 -2
		endloop
	endfacet
	facet normal -0.7045353190081618 0.7096689258168684 0
		outer loop
			vertex 48.811397552490234 18.536224365234375 5
			vertex 48.811397552490234 18.536224365234375 -2
			vertex 48.565128326416016 18.291736602783203 5
		endloop
	endfacet
	facet normal -0.7045353190081618 0.7096689258168684 0
		outer loop
			vertex 48.565128326416016 18.291736602783203 5
			vertex 48.811397552490234 18.536224365234375 -2
			vertex 48.565128326416016 18.291736602783203 -2
		endloop
	endfacet
	facet normal -0.8166024225949261 0.5772005573560178 0
		outer loop
			vertex 48.565128326416016 18.291736602783203 5
			vertex 48.565128326416016 18.291736602783203 -2
			vertex 48.364830017089844 18.00836181640625 5
		endloop
	endfacet
	facet normal -0.8166024225949261 0.5772005573560178 0
		outer loop
			vertex 48.364830017089844 18.00836181640625 5
			vertex 48.565128326416016 18.291736602783203 -2
			vertex 48.364830017089844 18.00836181640625 -2
		endloop
	endfacet
	facet normal -0.9040839272380261 0.4273549490878368 0
		outer loop
			vertex 48.364830017089844 18.00836181640625 5
			vertex 48.364830017089844 18.00836181640625 -2
			vertex 48.216529846191406 17.69462776184082 -2
		endloop
	endfacet
	facet normal -0.9040839272380261 0.4273549490878368 0
		outer loop
			vertex 48.216529846191406 17.69462776184082 -2
			vertex 48.216529846191406 17.69462776184082 12
			vertex 48.364830017089844 18.00836181640625 5
		endloop
	endfacet
	facet normal -0.9040839272380261 0.4273549490878368 0
		outer loop
			vertex 48.364830017089844 18.00836181640625 5
			vertex 48.216529846191406 17.69462776184082 12
			vertex 48.364830017089844 18.00836181640625 12
		endloop
	endfacet
	facet normal -0.8166024225949261 0.5772005573560178 0
		outer loop
			vertex 48.364830017089844 18.00836181640625 5
			vertex 48.364830017089844 18.00836181640625 12
			vertex 48.565128326416016 18.291736602783203 5
		endloop
	endfacet
	facet normal -0.8166024225949261 0.5772005573560178 0
		outer loop
			vertex 48.565128326416016 18.291736602783203 5
			vertex 48.364830017089844 18.00836181640625 12
			vertex 48.565128326416016 18.291736602783203 12
		endloop
	endfacet
	facet normal -0.7045353190081618 0.7096689258168684 0
		outer loop
			vertex 48.565128326416016 18.291736602783203 5
			vertex 48.565128326416016 18.291736602783203 12
			vertex 48.811397552490234 18.536224365234375 5
		endloop
	endfacet
	facet normal -0.7045353190081618 0.7096689258168684 0
		outer loop
			vertex 48.811397552490234 18.536224365234375 5
			vertex 48.565128326416016 18.291736602783203 12
			vertex 48.811397552490234 18.536224365234375 12
		endloop
	endfacet
	facet normal -0.5712683504839068 0.820763346973655 0
		outer loop
			vertex 48.811397552490234 18.536224365234375 5
			vertex 48.811397552490234 18.536224365234375 12
			vertex 49.096214294433594 18.73446273803711 5
		endloop
	endfacet
	facet normal -0.5712683504839068 0.820763346973655 0
		outer loop
			vertex 49.096214294433594 18.73446273803711 5
			vertex 48.811397552490234 18.536224365234375 12
			vertex 49.096214294433594 18.73446273803711 12
		endloop
	endfacet
	facet normal -0.42079250145464486 0.9071569162606561 0
		outer loop
			vertex 49.096214294433594 18.73446273803711 5
			vertex 49.096214294433594 18.73446273803711 12
			vertex 49.411014556884766 18.88048553466797 5
		endloop
	endfacet
	facet normal -0.42079250145464486 0.9071569162606561 0
		outer loop
			vertex 49.411014556884766 18.88048553466797 5
			vertex 49.096214294433594 18.73446273803711 12
			vertex 49.411014556884766 18.88048553466797 12
		endloop
	endfacet
	facet normal -0.25764759824361305 0.9662389534267898 0
		outer loop
			vertex 49.411014556884766 18.88048553466797 5
			vertex 49.411014556884766 18.88048553466797 12
			vertex 49.74631881713867 18.969894409179688 5
		endloop
	endfacet
	facet normal -0.25764759824361305 0.9662389534267898 0
		outer loop
			vertex 49.74631881713867 18.969894409179688 5
			vertex 49.411014556884766 18.88048553466797 12
			vertex 49.74631881713867 18.969894409179688 12
		endloop
	endfacet
	facet normal -0.0867557965897796 0.9962296079509346 0
		outer loop
			vertex 49.74631881713867 18.969894409179688 5
			vertex 49.74631881713867 18.969894409179688 12
			vertex 50.09202575683594 19 12
		endloop
	endfacet
	facet normal 0 1 0
		outer loop
			vertex 52.28110122680664 19 3.526977062225342
			vertex 52.5 19 3.0635082721710205
			vertex 50.09202575683594 19 -2
		endloop
	endfacet
	facet normal 0 1 0
		outer loop
			vertex 50.09202575683594 19 -2
			vertex 52.5 19 3.0635082721710205
			vertex 52.7763671875 19 2.6318368911743164
		endloop
	endfacet
	facet normal 0 1 0
		outer loop
			vertex 50.09202575683594 19 -2
			vertex 52.7763671875 19 2.6318368911743164
			vertex 53.10566711425781 19 2.2390506267547607
		endloop
	endfacet
	facet normal 0 1 0
		outer loop
			vertex 53.10566711425781 19 2.2390506267547607
			vertex 53.48249435424805 19 1.8915989398956299
			vertex 50.09202575683594 19 -2
		endloop
	endfacet
	facet normal 0 1 0
		outer loop
			vertex 50.09202575683594 19 -2
			vertex 53.48249435424805 19 1.8915989398956299
			vertex 53.90065383911133 19 1.5951871871948242
		endloop
	endfacet
	facet normal 0 1 0
		outer loop
			vertex 50.09202575683594 19 -2
			vertex 53.90065383911133 19 1.5951871871948242
			vertex 54.35328674316406 19 1.3546823263168335
		endloop
	endfacet
	facet normal 0 1 0
		outer loop
			vertex 54.35328674316406 19 1.3546823263168335
			vertex 54.83296203613281 19 1.174033522605896
			vertex 50.09202575683594 19 -2
		endloop
	endfacet
	facet normal 0 1 0
		outer loop
			vertex 50.09202575683594 19 -2
			vertex 54.83296203613281 19 1.174033522605896
			vertex 55.33179473876953 19 1.0562070608139038
		endloop
	endfacet
	facet normal 0 1 0
		outer loop
			vertex 50.09202575683594 19 -2
			vertex 55.33179473876953 19 1.0562070608139038
			vertex 55.84160232543945 19 1.003137469291687
		endloop
	endfacet
	facet normal 0 1 0
		outer loop
			vertex 55.84160232543945 19 1.003137469291687
			vertex 56.35401153564453 19 1.0156962871551514
			vertex 50.09202575683594 19 -2
		endloop
	endfacet
	facet normal 0 1 0
		outer loop
			vertex 50.09202575683594 19 -2
			vertex 56.35401153564453 19 1.0156962871551514
			vertex 62.70000076293945 19 -2
		endloop
	endfacet
	facet normal 0 1 0
		outer loop
			vertex 62.70000076293945 19 -2
			vertex 56.35401153564453 19 1.0156962871551514
			vertex 56.8606071472168 19 1.0936771631240845
		endloop
	endfacet
	facet normal 0 1 0
		outer loop
			vertex 62.70000076293945 19 -2
			vertex 56.8606071472168 19 1.0936771631240845
			vertex 57.35306930541992 19 1.2357999086380005
		endloop
	endfacet
	facet normal 0 1 0
		outer loop
			vertex 57.35306930541992 19 1.2357999086380005
			vertex 57.82331466674805 19 1.4397306442260742
			vertex 62.70000076293945 19 -2
		endloop
	endfacet
	facet normal 0 1 0
		outer loop
			vertex 62.70000076293945 19 -2
			vertex 57.82331466674805 19 1.4397306442260742
			vertex 58.26362228393555 19 1.7021209001541138
		endloop
	endfacet
	facet normal 0 1 0
		outer loop
			vertex 62.70000076293945 19 -2
			vertex 58.26362228393555 19 1.7021209001541138
			vertex 58.66676330566406 19 2.018662214279175
		endloop
	endfacet
	facet normal 0 1 0
		outer loop
			vertex 58.66676330566406 19 2.018662214279175
			vertex 59.02611541748047 19 2.384157180786133
			vertex 62.70000076293945 19 -2
		endloop
	endfacet
	facet normal 0 1 0
		outer loop
			vertex 62.70000076293945 19 -2
			vertex 59.02611541748047 19 2.384157180786133
			vertex 59.335777282714844 19 2.7926039695739746
		endloop
	endfacet
	facet normal 0 1 0
		outer loop
			vertex 62.70000076293945 19 -2
			vertex 59.335777282714844 19 2.7926039695739746
			vertex 59.59066390991211 19 3.2372963428497314
		endloop
	endfacet
	facet normal 0 1 0
		outer loop
			vertex 59.59066390991211 19 3.2372963428497314
			vertex 59.78659439086914 19 3.7109320163726807
			vertex 62.70000076293945 19 -2
		endloop
	endfacet
	facet normal 0 1 0
		outer loop
			vertex 62.70000076293945 19 -2
			vertex 59.78659439086914 19 3.7109320163726807
			vertex 59.92034912109375 19 4.2057342529296875
		endloop
	endfacet
	facet normal 0 1 0
		outer loop
			vertex 62.70000076293945 19 -2
			vertex 59.92034912109375 19 4.2057342529296875
			vertex 59.98973083496094 19 4.713578701019287
		endloop
	endfacet
	facet normal 0 1 0
		outer loop
			vertex 59.98973083496094 19 4.713578701019287
			vertex 59.99360275268555 19 5.226125717163086
			vertex 62.70000076293945 19 -2
		endloop
	endfacet
	facet normal 0 1 0
		outer loop
			vertex 62.70000076293945 19 -2
			vertex 59.99360275268555 19 5.226125717163086
			vertex 62.70000076293945 19 12
		endloop
	endfacet
	facet normal 0 1 0
		outer loop
			vertex 62.70000076293945 19 12
			vertex 59.99360275268555 19 5.226125717163086
			vertex 59.93190002441406 19 5.734959602355957
		endloop
	endfacet
	facet normal 0 1 0
		outer loop
			vertex 62.70000076293945 19 12
			vertex 59.93190002441406 19 5.734959602355957
			vertex 59.805633544921875 19 6.231726169586182
		endloop
	endfacet
	facet normal 0 1 0
		outer loop
			vertex 59.805633544921875 19 6.231726169586182
			vertex 59.616878509521484 19 6.7082672119140625
			vertex 62.70000076293945 19 12
		endloop
	endfacet
	facet normal 0 1 0
		outer loop
			vertex 62.70000076293945 19 12
			vertex 59.616878509521484 19 6.7082672119140625
			vertex 59.368736267089844 19 7.156758785247803
		endloop
	endfacet
	facet normal 0 1 0
		outer loop
			vertex 62.70000076293945 19 12
			vertex 59.368736267089844 19 7.156758785247803
			vertex 59.06528091430664 19 7.569836139678955
		endloop
	endfacet
	facet normal 0 1 0
		outer loop
			vertex 59.06528091430664 19 7.569836139678955
			vertex 58.711490631103516 19 7.9407172203063965
			vertex 62.70000076293945 19 12
		endloop
	endfacet
	facet normal 0 1 0
		outer loop
			vertex 62.70000076293945 19 12
			vertex 58.711490631103516 19 7.9407172203063965
			vertex 58.31317901611328 19 8.263311386108398
		endloop
	endfacet
	facet normal 0 1 0
		outer loop
			vertex 62.70000076293945 19 12
			vertex 58.31317901611328 19 8.263311386108398
			vertex 57.87688446044922 19 8.532322883605957
		endloop
	endfacet
	facet normal 0 1 0
		outer loop
			vertex 57.87688446044922 19 8.532322883605957
			vertex 57.40977096557617 19 8.743332862854004
			vertex 62.70000076293945 19 12
		endloop
	endfacet
	facet normal 0 1 0
		outer loop
			vertex 62.70000076293945 19 12
			vertex 57.40977096557617 19 8.743332862854004
			vertex 56.91950988769531 19 8.892878532409668
		endloop
	endfacet
	facet normal 0 1 0
		outer loop
			vertex 62.70000076293945 19 12
			vertex 56.91950988769531 19 8.892878532409668
			vertex 56.41415023803711 19 8.97850227355957
		endloop
	endfacet
	facet normal 0 1 0
		outer loop
			vertex 56.41415023803711 19 8.97850227355957
			vertex 55.90199279785156 19 8.998799324035645
			vertex 62.70000076293945 19 12
		endloop
	endfacet
	facet normal 0 1 0
		outer loop
			vertex 62.70000076293945 19 12
			vertex 55.90199279785156 19 8.998799324035645
			vertex 50.09202575683594 19 12
		endloop
	endfacet
	facet normal 0 1 0
		outer loop
			vertex 50.09202575683594 19 12
			vertex 55.90199279785156 19 8.998799324035645
			vertex 55.391441345214844 19 8.953435897827148
		endloop
	endfacet
	facet normal 0 1 0
		outer loop
			vertex 50.09202575683594 19 12
			vertex 55.391441345214844 19 8.953435897827148
			vertex 54.89088439941406 19 8.843157768249512
		endloop
	endfacet
	facet normal 0 1 0
		outer loop
			vertex 54.89088439941406 19 8.843157768249512
			vertex 54.408538818359375 19 8.669775009155273
			vertex 50.09202575683594 19 12
		endloop
	endfacet
	facet normal 0 1 0
		outer loop
			vertex 50.09202575683594 19 12
			vertex 54.408538818359375 19 8.669775009155273
			vertex 53.95232391357422 19 8.436134338378906
		endloop
	endfacet
	facet normal 0 1 0
		outer loop
			vertex 50.09202575683594 19 12
			vertex 53.95232391357422 19 8.436134338378906
			vertex 53.52973175048828 19 8.146072387695312
		endloop
	endfacet
	facet normal 0 1 0
		outer loop
			vertex 53.52973175048828 19 8.146072387695312
			vertex 53.147701263427734 19 7.804352283477783
			vertex 50.09202575683594 19 12
		endloop
	endfacet
	facet normal 0 1 0
		outer loop
			vertex 50.09202575683594 19 12
			vertex 53.147701263427734 19 7.804352283477783
			vertex 52.81250762939453 19 7.416584491729736
		endloop
	endfacet
	facet normal 0 1 0
		outer loop
			vertex 50.09202575683594 19 12
			vertex 52.81250762939453 19 7.416584491729736
			vertex 52.52964782714844 19 6.989136695861816
		endloop
	endfacet
	facet normal 0 1 0
		outer loop
			vertex 52.52964782714844 19 6.989136695861816
			vertex 52.303775787353516 19 6.529027462005615
			vertex 50.09202575683594 19 12
		endloop
	endfacet
	facet normal 0 1 0
		outer loop
			vertex 50.09202575683594 19 12
			vertex 52.303775787353516 19 6.529027462005615
			vertex 52.13859558105469 19 6.043811321258545
		endloop
	endfacet
	facet normal 0 1 0
		outer loop
			vertex 50.09202575683594 19 12
			vertex 52.13859558105469 19 6.043811321258545
			vertex 52.03681564331055 19 5.54145622253418
		endloop
	endfacet
	facet normal 0 1 0
		outer loop
			vertex 52.03681564331055 19 5.54145622253418
			vertex 52.00011444091797 19 5.030210018157959
			vertex 50.09202575683594 19 12
		endloop
	endfacet
	facet normal 0 1 0
		outer loop
			vertex 50.09202575683594 19 12
			vertex 52.00011444091797 19 5.030210018157959
			vertex 50.09202575683594 19 -2
		endloop
	endfacet
	facet normal 0 1 0
		outer loop
			vertex 50.09202575683594 19 -2
			vertex 52.00011444091797 19 5.030210018157959
			vertex 52.029090881347656 19 4.518467903137207
		endloop
	endfacet
	facet normal 0 1 0
		outer loop
			vertex 50.09202575683594 19 -2
			vertex 52.029090881347656 19 4.518467903137207
			vertex 52.123268127441406 19 4.014632701873779
		endloop
	endfacet
	facet normal 0 1 0
		outer loop
			vertex 52.123268127441406 19 4.014632701873779
			vertex 52.28110122680664 19 3.526977062225342
			vertex 50.09202575683594 19 -2
		endloop
	endfacet
	facet normal 0 0.7071067811865476 0.7071067811865476
		outer loop
			vertex 50.09202575683594 18.5 12.5
			vertex 62.49289321899414 18.5 12.5
			vertex 50.09202575683594 19 12
		endloop
	endfacet
	facet normal 0 0.7071067811865476 0.7071067811865476
		outer loop
			vertex 50.09202575683594 19 12
			vertex 62.49289321899414 18.5 12.5
			vertex 62.70000076293945 19 12
		endloop
	endfacet
	facet normal 0.7060145264294576 -0.05556057002207221 0.7060145264294576
		outer loop
			vertex 51.20000076293945 14 12.5
			vertex 51.70000076293945 14 12
			vertex 51.230777740478516 14.39108657836914 12.5
		endloop
	endfacet
	facet normal 0.7033444740943777 -0.06153373299790171 0.7081808741163843
		outer loop
			vertex 51.230777740478516 14.39108657836914 12.5
			vertex 51.70000076293945 14 12
			vertex 51.730384826660156 14.347296714782715 12
		endloop
	endfacet
	facet normal 0.6903075955387407 -0.16572794493905835 0.7042795409550096
		outer loop
			vertex 51.230777740478516 14.39108657836914 12.5
			vertex 51.730384826660156 14.347296714782715 12
			vertex 51.322357177734375 14.772542953491211 12.5
		endloop
	endfacet
	facet normal 0.6801605978894446 -0.18224631051035295 0.7100477754236241
		outer loop
			vertex 51.322357177734375 14.772542953491211 12.5
			vertex 51.730384826660156 14.347296714782715 12
			vertex 51.820613861083984 14.684040069580078 12
		endloop
	endfacet
	facet normal 0.6570817108643217 -0.2721768106017054 0.7029675732338581
		outer loop
			vertex 51.322357177734375 14.772542953491211 12.5
			vertex 51.820613861083984 14.684040069580078 12
			vertex 51.47248458862305 15.134976387023926 12.5
		endloop
	endfacet
	facet normal 0.6369673229311746 -0.2970237834712202 0.7113715636503434
		outer loop
			vertex 51.47248458862305 15.134976387023926 12.5
			vertex 51.820613861083984 14.684040069580078 12
			vertex 51.96794891357422 15 12
		endloop
	endfacet
	facet normal 0.607157752151003 -0.372062102026632 0.7020892081768993
		outer loop
			vertex 51.47248458862305 15.134976387023926 12.5
			vertex 51.96794891357422 15 12
			vertex 51.67745590209961 15.469463348388672 12.5
		endloop
	endfacet
	facet normal 0.5750536564947188 -0.40265873586707057 0.7121651736654824
		outer loop
			vertex 51.67745590209961 15.469463348388672 12.5
			vertex 51.96794891357422 15 12
			vertex 52.167911529541016 15.285574913024902 12
		endloop
	endfacet
	facet normal 0.5418050981535733 -0.4627464579944736 0.701650162993187
		outer loop
			vertex 51.67745590209961 15.469463348388672 12.5
			vertex 52.167911529541016 15.285574913024902 12
			vertex 51.93223190307617 15.767766952514648 12.5
		endloop
	endfacet
	facet normal 0.49620975851070226 -0.4962078388554809 0.7124280007250724
		outer loop
			vertex 51.93223190307617 15.767766952514648 12.5
			vertex 52.167911529541016 15.285574913024902 12
			vertex 52.414424896240234 15.532089233398438 12
		endloop
	endfacet
	facet normal 0.4627454437430223 -0.541807374906579 0.7016490738196091
		outer loop
			vertex 51.93223190307617 15.767766952514648 12.5
			vertex 52.414424896240234 15.532089233398438 12
			vertex 52.23053741455078 16.02254295349121 12.5
		endloop
	endfacet
	facet normal 0.40265719381295273 -0.575056117195188 0.7121640585897835
		outer loop
			vertex 52.23053741455078 16.02254295349121 12.5
			vertex 52.414424896240234 15.532089233398438 12
			vertex 52.70000076293945 15.732050895690918 12
		endloop
	endfacet
	facet normal 0.3720638845146616 -0.6071567421911057 0.7020891369703308
		outer loop
			vertex 52.23053741455078 16.02254295349121 12.5
			vertex 52.70000076293945 15.732050895690918 12
			vertex 52.565025329589844 16.227516174316406 12.5
		endloop
	endfacet
	facet normal 0.29702200316371274 -0.6369676280441149 0.7113720337913698
		outer loop
			vertex 52.565025329589844 16.227516174316406 12.5
			vertex 52.70000076293945 15.732050895690918 12
			vertex 53.015960693359375 15.879384994506836 12
		endloop
	endfacet
	facet normal 0.2721754438617727 -0.6570815725231718 0.7029682317211232
		outer loop
			vertex 52.565025329589844 16.227516174316406 12.5
			vertex 53.015960693359375 15.879384994506836 12
			vertex 52.92745590209961 16.377641677856445 12.5
		endloop
	endfacet
	facet normal 0.18225034401456494 -0.6801593471530945 0.7100479382315319
		outer loop
			vertex 52.92745590209961 16.377641677856445 12.5
			vertex 53.015960693359375 15.879384994506836 12
			vertex 53.35270309448242 15.969615936279297 12
		endloop
	endfacet
	facet normal 0.1657274917557825 -0.6903091595410915 0.7042781146180883
		outer loop
			vertex 52.92745590209961 16.377641677856445 12.5
			vertex 53.35270309448242 15.969615936279297 12
			vertex 53.30891418457031 16.469221115112305 12.5
		endloop
	endfacet
	facet normal 0.0615336873452183 -0.7033458836513954 0.70817947814967
		outer loop
			vertex 53.30891418457031 16.469221115112305 12.5
			vertex 53.35270309448242 15.969615936279297 12
			vertex 53.70000076293945 16 12
		endloop
	endfacet
	facet normal 0.05556400265964833 -0.7060143913577253 0.7060143913577253
		outer loop
			vertex 53.30891418457031 16.469221115112305 12.5
			vertex 53.70000076293945 16 12
			vertex 53.70000076293945 16.5 12.5
		endloop
	endfacet
	facet normal -1 0 0
		outer loop
			vertex 58.70000076293945 15.199999809265137 -2
			vertex 58.70000076293945 12 -2
			vertex 58.70000076293945 15.199999809265137 2.048729181289673
		endloop
	endfacet
	facet normal -1 0 0
		outer loop
			vertex 58.70000076293945 15.199999809265137 2.048729181289673
			vertex 58.70000076293945 12 -2
			vertex 58.70000076293945 12 2.048729181289673
		endloop
	endfacet
	facet normal 0 -1 0
		outer loop
			vertex 57.900001525878906 16 -2
			vertex 56.01084518432617 16 1.0000146627426147
			vertex 53.70000076293945 16 -2
		endloop
	endfacet
	facet normal 0 -1 0
		outer loop
			vertex 53.70000076293945 16 -2
			vertex 56.01084518432617 16 1.0000146627426147
			vertex 55.51975631713867 16 1.028934121131897
		endloop
	endfacet
	facet normal 0 -1 0
		outer loop
			vertex 53.70000076293945 16 -2
			vertex 55.51975631713867 16 1.028934121131897
			vertex 55.035926818847656 16 1.117917537689209
		endloop
	endfacet
	facet normal 0 -1 0
		outer loop
			vertex 57.900001525878906 16 1.4800567626953125
			vertex 57.453548431396484 16 1.2734469175338745
			vertex 57.900001525878906 16 -2
		endloop
	endfacet
	facet normal 0 -1 0
		outer loop
			vertex 57.900001525878906 16 -2
			vertex 57.453548431396484 16 1.2734469175338745
			vertex 56.985111236572266 16 1.1232028007507324
		endloop
	endfacet
	facet normal 0 -1 0
		outer loop
			vertex 57.900001525878906 16 -2
			vertex 56.985111236572266 16 1.1232028007507324
			vertex 56.501773834228516 16 1.0315967798233032
		endloop
	endfacet
	facet normal 0 -1 0
		outer loop
			vertex 56.501773834228516 16 1.0315967798233032
			vertex 56.01084518432617 16 1.0000146627426147
			vertex 57.900001525878906 16 -2
		endloop
	endfacet
	facet normal 0 -1 0
		outer loop
			vertex 55.035926818847656 16 1.117917537689209
			vertex 54.566680908203125 16 1.265619158744812
			vertex 53.70000076293945 16 -2
		endloop
	endfacet
	facet normal 0 -1 0
		outer loop
			vertex 53.70000076293945 16 -2
			vertex 54.566680908203125 16 1.265619158744812
			vertex 54.119117736816406 16 1.4698048830032349
		endloop
	endfacet
	facet normal 0 -1 0
		outer loop
			vertex 53.70000076293945 16 -2
			vertex 54.119117736816406 16 1.4698048830032349
			vertex 53.70000076293945 16 1.7273863554000854
		endloop
	endfacet
	facet normal -0.0871560910325016 -0.9961946676207089 0
		outer loop
			vertex 57.900001525878906 16 1.4800567626953125
			vertex 57.900001525878906 16 -2
			vertex 58.038917541503906 15.987846374511719 0.024364544078707695
		endloop
	endfacet
	facet normal -0.08715609103250159 -0.9961946676207087 0
		outer loop
			vertex 58.038917541503906 15.987846374511719 0.024364544078707695
			vertex 57.900001525878906 16 -2
			vertex 58.038917541503906 15.987846374511719 -2
		endloop
	endfacet
	facet normal -0.25881812665956544 -0.9659260723846486 0
		outer loop
			vertex 58.038917541503906 15.987846374511719 0.024364544078707695
			vertex 58.038917541503906 15.987846374511719 -2
			vertex 58.173614501953125 15.951754570007324 0.024364544078707695
		endloop
	endfacet
	facet normal -0.25881812665956544 -0.9659260723846486 0
		outer loop
			vertex 58.173614501953125 15.951754570007324 0.024364544078707695
			vertex 58.038917541503906 15.987846374511719 -2
			vertex 58.173614501953125 15.951754570007324 -2
		endloop
	endfacet
	facet normal -0.42261850840287046 -0.9063076720161498 0
		outer loop
			vertex 58.173614501953125 15.951754570007324 0.024364544078707695
			vertex 58.173614501953125 15.951754570007324 -2
			vertex 58.29999923706055 15.892820358276367 0.024364544078707695
		endloop
	endfacet
	facet normal -0.42261850840287046 -0.9063076720161498 0
		outer loop
			vertex 58.29999923706055 15.892820358276367 0.024364544078707695
			vertex 58.173614501953125 15.951754570007324 -2
			vertex 58.29999923706055 15.892820358276367 -2
		endloop
	endfacet
	facet normal -0.5735724947961703 -0.8191548041812958 0
		outer loop
			vertex 58.29999923706055 15.892820358276367 0.024364544078707695
			vertex 58.29999923706055 15.892820358276367 -2
			vertex 58.41423034667969 15.812835693359375 0.024364544078707695
		endloop
	endfacet
	facet normal -0.5735724947961703 -0.8191548041812958 0
		outer loop
			vertex 58.41423034667969 15.812835693359375 0.024364544078707695
			vertex 58.29999923706055 15.892820358276367 -2
			vertex 58.41423034667969 15.812835693359375 -2
		endloop
	endfacet
	facet normal -0.7071033617510263 -0.7071102006055332 0
		outer loop
			vertex 58.41423034667969 15.812835693359375 0.024364544078707695
			vertex 58.41423034667969 15.812835693359375 -2
			vertex 58.51283645629883 15.71423053741455 0.024364544078707695
		endloop
	endfacet
	facet normal -0.7071033617510263 -0.7071102006055332 0
		outer loop
			vertex 58.51283645629883 15.71423053741455 0.024364544078707695
			vertex 58.41423034667969 15.812835693359375 -2
			vertex 58.51283645629883 15.71423053741455 -2
		endloop
	endfacet
	facet normal -0.8191589807147573 -0.5735665299809254 0
		outer loop
			vertex 58.51283645629883 15.71423053741455 0.024364544078707695
			vertex 58.51283645629883 15.71423053741455 -2
			vertex 58.59281921386719 15.600000381469727 0.024364544078707695
		endloop
	endfacet
	facet normal -0.8191589807147573 -0.5735665299809254 0
		outer loop
			vertex 58.59281921386719 15.600000381469727 0.024364544078707695
			vertex 58.51283645629883 15.71423053741455 -2
			vertex 58.59281921386719 15.600000381469727 -2
		endloop
	endfacet
	facet normal -0.9063102914272205 -0.4226128910162425 0
		outer loop
			vertex 58.59281921386719 15.600000381469727 0.024364544078707695
			vertex 58.59281921386719 15.600000381469727 -2
			vertex 58.65175247192383 15.473615646362305 0.024364544078707695
		endloop
	endfacet
	facet normal -0.9063102914272205 -0.4226128910162425 0
		outer loop
			vertex 58.65175247192383 15.473615646362305 0.024364544078707695
			vertex 58.59281921386719 15.600000381469727 -2
			vertex 58.65175247192383 15.473615646362305 -2
		endloop
	endfacet
	facet normal -0.9659209430649732 -0.2588372688553038 0
		outer loop
			vertex 58.65175247192383 15.473615646362305 0.024364544078707695
			vertex 58.65175247192383 15.473615646362305 -2
			vertex 58.68784713745117 15.338918685913086 0.024364544078707695
		endloop
	endfacet
	facet normal -0.9659209430649732 -0.2588372688553038 0
		outer loop
			vertex 58.68784713745117 15.338918685913086 0.024364544078707695
			vertex 58.65175247192383 15.473615646362305 -2
			vertex 58.68784713745117 15.338918685913086 -2
		endloop
	endfacet
	facet normal -0.9961948234666186 -0.08715430969443036 0
		outer loop
			vertex 58.68784713745117 15.338918685913086 0.024364544078707695
			vertex 58.68784713745117 15.338918685913086 -2
			vertex 58.70000076293945 15.199999809265137 -2
		endloop
	endfacet
	facet normal -0.9961948234666186 -0.08715430969443036 0
		outer loop
			vertex 58.70000076293945 15.199999809265137 -2
			vertex 58.70000076293945 15.199999809265137 2.048729181289673
			vertex 58.68784713745117 15.338918685913086 0.024364544078707695
		endloop
	endfacet
	facet normal -0.9985276941693485 -0.054196542799073766 0.0022756813204899804
		outer loop
			vertex 58.68784713745117 15.338918685913086 0.024364544078707695
			vertex 58.70000076293945 15.199999809265137 2.048729181289673
			vertex 58.69541931152344 15.284232139587402 2.044508457183838
		endloop
	endfacet
	facet normal -0.9872780944549826 -0.15900188627306505 -0.0006036314654042943
		outer loop
			vertex 58.68784713745117 15.338918685913086 0.024364544078707695
			vertex 58.69541931152344 15.284232139587402 2.044508457183838
			vertex 58.68190383911133 15.368199348449707 2.0322248935699463
		endloop
	endfacet
	facet normal -0.965920538287965 -0.2588371603874462 0.0009154867837695991
		outer loop
			vertex 58.68784713745117 15.338918685913086 0.024364544078707695
			vertex 58.68190383911133 15.368199348449707 2.0322248935699463
			vertex 58.65175247192383 15.473615646362305 0.024364544078707695
		endloop
	endfacet
	facet normal -0.9655755537525172 -0.26012139386444366 0.0008428816873844205
		outer loop
			vertex 58.65175247192383 15.473615646362305 0.024364544078707695
			vertex 58.68190383911133 15.368199348449707 2.0322248935699463
			vertex 58.659812927246094 15.4501371383667 2.0124447345733643
		endloop
	endfacet
	facet normal -0.9323295638566735 -0.3616093801612221 -0.0004904469814492122
		outer loop
			vertex 58.65175247192383 15.473615646362305 0.024364544078707695
			vertex 58.659812927246094 15.4501371383667 2.0124447345733643
			vertex 58.629512786865234 15.528295516967773 1.985762596130371
		endloop
	endfacet
	facet normal -0.9063092647022297 -0.42261241225392376 0.0015052321493630879
		outer loop
			vertex 58.65175247192383 15.473615646362305 0.024364544078707695
			vertex 58.629512786865234 15.528295516967773 1.985762596130371
			vertex 58.59281921386719 15.600000381469727 0.024364544078707695
		endloop
	endfacet
	facet normal -0.8888845746868248 -0.4581312024570179 -0.00011924390765241088
		outer loop
			vertex 58.59281921386719 15.600000381469727 0.024364544078707695
			vertex 58.629512786865234 15.528295516967773 1.985762596130371
			vertex 58.59186935424805 15.601341247558594 1.9533768892288208
		endloop
	endfacet
	facet normal -0.8389049198871378 -0.5442779934752264 -0.000034752500936622595
		outer loop
			vertex 58.59281921386719 15.600000381469727 0.024364544078707695
			vertex 58.59186935424805 15.601341247558594 1.9533768892288208
			vertex 58.54839324951172 15.668354034423828 1.9169187545776367
		endloop
	endfacet
	facet normal -0.8191580755740515 -0.573565896210893 0.001486581855015254
		outer loop
			vertex 58.59281921386719 15.600000381469727 0.024364544078707695
			vertex 58.54839324951172 15.668354034423828 1.9169187545776367
			vertex 58.51283645629883 15.71423053741455 0.024364544078707695
		endloop
	endfacet
	facet normal -0.7825611871369764 -0.6225735595858657 -0.0003889618890378228
		outer loop
			vertex 58.51283645629883 15.71423053741455 0.024364544078707695
			vertex 58.54839324951172 15.668354034423828 1.9169187545776367
			vertex 58.50062561035156 15.728421211242676 1.8780057430267334
		endloop
	endfacet
	facet normal -0.7192612047002247 -0.6947395068915423 0.0005804974403794091
		outer loop
			vertex 58.51283645629883 15.71423053741455 0.024364544078707695
			vertex 58.50062561035156 15.728421211242676 1.8780057430267334
			vertex 58.4490852355957 15.781746864318848 1.8374300003051758
		endloop
	endfacet
	facet normal -0.7071025991522022 -0.7071094379993337 0.001468660773182077
		outer loop
			vertex 58.51283645629883 15.71423053741455 0.024364544078707695
			vertex 58.4490852355957 15.781746864318848 1.8374300003051758
			vertex 58.41423034667969 15.812835693359375 0.024364544078707695
		endloop
	endfacet
	facet normal -0.6137414549915517 -0.7895051629611245 -0.001738988953873661
		outer loop
			vertex 58.41423034667969 15.812835693359375 0.024364544078707695
			vertex 58.4490852355957 15.781746864318848 1.8374300003051758
			vertex 58.3304328918457 15.874178886413574 1.7490472793579102
		endloop
	endfacet
	facet normal -0.5735720342183587 -0.8191541464012759 0.001267279058161357
		outer loop
			vertex 58.41423034667969 15.812835693359375 0.024364544078707695
			vertex 58.3304328918457 15.874178886413574 1.7490472793579102
			vertex 58.29999923706055 15.892820358276367 0.024364544078707695
		endloop
	endfacet
	facet normal -0.455332152992172 -0.890320227496148 -0.001588383681799705
		outer loop
			vertex 58.29999923706055 15.892820358276367 0.024364544078707695
			vertex 58.3304328918457 15.874178886413574 1.7490472793579102
			vertex 58.19503402709961 15.943591117858887 1.6560866832733154
		endloop
	endfacet
	facet normal -0.4226182913661793 -0.9063072065797942 0.0010134615243990999
		outer loop
			vertex 58.29999923706055 15.892820358276367 0.024364544078707695
			vertex 58.19503402709961 15.943591117858887 1.6560866832733154
			vertex 58.173614501953125 15.951754570007324 0.024364544078707695
		endloop
	endfacet
	facet normal -0.2769852066482475 -0.960873469023741 -0.0011712490381575993
		outer loop
			vertex 58.173614501953125 15.951754570007324 0.024364544078707695
			vertex 58.19503402709961 15.943591117858887 1.6560866832733154
			vertex 58.04887771606445 15.985834121704102 1.5646922588348389
		endloop
	endfacet
	facet normal -0.25881810472282735 -0.965925990515316 0.0004117216161398554
		outer loop
			vertex 58.173614501953125 15.951754570007324 0.024364544078707695
			vertex 58.04887771606445 15.985834121704102 1.5646922588348389
			vertex 58.038917541503906 15.987846374511719 0.024364544078707695
		endloop
	endfacet
	facet normal -0.09433514161982184 -0.9955402574414031 -0.000690557074455724
		outer loop
			vertex 58.038917541503906 15.987846374511719 0.024364544078707695
			vertex 58.04887771606445 15.985834121704102 1.5646922588348389
			vertex 57.900001525878906 16 1.4800567626953125
		endloop
	endfacet
	facet normal -1 0 0
		outer loop
			vertex 58.70000076293945 12 12
			vertex 58.70000076293945 15.199999809265137 12
			vertex 58.70000076293945 12 7.951271057128906
		endloop
	endfacet
	facet normal -1 0 0
		outer loop
			vertex 58.70000076293945 12 7.951271057128906
			vertex 58.70000076293945 15.199999809265137 12
			vertex 58.70000076293945 15.199999809265137 7.951271057128906
		endloop
	endfacet
	facet normal -0.9961948234666187 -0.08715430969443036 0
		outer loop
			vertex 58.68784713745117 15.338918685913086 12
			vertex 58.68784713745117 15.338918685913086 9.975635528564453
			vertex 58.70000076293945 15.199999809265137 12
		endloop
	endfacet
	facet normal -0.9948469776866231 -0.10138304451056177 -0.0009845169176434141
		outer loop
			vertex 58.70000076293945 15.199999809265137 12
			vertex 58.68784713745117 15.338918685913086 9.975635528564453
			vertex 58.69541931152344 15.284232139587402 7.955491542816162
		endloop
	endfacet
	facet normal -0.9985241023077218 -0.054310377558605766 0
		outer loop
			vertex 58.70000076293945 15.199999809265137 12
			vertex 58.69541931152344 15.284232139587402 7.955491542816162
			vertex 58.70000076293945 15.199999809265137 7.951271057128906
		endloop
	endfacet
	facet normal -0.9659209430649733 -0.25883726885530384 0
		outer loop
			vertex 58.68784713745117 15.338918685913086 9.975635528564453
			vertex 58.68784713745117 15.338918685913086 12
			vertex 58.65175247192383 15.473615646362305 9.975635528564453
		endloop
	endfacet
	facet normal -0.9659209430649733 -0.25883726885530384 0
		outer loop
			vertex 58.65175247192383 15.473615646362305 9.975635528564453
			vertex 58.68784713745117 15.338918685913086 12
			vertex 58.65175247192383 15.473615646362305 12
		endloop
	endfacet
	facet normal -0.9063102914272207 -0.4226128910162426 0
		outer loop
			vertex 58.65175247192383 15.473615646362305 9.975635528564453
			vertex 58.65175247192383 15.473615646362305 12
			vertex 58.59281921386719 15.600000381469727 9.975635528564453
		endloop
	endfacet
	facet normal -0.9063102914272207 -0.4226128910162426 0
		outer loop
			vertex 58.59281921386719 15.600000381469727 9.975635528564453
			vertex 58.65175247192383 15.473615646362305 12
			vertex 58.59281921386719 15.600000381469727 12
		endloop
	endfacet
	facet normal -0.8191589807147573 -0.5735665299809255 0
		outer loop
			vertex 58.59281921386719 15.600000381469727 9.975635528564453
			vertex 58.59281921386719 15.600000381469727 12
			vertex 58.51283645629883 15.71423053741455 9.975635528564453
		endloop
	endfacet
	facet normal -0.8191589807147573 -0.5735665299809255 0
		outer loop
			vertex 58.51283645629883 15.71423053741455 9.975635528564453
			vertex 58.59281921386719 15.600000381469727 12
			vertex 58.51283645629883 15.71423053741455 12
		endloop
	endfacet
	facet normal -0.7071033617510262 -0.7071102006055332 0
		outer loop
			vertex 58.51283645629883 15.71423053741455 9.975635528564453
			vertex 58.51283645629883 15.71423053741455 12
			vertex 58.41423034667969 15.812835693359375 9.975635528564453
		endloop
	endfacet
	facet normal -0.7071033617510262 -0.7071102006055332 0
		outer loop
			vertex 58.41423034667969 15.812835693359375 9.975635528564453
			vertex 58.51283645629883 15.71423053741455 12
			vertex 58.41423034667969 15.812835693359375 12
		endloop
	endfacet
	facet normal -0.5735724947961703 -0.8191548041812958 0
		outer loop
			vertex 58.41423034667969 15.812835693359375 9.975635528564453
			vertex 58.41423034667969 15.812835693359375 12
			vertex 58.29999923706055 15.892820358276367 9.975635528564453
		endloop
	endfacet
	facet normal -0.5735724947961703 -0.8191548041812958 0
		outer loop
			vertex 58.29999923706055 15.892820358276367 9.975635528564453
			vertex 58.41423034667969 15.812835693359375 12
			vertex 58.29999923706055 15.892820358276367 12
		endloop
	endfacet
	facet normal -0.4226185084028705 -0.9063076720161498 0
		outer loop
			vertex 58.29999923706055 15.892820358276367 9.975635528564453
			vertex 58.29999923706055 15.892820358276367 12
			vertex 58.173614501953125 15.951754570007324 9.975635528564453
		endloop
	endfacet
	facet normal -0.4226185084028705 -0.9063076720161498 0
		outer loop
			vertex 58.173614501953125 15.951754570007324 9.975635528564453
			vertex 58.29999923706055 15.892820358276367 12
			vertex 58.173614501953125 15.951754570007324 12
		endloop
	endfacet
	facet normal -0.25881812665956544 -0.9659260723846486 0
		outer loop
			vertex 58.173614501953125 15.951754570007324 9.975635528564453
			vertex 58.173614501953125 15.951754570007324 12
			vertex 58.038917541503906 15.987846374511719 9.975635528564453
		endloop
	endfacet
	facet normal -0.25881812665956544 -0.9659260723846486 0
		outer loop
			vertex 58.038917541503906 15.987846374511719 9.975635528564453
			vertex 58.173614501953125 15.951754570007324 12
			vertex 58.038917541503906 15.987846374511719 12
		endloop
	endfacet
	facet normal -0.08715609103250159 -0.9961946676207087 0
		outer loop
			vertex 58.038917541503906 15.987846374511719 9.975635528564453
			vertex 58.038917541503906 15.987846374511719 12
			vertex 57.900001525878906 16 12
		endloop
	endfacet
	facet normal -0.0871560910325016 -0.9961946676207089 0
		outer loop
			vertex 57.900001525878906 16 12
			vertex 57.900001525878906 16 8.519943237304688
			vertex 58.038917541503906 15.987846374511719 9.975635528564453
		endloop
	endfacet
	facet normal -0.0943351405985956 -0.9955402575382643 0.0006905569417311478
		outer loop
			vertex 58.038917541503906 15.987846374511719 9.975635528564453
			vertex 57.900001525878906 16 8.519943237304688
			vertex 58.04887771606445 15.985834121704102 8.435307502746582
		endloop
	endfacet
	facet normal -0.25881810472283623 -0.9659259905153491 -0.00041172153299469513
		outer loop
			vertex 58.038917541503906 15.987846374511719 9.975635528564453
			vertex 58.04887771606445 15.985834121704102 8.435307502746582
			vertex 58.173614501953125 15.951754570007324 9.975635528564453
		endloop
	endfacet
	facet normal -0.27698520677829686 -0.960873468986527 0.0011712488129844057
		outer loop
			vertex 58.173614501953125 15.951754570007324 9.975635528564453
			vertex 58.04887771606445 15.985834121704102 8.435307502746582
			vertex 58.19503402709961 15.943591117858887 8.343913078308105
		endloop
	endfacet
	facet normal -0.4226182913662621 -0.9063072065799718 -0.0010134613311990977
		outer loop
			vertex 58.173614501953125 15.951754570007324 9.975635528564453
			vertex 58.19503402709961 15.943591117858887 8.343913078308105
			vertex 58.29999923706055 15.892820358276367 9.975635528564453
		endloop
	endfacet
	facet normal -0.4553321552733467 -0.8903202263297115 0.001588383562036357
		outer loop
			vertex 58.29999923706055 15.892820358276367 9.975635528564453
			vertex 58.19503402709961 15.943591117858887 8.343913078308105
			vertex 58.3304328918457 15.874178886413574 8.25095272064209
		endloop
	endfacet
	facet normal -0.5735720342183975 -0.8191541464013313 -0.0012672790047840007
		outer loop
			vertex 58.29999923706055 15.892820358276367 9.975635528564453
			vertex 58.3304328918457 15.874178886413574 8.25095272064209
			vertex 58.41423034667969 15.812835693359375 9.975635528564453
		endloop
	endfacet
	facet normal -0.6137414550244478 -0.7895051629357077 0.0017389888831302648
		outer loop
			vertex 58.41423034667969 15.812835693359375 9.975635528564453
			vertex 58.3304328918457 15.874178886413574 8.25095272064209
			vertex 58.4490852355957 15.781746864318848 8.162569999694824
		endloop
	endfacet
	facet normal -0.7071025991522634 -0.7071094379993947 -0.0014686607143381309
		outer loop
			vertex 58.41423034667969 15.812835693359375 9.975635528564453
			vertex 58.4490852355957 15.781746864318848 8.162569999694824
			vertex 58.51283645629883 15.71423053741455 9.975635528564453
		endloop
	endfacet
	facet normal -0.7192612059528566 -0.6947395055947938 -0.0005804973247864144
		outer loop
			vertex 58.51283645629883 15.71423053741455 9.975635528564453
			vertex 58.4490852355957 15.781746864318848 8.162569999694824
			vertex 58.50062561035156 15.728421211242676 8.121994018554688
		endloop
	endfacet
	facet normal -0.7825611879059551 -0.6225735586193093 0.0003889618362308504
		outer loop
			vertex 58.51283645629883 15.71423053741455 9.975635528564453
			vertex 58.50062561035156 15.728421211242676 8.121994018554688
			vertex 58.54839324951172 15.668354034423828 8.083081245422363
		endloop
	endfacet
	facet normal -0.819158075574121 -0.5735658962109417 -0.001486581797954927
		outer loop
			vertex 58.51283645629883 15.71423053741455 9.975635528564453
			vertex 58.54839324951172 15.668354034423828 8.083081245422363
			vertex 58.59281921386719 15.600000381469727 9.975635528564453
		endloop
	endfacet
	facet normal -0.8389049199151463 -0.5442779934320564 0.00003475250181934309
		outer loop
			vertex 58.59281921386719 15.600000381469727 9.975635528564453
			vertex 58.54839324951172 15.668354034423828 8.083081245422363
			vertex 58.59186935424805 15.601341247558594 8.046623229980469
		endloop
	endfacet
	facet normal -0.8888845746070817 -0.458131202611738 0.00011924391038413187
		outer loop
			vertex 58.59281921386719 15.600000381469727 9.975635528564453
			vertex 58.59186935424805 15.601341247558594 8.046623229980469
			vertex 58.629512786865234 15.528295516967773 8.014237403869629
		endloop
	endfacet
	facet normal -0.9063092647023059 -0.42261241225395924 -0.0015052320936148073
		outer loop
			vertex 58.59281921386719 15.600000381469727 9.975635528564453
			vertex 58.629512786865234 15.528295516967773 8.014237403869629
			vertex 58.65175247192383 15.473615646362305 9.975635528564453
		endloop
	endfacet
	facet normal -0.9323295633591376 -0.36160938144408916 0.0004904469218796316
		outer loop
			vertex 58.65175247192383 15.473615646362305 9.975635528564453
			vertex 58.629512786865234 15.528295516967773 8.014237403869629
			vertex 58.659812927246094 15.4501371383667 7.987555027008057
		endloop
	endfacet
	facet normal -0.9655755525091192 -0.2601213984805806 -0.0008428814959482052
		outer loop
			vertex 58.65175247192383 15.473615646362305 9.975635528564453
			vertex 58.659812927246094 15.4501371383667 7.987555027008057
			vertex 58.68190383911133 15.368199348449707 7.967775344848633
		endloop
	endfacet
	facet normal -0.9659205382878984 -0.2588371603874283 -0.0009154868593550801
		outer loop
			vertex 58.65175247192383 15.473615646362305 9.975635528564453
			vertex 58.68190383911133 15.368199348449707 7.967775344848633
			vertex 58.68784713745117 15.338918685913086 9.975635528564453
		endloop
	endfacet
	facet normal -0.9872780941853416 -0.15900188794723197 0.0006036314900295078
		outer loop
			vertex 58.68784713745117 15.338918685913086 9.975635528564453
			vertex 58.68190383911133 15.368199348449707 7.967775344848633
			vertex 58.69541931152344 15.284232139587402 7.955491542816162
		endloop
	endfacet
	facet normal 0 -1 0
		outer loop
			vertex 53.70000076293945 16 12
			vertex 56.01084518432617 16 8.999985694885254
			vertex 57.900001525878906 16 12
		endloop
	endfacet
	facet normal 0 -1 0
		outer loop
			vertex 57.900001525878906 16 12
			vertex 56.01084518432617 16 8.999985694885254
			vertex 56.501773834228516 16 8.968402862548828
		endloop
	endfacet
	facet normal 0 -1 0
		outer loop
			vertex 57.900001525878906 16 12
			vertex 56.501773834228516 16 8.968402862548828
			vertex 56.985111236572266 16 8.876797676086426
		endloop
	endfacet
	facet normal 0 -1 0
		outer loop
			vertex 53.70000076293945 16 8.272613525390625
			vertex 54.119117736816406 16 8.530195236206055
			vertex 53.70000076293945 16 12
		endloop
	endfacet
	facet normal 0 -1 0
		outer loop
			vertex 53.70000076293945 16 12
			vertex 54.119117736816406 16 8.530195236206055
			vertex 54.566680908203125 16 8.734380722045898
		endloop
	endfacet
	facet normal 0 -1 0
		outer loop
			vertex 53.70000076293945 16 12
			vertex 54.566680908203125 16 8.734380722045898
			vertex 55.035926818847656 16 8.88208293914795
		endloop
	endfacet
	facet normal 0 -1 0
		outer loop
			vertex 55.035926818847656 16 8.88208293914795
			vertex 55.51975631713867 16 8.971065521240234
			vertex 53.70000076293945 16 12
		endloop
	endfacet
	facet normal 0 -1 0
		outer loop
			vertex 53.70000076293945 16 12
			vertex 55.51975631713867 16 8.971065521240234
			vertex 56.01084518432617 16 8.999985694885254
		endloop
	endfacet
	facet normal 0 -1 0
		outer loop
			vertex 56.985111236572266 16 8.876797676086426
			vertex 57.453548431396484 16 8.726552963256836
			vertex 57.900001525878906 16 12
		endloop
	endfacet
	facet normal 0 -1 0
		outer loop
			vertex 57.900001525878906 16 12
			vertex 57.453548431396484 16 8.726552963256836
			vertex 57.900001525878906 16 8.519943237304688
		endloop
	endfacet
	facet normal 0.9961948130771887 -0.08715442844804508 0
		outer loop
			vertex 51.70000076293945 14 12
			vertex 51.70000076293945 14 -2
			vertex 51.730384826660156 14.347296714782715 5
		endloop
	endfacet
	facet normal 0.9961948130771887 -0.08715442844804508 0
		outer loop
			vertex 51.730384826660156 14.347296714782715 5
			vertex 51.70000076293945 14 -2
			vertex 51.730384826660156 14.347296714782715 -2
		endloop
	endfacet
	facet normal 0.9659265975717156 -0.2588161666193388 0
		outer loop
			vertex 51.730384826660156 14.347296714782715 5
			vertex 51.730384826660156 14.347296714782715 -2
			vertex 51.820613861083984 14.684040069580078 5
		endloop
	endfacet
	facet normal 0.9659265975717156 -0.2588161666193388 0
		outer loop
			vertex 51.820613861083984 14.684040069580078 5
			vertex 51.730384826660156 14.347296714782715 -2
			vertex 51.820613861083984 14.684040069580078 -2
		endloop
	endfacet
	facet normal 0.9063072187317827 -0.42261948047228126 0
		outer loop
			vertex 51.820613861083984 14.684040069580078 5
			vertex 51.820613861083984 14.684040069580078 -2
			vertex 51.96794891357422 15 5
		endloop
	endfacet
	facet normal 0.9063072187317827 -0.42261948047228126 0
		outer loop
			vertex 51.96794891357422 15 5
			vertex 51.820613861083984 14.684040069580078 -2
			vertex 51.96794891357422 15 -2
		endloop
	endfacet
	facet normal 0.8581137511864733 -0.5134596284272792 0
		outer loop
			vertex 51.96794891357422 15 5
			vertex 51.96794891357422 15 -2
			vertex 52 15.05356502532959 5
		endloop
	endfacet
	facet normal 0.8549319365638942 -0.5187401862403959 0.000054976261210436416
		outer loop
			vertex 52 15.05356502532959 5
			vertex 51.96794891357422 15 -2
			vertex 52.00741958618164 15.065767288208008 4.755584239959717
		endloop
	endfacet
	facet normal 0.8425885880046613 -0.5385576746736218 0.00032002258135199117
		outer loop
			vertex 52.00741958618164 15.065767288208008 4.755584239959717
			vertex 51.96794891357422 15 -2
			vertex 52.02931213378906 15.099876403808594 4.515961170196533
		endloop
	endfacet
	facet normal 0.8267635819948864 -0.5625489127806058 0.0008367893062861002
		outer loop
			vertex 52.02931213378906 15.099876403808594 4.515961170196533
			vertex 51.96794891357422 15 -2
			vertex 52.06511688232422 15.152148246765137 4.281023025512695
		endloop
	endfacet
	facet normal 0.819150207678491 -0.5735777581515101 0.0012217258993958053
		outer loop
			vertex 52.06511688232422 15.152148246765137 4.281023025512695
			vertex 51.96794891357422 15 -2
			vertex 52.167911529541016 15.285574913024902 -2
		endloop
	endfacet
	facet normal 0.8057293707436786 -0.5922835599926367 0.0006047176569958098
		outer loop
			vertex 52.06511688232422 15.152148246765137 4.281023025512695
			vertex 52.167911529541016 15.285574913024902 -2
			vertex 52.11428451538086 15.218799591064453 4.050650119781494
		endloop
	endfacet
	facet normal 0.7586205338109263 -0.6515325532054583 -0.00046668404935734767
		outer loop
			vertex 52.11428451538086 15.218799591064453 4.050650119781494
			vertex 52.167911529541016 15.285574913024902 -2
			vertex 52.25178527832031 15.379220962524414 3.603144884109497
		endloop
	endfacet
	facet normal 0.7071076112763434 -0.707104875733975 0.0012332024584631699
		outer loop
			vertex 52.25178527832031 15.379220962524414 3.603144884109497
			vertex 52.167911529541016 15.285574913024902 -2
			vertex 52.414424896240234 15.532089233398438 -2
		endloop
	endfacet
	facet normal 0.6779819409820226 -0.7350784630045836 -0.00037540520579571444
		outer loop
			vertex 52.25178527832031 15.379220962524414 3.603144884109497
			vertex 52.414424896240234 15.532089233398438 -2
			vertex 52.44097137451172 15.55393123626709 3.174267530441284
		endloop
	endfacet
	facet normal 0.571421992862613 -0.8206562145429764 0.000532545690503638
		outer loop
			vertex 52.44097137451172 15.55393123626709 3.174267530441284
			vertex 52.414424896240234 15.532089233398438 -2
			vertex 52.68096923828125 15.72077751159668 2.7674951553344727
		endloop
	endfacet
	facet normal 0.5735750296835507 -0.8191529533262424 0.00035267606808039826
		outer loop
			vertex 52.68096923828125 15.72077751159668 2.7674951553344727
			vertex 52.414424896240234 15.532089233398438 -2
			vertex 52.70000076293945 15.732050895690918 -2
		endloop
	endfacet
	facet normal 0.43879596544809363 -0.8985866465954563 -0.00037318468392945266
		outer loop
			vertex 52.68096923828125 15.72077751159668 2.7674951553344727
			vertex 52.70000076293945 15.732050895690918 -2
			vertex 52.97038269042969 15.862260818481445 2.388178586959839
		endloop
	endfacet
	facet normal 0.4226170798330623 -0.906307936936988 0.0008528061890120908
		outer loop
			vertex 52.97038269042969 15.862260818481445 2.388178586959839
			vertex 52.70000076293945 15.732050895690918 -2
			vertex 53.015960693359375 15.879384994506836 -2
		endloop
	endfacet
	facet normal 0.32428827925731285 -0.9459582482677041 -0.00032321916390733044
		outer loop
			vertex 52.97038269042969 15.862260818481445 2.388178586959839
			vertex 53.015960693359375 15.879384994506836 -2
			vertex 53.13316345214844 15.91812515258789 2.2104833126068115
		endloop
	endfacet
	facet normal 0.25882158865164145 -0.9659236788730483 0.001682807236979345
		outer loop
			vertex 53.13316345214844 15.91812515258789 2.2104833126068115
			vertex 53.015960693359375 15.879384994506836 -2
			vertex 53.35270309448242 15.969615936279297 -2
		endloop
	endfacet
	facet normal 0.2401945263366104 -0.9707245558308233 0.0006528590829628591
		outer loop
			vertex 53.13316345214844 15.91812515258789 2.2104833126068115
			vertex 53.35270309448242 15.969615936279297 -2
			vertex 53.30774688720703 15.961210250854492 2.0416526794433594
		endloop
	endfacet
	facet normal 0.14899974535045565 -0.9888371536973088 -0.00039919081186499234
		outer loop
			vertex 53.30774688720703 15.961210250854492 2.0416526794433594
			vertex 53.35270309448242 15.969615936279297 -2
			vertex 53.494380950927734 15.989397048950195 1.882016658782959
		endloop
	endfacet
	facet normal 0.08715403438696892 -0.9961930444015599 0.0018954091977216206
		outer loop
			vertex 53.494380950927734 15.989397048950195 1.882016658782959
			vertex 53.35270309448242 15.969615936279297 -2
			vertex 53.70000076293945 16 -2
		endloop
	endfacet
	facet normal 0.05149738346113062 -0.998673129455608 0
		outer loop
			vertex 53.494380950927734 15.989397048950195 1.882016658782959
			vertex 53.70000076293945 16 -2
			vertex 53.70000076293945 16 1.7273863554000854
		endloop
	endfacet
	facet normal 0.8581137511864733 -0.5134596284272792 0
		outer loop
			vertex 51.96794891357422 15 5
			vertex 52 15.05356502532959 5
			vertex 51.96794891357422 15 12
		endloop
	endfacet
	facet normal 0.8549319365638942 -0.5187401862403959 -0.000054976261210436416
		outer loop
			vertex 51.96794891357422 15 12
			vertex 52 15.05356502532959 5
			vertex 52.00741958618164 15.065767288208008 5.244415760040283
		endloop
	endfacet
	facet normal 0.8425885880046613 -0.5385576746736218 -0.00032002258135199117
		outer loop
			vertex 51.96794891357422 15 12
			vertex 52.00741958618164 15.065767288208008 5.244415760040283
			vertex 52.02931213378906 15.099876403808594 5.484038829803467
		endloop
	endfacet
	facet normal 0.8267635819948864 -0.5625489127806058 -0.0008367893062861002
		outer loop
			vertex 52.02931213378906 15.099876403808594 5.484038829803467
			vertex 52.06511688232422 15.152148246765137 5.718976974487305
			vertex 51.96794891357422 15 12
		endloop
	endfacet
	facet normal 0.819150207678491 -0.5735777581515101 -0.0012217258993958053
		outer loop
			vertex 51.96794891357422 15 12
			vertex 52.06511688232422 15.152148246765137 5.718976974487305
			vertex 52.167911529541016 15.285574913024902 12
		endloop
	endfacet
	facet normal 0.8057293707436786 -0.5922835599926367 -0.0006047176569958098
		outer loop
			vertex 52.167911529541016 15.285574913024902 12
			vertex 52.06511688232422 15.152148246765137 5.718976974487305
			vertex 52.11428451538086 15.218799591064453 5.949349880218506
		endloop
	endfacet
	facet normal 0.7586205334572182 -0.6515325536172977 0.0004666840570373529
		outer loop
			vertex 52.167911529541016 15.285574913024902 12
			vertex 52.11428451538086 15.218799591064453 5.949349880218506
			vertex 52.25178527832031 15.379220962524414 6.396855354309082
		endloop
	endfacet
	facet normal 0.7071076112762976 -0.7071048757339292 -0.0012332025109369055
		outer loop
			vertex 52.167911529541016 15.285574913024902 12
			vertex 52.25178527832031 15.379220962524414 6.396855354309082
			vertex 52.414424896240234 15.532089233398438 12
		endloop
	endfacet
	facet normal 0.6779819409610731 -0.7350784630238969 0.0003754052229045328
		outer loop
			vertex 52.414424896240234 15.532089233398438 12
			vertex 52.25178527832031 15.379220962524414 6.396855354309082
			vertex 52.44097137451172 15.55393123626709 6.825732707977295
		endloop
	endfacet
	facet normal 0.5714219925371478 -0.8206562147695798 -0.0005325457176684916
		outer loop
			vertex 52.414424896240234 15.532089233398438 12
			vertex 52.44097137451172 15.55393123626709 6.825732707977295
			vertex 52.68096923828125 15.72077751159668 7.232504844665527
		endloop
	endfacet
	facet normal 0.5735750296835507 -0.8191529533262424 -0.00035267606808039826
		outer loop
			vertex 52.414424896240234 15.532089233398438 12
			vertex 52.68096923828125 15.72077751159668 7.232504844665527
			vertex 52.70000076293945 15.732050895690918 12
		endloop
	endfacet
	facet normal 0.4387959656976356 -0.8985866464736009 0.000373184682645154
		outer loop
			vertex 52.70000076293945 15.732050895690918 12
			vertex 52.68096923828125 15.72077751159668 7.232504844665527
			vertex 52.97038269042969 15.862260818481445 7.611821174621582
		endloop
	endfacet
	facet normal 0.422617079833079 -0.9063079369370237 -0.0008528061426774495
		outer loop
			vertex 52.70000076293945 15.732050895690918 12
			vertex 52.97038269042969 15.862260818481445 7.611821174621582
			vertex 53.015960693359375 15.879384994506836 12
		endloop
	endfacet
	facet normal 0.3242882792746656 -0.9459582482617614 0.0003232191461427577
		outer loop
			vertex 53.015960693359375 15.879384994506836 12
			vertex 52.97038269042969 15.862260818481445 7.611821174621582
			vertex 53.13316345214844 15.91812515258789 7.789516448974609
		endloop
	endfacet
	facet normal 0.2588215886516829 -0.9659236788732032 -0.0016828071416906756
		outer loop
			vertex 53.015960693359375 15.879384994506836 12
			vertex 53.13316345214844 15.91812515258789 7.789516448974609
			vertex 53.35270309448242 15.969615936279297 12
		endloop
	endfacet
	facet normal 0.24019452718587853 -0.9707245556206752 -0.0006528590928465172
		outer loop
			vertex 53.35270309448242 15.969615936279297 12
			vertex 53.13316345214844 15.91812515258789 7.789516448974609
			vertex 53.30774688720703 15.961210250854492 7.958347320556641
		endloop
	endfacet
	facet normal 0.14899974434361357 -0.988837153849017 0.00039919082337983974
		outer loop
			vertex 53.35270309448242 15.969615936279297 12
			vertex 53.30774688720703 15.961210250854492 7.958347320556641
			vertex 53.494380950927734 15.989397048950195 8.1179838180542
		endloop
	endfacet
	facet normal 0.05149738346113062 -0.998673129455608 0
		outer loop
			vertex 53.70000076293945 16 8.272613525390625
			vertex 53.70000076293945 16 12
			vertex 53.494380950927734 15.989397048950195 8.1179838180542
		endloop
	endfacet
	facet normal 0.08715403438693047 -0.9961930444011203 -0.0018954094305383442
		outer loop
			vertex 53.494380950927734 15.989397048950195 8.1179838180542
			vertex 53.70000076293945 16 12
			vertex 53.35270309448242 15.969615936279297 12
		endloop
	endfacet
	facet normal 0.9063072187317827 -0.42261948047228126 0
		outer loop
			vertex 51.96794891357422 15 5
			vertex 51.96794891357422 15 12
			vertex 51.820613861083984 14.684040069580078 5
		endloop
	endfacet
	facet normal 0.9063072187317827 -0.42261948047228126 0
		outer loop
			vertex 51.820613861083984 14.684040069580078 5
			vertex 51.96794891357422 15 12
			vertex 51.820613861083984 14.684040069580078 12
		endloop
	endfacet
	facet normal 0.9659265975717156 -0.2588161666193388 0
		outer loop
			vertex 51.820613861083984 14.684040069580078 5
			vertex 51.820613861083984 14.684040069580078 12
			vertex 51.730384826660156 14.347296714782715 5
		endloop
	endfacet
	facet normal 0.9659265975717156 -0.2588161666193388 0
		outer loop
			vertex 51.730384826660156 14.347296714782715 5
			vertex 51.820613861083984 14.684040069580078 12
			vertex 51.730384826660156 14.347296714782715 12
		endloop
	endfacet
	facet normal 0.9961948130771887 -0.08715442844804508 0
		outer loop
			vertex 51.730384826660156 14.347296714782715 5
			vertex 51.730384826660156 14.347296714782715 12
			vertex 51.70000076293945 14 12
		endloop
	endfacet
	facet normal 0.9042182294706158 -0.0017623347180665285 0.4270670763116336
		outer loop
			vertex 52.28110122680664 19 3.526977062225342
			vertex 52.44097137451172 15.55393123626709 3.174267530441284
			vertex 52.5 19 3.0635082721710205
		endloop
	endfacet
	facet normal 0.8609787763184783 0.001600088298613344 0.5086383650950572
		outer loop
			vertex 52.5 19 3.0635082721710205
			vertex 52.44097137451172 15.55393123626709 3.174267530441284
			vertex 52.68096923828125 15.72077751159668 2.7674951553344727
		endloop
	endfacet
	facet normal 0.8421829920681854 -0.0021948225091811087 0.5391873427902701
		outer loop
			vertex 52.5 19 3.0635082721710205
			vertex 52.68096923828125 15.72077751159668 2.7674951553344727
			vertex 52.7763671875 19 2.6318368911743164
		endloop
	endfacet
	facet normal 0.7946562639360076 0.0019954839734632724 0.6070563731903141
		outer loop
			vertex 52.7763671875 19 2.6318368911743164
			vertex 52.68096923828125 15.72077751159668 2.7674951553344727
			vertex 52.97038269042969 15.862260818481445 2.388178586959839
		endloop
	endfacet
	facet normal 0.7663175672831561 -0.0025057901184300704 0.6424570857957035
		outer loop
			vertex 52.7763671875 19 2.6318368911743164
			vertex 52.97038269042969 15.862260818481445 2.388178586959839
			vertex 53.10566711425781 19 2.2390506267547607
		endloop
	endfacet
	facet normal 0.7373247879850313 0.0003165006387658897 0.6755383459509715
		outer loop
			vertex 53.10566711425781 19 2.2390506267547607
			vertex 52.97038269042969 15.862260818481445 2.388178586959839
			vertex 53.13316345214844 15.91812515258789 2.2104833126068115
		endloop
	endfacet
	facet normal 0.6952225396863526 -0.0004600939437921729 0.71879441332388
		outer loop
			vertex 53.10566711425781 19 2.2390506267547607
			vertex 53.13316345214844 15.91812515258789 2.2104833126068115
			vertex 53.30774688720703 15.961210250854492 2.0416526794433594
		endloop
	endfacet
	facet normal 0.9147722966086282 0.0010914707136469933 0.4039683824868693
		outer loop
			vertex 52.44097137451172 15.55393123626709 3.174267530441284
			vertex 52.28110122680664 19 3.526977062225342
			vertex 52.25178527832031 15.379220962524414 3.603144884109497
		endloop
	endfacet
	facet normal 0.9514082817102084 -0.0012254522412958931 0.3079298292793882
		outer loop
			vertex 52.25178527832031 15.379220962524414 3.603144884109497
			vertex 52.28110122680664 19 3.526977062225342
			vertex 52.123268127441406 19 4.014632701873779
		endloop
	endfacet
	facet normal 0.9558415767898623 0.0005283928108884991 0.2938819505871489
		outer loop
			vertex 52.25178527832031 15.379220962524414 3.603144884109497
			vertex 52.123268127441406 19 4.014632701873779
			vertex 52.11428451538086 15.218799591064453 4.050650119781494
		endloop
	endfacet
	facet normal 0.9779940841773663 -0.0003362743856480791 0.20863235183837683
		outer loop
			vertex 52.11428451538086 15.218799591064453 4.050650119781494
			vertex 52.123268127441406 19 4.014632701873779
			vertex 52.06511688232422 15.152148246765137 4.281023025512695
		endloop
	endfacet
	facet normal 0.9829729299339194 -0.0021349753189804197 0.18373802246000573
		outer loop
			vertex 52.06511688232422 15.152148246765137 4.281023025512695
			vertex 52.123268127441406 19 4.014632701873779
			vertex 52.029090881347656 19 4.518467903137207
		endloop
	endfacet
	facet normal 0.9885868107244161 -0.000040746873239982934 0.15065230167979493
		outer loop
			vertex 52.06511688232422 15.152148246765137 4.281023025512695
			vertex 52.029090881347656 19 4.518467903137207
			vertex 52.02931213378906 15.099876403808594 4.515961170196533
		endloop
	endfacet
	facet normal 0.9958524254578917 -0.00000198349085884313 0.09098322211100442
		outer loop
			vertex 52.02931213378906 15.099876403808594 4.515961170196533
			vertex 52.029090881347656 19 4.518467903137207
			vertex 52.00741958618164 15.065767288208008 4.755584239959717
		endloop
	endfacet
	facet normal 0.9983985696516935 -0.0020923577001208185 0.05653245224388918
		outer loop
			vertex 52.00741958618164 15.065767288208008 4.755584239959717
			vertex 52.029090881347656 19 4.518467903137207
			vertex 52.00011444091797 19 5.030210018157959
		endloop
	endfacet
	facet normal 0.9995399234956512 -0.00026115730067537976 0.03032941039935083
		outer loop
			vertex 52.00741958618164 15.065767288208008 4.755584239959717
			vertex 52.00011444091797 19 5.030210018157959
			vertex 52 15.05356502532959 5
		endloop
	endfacet
	facet normal 0.9995392336024048 0.00020336425673454686 -0.030352580326825543
		outer loop
			vertex 52 15.05356502532959 5
			vertex 52.00011444091797 19 5.030210018157959
			vertex 52.00741958618164 15.065767288208008 5.244415760040283
		endloop
	endfacet
	facet normal 0.9974310892632233 -0.0020465136806108878 -0.0716033096507071
		outer loop
			vertex 52.00741958618164 15.065767288208008 5.244415760040283
			vertex 52.00011444091797 19 5.030210018157959
			vertex 52.03681564331055 19 5.54145622253418
		endloop
	endfacet
	facet normal 0.9958596811093936 -0.0005776972025468544 -0.09090193510943095
		outer loop
			vertex 52.00741958618164 15.065767288208008 5.244415760040283
			vertex 52.03681564331055 19 5.54145622253418
			vertex 52.02931213378906 15.099876403808594 5.484038829803467
		endloop
	endfacet
	facet normal 0.9885749008865926 0.00031710494977541784 -0.15073010575699408
		outer loop
			vertex 52.02931213378906 15.099876403808594 5.484038829803467
			vertex 52.03681564331055 19 5.54145622253418
			vertex 52.06511688232422 15.152148246765137 5.718976974487305
		endloop
	endfacet
	facet normal 0.980084641429377 -0.001952464171687552 -0.19857060083987194
		outer loop
			vertex 52.06511688232422 15.152148246765137 5.718976974487305
			vertex 52.03681564331055 19 5.54145622253418
			vertex 52.13859558105469 19 6.043811321258545
		endloop
	endfacet
	facet normal 0.9780375308345323 -0.0010813786725137958 -0.20842605139295395
		outer loop
			vertex 52.06511688232422 15.152148246765137 5.718976974487305
			vertex 52.13859558105469 19 6.043811321258545
			vertex 52.11428451538086 15.218799591064453 5.949349880218506
		endloop
	endfacet
	facet normal 0.9557731908773283 0.0012021214717280653 -0.29410229938600846
		outer loop
			vertex 52.11428451538086 15.218799591064453 5.949349880218506
			vertex 52.13859558105469 19 6.043811321258545
			vertex 52.25178527832031 15.379220962524414 6.396855354309082
		endloop
	endfacet
	facet normal 0.9466481777178457 -0.0018290125285673868 -0.3222636844831457
		outer loop
			vertex 52.25178527832031 15.379220962524414 6.396855354309082
			vertex 52.13859558105469 19 6.043811321258545
			vertex 52.303775787353516 19 6.529027462005615
		endloop
	endfacet
	facet normal 0.9146922087608567 0.0016189248171142683 -0.4041479213290875
		outer loop
			vertex 52.25178527832031 15.379220962524414 6.396855354309082
			vertex 52.303775787353516 19 6.529027462005615
			vertex 52.44097137451172 15.55393123626709 6.825732707977295
		endloop
	endfacet
	facet normal 0.8976652502173232 -0.0022037076373064746 -0.440672488618157
		outer loop
			vertex 52.44097137451172 15.55393123626709 6.825732707977295
			vertex 52.303775787353516 19 6.529027462005615
			vertex 52.52964782714844 19 6.989136695861816
		endloop
	endfacet
	facet normal 0.8609115718139955 0.001970165716674178 -0.508750807334794
		outer loop
			vertex 52.44097137451172 15.55393123626709 6.825732707977295
			vertex 52.52964782714844 19 6.989136695861816
			vertex 52.68096923828125 15.72077751159668 7.232504844665527
		endloop
	endfacet
	facet normal 0.8339386900805702 -0.0024732427321586853 -0.5518515599842867
		outer loop
			vertex 52.68096923828125 15.72077751159668 7.232504844665527
			vertex 52.52964782714844 19 6.989136695861816
			vertex 52.81250762939453 19 7.416584491729736
		endloop
	endfacet
	facet normal 0.7946178795153123 0.0022057302788319414 -0.6071058888765009
		outer loop
			vertex 52.68096923828125 15.72077751159668 7.232504844665527
			vertex 52.81250762939453 19 7.416584491729736
			vertex 52.97038269042969 15.862260818481445 7.611821174621582
		endloop
	endfacet
	facet normal 0.7565276379925152 -0.002625916434699354 -0.653956449250517
		outer loop
			vertex 52.97038269042969 15.862260818481445 7.611821174621582
			vertex 52.81250762939453 19 7.416584491729736
			vertex 53.147701263427734 19 7.804352283477783
		endloop
	endfacet
	facet normal 0.7374099103887389 -0.00022698164356672271 -0.6754454622986267
		outer loop
			vertex 52.97038269042969 15.862260818481445 7.611821174621582
			vertex 53.147701263427734 19 7.804352283477783
			vertex 53.13316345214844 15.91812515258789 7.789516448974609
		endloop
	endfacet
	facet normal 0.695141295134623 0.00018146405702719506 -0.7188731090181041
		outer loop
			vertex 53.13316345214844 15.91812515258789 7.789516448974609
			vertex 53.147701263427734 19 7.804352283477783
			vertex 53.30774688720703 15.961210250854492 7.958347320556641
		endloop
	endfacet
	facet normal 0.6666877759962038 -0.002657974367649309 -0.7453323718378912
		outer loop
			vertex 53.30774688720703 15.961210250854492 7.958347320556641
			vertex 53.147701263427734 19 7.804352283477783
			vertex 53.52973175048828 19 8.146072387695312
		endloop
	endfacet
	facet normal 0.6500506700033822 -0.0005432695526130432 -0.7598906706141003
		outer loop
			vertex 53.30774688720703 15.961210250854492 7.958347320556641
			vertex 53.52973175048828 19 8.146072387695312
			vertex 53.494380950927734 15.989397048950195 8.1179838180542
		endloop
	endfacet
	facet normal 0.6010182776778239 0.00039955328511936646 -0.7992351783138393
		outer loop
			vertex 53.494380950927734 15.989397048950195 8.1179838180542
			vertex 53.52973175048828 19 8.146072387695312
			vertex 53.70000076293945 16 8.272613525390625
		endloop
	endfacet
	facet normal 0.5659037901677193 -0.0026577042974406115 -0.8244670016936261
		outer loop
			vertex 53.70000076293945 16 8.272613525390625
			vertex 53.52973175048828 19 8.146072387695312
			vertex 53.95232391357422 19 8.436134338378906
		endloop
	endfacet
	facet normal 0.5235998008267843 0.0023989996445446388 -0.8519609693964022
		outer loop
			vertex 53.70000076293945 16 8.272613525390625
			vertex 53.95232391357422 19 8.436134338378906
			vertex 54.119117736816406 16 8.530195236206055
		endloop
	endfacet
	facet normal 0.45582742124710574 -0.0025636887882230838 -0.8900644861688455
		outer loop
			vertex 54.119117736816406 16 8.530195236206055
			vertex 53.95232391357422 19 8.436134338378906
			vertex 54.408538818359375 19 8.669775009155273
		endloop
	endfacet
	facet normal 0.41506107518379115 0.0022869835527086165 -0.9097906756905706
		outer loop
			vertex 54.119117736816406 16 8.530195236206055
			vertex 54.408538818359375 19 8.669775009155273
			vertex 54.566680908203125 16 8.734380722045898
		endloop
	endfacet
	facet normal 0.3382665183789681 -0.002434283740847999 -0.9410472022201863
		outer loop
			vertex 54.566680908203125 16 8.734380722045898
			vertex 54.408538818359375 19 8.669775009155273
			vertex 54.89088439941406 19 8.843157768249512
		endloop
	endfacet
	facet normal 0.30024200771372106 0.002139546000464297 -0.9538606602365703
		outer loop
			vertex 54.566680908203125 16 8.734380722045898
			vertex 54.89088439941406 19 8.843157768249512
			vertex 55.035926818847656 16 8.88208293914795
		endloop
	endfacet
	facet normal 0.21515078121866674 -0.002269161236517147 -0.9765782059048216
		outer loop
			vertex 55.035926818847656 16 8.88208293914795
			vertex 54.89088439941406 19 8.843157768249512
			vertex 55.391441345214844 19 8.953435897827148
		endloop
	endfacet
	facet normal 0.18087915417085998 0.0019569031138238994 -0.9835033818531776
		outer loop
			vertex 55.035926818847656 16 8.88208293914795
			vertex 55.391441345214844 19 8.953435897827148
			vertex 55.51975631713867 16 8.971065521240234
		endloop
	endfacet
	facet normal 0.08850296784210086 -0.002068049852391403 -0.9960737662708261
		outer loop
			vertex 55.51975631713867 16 8.971065521240234
			vertex 55.391441345214844 19 8.953435897827148
			vertex 55.90199279785156 19 8.998799324035645
		endloop
	endfacet
	facet normal 0.058787959048974645 0.001738297473946921 -0.9982689788793141
		outer loop
			vertex 55.51975631713867 16 8.971065521240234
			vertex 55.90199279785156 19 8.998799324035645
			vertex 56.01084518432617 16 8.999985694885254
		endloop
	endfacet
	facet normal -0.03959933913768559 -0.0018319736272146133 -0.9992139591761556
		outer loop
			vertex 56.01084518432617 16 8.999985694885254
			vertex 55.90199279785156 19 8.998799324035645
			vertex 56.41415023803711 19 8.97850227355957
		endloop
	endfacet
	facet normal -0.06420004951613335 0.0014843753521399559 -0.9979359449743957
		outer loop
			vertex 56.01084518432617 16 8.999985694885254
			vertex 56.41415023803711 19 8.97850227355957
			vertex 56.501773834228516 16 8.968402862548828
		endloop
	endfacet
	facet normal -0.16705030317631273 -0.0015600209697140758 -0.9859471398321901
		outer loop
			vertex 56.501773834228516 16 8.968402862548828
			vertex 56.41415023803711 19 8.97850227355957
			vertex 56.91950988769531 19 8.892878532409668
		endloop
	endfacet
	facet normal -0.18621136716540374 0.0011946229709255253 -0.9825089819509787
		outer loop
			vertex 56.501773834228516 16 8.968402862548828
			vertex 56.91950988769531 19 8.892878532409668
			vertex 56.985111236572266 16 8.876797676086426
		endloop
	endfacet
	facet normal -0.29176088791515575 -0.001252907337871829 -0.9564904675458938
		outer loop
			vertex 56.985111236572266 16 8.876797676086426
			vertex 56.91950988769531 19 8.892878532409668
			vertex 57.40977096557617 19 8.743332862854004
		endloop
	endfacet
	facet normal -0.3054113538574006 0.0008693409450258409 -0.9522201159297735
		outer loop
			vertex 56.985111236572266 16 8.876797676086426
			vertex 57.40977096557617 19 8.743332862854004
			vertex 57.453548431396484 16 8.726552963256836
		endloop
	endfacet
	facet normal -0.41167648276833796 -0.0009100446382297051 -0.9113296030274926
		outer loop
			vertex 57.453548431396484 16 8.726552963256836
			vertex 57.40977096557617 19 8.743332862854004
			vertex 57.87688446044922 19 8.532322883605957
		endloop
	endfacet
	facet normal -0.41998704476936544 0.0005086772953821915 -0.9075299573420729
		outer loop
			vertex 57.453548431396484 16 8.726552963256836
			vertex 57.87688446044922 19 8.532322883605957
			vertex 57.900001525878906 16 8.519943237304688
		endloop
	endfacet
	facet normal -0.49423270639420636 -0.00022107221102427181 -0.8693296170367923
		outer loop
			vertex 57.900001525878906 16 8.519943237304688
			vertex 57.87688446044922 19 8.532322883605957
			vertex 58.04887771606445 15.985834121704102 8.435307502746582
		endloop
	endfacet
	facet normal -0.5248349621100268 -0.002550809714417413 -0.8512001855713893
		outer loop
			vertex 58.04887771606445 15.985834121704102 8.435307502746582
			vertex 57.87688446044922 19 8.532322883605957
			vertex 58.31317901611328 19 8.263311386108398
		endloop
	endfacet
	facet normal -0.5305760503753222 -0.0018439746217150754 -0.8476353310980603
		outer loop
			vertex 58.04887771606445 15.985834121704102 8.435307502746582
			vertex 58.31317901611328 19 8.263311386108398
			vertex 58.19503402709961 15.943591117858887 8.343913078308105
		endloop
	endfacet
	facet normal -0.5659590103610349 0.00013561549397914303 -0.82443336916915
		outer loop
			vertex 58.19503402709961 15.943591117858887 8.343913078308105
			vertex 58.31317901611328 19 8.263311386108398
			vertex 58.3304328918457 15.874178886413574 8.25095272064209
		endloop
	endfacet
	facet normal -0.5974367699264582 -0.00012716276829855257 -0.8019160116679744
		outer loop
			vertex 58.3304328918457 15.874178886413574 8.25095272064209
			vertex 58.31317901611328 19 8.263311386108398
			vertex 58.4490852355957 15.781746864318848 8.162569999694824
		endloop
	endfacet
	facet normal -0.6195924173367893 -0.0015947543280431496 -0.7849220936738801
		outer loop
			vertex 58.4490852355957 15.781746864318848 8.162569999694824
			vertex 58.31317901611328 19 8.263311386108398
			vertex 58.50062561035156 15.728421211242676 8.121994018554688
		endloop
	endfacet
	facet normal -0.6293747325956499 -0.0024932038870135666 -0.7770979538671635
		outer loop
			vertex 58.50062561035156 15.728421211242676 8.121994018554688
			vertex 58.31317901611328 19 8.263311386108398
			vertex 58.711490631103516 19 7.9407172203063965
		endloop
	endfacet
	facet normal -0.6331540655958203 -0.0020792304399008398 -0.7740230009633188
		outer loop
			vertex 58.50062561035156 15.728421211242676 8.121994018554688
			vertex 58.711490631103516 19 7.9407172203063965
			vertex 58.54839324951172 15.668354034423828 8.083081245422363
		endloop
	endfacet
	facet normal -0.6436324336163846 -0.0011949766505318397 -0.7653338241759964
		outer loop
			vertex 58.54839324951172 15.668354034423828 8.083081245422363
			vertex 58.711490631103516 19 7.9407172203063965
			vertex 58.59186935424805 15.601341247558594 8.046623229980469
		endloop
	endfacet
	facet normal -0.6528793172266739 -0.0006242130681789736 -0.7574616871470647
		outer loop
			vertex 58.59186935424805 15.601341247558594 8.046623229980469
			vertex 58.711490631103516 19 7.9407172203063965
			vertex 58.629512786865234 15.528295516967773 8.014237403869629
		endloop
	endfacet
	facet normal -0.6612761686792257 -0.0002709386166847826 -0.7501424900171904
		outer loop
			vertex 58.629512786865234 15.528295516967773 8.014237403869629
			vertex 58.711490631103516 19 7.9407172203063965
			vertex 58.659812927246094 15.4501371383667 7.987555027008057
		endloop
	endfacet
	facet normal -0.667291705638556 -0.00011282956314557072 -0.7447964600180887
		outer loop
			vertex 58.659812927246094 15.4501371383667 7.987555027008057
			vertex 58.711490631103516 19 7.9407172203063965
			vertex 58.68190383911133 15.368199348449707 7.967775344848633
		endloop
	endfacet
	facet normal -0.6726936830589603 -0.00003249867675276832 -0.7399210820867367
		outer loop
			vertex 58.68190383911133 15.368199348449707 7.967775344848633
			vertex 58.711490631103516 19 7.9407172203063965
			vertex 58.69541931152344 15.284232139587402 7.955491542816162
		endloop
	endfacet
	facet normal -0.6774828630797214 0.000005640753175316395 -0.7355385579298244
		outer loop
			vertex 58.69541931152344 15.284232139587402 7.955491542816162
			vertex 58.711490631103516 19 7.9407172203063965
			vertex 58.70000076293945 15.199999809265137 7.951271057128906
		endloop
	endfacet
	facet normal -0.6764716560248385 0 -0.7364686677619169
		outer loop
			vertex 58.70000076293945 15.199999809265137 7.951271057128906
			vertex 58.711490631103516 19 7.9407172203063965
			vertex 58.70000076293945 12 7.951271057128906
		endloop
	endfacet
	facet normal -0.7206901012219836 0.00013772989412525786 -0.6932573541125427
		outer loop
			vertex 58.70000076293945 12 7.951271057128906
			vertex 58.711490631103516 19 7.9407172203063965
			vertex 59.05378341674805 12 7.583488941192627
		endloop
	endfacet
	facet normal -0.7235821173741953 -0.00015775753118451097 -0.69023828822287
		outer loop
			vertex 59.05378341674805 12 7.583488941192627
			vertex 58.711490631103516 19 7.9407172203063965
			vertex 59.06528091430664 19 7.569836139678955
		endloop
	endfacet
	facet normal -0.8030906190430546 0.00015691665519811733 -0.5958568896825871
		outer loop
			vertex 59.05378341674805 12 7.583488941192627
			vertex 59.06528091430664 19 7.569836139678955
			vertex 59.35786056518555 12 7.173656463623047
		endloop
	endfacet
	facet normal -0.8059097734206868 -0.00017703416236596487 -0.5920383482207235
		outer loop
			vertex 59.35786056518555 12 7.173656463623047
			vertex 59.06528091430664 19 7.569836139678955
			vertex 59.368736267089844 19 7.156758785247803
		endloop
	endfacet
	facet normal -0.8724211906342354 0.00017562453172461254 -0.4887547803227784
		outer loop
			vertex 59.35786056518555 12 7.173656463623047
			vertex 59.368736267089844 19 7.156758785247803
			vertex 59.60728073120117 12 6.728444576263428
		endloop
	endfacet
	facet normal -0.8750005378337902 -0.0001957489867388166 -0.48412190662364424
		outer loop
			vertex 59.60728073120117 12 6.728444576263428
			vertex 59.368736267089844 19 7.156758785247803
			vertex 59.616878509521484 19 6.7082672119140625
		endloop
	endfacet
	facet normal -0.9275480332795417 0.0001945772241071914 -0.37370390431323885
		outer loop
			vertex 59.60728073120117 12 6.728444576263428
			vertex 59.616878509521484 19 6.7082672119140625
			vertex 59.79798889160156 12 6.255099296569824
		endloop
	endfacet
	facet normal -0.9297236414451173 -0.0002142749270532821 -0.3682579321946597
		outer loop
			vertex 59.79798889160156 12 6.255099296569824
			vertex 59.616878509521484 19 6.7082672119140625
			vertex 59.805633544921875 19 6.231726169586182
		endloop
	endfacet
	facet normal -0.9675787587943228 0.00021335251374937425 -0.2525693964255032
		outer loop
			vertex 59.79798889160156 12 6.255099296569824
			vertex 59.805633544921875 19 6.231726169586182
			vertex 59.9268798828125 12 5.761325359344482
		endloop
	endfacet
	facet normal -0.9691825293123786 -0.00023280029061311598 -0.24634360287956636
		outer loop
			vertex 59.9268798828125 12 5.761325359344482
			vertex 59.805633544921875 19 6.231726169586182
			vertex 59.93190002441406 19 5.734959602355957
		endloop
	endfacet
	facet normal -0.9918621377620274 0.00023178530909953381 -0.1273163224009854
		outer loop
			vertex 59.9268798828125 12 5.761325359344482
			vertex 59.93190002441406 19 5.734959602355957
			vertex 59.991851806640625 12 5.255159378051758
		endloop
	endfacet
	facet normal -0.9927277147584763 -0.00025098469007272763 -0.12038115033965528
		outer loop
			vertex 59.991851806640625 12 5.255159378051758
			vertex 59.93190002441406 19 5.734959602355957
			vertex 59.99360275268555 19 5.226125717163086
		endloop
	endfacet
	facet normal -0.9999999687162051 0.00025013514144937686 0
		outer loop
			vertex 59.991851806640625 12 5.255159378051758
			vertex 59.99360275268555 19 5.226125717163086
			vertex 59.991851806640625 12 4.744840621948242
		endloop
	endfacet
	facet normal -0.9999714314886828 -0.00026925098460488917 0.007554052580022778
		outer loop
			vertex 59.991851806640625 12 4.744840621948242
			vertex 59.99360275268555 19 5.226125717163086
			vertex 59.98973083496094 19 4.713578701019287
		endloop
	endfacet
	facet normal -0.9918621287691282 0.0002680630403577569 0.1273163212466487
		outer loop
			vertex 59.991851806640625 12 4.744840621948242
			vertex 59.98973083496094 19 4.713578701019287
			vertex 59.9268798828125 12 4.238674640655518
		endloop
	endfacet
	facet normal -0.9907960897365485 -0.0002873939371847464 0.1353625722550008
		outer loop
			vertex 59.9268798828125 12 4.238674640655518
			vertex 59.98973083496094 19 4.713578701019287
			vertex 59.92034912109375 19 4.2057342529296875
		endloop
	endfacet
	facet normal -0.9675787412951168 0.00028581535599163317 0.2525693918576436
		outer loop
			vertex 59.9268798828125 12 4.238674640655518
			vertex 59.92034912109375 19 4.2057342529296875
			vertex 59.79798889160156 12 3.744900703430176
		endloop
	endfacet
	facet normal -0.9653513589249154 -0.0003050647772060093 0.2609533689326523
		outer loop
			vertex 59.79798889160156 12 3.744900703430176
			vertex 59.92034912109375 19 4.2057342529296875
			vertex 59.78659439086914 19 3.7109320163726807
		endloop
	endfacet
	facet normal -0.9275479428410827 0.0003036129171343142 0.3737040561065301
		outer loop
			vertex 59.79798889160156 12 3.744900703430176
			vertex 59.78659439086914 19 3.7109320163726807
			vertex 59.60728073120117 12 3.2715556621551514
		endloop
	endfacet
	facet normal -0.9240558578271787 -0.00032271358208131655 0.382257331481322
		outer loop
			vertex 59.60728073120117 12 3.2715556621551514
			vertex 59.78659439086914 19 3.7109320163726807
			vertex 59.59066390991211 19 3.2372963428497314
		endloop
	endfacet
	facet normal -0.8724212707243089 0.000321075758140735 0.48875456345505347
		outer loop
			vertex 59.60728073120117 12 3.2715556621551514
			vertex 59.59066390991211 19 3.2372963428497314
			vertex 59.35786056518555 12 2.826343536376953
		endloop
	endfacet
	facet normal -0.8675895821126386 -0.0003401695418845543 0.49728080728528035
		outer loop
			vertex 59.35786056518555 12 2.826343536376953
			vertex 59.59066390991211 19 3.2372963428497314
			vertex 59.335777282714844 19 2.7926039695739746
		endloop
	endfacet
	facet normal -0.8030905829367279 0.00033843946257846013 0.595856862893327
		outer loop
			vertex 59.35786056518555 12 2.826343536376953
			vertex 59.335777282714844 19 2.7926039695739746
			vertex 59.05378341674805 12 2.416511058807373
		endloop
	endfacet
	facet normal -0.7968737307802816 -0.0003573489665278879 0.6041457849675289
		outer loop
			vertex 59.05378341674805 12 2.416511058807373
			vertex 59.335777282714844 19 2.7926039695739746
			vertex 59.02611541748047 19 2.384157180786133
		endloop
	endfacet
	facet normal -0.7190806739741377 0.00036972054599784994 0.6949265051957781
		outer loop
			vertex 59.05378341674805 12 2.416511058807373
			vertex 59.02611541748047 19 2.384157180786133
			vertex 58.70000076293945 15.199999809265137 2.048729181289673
		endloop
	endfacet
	facet normal -0.7130735165616997 -0.0006897717779733909 0.7010889274501672
		outer loop
			vertex 58.70000076293945 15.199999809265137 2.048729181289673
			vertex 59.02611541748047 19 2.384157180786133
			vertex 58.66676330566406 19 2.018662214279175
		endloop
	endfacet
	facet normal -0.6788261434590478 -0.00012745013352001344 0.734299019959158
		outer loop
			vertex 58.70000076293945 15.199999809265137 2.048729181289673
			vertex 58.66676330566406 19 2.018662214279175
			vertex 58.69541931152344 15.284232139587402 2.044508457183838
		endloop
	endfacet
	facet normal -0.6727167275822812 -0.00004137395065360082 0.7399001302332519
		outer loop
			vertex 58.69541931152344 15.284232139587402 2.044508457183838
			vertex 58.66676330566406 19 2.018662214279175
			vertex 58.68190383911133 15.368199348449707 2.0322248935699463
		endloop
	endfacet
	facet normal -0.6670658678378603 0.0000012241717980501423 0.7449987435990908
		outer loop
			vertex 58.68190383911133 15.368199348449707 2.0322248935699463
			vertex 58.66676330566406 19 2.018662214279175
			vertex 58.659812927246094 15.4501371383667 2.0124447345733643
		endloop
	endfacet
	facet normal -0.6609089724754523 -0.000020406459441029293 0.7504660749727586
		outer loop
			vertex 58.659812927246094 15.4501371383667 2.0124447345733643
			vertex 58.66676330566406 19 2.018662214279175
			vertex 58.629512786865234 15.528295516967773 1.985762596130371
		endloop
	endfacet
	facet normal -0.6523854060356411 -0.00018219001055178573 0.7578873589119376
		outer loop
			vertex 58.629512786865234 15.528295516967773 1.985762596130371
			vertex 58.66676330566406 19 2.018662214279175
			vertex 58.59186935424805 15.601341247558594 1.9533768892288208
		endloop
	endfacet
	facet normal -0.6430423913293859 -0.0005406546085528349 0.7658303928716719
		outer loop
			vertex 58.59186935424805 15.601341247558594 1.9533768892288208
			vertex 58.66676330566406 19 2.018662214279175
			vertex 58.54839324951172 15.668354034423828 1.9169187545776367
		endloop
	endfacet
	facet normal -0.6324807145584069 -0.0011829538240725817 0.7745752037936261
		outer loop
			vertex 58.54839324951172 15.668354034423828 1.9169187545776367
			vertex 58.66676330566406 19 2.018662214279175
			vertex 58.50062561035156 15.728421211242676 1.8780057430267334
		endloop
	endfacet
	facet normal -0.6200056492829112 -0.0022472121750712654 0.7845941274918617
		outer loop
			vertex 58.50062561035156 15.728421211242676 1.8780057430267334
			vertex 58.66676330566406 19 2.018662214279175
			vertex 58.4490852355957 15.781746864318848 1.8374300003051758
		endloop
	endfacet
	facet normal -0.6175634079668887 -0.0025206895485779014 0.7865170584701401
		outer loop
			vertex 58.4490852355957 15.781746864318848 1.8374300003051758
			vertex 58.66676330566406 19 2.018662214279175
			vertex 58.26362228393555 19 1.7021209001541138
		endloop
	endfacet
	facet normal -0.5977439571755613 -0.0007407275006966435 0.8016867299530851
		outer loop
			vertex 58.4490852355957 15.781746864318848 1.8374300003051758
			vertex 58.26362228393555 19 1.7021209001541138
			vertex 58.3304328918457 15.874178886413574 1.7490472793579102
		endloop
	endfacet
	facet normal -0.5659090779241678 0.00028170200749545824 0.8244676077123935
		outer loop
			vertex 58.3304328918457 15.874178886413574 1.7490472793579102
			vertex 58.26362228393555 19 1.7021209001541138
			vertex 58.19503402709961 15.943591117858887 1.6560866832733154
		endloop
	endfacet
	facet normal -0.5303737190781507 -0.0008666119204835883 0.847763508942789
		outer loop
			vertex 58.19503402709961 15.943591117858887 1.6560866832733154
			vertex 58.26362228393555 19 1.7021209001541138
			vertex 58.04887771606445 15.985834121704102 1.5646922588348389
		endloop
	endfacet
	facet normal -0.5119175485273721 -0.0026952274026276314 0.8590303599169088
		outer loop
			vertex 58.04887771606445 15.985834121704102 1.5646922588348389
			vertex 58.26362228393555 19 1.7021209001541138
			vertex 57.82331466674805 19 1.4397306442260742
		endloop
	endfacet
	facet normal -0.4942838499654583 -0.0009498597508438148 0.8693000479867571
		outer loop
			vertex 58.04887771606445 15.985834121704102 1.5646922588348389
			vertex 57.82331466674805 19 1.4397306442260742
			vertex 57.900001525878906 16 1.4800567626953125
		endloop
	endfacet
	facet normal -0.4199868490885696 0.0014632166913884298 0.9075290108804068
		outer loop
			vertex 57.900001525878906 16 1.4800567626953125
			vertex 57.82331466674805 19 1.4397306442260742
			vertex 57.453548431396484 16 1.2734469175338745
		endloop
	endfacet
	facet normal -0.3978658737837022 -0.0018127585218733618 0.9174418021786848
		outer loop
			vertex 57.453548431396484 16 1.2734469175338745
			vertex 57.82331466674805 19 1.4397306442260742
			vertex 57.35306930541992 19 1.2357999086380005
		endloop
	endfacet
	facet normal -0.30540991874104295 0.0017202970806788152 0.9522194191007364
		outer loop
			vertex 57.453548431396484 16 1.2734469175338745
			vertex 57.35306930541992 19 1.2357999086380005
			vertex 56.985111236572266 16 1.1232028007507324
		endloop
	endfacet
	facet normal -0.2772795766384554 -0.0020515299342855984 0.9607870875506851
		outer loop
			vertex 56.985111236572266 16 1.1232028007507324
			vertex 57.35306930541992 19 1.2357999086380005
			vertex 56.8606071472168 19 1.0936771631240845
		endloop
	endfacet
	facet normal -0.18621278648148068 0.00194163587131863 0.9825075206841655
		outer loop
			vertex 56.985111236572266 16 1.1232028007507324
			vertex 56.8606071472168 19 1.0936771631240845
			vertex 56.501773834228516 16 1.0315967798233032
		endloop
	endfacet
	facet normal -0.15213892015596375 -0.002255013506040367 0.9883565469444037
		outer loop
			vertex 56.501773834228516 16 1.0315967798233032
			vertex 56.8606071472168 19 1.0936771631240845
			vertex 56.35401153564453 19 1.0156962871551514
		endloop
	endfacet
	facet normal -0.06419852705212829 0.002127178105318919 0.9979348797580159
		outer loop
			vertex 56.501773834228516 16 1.0315967798233032
			vertex 56.35401153564453 19 1.0156962871551514
			vertex 56.01084518432617 16 1.0000146627426147
		endloop
	endfacet
	facet normal -0.024501922228133233 -0.0024228784087764427 0.9996968467827348
		outer loop
			vertex 56.01084518432617 16 1.0000146627426147
			vertex 56.35401153564453 19 1.0156962871551514
			vertex 55.84160232543945 19 1.003137469291687
		endloop
	endfacet
	facet normal 0.058786446511292625 0.002277262824450845 0.998267983950504
		outer loop
			vertex 56.01084518432617 16 1.0000146627426147
			vertex 55.84160232543945 19 1.003137469291687
			vertex 55.51975631713867 16 1.028934121131897
		endloop
	endfacet
	facet normal 0.10353748937139352 -0.0025550677508969673 0.9946222699715994
		outer loop
			vertex 55.51975631713867 16 1.028934121131897
			vertex 55.84160232543945 19 1.003137469291687
			vertex 55.33179473876953 19 1.0562070608139038
		endloop
	endfacet
	facet normal 0.18088062385431963 0.0023918709148572767 0.9835021499049196
		outer loop
			vertex 55.51975631713867 16 1.028934121131897
			vertex 55.33179473876953 19 1.0562070608139038
			vertex 55.035926818847656 16 1.117917537689209
		endloop
	endfacet
	facet normal 0.2298778386688051 -0.002651953996612665 0.9732158786358548
		outer loop
			vertex 55.035926818847656 16 1.117917537689209
			vertex 55.33179473876953 19 1.0562070608139038
			vertex 54.83296203613281 19 1.174033522605896
		endloop
	endfacet
	facet normal 0.3002406762846197 0.002470491520758497 0.9538602795880539
		outer loop
			vertex 55.035926818847656 16 1.117917537689209
			vertex 54.83296203613281 19 1.174033522605896
			vertex 54.566680908203125 16 1.265619158744812
		endloop
	endfacet
	facet normal 0.35243981054963297 -0.002713144672461005 0.9358305502524082
		outer loop
			vertex 54.566680908203125 16 1.265619158744812
			vertex 54.83296203613281 19 1.174033522605896
			vertex 54.35328674316406 19 1.3546823263168335
		endloop
	endfacet
	facet normal 0.4150612498468398 0.0025142899874907726 0.909789996219698
		outer loop
			vertex 54.566680908203125 16 1.265619158744812
			vertex 54.35328674316406 19 1.3546823263168335
			vertex 54.119117736816406 16 1.4698048830032349
		endloop
	endfacet
	facet normal 0.4692198521823357 -0.002738216204015618 0.8830771384709308
		outer loop
			vertex 54.119117736816406 16 1.4698048830032349
			vertex 54.35328674316406 19 1.3546823263168335
			vertex 53.90065383911133 19 1.5951871871948242
		endloop
	endfacet
	facet normal 0.5235992902702474 0.00252223921664147 0.8519609272365883
		outer loop
			vertex 54.119117736816406 16 1.4698048830032349
			vertex 53.90065383911133 19 1.5951871871948242
			vertex 53.70000076293945 16 1.7273863554000854
		endloop
	endfacet
	facet normal 0.5782950589649345 -0.0027285144279071737 0.8158231303326475
		outer loop
			vertex 53.70000076293945 16 1.7273863554000854
			vertex 53.90065383911133 19 1.5951871871948242
			vertex 53.48249435424805 19 1.8915989398956299
		endloop
	endfacet
	facet normal 0.6010385814470396 -0.0001707456709023372 0.7992199912777748
		outer loop
			vertex 53.70000076293945 16 1.7273863554000854
			vertex 53.48249435424805 19 1.8915989398956299
			vertex 53.494380950927734 15.989397048950195 1.882016658782959
		endloop
	endfacet
	facet normal 0.6499893884396039 0.00014753578396617173 0.759943269691299
		outer loop
			vertex 53.494380950927734 15.989397048950195 1.882016658782959
			vertex 53.48249435424805 19 1.8915989398956299
			vertex 53.30774688720703 15.961210250854492 2.0416526794433594
		endloop
	endfacet
	facet normal 0.6778679579476906 -0.0026784944760063203 0.7351787927131536
		outer loop
			vertex 53.30774688720703 15.961210250854492 2.0416526794433594
			vertex 53.48249435424805 19 1.8915989398956299
			vertex 53.10566711425781 19 2.2390506267547607
		endloop
	endfacet
	facet normal -0.7206898835209032 0 0.6932575941095973
		outer loop
			vertex 58.70000076293945 12 2.048729181289673
			vertex 59.05378341674805 12 2.416511058807373
			vertex 58.70000076293945 15.199999809265137 2.048729181289673
		endloop
	endfacet
	facet normal 1 0 0
		outer loop
			vertex 66.69999694824219 12 0.5
			vertex 66.69999694824219 15 0.5
			vertex 66.69999694824219 12 9.5
		endloop
	endfacet
	facet normal 1 0 0
		outer loop
			vertex 66.69999694824219 12 9.5
			vertex 66.69999694824219 15 0.5
			vertex 66.69999694824219 15 9.5
		endloop
	endfacet
	facet normal 0.7071067811865476 0.7071067811865476 0
		outer loop
			vertex 66.69999694824219 15 0.5
			vertex 64.19999694824219 17.5 -2
			vertex 64.19999694824219 17.5 12
		endloop
	endfacet
	facet normal 0.7071076803198875 0.7071058820520644 0
		outer loop
			vertex 64.19999694824219 17.5 12
			vertex 64.19999694824219 17.5 -2
			vertex 62.70000076293945 19 -2
		endloop
	endfacet
	facet normal 0.7071076803198875 0.7071058820520644 0
		outer loop
			vertex 64.19999694824219 17.5 12
			vertex 62.70000076293945 19 -2
			vertex 62.70000076293945 19 12
		endloop
	endfacet
	facet normal 0.7071067811865476 0.7071067811865476 0
		outer loop
			vertex 64.19999694824219 17.5 12
			vertex 66.69999694824219 15 9.5
			vertex 66.69999694824219 15 0.5
		endloop
	endfacet
	facet normal 0.7071067811865476 0 0.7071067811865476
		outer loop
			vertex 64.05355072021484 17.439340591430664 12.146446228027344
			vertex 64.05355072021484 12.146446228027344 12.146446228027344
			vertex 64.19999694824219 17.5 12
		endloop
	endfacet
	facet normal 0.7071067811865476 0 0.7071067811865476
		outer loop
			vertex 64.19999694824219 17.5 12
			vertex 64.05355072021484 12.146446228027344 12.146446228027344
			vertex 64.19999694824219 12 12
		endloop
	endfacet
	facet normal 0.7071067811865476 0 0.7071067811865476
		outer loop
			vertex 64.19999694824219 17.5 12
			vertex 64.19999694824219 12 12
			vertex 66.69999694824219 15 9.5
		endloop
	endfacet
	facet normal 0.7071067811865476 0 0.7071067811865476
		outer loop
			vertex 66.69999694824219 15 9.5
			vertex 64.19999694824219 12 12
			vertex 66.69999694824219 12 9.5
		endloop
	endfacet
	facet normal 0 -1 0
		outer loop
			vertex 64.19999694824219 12 -2
			vertex 59.35786056518555 12 2.826343536376953
			vertex 58.70000076293945 12 -2
		endloop
	endfacet
	facet normal 0 -1 0
		outer loop
			vertex 58.70000076293945 12 -2
			vertex 59.35786056518555 12 2.826343536376953
			vertex 59.05378341674805 12 2.416511058807373
		endloop
	endfacet
	facet normal 0 -1 0
		outer loop
			vertex 58.70000076293945 12 -2
			vertex 59.05378341674805 12 2.416511058807373
			vertex 58.70000076293945 12 2.048729181289673
		endloop
	endfacet
	facet normal 0 -1 0
		outer loop
			vertex 66.69999694824219 12 0.5
			vertex 59.991851806640625 12 4.744840621948242
			vertex 64.19999694824219 12 -2
		endloop
	endfacet
	facet normal 0 -1 0
		outer loop
			vertex 64.19999694824219 12 -2
			vertex 59.991851806640625 12 4.744840621948242
			vertex 59.9268798828125 12 4.238674640655518
		endloop
	endfacet
	facet normal 0 -1 0
		outer loop
			vertex 64.19999694824219 12 -2
			vertex 59.9268798828125 12 4.238674640655518
			vertex 59.79798889160156 12 3.744900703430176
		endloop
	endfacet
	facet normal 0 -1 0
		outer loop
			vertex 66.69999694824219 12 0.5
			vertex 66.69999694824219 12 9.5
			vertex 59.991851806640625 12 4.744840621948242
		endloop
	endfacet
	facet normal 0 -1 0
		outer loop
			vertex 59.991851806640625 12 4.744840621948242
			vertex 66.69999694824219 12 9.5
			vertex 59.991851806640625 12 5.255159378051758
		endloop
	endfacet
	facet normal 0 -1 0
		outer loop
			vertex 59.991851806640625 12 5.255159378051758
			vertex 66.69999694824219 12 9.5
			vertex 64.19999694824219 12 12
		endloop
	endfacet
	facet normal 0 -1 0
		outer loop
			vertex 59.991851806640625 12 5.255159378051758
			vertex 64.19999694824219 12 12
			vertex 59.9268798828125 12 5.761325359344482
		endloop
	endfacet
	facet normal 0 -1 0
		outer loop
			vertex 59.9268798828125 12 5.761325359344482
			vertex 64.19999694824219 12 12
			vertex 59.79798889160156 12 6.255099296569824
		endloop
	endfacet
	facet normal 0 -1 0
		outer loop
			vertex 59.79798889160156 12 6.255099296569824
			vertex 64.19999694824219 12 12
			vertex 59.60728073120117 12 6.728444576263428
		endloop
	endfacet
	facet normal 0 -1 0
		outer loop
			vertex 59.60728073120117 12 6.728444576263428
			vertex 64.19999694824219 12 12
			vertex 59.35786056518555 12 7.173656463623047
		endloop
	endfacet
	facet normal 0 -1 0
		outer loop
			vertex 59.35786056518555 12 7.173656463623047
			vertex 64.19999694824219 12 12
			vertex 58.70000076293945 12 12
		endloop
	endfacet
	facet normal 0 -1 0
		outer loop
			vertex 59.35786056518555 12 7.173656463623047
			vertex 58.70000076293945 12 12
			vertex 59.05378341674805 12 7.583488941192627
		endloop
	endfacet
	facet normal 0 -1 0
		outer loop
			vertex 59.05378341674805 12 7.583488941192627
			vertex 58.70000076293945 12 12
			vertex 58.70000076293945 12 7.951271057128906
		endloop
	endfacet
	facet normal 0 -1 0
		outer loop
			vertex 59.79798889160156 12 3.744900703430176
			vertex 59.60728073120117 12 3.2715556621551514
			vertex 64.19999694824219 12 -2
		endloop
	endfacet
	facet normal 0 -1 0
		outer loop
			vertex 64.19999694824219 12 -2
			vertex 59.60728073120117 12 3.2715556621551514
			vertex 59.35786056518555 12 2.826343536376953
		endloop
	endfacet
	facet normal 0.7071079323734687 0 -0.7071056299977524
		outer loop
			vertex 64.05355072021484 17.439340591430664 -2.146446704864502
			vertex 64.19999694824219 17.5 -2
			vertex 64.05355072021484 12.146446228027344 -2.146446704864502
		endloop
	endfacet
	facet normal 0.7071079323734687 0 -0.7071056299977524
		outer loop
			vertex 64.05355072021484 12.146446228027344 -2.146446704864502
			vertex 64.19999694824219 17.5 -2
			vertex 64.19999694824219 12 -2
		endloop
	endfacet
	facet normal 0.7071067811865476 0 -0.7071067811865476
		outer loop
			vertex 64.19999694824219 12 -2
			vertex 64.19999694824219 17.5 -2
			vertex 66.69999694824219 15 0.5
		endloop
	endfacet
	facet normal 0.7071067811865476 0 -0.7071067811865476
		outer loop
			vertex 64.19999694824219 12 -2
			vertex 66.69999694824219 15 0.5
			vertex 66.69999694824219 12 0.5
		endloop
	endfacet
	facet normal 0.49999973032412526 0.49999973032412526 0.7071071625656216
		outer loop
			vertex 62.49289321899414 18.5 12.5
			vertex 63.20000076293945 17.792892456054688 12.5
			vertex 62.70000076293945 19 12
		endloop
	endfacet
	facet normal 0.5000010952718522 0.4999998584054227 0.7071061068336955
		outer loop
			vertex 62.70000076293945 19 12
			vertex 63.20000076293945 17.792892456054688 12.5
			vertex 64.05355072021484 17.439340591430664 12.146446228027344
		endloop
	endfacet
	facet normal 0.5000012346973262 0.499999963128431 0.7071059341942458
		outer loop
			vertex 62.70000076293945 19 12
			vertex 64.05355072021484 17.439340591430664 12.146446228027344
			vertex 64.19999694824219 17.5 12
		endloop
	endfacet
	facet normal 0 0.7071067811865476 -0.7071067811865476
		outer loop
			vertex 62.70000076293945 19 -2
			vertex 62.49289321899414 18.5 -2.5
			vertex 50.09202575683594 19 -2
		endloop
	endfacet
	facet normal 0 0.7071067811865476 -0.7071067811865476
		outer loop
			vertex 50.09202575683594 19 -2
			vertex 62.49289321899414 18.5 -2.5
			vertex 50.09202575683594 18.5 -2.5
		endloop
	endfacet
	facet normal 0.38268465805139634 0 -0.9238790248144428
		outer loop
			vertex 64.05355072021484 12.146446228027344 -2.146446704864502
			vertex 63.20000076293945 12.5 -2.5
			vertex 64.05355072021484 17.439340591430664 -2.146446704864502
		endloop
	endfacet
	facet normal 0.3826846580513964 0 -0.9238790248144428
		outer loop
			vertex 64.05355072021484 17.439340591430664 -2.146446704864502
			vertex 63.20000076293945 12.5 -2.5
			vertex 63.20000076293945 17.792892456054688 -2.5
		endloop
	endfacet
	facet normal 0 -0.7071079323734687 -0.7071056299977523
		outer loop
			vertex 64.19999694824219 12 -2
			vertex 58.70000076293945 12 -2
			vertex 64.05355072021484 12.146446228027344 -2.146446704864502
		endloop
	endfacet
	facet normal -8.355151395184593e-8 -0.7071064052046324 -0.7071071571682579
		outer loop
			vertex 64.05355072021484 12.146446228027344 -2.146446704864502
			vertex 58.70000076293945 12 -2
			vertex 63.20000076293945 12.5 -2.5
		endloop
	endfacet
	facet normal 0 -0.7071067811865476 -0.7071067811865476
		outer loop
			vertex 63.20000076293945 12.5 -2.5
			vertex 58.70000076293945 12 -2
			vertex 59.20000076293945 12.5 -2.5
		endloop
	endfacet
	facet normal 0.7060145264294576 -0.05556057002207221 -0.7060145264294576
		outer loop
			vertex 51.20000076293945 14 -2.5
			vertex 51.230777740478516 14.39108657836914 -2.5
			vertex 51.70000076293945 14 -2
		endloop
	endfacet
	facet normal 0.7033444740943777 -0.06153373299790171 -0.7081808741163843
		outer loop
			vertex 51.70000076293945 14 -2
			vertex 51.230777740478516 14.39108657836914 -2.5
			vertex 51.730384826660156 14.347296714782715 -2
		endloop
	endfacet
	facet normal 0.6903075955387407 -0.16572794493905835 -0.7042795409550096
		outer loop
			vertex 51.730384826660156 14.347296714782715 -2
			vertex 51.230777740478516 14.39108657836914 -2.5
			vertex 51.322357177734375 14.772542953491211 -2.5
		endloop
	endfacet
	facet normal 0.6801605978894446 -0.18224631051035295 -0.7100477754236241
		outer loop
			vertex 51.730384826660156 14.347296714782715 -2
			vertex 51.322357177734375 14.772542953491211 -2.5
			vertex 51.820613861083984 14.684040069580078 -2
		endloop
	endfacet
	facet normal 0.6570817108643217 -0.2721768106017054 -0.7029675732338581
		outer loop
			vertex 51.820613861083984 14.684040069580078 -2
			vertex 51.322357177734375 14.772542953491211 -2.5
			vertex 51.47248458862305 15.134976387023926 -2.5
		endloop
	endfacet
	facet normal 0.6369673229311746 -0.2970237834712202 -0.7113715636503434
		outer loop
			vertex 51.820613861083984 14.684040069580078 -2
			vertex 51.47248458862305 15.134976387023926 -2.5
			vertex 51.96794891357422 15 -2
		endloop
	endfacet
	facet normal 0.607157752151003 -0.372062102026632 -0.7020892081768993
		outer loop
			vertex 51.96794891357422 15 -2
			vertex 51.47248458862305 15.134976387023926 -2.5
			vertex 51.67745590209961 15.469463348388672 -2.5
		endloop
	endfacet
	facet normal 0.5750536564947188 -0.40265873586707057 -0.7121651736654824
		outer loop
			vertex 51.96794891357422 15 -2
			vertex 51.67745590209961 15.469463348388672 -2.5
			vertex 52.167911529541016 15.285574913024902 -2
		endloop
	endfacet
	facet normal 0.5418050981535733 -0.4627464579944736 -0.701650162993187
		outer loop
			vertex 52.167911529541016 15.285574913024902 -2
			vertex 51.67745590209961 15.469463348388672 -2.5
			vertex 51.93223190307617 15.767766952514648 -2.5
		endloop
	endfacet
	facet normal 0.49620975851070226 -0.4962078388554809 -0.7124280007250724
		outer loop
			vertex 52.167911529541016 15.285574913024902 -2
			vertex 51.93223190307617 15.767766952514648 -2.5
			vertex 52.414424896240234 15.532089233398438 -2
		endloop
	endfacet
	facet normal 0.4627454437430223 -0.541807374906579 -0.7016490738196091
		outer loop
			vertex 52.414424896240234 15.532089233398438 -2
			vertex 51.93223190307617 15.767766952514648 -2.5
			vertex 52.23053741455078 16.02254295349121 -2.5
		endloop
	endfacet
	facet normal 0.40265719381295273 -0.575056117195188 -0.7121640585897835
		outer loop
			vertex 52.414424896240234 15.532089233398438 -2
			vertex 52.23053741455078 16.02254295349121 -2.5
			vertex 52.70000076293945 15.732050895690918 -2
		endloop
	endfacet
	facet normal 0.3720638845146616 -0.6071567421911057 -0.7020891369703308
		outer loop
			vertex 52.70000076293945 15.732050895690918 -2
			vertex 52.23053741455078 16.02254295349121 -2.5
			vertex 52.565025329589844 16.227516174316406 -2.5
		endloop
	endfacet
	facet normal 0.29702200316371274 -0.6369676280441149 -0.7113720337913698
		outer loop
			vertex 52.70000076293945 15.732050895690918 -2
			vertex 52.565025329589844 16.227516174316406 -2.5
			vertex 53.015960693359375 15.879384994506836 -2
		endloop
	endfacet
	facet normal 0.2721754438617727 -0.6570815725231718 -0.7029682317211232
		outer loop
			vertex 53.015960693359375 15.879384994506836 -2
			vertex 52.565025329589844 16.227516174316406 -2.5
			vertex 52.92745590209961 16.377641677856445 -2.5
		endloop
	endfacet
	facet normal 0.18225034401456494 -0.6801593471530945 -0.7100479382315319
		outer loop
			vertex 53.015960693359375 15.879384994506836 -2
			vertex 52.92745590209961 16.377641677856445 -2.5
			vertex 53.35270309448242 15.969615936279297 -2
		endloop
	endfacet
	facet normal 0.1657274917557825 -0.6903091595410915 -0.7042781146180883
		outer loop
			vertex 53.35270309448242 15.969615936279297 -2
			vertex 52.92745590209961 16.377641677856445 -2.5
			vertex 53.30891418457031 16.469221115112305 -2.5
		endloop
	endfacet
	facet normal 0.0615336873452183 -0.7033458836513954 -0.70817947814967
		outer loop
			vertex 53.35270309448242 15.969615936279297 -2
			vertex 53.30891418457031 16.469221115112305 -2.5
			vertex 53.70000076293945 16 -2
		endloop
	endfacet
	facet normal 0.05556400265964833 -0.7060143913577253 -0.7060143913577253
		outer loop
			vertex 53.70000076293945 16 -2
			vertex 53.30891418457031 16.469221115112305 -2.5
			vertex 53.70000076293945 16.5 -2.5
		endloop
	endfacet
	facet normal 0 -0.7071067811865476 -0.7071067811865476
		outer loop
			vertex 53.70000076293945 16.5 -2.5
			vertex 57.900001525878906 16.5 -2.5
			vertex 53.70000076293945 16 -2
		endloop
	endfacet
	facet normal 0 -0.7071067811865476 -0.7071067811865476
		outer loop
			vertex 53.70000076293945 16 -2
			vertex 57.900001525878906 16.5 -2.5
			vertex 57.900001525878906 16 -2
		endloop
	endfacet
	facet normal -0.061746033102769105 -0.705757545973145 -0.705757545973145
		outer loop
			vertex 57.900001525878906 16 -2
			vertex 57.900001525878906 16.5 -2.5
			vertex 58.038917541503906 15.987846374511719 -2
		endloop
	endfacet
	facet normal -0.06174798732020257 -0.7057577297243124 -0.7057571912465991
		outer loop
			vertex 58.038917541503906 15.987846374511719 -2
			vertex 57.900001525878906 16.5 -2.5
			vertex 58.1257438659668 16.480249404907227 -2.5
		endloop
	endfacet
	facet normal -0.18336062729895888 -0.6843137798838672 -0.7057574165515985
		outer loop
			vertex 58.038917541503906 15.987846374511719 -2
			vertex 58.1257438659668 16.480249404907227 -2.5
			vertex 58.173614501953125 15.951754570007324 -2
		endloop
	endfacet
	facet normal -0.1833594805780844 -0.6843138727171554 -0.7057576244639403
		outer loop
			vertex 58.173614501953125 15.951754570007324 -2
			vertex 58.1257438659668 16.480249404907227 -2.5
			vertex 58.344627380371094 16.421600341796875 -2.5
		endloop
	endfacet
	facet normal -0.2994053289573071 -0.6420763437503142 -0.7057580447916944
		outer loop
			vertex 58.173614501953125 15.951754570007324 -2
			vertex 58.344627380371094 16.421600341796875 -2.5
			vertex 58.29999923706055 15.892820358276367 -2
		endloop
	endfacet
	facet normal -0.2994093348554752 -0.6420752981722453 -0.7057572965817813
		outer loop
			vertex 58.29999923706055 15.892820358276367 -2
			vertex 58.344627380371094 16.421600341796875 -2.5
			vertex 58.54999923706055 16.32583236694336 -2.5
		endloop
	endfacet
	facet normal -0.4063495502897008 -0.5803332435161603 -0.705757302087177
		outer loop
			vertex 58.29999923706055 15.892820358276367 -2
			vertex 58.54999923706055 16.32583236694336 -2.5
			vertex 58.41423034667969 15.812835693359375 -2
		endloop
	endfacet
	facet normal -0.40635180848704994 -0.5803322082936091 -0.7057568531416234
		outer loop
			vertex 58.41423034667969 15.812835693359375 -2
			vertex 58.54999923706055 16.32583236694336 -2.5
			vertex 58.73562240600586 16.195858001708984 -2.5
		endloop
	endfacet
	facet normal -0.5009502882457485 -0.500955133260384 -0.7057568725606379
		outer loop
			vertex 58.41423034667969 15.812835693359375 -2
			vertex 58.73562240600586 16.195858001708984 -2.5
			vertex 58.51283645629883 15.71423053741455 -2
		endloop
	endfacet
	facet normal -0.5009496269126715 -0.5009555899598083 -0.705757017807174
		outer loop
			vertex 58.51283645629883 15.71423053741455 -2
			vertex 58.73562240600586 16.195858001708984 -2.5
			vertex 58.89585876464844 16.03562355041504 -2.5
		endloop
	endfacet
	facet normal -0.580336522705989 -0.40634554877153667 -0.7057569095709089
		outer loop
			vertex 58.51283645629883 15.71423053741455 -2
			vertex 58.89585876464844 16.03562355041504 -2.5
			vertex 58.59281921386719 15.600000381469727 -2
		endloop
	endfacet
	facet normal -0.5803310224534415 -0.40635097815523347 -0.7057583063134493
		outer loop
			vertex 58.59281921386719 15.600000381469727 -2
			vertex 58.89585876464844 16.03562355041504 -2.5
			vertex 59.02583312988281 15.850000381469727 -2.5
		endloop
	endfacet
	facet normal -0.6420780993559525 -0.2994013026153787 -0.7057581556876704
		outer loop
			vertex 58.59281921386719 15.600000381469727 -2
			vertex 59.02583312988281 15.850000381469727 -2.5
			vertex 58.65175247192383 15.473615646362305 -2
		endloop
	endfacet
	facet normal -0.6420746017162022 -0.2994062294141677 -0.7057592476326265
		outer loop
			vertex 58.65175247192383 15.473615646362305 -2
			vertex 59.02583312988281 15.850000381469727 -2.5
			vertex 59.12160110473633 15.64462661743164 -2.5
		endloop
	endfacet
	facet normal -0.6843077540982737 -0.18337354769974132 -0.7057599022932567
		outer loop
			vertex 58.65175247192383 15.473615646362305 -2
			vertex 59.12160110473633 15.64462661743164 -2.5
			vertex 58.68784713745117 15.338918685913086 -2
		endloop
	endfacet
	facet normal -0.684316872024282 -0.18335432110181968 -0.7057560567194541
		outer loop
			vertex 58.68784713745117 15.338918685913086 -2
			vertex 59.12160110473633 15.64462661743164 -2.5
			vertex 59.18024826049805 15.425743103027344 -2.5
		endloop
	endfacet
	facet normal -0.705759605549439 -0.061744941634838714 -0.705755581881724
		outer loop
			vertex 58.68784713745117 15.338918685913086 -2
			vertex 59.18024826049805 15.425743103027344 -2.5
			vertex 58.70000076293945 15.199999809265137 -2
		endloop
	endfacet
	facet normal -0.7057572130031539 -0.06175364433004797 -0.7057572130031539
		outer loop
			vertex 58.70000076293945 15.199999809265137 -2
			vertex 59.18024826049805 15.425743103027344 -2.5
			vertex 59.20000076293945 15.199999809265137 -2.5
		endloop
	endfacet
	facet normal -0.7071067811865476 0 -0.7071067811865476
		outer loop
			vertex 58.70000076293945 12 -2
			vertex 58.70000076293945 15.199999809265137 -2
			vertex 59.20000076293945 12.5 -2.5
		endloop
	endfacet
	facet normal -0.7071067811865476 0 -0.7071067811865476
		outer loop
			vertex 59.20000076293945 12.5 -2.5
			vertex 58.70000076293945 15.199999809265137 -2
			vertex 59.20000076293945 15.199999809265137 -2.5
		endloop
	endfacet
	facet normal 0.5000020487094644 0.5000007771384991 -0.7071047830040716
		outer loop
			vertex 64.19999694824219 17.5 -2
			vertex 64.05355072021484 17.439340591430664 -2.146446704864502
			vertex 62.70000076293945 19 -2
		endloop
	endfacet
	facet normal 0.5000007870216443 0.49999982948056065 -0.7071063452530649
		outer loop
			vertex 62.70000076293945 19 -2
			vertex 64.05355072021484 17.439340591430664 -2.146446704864502
			vertex 63.20000076293945 17.792892456054688 -2.5
		endloop
	endfacet
	facet normal 0.49999973032412526 0.49999973032412526 -0.7071071625656216
		outer loop
			vertex 62.70000076293945 19 -2
			vertex 63.20000076293945 17.792892456054688 -2.5
			vertex 62.49289321899414 18.5 -2.5
		endloop
	endfacet
	facet normal -0.7071067811865476 0 0.7071067811865476
		outer loop
			vertex 59.20000076293945 15.199999809265137 12.5
			vertex 58.70000076293945 15.199999809265137 12
			vertex 59.20000076293945 12.5 12.5
		endloop
	endfacet
	facet normal -0.7071067811865476 0 0.7071067811865476
		outer loop
			vertex 59.20000076293945 12.5 12.5
			vertex 58.70000076293945 15.199999809265137 12
			vertex 58.70000076293945 12 12
		endloop
	endfacet
	facet normal -0.7057576013883968 -0.061744766296372745 0.7057576013883968
		outer loop
			vertex 58.70000076293945 15.199999809265137 12
			vertex 59.20000076293945 15.199999809265137 12.5
			vertex 58.68784713745117 15.338918685913086 12
		endloop
	endfacet
	facet normal -0.7057584463296701 -0.061753752245922756 0.7057559702318356
		outer loop
			vertex 58.68784713745117 15.338918685913086 12
			vertex 59.20000076293945 15.199999809265137 12.5
			vertex 59.18024826049805 15.425743103027344 12.5
		endloop
	endfacet
	facet normal -0.6843123355648089 -0.1833747753926429 0.7057551410677321
		outer loop
			vertex 58.68784713745117 15.338918685913086 12
			vertex 59.18024826049805 15.425743103027344 12.5
			vertex 58.65175247192383 15.473615646362305 12
		endloop
	endfacet
	facet normal -0.684314052627904 -0.18335356567910552 0.705758986714822
		outer loop
			vertex 58.65175247192383 15.473615646362305 12
			vertex 59.18024826049805 15.425743103027344 12.5
			vertex 59.12160110473633 15.64462661743164 12.5
		endloop
	endfacet
	facet normal -0.6420768787499062 -0.2994007334462377 0.7057595076133465
		outer loop
			vertex 58.65175247192383 15.473615646362305 12
			vertex 59.12160110473633 15.64462661743164 12.5
			vertex 58.59281921386719 15.600000381469727 12
		endloop
	endfacet
	facet normal -0.6420753528577398 -0.29940657967947165 0.7057584156758241
		outer loop
			vertex 58.59281921386719 15.600000381469727 12
			vertex 59.12160110473633 15.64462661743164 12.5
			vertex 59.02583312988281 15.850000381469727 12.5
		endloop
	endfacet
	facet normal -0.5803351115435735 -0.40634456069040836 0.7057586388468988
		outer loop
			vertex 58.59281921386719 15.600000381469727 12
			vertex 59.02583312988281 15.850000381469727 12.5
			vertex 58.51283645629883 15.71423053741455 12
		endloop
	endfacet
	facet normal -0.5803318908519357 -0.4063515862126418 0.7057572421468212
		outer loop
			vertex 58.51283645629883 15.71423053741455 12
			vertex 59.02583312988281 15.850000381469727 12.5
			vertex 58.89585876464844 16.03562355041504 12.5
		endloop
	endfacet
	facet normal -0.5009501615701186 -0.5009550065835291 0.705757052392513
		outer loop
			vertex 58.51283645629883 15.71423053741455 12
			vertex 58.89585876464844 16.03562355041504 12.5
			vertex 58.41423034667969 15.812835693359375 12
		endloop
	endfacet
	facet normal -0.5009497048662093 -0.5009556679142739 0.7057569071422691
		outer loop
			vertex 58.41423034667969 15.812835693359375 12
			vertex 58.89585876464844 16.03562355041504 12.5
			vertex 58.73562240600586 16.195858001708984 12.5
		endloop
	endfacet
	facet normal -0.4063498678895996 -0.5803336971004679 0.7057567462488811
		outer loop
			vertex 58.41423034667969 15.812835693359375 12
			vertex 58.73562240600586 16.195858001708984 12.5
			vertex 58.29999923706055 15.892820358276367 12
		endloop
	endfacet
	facet normal -0.40635161303795725 -0.5803319291625676 0.7057571951995267
		outer loop
			vertex 58.29999923706055 15.892820358276367 12
			vertex 58.73562240600586 16.195858001708984 12.5
			vertex 58.54999923706055 16.32583236694336 12.5
		endloop
	endfacet
	facet normal -0.29940571896045737 -0.6420771801141747 0.7057571184411825
		outer loop
			vertex 58.29999923706055 15.892820358276367 12
			vertex 58.54999923706055 16.32583236694336 12.5
			vertex 58.173614501953125 15.951754570007324 12
		endloop
	endfacet
	facet normal -0.29940909484732053 -0.6420747834811869 0.7057578666513717
		outer loop
			vertex 58.173614501953125 15.951754570007324 12
			vertex 58.54999923706055 16.32583236694336 12.5
			vertex 58.344627380371094 16.421600341796875 12.5
		endloop
	endfacet
	facet normal -0.18336056092738737 -0.684313532180848 0.70575767397214
		outer loop
			vertex 58.173614501953125 15.951754570007324 12
			vertex 58.344627380371094 16.421600341796875 12.5
			vertex 58.038917541503906 15.987846374511719 12
		endloop
	endfacet
	facet normal -0.18335952142172443 -0.6843140251492489 0.7057574660519218
		outer loop
			vertex 58.038917541503906 15.987846374511719 12
			vertex 58.344627380371094 16.421600341796875 12.5
			vertex 58.1257438659668 16.480249404907227 12.5
		endloop
	endfacet
	facet normal -0.06174607123507334 -0.7057579818256218 0.7057571067842382
		outer loop
			vertex 58.038917541503906 15.987846374511719 12
			vertex 58.1257438659668 16.480249404907227 12.5
			vertex 57.900001525878906 16 12
		endloop
	endfacet
	facet normal -0.06174796385384036 -0.705757461512064 0.705757461512064
		outer loop
			vertex 57.900001525878906 16 12
			vertex 58.1257438659668 16.480249404907227 12.5
			vertex 57.900001525878906 16.5 12.5
		endloop
	endfacet
	facet normal 0 -0.7071067811865476 0.7071067811865476
		outer loop
			vertex 57.900001525878906 16.5 12.5
			vertex 53.70000076293945 16.5 12.5
			vertex 57.900001525878906 16 12
		endloop
	endfacet
	facet normal 0 -0.7071067811865476 0.7071067811865476
		outer loop
			vertex 57.900001525878906 16 12
			vertex 53.70000076293945 16.5 12.5
			vertex 53.70000076293945 16 12
		endloop
	endfacet
	facet normal 0 -0.7071067811865476 0.7071067811865476
		outer loop
			vertex 59.20000076293945 12.5 12.5
			vertex 58.70000076293945 12 12
			vertex 63.20000076293945 12.5 12.5
		endloop
	endfacet
	facet normal 0 -0.7071067811865476 0.7071067811865476
		outer loop
			vertex 63.20000076293945 12.5 12.5
			vertex 58.70000076293945 12 12
			vertex 64.05355072021484 12.146446228027344 12.146446228027344
		endloop
	endfacet
	facet normal 0 -0.7071067811865476 0.7071067811865476
		outer loop
			vertex 64.05355072021484 12.146446228027344 12.146446228027344
			vertex 58.70000076293945 12 12
			vertex 64.19999694824219 12 12
		endloop
	endfacet
	facet normal 0.3826850985924024 0 0.9238788423355756
		outer loop
			vertex 63.20000076293945 17.792892456054688 12.5
			vertex 63.20000076293945 12.5 12.5
			vertex 64.05355072021484 17.439340591430664 12.146446228027344
		endloop
	endfacet
	facet normal 0.3826850985924024 0 0.9238788423355756
		outer loop
			vertex 64.05355072021484 17.439340591430664 12.146446228027344
			vertex 63.20000076293945 12.5 12.5
			vertex 64.05355072021484 12.146446228027344 12.146446228027344
		endloop
	endfacet
	facet normal 7.378601694033306e-14 1 -3.806478941571966e-16
		outer loop
			vertex 51.70000076293945 -7.23421322845752e-13 12
			vertex 107.26055145263672 -4.825580039724553e-12 5.256280899047852
			vertex 51.70000076293945 -7.287503933639528e-13 -2
		endloop
	endfacet
	facet normal 7.376525544512329e-14 1 -2.2167939182870094e-16
		outer loop
			vertex 51.70000076293945 -7.287503933639528e-13 -2
			vertex 107.26055145263672 -4.825580039724553e-12 5.256280899047852
			vertex 107.26055145263672 -4.8256936641122294e-12 4.743719100952148
		endloop
	endfacet
	facet normal 7.406924180914274e-14 1 -2.726180177559141e-15
		outer loop
			vertex 51.70000076293945 -7.287503933639528e-13 -2
			vertex 107.26055145263672 -4.8256936641122294e-12 4.743719100952148
			vertex 107.32609558105469 -4.831934331817056e-12 4.235365390777588
		endloop
	endfacet
	facet normal 7.582068582593076e-14 1 1.821868772020388e-14
		outer loop
			vertex 116.24522399902344 -5.617284415393442e-12 12
			vertex 110.36225128173828 -5.114750203233376e-12 8.899711608886719
			vertex 51.70000076293945 -7.23421322845752e-13 12
		endloop
	endfacet
	facet normal 7.766413047405102e-14 1 5.3099511089908896e-14
		outer loop
			vertex 51.70000076293945 -7.23421322845752e-13 12
			vertex 110.36225128173828 -5.114750203233376e-12 8.899711608886719
			vertex 109.8708724975586 -5.0688437822077326e-12 8.753873825073242
		endloop
	endfacet
	facet normal 7.679352586264884e-14 1 3.749819849379994e-14
		outer loop
			vertex 51.70000076293945 -7.23421322845752e-13 12
			vertex 109.8708724975586 -5.0688437822077326e-12 8.753873825073242
			vertex 109.40218353271484 -5.02507150473841e-12 8.54639720916748
		endloop
	endfacet
	facet normal 8.754990742301526e-14 1 -6.178152165308384e-15
		outer loop
			vertex 118.95233154296875 -5.871016346692404e-12 9.292893409729004
			vertex 111.38053894042969 -5.209928842508926e-12 8.997944831848145
			vertex 116.24522399902344 -5.617284415393442e-12 12
		endloop
	endfacet
	facet normal 9.40175271244962e-14 1 -1.6658616768439015e-14
		outer loop
			vertex 116.24522399902344 -5.617284415393442e-12 12
			vertex 111.38053894042969 -5.209928842508926e-12 8.997944831848145
			vertex 110.86824035644531 -5.1620374641458966e-12 8.98151683807373
		endloop
	endfacet
	facet normal 9.701027145187629e-14 1 -2.1989750464236082e-14
		outer loop
			vertex 116.24522399902344 -5.617284415393442e-12 12
			vertex 110.86824035644531 -5.1620374641458966e-12 8.98151683807373
			vertex 110.36225128173828 -5.114750203233376e-12 8.899711608886719
		endloop
	endfacet
	facet normal 8.085869261107963e-14 1 -2.2204850643196226e-16
		outer loop
			vertex 118.95233154296875 -5.872922807792502e-12 0.7071067690849304
			vertex 115.25233459472656 -5.572792661362458e-12 5
			vertex 118.95233154296875 -5.871016346692404e-12 9.292893409729004
		endloop
	endfacet
	facet normal 8.173420752769005e-14 1 -9.766450478363215e-16
		outer loop
			vertex 118.95233154296875 -5.871016346692404e-12 9.292893409729004
			vertex 115.25233459472656 -5.572792661362458e-12 5
			vertex 115.21949005126953 -5.5696085764223024e-12 5.511508464813232
		endloop
	endfacet
	facet normal 8.303293020191315e-14 1 -2.2586953958361518e-15
		outer loop
			vertex 118.95233154296875 -5.871016346692404e-12 9.292893409729004
			vertex 115.21949005126953 -5.5696085764223024e-12 5.511508464813232
			vertex 115.12151336669922 -5.5603369131240754e-12 6.014618396759033
		endloop
	endfacet
	facet normal 8.754990623444624e-14 1 5.734076124519698e-15
		outer loop
			vertex 116.24522399902344 -5.6203930398623925e-12 -2
			vertex 111.38053894042969 -5.2117043319865886e-12 1.0020551681518555
			vertex 118.95233154296875 -5.872922807792502e-12 0.7071067690849304
		endloop
	endfacet
	facet normal 8.909357705392293e-14 1 4.536255123625221e-14
		outer loop
			vertex 118.95233154296875 -5.872922807792502e-12 0.7071067690849304
			vertex 111.38053894042969 -5.2117043319865886e-12 1.0020551681518555
			vertex 111.89073181152344 -5.259391880341191e-12 1.0512728691101074
		endloop
	endfacet
	facet normal 8.803645250078293e-14 1 2.3672470603640387e-14
		outer loop
			vertex 118.95233154296875 -5.872922807792502e-12 0.7071067690849304
			vertex 111.89073181152344 -5.259391880341191e-12 1.0512728691101074
			vertex 112.39044189453125 -5.306084564782321e-12 1.1653286218643188
		endloop
	endfacet
	facet normal 7.578628442582826e-14 1 -1.8727958270954193e-14
		outer loop
			vertex 51.70000076293945 -7.287503933639528e-13 -2
			vertex 110.36225128173828 -5.116482324624139e-12 1.1002883911132812
			vertex 116.24522399902344 -5.6203930398623925e-12 -2
		endloop
	endfacet
	facet normal 9.701055832825488e-14 1 2.1546302881675736e-14
		outer loop
			vertex 116.24522399902344 -5.6203930398623925e-12 -2
			vertex 110.36225128173828 -5.116482324624139e-12 1.1002883911132812
			vertex 110.86824035644531 -5.163806014729655e-12 1.0184835195541382
		endloop
	endfacet
	facet normal 9.401680534037565e-14 1 1.621337303744595e-14
		outer loop
			vertex 116.24522399902344 -5.6203930398623925e-12 -2
			vertex 110.86824035644531 -5.163806014729655e-12 1.0184835195541382
			vertex 111.38053894042969 -5.2117043319865886e-12 1.0020551681518555
		endloop
	endfacet
	facet normal 8.398994287828931e-14 1 -3.3770096132454804e-15
		outer loop
			vertex 115.12151336669922 -5.5603369131240754e-12 6.014618396759033
			vertex 114.95999908447266 -5.545128592410187e-12 6.501068115234375
			vertex 118.95233154296875 -5.871016346692404e-12 9.292893409729004
		endloop
	endfacet
	facet normal 8.4732955526316e-14 1 -4.439523631454158e-15
		outer loop
			vertex 118.95233154296875 -5.871016346692404e-12 9.292893409729004
			vertex 114.95999908447266 -5.545128592410187e-12 6.501068115234375
			vertex 114.73760986328125 -5.524234715503784e-12 6.962870121002197
		endloop
	endfacet
	facet normal 8.533552536541083e-14 1 -5.5294973568869814e-15
		outer loop
			vertex 118.95233154296875 -5.871016346692404e-12 9.292893409729004
			vertex 114.73760986328125 -5.524234715503784e-12 6.962870121002197
			vertex 114.4579849243164 -5.497997456610504e-12 7.392442226409912
		endloop
	endfacet
	facet normal 8.584421330842111e-14 1 -6.7324853403113404e-15
		outer loop
			vertex 114.4579849243164 -5.497997456610504e-12 7.392442226409912
			vertex 114.125732421875 -5.466847894514126e-12 7.7827301025390625
			vertex 118.95233154296875 -5.871016346692404e-12 9.292893409729004
		endloop
	endfacet
	facet normal 8.628815052301613e-14 1 -8.151343128461541e-15
		outer loop
			vertex 118.95233154296875 -5.871016346692404e-12 9.292893409729004
			vertex 114.125732421875 -5.466847894514126e-12 7.7827301025390625
			vertex 113.74629211425781 -5.431297772640065e-12 8.127326011657715
		endloop
	endfacet
	facet normal 8.669423519812879e-14 1 -9.965131703476627e-15
		outer loop
			vertex 118.95233154296875 -5.871016346692404e-12 9.292893409729004
			vertex 113.74629211425781 -5.431297772640065e-12 8.127326011657715
			vertex 113.3259048461914 -5.391930391757116e-12 8.420571327209473
		endloop
	endfacet
	facet normal 8.70868751007246e-14 1 -1.2497636238733219e-14
		outer loop
			vertex 113.3259048461914 -5.391930391757116e-12 8.420571327209473
			vertex 112.87146759033203 -5.349391936360082e-12 8.6576509475708
			vertex 118.95233154296875 -5.871016346692404e-12 9.292893409729004
		endloop
	endfacet
	facet normal 8.750361786475705e-14 1 -1.648690994489802e-14
		outer loop
			vertex 118.95233154296875 -5.871016346692404e-12 9.292893409729004
			vertex 112.87146759033203 -5.349391936360082e-12 8.6576509475708
			vertex 112.39044189453125 -5.3043819336906495e-12 8.834671020507812
		endloop
	endfacet
	facet normal 8.803665044441171e-14 1 -2.4120105198976764e-14
		outer loop
			vertex 118.95233154296875 -5.871016346692404e-12 9.292893409729004
			vertex 112.39044189453125 -5.3043819336906495e-12 8.834671020507812
			vertex 111.89073181152344 -5.2576380749069784e-12 8.94872760772705
		endloop
	endfacet
	facet normal 8.909349370621403e-14 1 -4.5804433073251454e-14
		outer loop
			vertex 111.89073181152344 -5.2576380749069784e-12 8.94872760772705
			vertex 111.38053894042969 -5.209928842508926e-12 8.997944831848145
			vertex 118.95233154296875 -5.871016346692404e-12 9.292893409729004
		endloop
	endfacet
	facet normal 7.623918814044946e-14 1 2.8236422169250554e-14
		outer loop
			vertex 109.40218353271484 -5.02507150473841e-12 8.54639720916748
			vertex 108.9638671875 -4.984151980025331e-12 8.280689239501953
			vertex 51.70000076293945 -7.23421322845752e-13 12
		endloop
	endfacet
	facet normal 7.582918558327641e-14 1 2.1923873103159157e-14
		outer loop
			vertex 51.70000076293945 -7.23421322845752e-13 12
			vertex 108.9638671875 -4.984151980025331e-12 8.280689239501953
			vertex 108.5631332397461 -4.946758280777175e-12 7.961112022399902
		endloop
	endfacet
	facet normal 7.549415830956015e-14 1 1.720705492094483e-14
		outer loop
			vertex 51.70000076293945 -7.23421322845752e-13 12
			vertex 108.5631332397461 -4.946758280777175e-12 7.961112022399902
			vertex 108.20655059814453 -4.9135027643809615e-12 7.592913627624512
		endloop
	endfacet
	facet normal 7.519936380699513e-14 1 1.3427274167213913e-14
		outer loop
			vertex 108.20655059814453 -4.9135027643809615e-12 7.592913627624512
			vertex 107.89997863769531 -4.8849331697742304e-12 7.1821393966674805
			vertex 51.70000076293945 -7.23421322845752e-13 12
		endloop
	endfacet
	facet normal 7.492569751782695e-14 1 1.0234977697349308e-14
		outer loop
			vertex 51.70000076293945 -7.23421322845752e-13 12
			vertex 107.89997863769531 -4.8849331697742304e-12 7.1821393966674805
			vertex 107.6484603881836 -4.8615170049337575e-12 6.735535144805908
		endloop
	endfacet
	facet normal 7.465897540559376e-14 1 7.40037024190866e-15
		outer loop
			vertex 51.70000076293945 -7.23421322845752e-13 12
			vertex 107.6484603881836 -4.8615170049337575e-12 6.735535144805908
			vertex 107.45610809326172 -4.8436402458329475e-12 6.260432720184326
		endloop
	endfacet
	facet normal 7.438996202205168e-14 1 4.787082801440313e-15
		outer loop
			vertex 107.45610809326172 -4.8436402458329475e-12 6.260432720184326
			vertex 107.32609558105469 -4.8315951933775025e-12 5.764634609222412
			vertex 51.70000076293945 -7.23421322845752e-13 12
		endloop
	endfacet
	facet normal 7.410865027637216e-14 1 2.2774826644919105e-15
		outer loop
			vertex 51.70000076293945 -7.23421322845752e-13 12
			vertex 107.32609558105469 -4.8315951933775025e-12 5.764634609222412
			vertex 107.26055145263672 -4.825580039724553e-12 5.256280899047852
		endloop
	endfacet
	facet normal 7.435120561007296e-14 1 -5.2415973412459296e-15
		outer loop
			vertex 107.32609558105469 -4.831934331817056e-12 4.235365390777588
			vertex 107.45610809326172 -4.84419969415395e-12 3.7395670413970947
			vertex 51.70000076293945 -7.287503933639528e-13 -2
		endloop
	endfacet
	facet normal 7.462087500644535e-14 1 -7.861257622134006e-15
		outer loop
			vertex 51.70000076293945 -7.287503933639528e-13 -2
			vertex 107.45610809326172 -4.84419969415395e-12 3.7395670413970947
			vertex 107.6484603881836 -4.862288089518829e-12 3.264465093612671
		endloop
	endfacet
	facet normal 7.488789767159473e-14 1 -1.0699059095689427e-14
		outer loop
			vertex 51.70000076293945 -7.287503933639528e-13 -2
			vertex 107.6484603881836 -4.862288089518829e-12 3.264465093612671
			vertex 107.89997863769531 -4.8859020128355635e-12 2.8178603649139404
		endloop
	endfacet
	facet normal 7.516234310868988e-14 1 -1.3900444425347109e-14
		outer loop
			vertex 107.89997863769531 -4.8859020128355635e-12 2.8178603649139404
			vertex 108.20655059814453 -4.91465462076901e-12 2.4070863723754883
			vertex 51.70000076293945 -7.287503933639528e-13 -2
		endloop
	endfacet
	facet normal 7.545754025108253e-14 1 -1.7685387725387196e-14
		outer loop
			vertex 51.70000076293945 -7.287503933639528e-13 -2
			vertex 108.20655059814453 -4.91465462076901e-12 2.4070863723754883
			vertex 108.5631332397461 -4.948073201171965e-12 2.0388879776000977
		endloop
	endfacet
	facet normal 7.579339660130012e-14 1 -2.2413878399433407e-14
		outer loop
			vertex 51.70000076293945 -7.287503933639528e-13 -2
			vertex 108.5631332397461 -4.948073201171965e-12 2.0388879776000977
			vertex 108.9638671875 -4.985609147745151e-12 1.719310998916626
		endloop
	endfacet
	facet normal 7.620415933582793e-14 1 -2.873813102822388e-14
		outer loop
			vertex 108.9638671875 -4.985609147745151e-12 1.719310998916626
			vertex 109.40218353271484 -5.026646633654597e-12 1.4536027908325195
			vertex 51.70000076293945 -7.287503933639528e-13 -2
		endloop
	endfacet
	facet normal 7.675958205122871e-14 1 -3.8018035226707175e-14
		outer loop
			vertex 51.70000076293945 -7.287503933639528e-13 -2
			vertex 109.40218353271484 -5.026646633654597e-12 1.4536027908325195
			vertex 109.8708724975586 -5.070510851468146e-12 1.2461262941360474
		endloop
	endfacet
	facet normal 7.763209121056325e-14 1 -5.365347691812132e-14
		outer loop
			vertex 51.70000076293945 -7.287503933639528e-13 -2
			vertex 109.8708724975586 -5.070510851468146e-12 1.2461262941360474
			vertex 110.36225128173828 -5.116482324624139e-12 1.1002883911132812
		endloop
	endfacet
	facet normal 8.750383807625994e-14 1 1.6045254534203833e-14
		outer loop
			vertex 112.39044189453125 -5.306084564782321e-12 1.1653286218643188
			vertex 112.87146759033203 -5.351016504895334e-12 1.3423495292663574
			vertex 118.95233154296875 -5.872922807792502e-12 0.7071067690849304
		endloop
	endfacet
	facet normal 8.708665172575852e-14 1 1.20517364662898e-14
		outer loop
			vertex 118.95233154296875 -5.872922807792502e-12 0.7071067690849304
			vertex 112.87146759033203 -5.351016504895334e-12 1.3423495292663574
			vertex 113.3259048461914 -5.393449142160334e-12 1.5794289112091064
		endloop
	endfacet
	facet normal 8.669433570338026e-14 1 9.521321112499072e-15
		outer loop
			vertex 118.95233154296875 -5.872922807792502e-12 0.7071067690849304
			vertex 113.3259048461914 -5.393449142160334e-12 1.5794289112091064
			vertex 113.74629211425781 -5.432686418782584e-12 1.8726741075515747
		endloop
	endfacet
	facet normal 8.6288377404189e-14 1 7.708096906352045e-15
		outer loop
			vertex 113.74629211425781 -5.432686418782584e-12 1.8726741075515747
			vertex 114.125732421875 -5.46808388499076e-12 2.2172698974609375
			vertex 118.95233154296875 -5.872922807792502e-12 0.7071067690849304
		endloop
	endfacet
	facet normal 8.58440894538644e-14 1 6.288117971456951e-15
		outer loop
			vertex 118.95233154296875 -5.872922807792502e-12 0.7071067690849304
			vertex 114.125732421875 -5.46808388499076e-12 2.2172698974609375
			vertex 114.4579849243164 -5.49905997473954e-12 2.607557773590088
		endloop
	endfacet
	facet normal 8.533548095836471e-14 1 5.085317759008331e-15
		outer loop
			vertex 118.95233154296875 -5.872922807792502e-12 0.7071067690849304
			vertex 114.4579849243164 -5.49905997473954e-12 2.607557773590088
			vertex 114.73760986328125 -5.5251064140504624e-12 3.0371298789978027
		endloop
	endfacet
	facet normal 8.473332291878038e-14 1 3.9960888439659335e-15
		outer loop
			vertex 114.73760986328125 -5.5251064140504624e-12 3.0371298789978027
			vertex 114.95999908447266 -5.5457955935867e-12 3.498931884765625
			vertex 118.95233154296875 -5.872922807792502e-12 0.7071067690849304
		endloop
	endfacet
	facet normal 8.39889207530901e-14 1 2.9315877362253384e-15
		outer loop
			vertex 118.95233154296875 -5.872922807792502e-12 0.7071067690849304
			vertex 114.95999908447266 -5.5457955935867e-12 3.498931884765625
			vertex 115.12151336669922 -5.560787073866091e-12 3.985381603240967
		endloop
	endfacet
	facet normal 8.303378066475559e-14 1 1.815461664929217e-15
		outer loop
			vertex 118.95233154296875 -5.872922807792502e-12 0.7071067690849304
			vertex 115.12151336669922 -5.560787073866091e-12 3.985381603240967
			vertex 115.21949005126953 -5.5698358251976554e-12 4.488491535186768
		endloop
	endfacet
	facet normal 8.173401878240424e-14 1 5.323853889405629e-16
		outer loop
			vertex 115.21949005126953 -5.5698358251976554e-12 4.488491535186768
			vertex 115.25233459472656 -5.572792661362458e-12 5
			vertex 118.95233154296875 -5.872922807792502e-12 0.7071067690849304
		endloop
	endfacet
	facet normal 0 -0.7071067811865476 0.7071067811865476
		outer loop
			vertex 115.95233154296875 -4.5 12.5
			vertex -43.24767303466797 -4.5 12.5
			vertex 116.24522399902344 -5 12
		endloop
	endfacet
	facet normal 0 -0.7071067811865476 0.7071067811865476
		outer loop
			vertex 116.24522399902344 -5 12
			vertex -43.24767303466797 -4.5 12.5
			vertex -43.540565490722656 -5 12
		endloop
	endfacet
	facet normal 5.361332110203037e-14 0.7071067811905039 0.7071067811825912
		outer loop
			vertex 116.24522399902344 -5.617284415393442e-12 12
			vertex 51.70000076293945 -7.23421322845752e-13 12
			vertex 115.95233154296875 -0.5 12.5
		endloop
	endfacet
	facet normal 0 0.7071067811870592 0.707106781186036
		outer loop
			vertex 115.95233154296875 -0.5 12.5
			vertex 51.70000076293945 -7.23421322845752e-13 12
			vertex 51.20000076293945 -0.5 12.5
		endloop
	endfacet
	facet normal 0 -0.7071067811865476 -0.7071067811865476
		outer loop
			vertex 116.24522399902344 -5 -2
			vertex -43.540565490722656 -5 -2
			vertex 115.95233154296875 -4.5 -2.5
		endloop
	endfacet
	facet normal 0 -0.7071067811865476 -0.7071067811865476
		outer loop
			vertex 115.95233154296875 -4.5 -2.5
			vertex -43.540565490722656 -5 -2
			vertex -43.24767303466797 -4.5 -2.5
		endloop
	endfacet
	facet normal 0 -1 0
		outer loop
			vertex 118.95233154296875 -5 9.292893409729004
			vertex 116.24522399902344 -5 12
			vertex 110.8231430053711 -5 7.462883949279785
		endloop
	endfacet
	facet normal 0 -1 0
		outer loop
			vertex 110.8231430053711 -5 7.462883949279785
			vertex 116.24522399902344 -5 12
			vertex -43.540565490722656 -5 12
		endloop
	endfacet
	facet normal 0 -1 0
		outer loop
			vertex 110.8231430053711 -5 7.462883949279785
			vertex -43.540565490722656 -5 12
			vertex -38.24760055541992 -5 7.449476718902588
		endloop
	endfacet
	facet normal 0 -1 0
		outer loop
			vertex -38.24760055541992 -5 7.449476718902588
			vertex -43.540565490722656 -5 12
			vertex -46.24767303466797 -5 9.292893409729004
		endloop
	endfacet
	facet normal 0 -1 0
		outer loop
			vertex -38.24760055541992 -5 7.449476718902588
			vertex -46.24767303466797 -5 9.292893409729004
			vertex -38.647003173828125 -5 7.49797248840332
		endloop
	endfacet
	facet normal 0 -1 0
		outer loop
			vertex -38.647003173828125 -5 7.49797248840332
			vertex -46.24767303466797 -5 9.292893409729004
			vertex -39.049007415771484 -5 7.481772422790527
		endloop
	endfacet
	facet normal 0 -1 0
		outer loop
			vertex -39.049007415771484 -5 7.481772422790527
			vertex -46.24767303466797 -5 9.292893409729004
			vertex -39.44321060180664 -5 7.401295185089111
		endloop
	endfacet
	facet normal 0 -1 0
		outer loop
			vertex -39.44321060180664 -5 7.401295185089111
			vertex -46.24767303466797 -5 9.292893409729004
			vertex -39.81939697265625 -5 7.2586259841918945
		endloop
	endfacet
	facet normal 0 -1 0
		outer loop
			vertex -39.81939697265625 -5 7.2586259841918945
			vertex -46.24767303466797 -5 9.292893409729004
			vertex -40.16782760620117 -5 7.057459831237793
		endloop
	endfacet
	facet normal 0 -1 0
		outer loop
			vertex -40.16782760620117 -5 7.057459831237793
			vertex -46.24767303466797 -5 9.292893409729004
			vertex -40.47947692871094 -5 6.803006172180176
		endloop
	endfacet
	facet normal 0 -1 0
		outer loop
			vertex -40.47947692871094 -5 6.803006172180176
			vertex -46.24767303466797 -5 9.292893409729004
			vertex -40.746273040771484 -5 6.501855850219727
		endloop
	endfacet
	facet normal 0 -1 0
		outer loop
			vertex -40.746273040771484 -5 6.501855850219727
			vertex -46.24767303466797 -5 9.292893409729004
			vertex -40.961307525634766 -5 6.161808013916016
		endloop
	endfacet
	facet normal 0 -1 0
		outer loop
			vertex -40.961307525634766 -5 6.161808013916016
			vertex -46.24767303466797 -5 9.292893409729004
			vertex -41.1190071105957 -5 5.791669845581055
		endloop
	endfacet
	facet normal 0 -1 0
		outer loop
			vertex -41.1190071105957 -5 5.791669845581055
			vertex -46.24767303466797 -5 9.292893409729004
			vertex -41.215293884277344 -5 5.401028156280518
		endloop
	endfacet
	facet normal 0 -1 0
		outer loop
			vertex -41.215293884277344 -5 5.401028156280518
			vertex -46.24767303466797 -5 9.292893409729004
			vertex -41.24766540527344 -5 5
		endloop
	endfacet
	facet normal 0 -1 0
		outer loop
			vertex -41.24766540527344 -5 5
			vertex -46.24767303466797 -5 9.292893409729004
			vertex -46.24767303466797 -5 0.7071067690849304
		endloop
	endfacet
	facet normal 0 -1 0
		outer loop
			vertex -41.24766540527344 -5 5
			vertex -46.24767303466797 -5 0.7071067690849304
			vertex -41.215293884277344 -5 4.598971843719482
		endloop
	endfacet
	facet normal 0 -1 0
		outer loop
			vertex -41.215293884277344 -5 4.598971843719482
			vertex -46.24767303466797 -5 0.7071067690849304
			vertex -41.1190071105957 -5 4.208330154418945
		endloop
	endfacet
	facet normal 0 -1 0
		outer loop
			vertex -41.1190071105957 -5 4.208330154418945
			vertex -46.24767303466797 -5 0.7071067690849304
			vertex -40.961307525634766 -5 3.8381919860839844
		endloop
	endfacet
	facet normal 0 -1 0
		outer loop
			vertex -40.961307525634766 -5 3.8381919860839844
			vertex -46.24767303466797 -5 0.7071067690849304
			vertex -40.746273040771484 -5 3.4981443881988525
		endloop
	endfacet
	facet normal 0 -1 0
		outer loop
			vertex -40.746273040771484 -5 3.4981443881988525
			vertex -46.24767303466797 -5 0.7071067690849304
			vertex -40.47947692871094 -5 3.196993827819824
		endloop
	endfacet
	facet normal 0 -1 0
		outer loop
			vertex -40.47947692871094 -5 3.196993827819824
			vertex -46.24767303466797 -5 0.7071067690849304
			vertex -40.16782760620117 -5 2.942540407180786
		endloop
	endfacet
	facet normal 0 -1 0
		outer loop
			vertex -40.16782760620117 -5 2.942540407180786
			vertex -46.24767303466797 -5 0.7071067690849304
			vertex -39.81939697265625 -5 2.7413740158081055
		endloop
	endfacet
	facet normal 0 -1 0
		outer loop
			vertex -39.81939697265625 -5 2.7413740158081055
			vertex -46.24767303466797 -5 0.7071067690849304
			vertex -39.44321060180664 -5 2.5987048149108887
		endloop
	endfacet
	facet normal 0 -1 0
		outer loop
			vertex -39.44321060180664 -5 2.5987048149108887
			vertex -46.24767303466797 -5 0.7071067690849304
			vertex -39.049007415771484 -5 2.5182278156280518
		endloop
	endfacet
	facet normal 0 -1 0
		outer loop
			vertex -39.049007415771484 -5 2.5182278156280518
			vertex -46.24767303466797 -5 0.7071067690849304
			vertex -38.647003173828125 -5 2.5020275115966797
		endloop
	endfacet
	facet normal 0 -1 0
		outer loop
			vertex -38.647003173828125 -5 2.5020275115966797
			vertex -46.24767303466797 -5 0.7071067690849304
			vertex -38.24760055541992 -5 2.550523281097412
		endloop
	endfacet
	facet normal 0 -1 0
		outer loop
			vertex -38.24760055541992 -5 2.550523281097412
			vertex -46.24767303466797 -5 0.7071067690849304
			vertex -43.540565490722656 -5 -2
		endloop
	endfacet
	facet normal 0 -1 0
		outer loop
			vertex -38.24760055541992 -5 2.550523281097412
			vertex -43.540565490722656 -5 -2
			vertex 116.24522399902344 -5 -2
		endloop
	endfacet
	facet normal 0 -1 0
		outer loop
			vertex 118.95233154296875 -5 0.7071067690849304
			vertex 111.07964324951172 -5 2.505971670150757
			vertex 116.24522399902344 -5 -2
		endloop
	endfacet
	facet normal 0 -1 0
		outer loop
			vertex 116.24522399902344 -5 -2
			vertex 111.07964324951172 -5 2.505971670150757
			vertex 110.68180847167969 -5 2.5659701824188232
		endloop
	endfacet
	facet normal 0 -1 0
		outer loop
			vertex 116.24522399902344 -5 -2
			vertex 110.68180847167969 -5 2.5659701824188232
			vertex -38.24760055541992 -5 2.550523281097412
		endloop
	endfacet
	facet normal 0 -1 0
		outer loop
			vertex -38.24760055541992 -5 2.550523281097412
			vertex 110.68180847167969 -5 2.5659701824188232
			vertex -37.86115264892578 -5 2.662459373474121
		endloop
	endfacet
	facet normal 0 -1 0
		outer loop
			vertex -37.86115264892578 -5 2.662459373474121
			vertex 110.68180847167969 -5 2.5659701824188232
			vertex 110.29875183105469 -5 2.689008951187134
		endloop
	endfacet
	facet normal 0 -1 0
		outer loop
			vertex -37.86115264892578 -5 2.662459373474121
			vertex 110.29875183105469 -5 2.689008951187134
			vertex -37.49766540527344 -5 2.8349363803863525
		endloop
	endfacet
	facet normal 0 -1 0
		outer loop
			vertex -37.49766540527344 -5 2.8349363803863525
			vertex 110.29875183105469 -5 2.689008951187134
			vertex 109.94039154052734 -5 2.871901035308838
		endloop
	endfacet
	facet normal 0 -1 0
		outer loop
			vertex -37.49766540527344 -5 2.8349363803863525
			vertex 109.94039154052734 -5 2.871901035308838
			vertex -37.16655349731445 -5 3.0634875297546387
		endloop
	endfacet
	facet normal 0 -1 0
		outer loop
			vertex -37.16655349731445 -5 3.0634875297546387
			vertex 109.94039154052734 -5 2.871901035308838
			vertex 109.61600494384766 -5 3.109909772872925
		endloop
	endfacet
	facet normal 0 -1 0
		outer loop
			vertex -37.16655349731445 -5 3.0634875297546387
			vertex 109.61600494384766 -5 3.109909772872925
			vertex -36.87638854980469 -5 3.342193365097046
		endloop
	endfacet
	facet normal 0 -1 0
		outer loop
			vertex -36.87638854980469 -5 3.342193365097046
			vertex 109.61600494384766 -5 3.109909772872925
			vertex 109.3340072631836 -5 3.3968710899353027
		endloop
	endfacet
	facet normal 0 -1 0
		outer loop
			vertex -36.87638854980469 -5 3.342193365097046
			vertex 109.3340072631836 -5 3.3968710899353027
			vertex -36.63469314575195 -5 3.6638355255126953
		endloop
	endfacet
	facet normal 0 -1 0
		outer loop
			vertex -36.63469314575195 -5 3.6638355255126953
			vertex 109.3340072631836 -5 3.3968710899353027
			vertex 109.10169219970703 -5 3.7253522872924805
		endloop
	endfacet
	facet normal 0 -1 0
		outer loop
			vertex -36.63469314575195 -5 3.6638355255126953
			vertex 109.10169219970703 -5 3.7253522872924805
			vertex -36.44771957397461 -5 4.020083427429199
		endloop
	endfacet
	facet normal 0 -1 0
		outer loop
			vertex -36.44771957397461 -5 4.020083427429199
			vertex 109.10169219970703 -5 3.7253522872924805
			vertex 108.9250717163086 -5 4.086846351623535
		endloop
	endfacet
	facet normal 0 -1 0
		outer loop
			vertex -36.44771957397461 -5 4.020083427429199
			vertex 108.9250717163086 -5 4.086846351623535
			vertex -36.3203125 -5 4.4017109870910645
		endloop
	endfacet
	facet normal 0 -1 0
		outer loop
			vertex -36.3203125 -5 4.4017109870910645
			vertex 108.9250717163086 -5 4.086846351623535
			vertex 108.80873107910156 -5 4.471990585327148
		endloop
	endfacet
	facet normal 0 -1 0
		outer loop
			vertex -36.3203125 -5 4.4017109870910645
			vertex 108.80873107910156 -5 4.471990585327148
			vertex -36.25577163696289 -5 4.79883337020874
		endloop
	endfacet
	facet normal 0 -1 0
		outer loop
			vertex -36.25577163696289 -5 4.79883337020874
			vertex 108.80873107910156 -5 4.471990585327148
			vertex 108.75567626953125 -5 4.870810031890869
		endloop
	endfacet
	facet normal 0 -1 0
		outer loop
			vertex -36.25577163696289 -5 4.79883337020874
			vertex 108.75567626953125 -5 4.870810031890869
			vertex -36.25577163696289 -5 5.20116662979126
		endloop
	endfacet
	facet normal 0 -1 0
		outer loop
			vertex -36.25577163696289 -5 5.20116662979126
			vertex 108.75567626953125 -5 4.870810031890869
			vertex 108.76728057861328 -5 5.272975444793701
		endloop
	endfacet
	facet normal 0 -1 0
		outer loop
			vertex -36.25577163696289 -5 5.20116662979126
			vertex 108.76728057861328 -5 5.272975444793701
			vertex -36.3203125 -5 5.5982890129089355
		endloop
	endfacet
	facet normal 0 -1 0
		outer loop
			vertex -36.3203125 -5 5.5982890129089355
			vertex 108.76728057861328 -5 5.272975444793701
			vertex 108.84325408935547 -5 5.6680707931518555
		endloop
	endfacet
	facet normal 0 -1 0
		outer loop
			vertex -36.3203125 -5 5.5982890129089355
			vertex 108.84325408935547 -5 5.6680707931518555
			vertex -36.44771957397461 -5 5.979916572570801
		endloop
	endfacet
	facet normal 0 -1 0
		outer loop
			vertex -36.44771957397461 -5 5.979916572570801
			vertex 108.84325408935547 -5 5.6680707931518555
			vertex 108.98161315917969 -5 6.045863628387451
		endloop
	endfacet
	facet normal 0 -1 0
		outer loop
			vertex -36.44771957397461 -5 5.979916572570801
			vertex 108.98161315917969 -5 6.045863628387451
			vertex -36.63469314575195 -5 6.336164474487305
		endloop
	endfacet
	facet normal 0 -1 0
		outer loop
			vertex -36.63469314575195 -5 6.336164474487305
			vertex 108.98161315917969 -5 6.045863628387451
			vertex 109.17878723144531 -5 6.39656925201416
		endloop
	endfacet
	facet normal 0 -1 0
		outer loop
			vertex -36.63469314575195 -5 6.336164474487305
			vertex 109.17878723144531 -5 6.39656925201416
			vertex -36.87638854980469 -5 6.657806873321533
		endloop
	endfacet
	facet normal 0 -1 0
		outer loop
			vertex -36.87638854980469 -5 6.657806873321533
			vertex 109.17878723144531 -5 6.39656925201416
			vertex 109.4296646118164 -5 6.711103916168213
		endloop
	endfacet
	facet normal 0 -1 0
		outer loop
			vertex -36.87638854980469 -5 6.657806873321533
			vertex 109.4296646118164 -5 6.711103916168213
			vertex -37.16655349731445 -5 6.936512470245361
		endloop
	endfacet
	facet normal 0 -1 0
		outer loop
			vertex -37.16655349731445 -5 6.936512470245361
			vertex 109.4296646118164 -5 6.711103916168213
			vertex 109.72774505615234 -5 6.981322288513184
		endloop
	endfacet
	facet normal 0 -1 0
		outer loop
			vertex -37.16655349731445 -5 6.936512470245361
			vertex 109.72774505615234 -5 6.981322288513184
			vertex -37.49766540527344 -5 7.165063381195068
		endloop
	endfacet
	facet normal 0 -1 0
		outer loop
			vertex -37.49766540527344 -5 7.165063381195068
			vertex 109.72774505615234 -5 6.981322288513184
			vertex 110.06531524658203 -5 7.200225353240967
		endloop
	endfacet
	facet normal 0 -1 0
		outer loop
			vertex -37.49766540527344 -5 7.165063381195068
			vertex 110.06531524658203 -5 7.200225353240967
			vertex -37.86115264892578 -5 7.337540626525879
		endloop
	endfacet
	facet normal 0 -1 0
		outer loop
			vertex -37.86115264892578 -5 7.337540626525879
			vertex 110.06531524658203 -5 7.200225353240967
			vertex 110.43363189697266 -5 7.3621439933776855
		endloop
	endfacet
	facet normal 0 -1 0
		outer loop
			vertex -37.86115264892578 -5 7.337540626525879
			vertex 110.43363189697266 -5 7.3621439933776855
			vertex -38.24760055541992 -5 7.449476718902588
		endloop
	endfacet
	facet normal 0 -1 0
		outer loop
			vertex -38.24760055541992 -5 7.449476718902588
			vertex 110.43363189697266 -5 7.3621439933776855
			vertex 110.8231430053711 -5 7.462883949279785
		endloop
	endfacet
	facet normal 0 -1 0
		outer loop
			vertex 118.95233154296875 -5 9.292893409729004
			vertex 113.75128936767578 -5 4.927873611450195
			vertex 118.95233154296875 -5 0.7071067690849304
		endloop
	endfacet
	facet normal 0 -1 0
		outer loop
			vertex 118.95233154296875 -5 0.7071067690849304
			vertex 113.75128936767578 -5 4.927873611450195
			vertex 113.70735931396484 -5 4.5279459953308105
		endloop
	endfacet
	facet normal 0 -1 0
		outer loop
			vertex 118.95233154296875 -5 0.7071067690849304
			vertex 113.70735931396484 -5 4.5279459953308105
			vertex 113.59984588623047 -5 4.140244960784912
		endloop
	endfacet
	facet normal 0 -1 0
		outer loop
			vertex 112.25845336914062 -5 2.7113940715789795
			vertex 111.87831115722656 -5 2.5796375274658203
			vertex 118.95233154296875 -5 0.7071067690849304
		endloop
	endfacet
	facet normal 0 -1 0
		outer loop
			vertex 118.95233154296875 -5 0.7071067690849304
			vertex 111.87831115722656 -5 2.5796375274658203
			vertex 111.48194885253906 -5 2.5105669498443604
		endloop
	endfacet
	facet normal 0 -1 0
		outer loop
			vertex 118.95233154296875 -5 0.7071067690849304
			vertex 111.48194885253906 -5 2.5105669498443604
			vertex 111.07964324951172 -5 2.505971670150757
		endloop
	endfacet
	facet normal 0 -1 0
		outer loop
			vertex 110.8231430053711 -5 7.462883949279785
			vertex 111.2237777709961 -5 7.4998369216918945
			vertex 118.95233154296875 -5 9.292893409729004
		endloop
	endfacet
	facet normal 0 -1 0
		outer loop
			vertex 118.95233154296875 -5 9.292893409729004
			vertex 111.2237777709961 -5 7.4998369216918945
			vertex 111.62515258789062 -5 7.472045421600342
		endloop
	endfacet
	facet normal 0 -1 0
		outer loop
			vertex 118.95233154296875 -5 9.292893409729004
			vertex 111.62515258789062 -5 7.472045421600342
			vertex 112.0168685913086 -5 7.3802289962768555
		endloop
	endfacet
	facet normal 0 -1 0
		outer loop
			vertex 112.0168685913086 -5 7.3802289962768555
			vertex 112.38877868652344 -5 7.2267656326293945
			vertex 118.95233154296875 -5 9.292893409729004
		endloop
	endfacet
	facet normal 0 -1 0
		outer loop
			vertex 118.95233154296875 -5 9.292893409729004
			vertex 112.38877868652344 -5 7.2267656326293945
			vertex 112.73126220703125 -5 7.015630722045898
		endloop
	endfacet
	facet normal 0 -1 0
		outer loop
			vertex 118.95233154296875 -5 9.292893409729004
			vertex 112.73126220703125 -5 7.015630722045898
			vertex 113.03543853759766 -5 6.752291679382324
		endloop
	endfacet
	facet normal 0 -1 0
		outer loop
			vertex 113.03543853759766 -5 6.752291679382324
			vertex 113.2934341430664 -5 6.443569183349609
			vertex 118.95233154296875 -5 9.292893409729004
		endloop
	endfacet
	facet normal 0 -1 0
		outer loop
			vertex 118.95233154296875 -5 9.292893409729004
			vertex 113.2934341430664 -5 6.443569183349609
			vertex 113.49857330322266 -5 6.097459316253662
		endloop
	endfacet
	facet normal 0 -1 0
		outer loop
			vertex 118.95233154296875 -5 9.292893409729004
			vertex 113.49857330322266 -5 6.097459316253662
			vertex 113.6455307006836 -5 5.722925662994385
		endloop
	endfacet
	facet normal 0 -1 0
		outer loop
			vertex 113.6455307006836 -5 5.722925662994385
			vertex 113.73049926757812 -5 5.3296685218811035
			vertex 118.95233154296875 -5 9.292893409729004
		endloop
	endfacet
	facet normal 0 -1 0
		outer loop
			vertex 118.95233154296875 -5 9.292893409729004
			vertex 113.73049926757812 -5 5.3296685218811035
			vertex 113.75128936767578 -5 4.927873611450195
		endloop
	endfacet
	facet normal 0 -1 0
		outer loop
			vertex 113.59984588623047 -5 4.140244960784912
			vertex 113.43153381347656 -5 3.774810791015625
			vertex 118.95233154296875 -5 0.7071067690849304
		endloop
	endfacet
	facet normal 0 -1 0
		outer loop
			vertex 118.95233154296875 -5 0.7071067690849304
			vertex 113.43153381347656 -5 3.774810791015625
			vertex 113.20677947998047 -5 3.441108465194702
		endloop
	endfacet
	facet normal 0 -1 0
		outer loop
			vertex 118.95233154296875 -5 0.7071067690849304
			vertex 113.20677947998047 -5 3.441108465194702
			vertex 112.93140411376953 -5 3.147780656814575
		endloop
	endfacet
	facet normal 0 -1 0
		outer loop
			vertex 112.93140411376953 -5 3.147780656814575
			vertex 112.612548828125 -5 2.9024240970611572
			vertex 118.95233154296875 -5 0.7071067690849304
		endloop
	endfacet
	facet normal 0 -1 0
		outer loop
			vertex 118.95233154296875 -5 0.7071067690849304
			vertex 112.612548828125 -5 2.9024240970611572
			vertex 112.25845336914062 -5 2.7113940715789795
		endloop
	endfacet
	facet normal 0 1 0
		outer loop
			vertex 107.53343200683594 -2 3.526977062225342
			vertex 108.95238494873047 -2 4.020083427429199
			vertex 107.75233459472656 -2 3.0635082721710205
		endloop
	endfacet
	facet normal 0 1 0
		outer loop
			vertex 107.75233459472656 -2 3.0635082721710205
			vertex 108.95238494873047 -2 4.020083427429199
			vertex 109.13935852050781 -2 3.6638355255126953
		endloop
	endfacet
	facet normal 0 1 0
		outer loop
			vertex 107.75233459472656 -2 3.0635082721710205
			vertex 109.13935852050781 -2 3.6638355255126953
			vertex 108.02870178222656 -2 2.6318368911743164
		endloop
	endfacet
	facet normal 0 1 0
		outer loop
			vertex 108.02870178222656 -2 2.6318368911743164
			vertex 109.13935852050781 -2 3.6638355255126953
			vertex 109.38105773925781 -2 3.342193365097046
		endloop
	endfacet
	facet normal 0 1 0
		outer loop
			vertex 108.02870178222656 -2 2.6318368911743164
			vertex 109.38105773925781 -2 3.342193365097046
			vertex 108.35800170898438 -2 2.2390506267547607
		endloop
	endfacet
	facet normal 0 1 0
		outer loop
			vertex 108.35800170898438 -2 2.2390506267547607
			vertex 109.38105773925781 -2 3.342193365097046
			vertex 109.67121887207031 -2 3.0634875297546387
		endloop
	endfacet
	facet normal 0 1 0
		outer loop
			vertex 108.35800170898438 -2 2.2390506267547607
			vertex 109.67121887207031 -2 3.0634875297546387
			vertex 108.73482513427734 -2 1.8915989398956299
		endloop
	endfacet
	facet normal 0 1 0
		outer loop
			vertex 108.73482513427734 -2 1.8915989398956299
			vertex 109.67121887207031 -2 3.0634875297546387
			vertex 109.15298461914062 -2 1.5951871871948242
		endloop
	endfacet
	facet normal 0 1 0
		outer loop
			vertex 109.15298461914062 -2 1.5951871871948242
			vertex 109.67121887207031 -2 3.0634875297546387
			vertex 110.00233459472656 -2 2.8349363803863525
		endloop
	endfacet
	facet normal 0 1 0
		outer loop
			vertex 109.15298461914062 -2 1.5951871871948242
			vertex 110.00233459472656 -2 2.8349363803863525
			vertex 109.60562133789062 -2 1.3546823263168335
		endloop
	endfacet
	facet normal 0 1 0
		outer loop
			vertex 109.60562133789062 -2 1.3546823263168335
			vertex 110.00233459472656 -2 2.8349363803863525
			vertex 110.3658218383789 -2 2.662459373474121
		endloop
	endfacet
	facet normal 0 1 0
		outer loop
			vertex 109.60562133789062 -2 1.3546823263168335
			vertex 110.3658218383789 -2 2.662459373474121
			vertex 110.08529663085938 -2 1.174033522605896
		endloop
	endfacet
	facet normal 0 1 0
		outer loop
			vertex 110.08529663085938 -2 1.174033522605896
			vertex 110.3658218383789 -2 2.662459373474121
			vertex 110.75226593017578 -2 2.550523281097412
		endloop
	endfacet
	facet normal 0 1 0
		outer loop
			vertex 110.08529663085938 -2 1.174033522605896
			vertex 110.75226593017578 -2 2.550523281097412
			vertex 110.5841293334961 -2 1.0562070608139038
		endloop
	endfacet
	facet normal 0 1 0
		outer loop
			vertex 110.5841293334961 -2 1.0562070608139038
			vertex 110.75226593017578 -2 2.550523281097412
			vertex 111.15166473388672 -2 2.5020275115966797
		endloop
	endfacet
	facet normal 0 1 0
		outer loop
			vertex 110.5841293334961 -2 1.0562070608139038
			vertex 111.15166473388672 -2 2.5020275115966797
			vertex 111.09393310546875 -2 1.003137469291687
		endloop
	endfacet
	facet normal 0 1 0
		outer loop
			vertex 111.09393310546875 -2 1.003137469291687
			vertex 111.15166473388672 -2 2.5020275115966797
			vertex 111.6063461303711 -2 1.0156962871551514
		endloop
	endfacet
	facet normal 0 1 0
		outer loop
			vertex 111.6063461303711 -2 1.0156962871551514
			vertex 111.15166473388672 -2 2.5020275115966797
			vertex 111.55367279052734 -2 2.5182278156280518
		endloop
	endfacet
	facet normal 0 1 0
		outer loop
			vertex 111.6063461303711 -2 1.0156962871551514
			vertex 111.55367279052734 -2 2.5182278156280518
			vertex 112.1129379272461 -2 1.0936771631240845
		endloop
	endfacet
	facet normal 0 1 0
		outer loop
			vertex 112.1129379272461 -2 1.0936771631240845
			vertex 111.55367279052734 -2 2.5182278156280518
			vertex 111.9478759765625 -2 2.5987048149108887
		endloop
	endfacet
	facet normal 0 1 0
		outer loop
			vertex 112.1129379272461 -2 1.0936771631240845
			vertex 111.9478759765625 -2 2.5987048149108887
			vertex 112.60540008544922 -2 1.2357999086380005
		endloop
	endfacet
	facet normal 0 1 0
		outer loop
			vertex 112.60540008544922 -2 1.2357999086380005
			vertex 111.9478759765625 -2 2.5987048149108887
			vertex 112.32406616210938 -2 2.7413740158081055
		endloop
	endfacet
	facet normal 0 1 0
		outer loop
			vertex 112.60540008544922 -2 1.2357999086380005
			vertex 112.32406616210938 -2 2.7413740158081055
			vertex 113.07565307617188 -2 1.4397306442260742
		endloop
	endfacet
	facet normal 0 1 0
		outer loop
			vertex 113.07565307617188 -2 1.4397306442260742
			vertex 112.32406616210938 -2 2.7413740158081055
			vertex 112.67249298095703 -2 2.942540407180786
		endloop
	endfacet
	facet normal 0 1 0
		outer loop
			vertex 113.07565307617188 -2 1.4397306442260742
			vertex 112.67249298095703 -2 2.942540407180786
			vertex 113.51596069335938 -2 1.7021209001541138
		endloop
	endfacet
	facet normal 0 1 0
		outer loop
			vertex 113.51596069335938 -2 1.7021209001541138
			vertex 112.67249298095703 -2 2.942540407180786
			vertex 113.91909790039062 -2 2.018662214279175
		endloop
	endfacet
	facet normal 0 1 0
		outer loop
			vertex 113.91909790039062 -2 2.018662214279175
			vertex 112.67249298095703 -2 2.942540407180786
			vertex 112.98414611816406 -2 3.196993827819824
		endloop
	endfacet
	facet normal 0 1 0
		outer loop
			vertex 113.91909790039062 -2 2.018662214279175
			vertex 112.98414611816406 -2 3.196993827819824
			vertex 114.27845001220703 -2 2.384157180786133
		endloop
	endfacet
	facet normal 0 1 0
		outer loop
			vertex 114.27845001220703 -2 2.384157180786133
			vertex 112.98414611816406 -2 3.196993827819824
			vertex 113.25093841552734 -2 3.4981443881988525
		endloop
	endfacet
	facet normal 0 1 0
		outer loop
			vertex 114.27845001220703 -2 2.384157180786133
			vertex 113.25093841552734 -2 3.4981443881988525
			vertex 114.5881118774414 -2 2.7926039695739746
		endloop
	endfacet
	facet normal 0 1 0
		outer loop
			vertex 114.5881118774414 -2 2.7926039695739746
			vertex 113.25093841552734 -2 3.4981443881988525
			vertex 113.46597290039062 -2 3.8381919860839844
		endloop
	endfacet
	facet normal 0 1 0
		outer loop
			vertex 114.5881118774414 -2 2.7926039695739746
			vertex 113.46597290039062 -2 3.8381919860839844
			vertex 114.8429946899414 -2 3.2372963428497314
		endloop
	endfacet
	facet normal 0 1 0
		outer loop
			vertex 114.8429946899414 -2 3.2372963428497314
			vertex 113.46597290039062 -2 3.8381919860839844
			vertex 113.62367248535156 -2 4.208330154418945
		endloop
	endfacet
	facet normal 0 1 0
		outer loop
			vertex 114.8429946899414 -2 3.2372963428497314
			vertex 113.62367248535156 -2 4.208330154418945
			vertex 115.03892517089844 -2 3.7109320163726807
		endloop
	endfacet
	facet normal 0 1 0
		outer loop
			vertex 115.03892517089844 -2 3.7109320163726807
			vertex 113.62367248535156 -2 4.208330154418945
			vertex 115.17268371582031 -2 4.2057342529296875
		endloop
	endfacet
	facet normal 0 1 0
		outer loop
			vertex 115.17268371582031 -2 4.2057342529296875
			vertex 113.62367248535156 -2 4.208330154418945
			vertex 113.71995544433594 -2 4.598971843719482
		endloop
	endfacet
	facet normal 0 1 0
		outer loop
			vertex 115.17268371582031 -2 4.2057342529296875
			vertex 113.71995544433594 -2 4.598971843719482
			vertex 115.2420654296875 -2 4.713578701019287
		endloop
	endfacet
	facet normal 0 1 0
		outer loop
			vertex 115.2420654296875 -2 4.713578701019287
			vertex 113.71995544433594 -2 4.598971843719482
			vertex 113.75233459472656 -2 5
		endloop
	endfacet
	facet normal 0 1 0
		outer loop
			vertex 115.2420654296875 -2 4.713578701019287
			vertex 113.75233459472656 -2 5
			vertex 115.24593353271484 -2 5.226125717163086
		endloop
	endfacet
	facet normal 0 1 0
		outer loop
			vertex 115.24593353271484 -2 5.226125717163086
			vertex 113.75233459472656 -2 5
			vertex 113.71995544433594 -2 5.401028156280518
		endloop
	endfacet
	facet normal 0 1 0
		outer loop
			vertex 115.24593353271484 -2 5.226125717163086
			vertex 113.71995544433594 -2 5.401028156280518
			vertex 115.18423461914062 -2 5.734959602355957
		endloop
	endfacet
	facet normal 0 1 0
		outer loop
			vertex 115.18423461914062 -2 5.734959602355957
			vertex 113.71995544433594 -2 5.401028156280518
			vertex 113.62367248535156 -2 5.791669845581055
		endloop
	endfacet
	facet normal 0 1 0
		outer loop
			vertex 115.18423461914062 -2 5.734959602355957
			vertex 113.62367248535156 -2 5.791669845581055
			vertex 115.05796813964844 -2 6.231726169586182
		endloop
	endfacet
	facet normal 0 1 0
		outer loop
			vertex 115.05796813964844 -2 6.231726169586182
			vertex 113.62367248535156 -2 5.791669845581055
			vertex 114.86921691894531 -2 6.7082672119140625
		endloop
	endfacet
	facet normal 0 1 0
		outer loop
			vertex 114.86921691894531 -2 6.7082672119140625
			vertex 113.62367248535156 -2 5.791669845581055
			vertex 113.46597290039062 -2 6.161808013916016
		endloop
	endfacet
	facet normal 0 1 0
		outer loop
			vertex 114.86921691894531 -2 6.7082672119140625
			vertex 113.46597290039062 -2 6.161808013916016
			vertex 114.6210708618164 -2 7.156758785247803
		endloop
	endfacet
	facet normal 0 1 0
		outer loop
			vertex 114.6210708618164 -2 7.156758785247803
			vertex 113.46597290039062 -2 6.161808013916016
			vertex 113.25093841552734 -2 6.501855850219727
		endloop
	endfacet
	facet normal 0 1 0
		outer loop
			vertex 114.6210708618164 -2 7.156758785247803
			vertex 113.25093841552734 -2 6.501855850219727
			vertex 114.31761169433594 -2 7.569836139678955
		endloop
	endfacet
	facet normal 0 1 0
		outer loop
			vertex 114.31761169433594 -2 7.569836139678955
			vertex 113.25093841552734 -2 6.501855850219727
			vertex 112.98414611816406 -2 6.803006172180176
		endloop
	endfacet
	facet normal 0 1 0
		outer loop
			vertex 114.31761169433594 -2 7.569836139678955
			vertex 112.98414611816406 -2 6.803006172180176
			vertex 113.96382141113281 -2 7.9407172203063965
		endloop
	endfacet
	facet normal 0 1 0
		outer loop
			vertex 113.96382141113281 -2 7.9407172203063965
			vertex 112.98414611816406 -2 6.803006172180176
			vertex 112.67249298095703 -2 7.057459831237793
		endloop
	endfacet
	facet normal 0 1 0
		outer loop
			vertex 113.96382141113281 -2 7.9407172203063965
			vertex 112.67249298095703 -2 7.057459831237793
			vertex 113.56551361083984 -2 8.263311386108398
		endloop
	endfacet
	facet normal 0 1 0
		outer loop
			vertex 113.56551361083984 -2 8.263311386108398
			vertex 112.67249298095703 -2 7.057459831237793
			vertex 113.12921905517578 -2 8.532322883605957
		endloop
	endfacet
	facet normal 0 1 0
		outer loop
			vertex 113.12921905517578 -2 8.532322883605957
			vertex 112.67249298095703 -2 7.057459831237793
			vertex 112.32406616210938 -2 7.2586259841918945
		endloop
	endfacet
	facet normal 0 1 0
		outer loop
			vertex 113.12921905517578 -2 8.532322883605957
			vertex 112.32406616210938 -2 7.2586259841918945
			vertex 112.66210174560547 -2 8.743332862854004
		endloop
	endfacet
	facet normal 0 1 0
		outer loop
			vertex 112.66210174560547 -2 8.743332862854004
			vertex 112.32406616210938 -2 7.2586259841918945
			vertex 111.9478759765625 -2 7.401295185089111
		endloop
	endfacet
	facet normal 0 1 0
		outer loop
			vertex 112.66210174560547 -2 8.743332862854004
			vertex 111.9478759765625 -2 7.401295185089111
			vertex 112.17184448242188 -2 8.892878532409668
		endloop
	endfacet
	facet normal 0 1 0
		outer loop
			vertex 112.17184448242188 -2 8.892878532409668
			vertex 111.9478759765625 -2 7.401295185089111
			vertex 111.55367279052734 -2 7.481772422790527
		endloop
	endfacet
	facet normal 0 1 0
		outer loop
			vertex 112.17184448242188 -2 8.892878532409668
			vertex 111.55367279052734 -2 7.481772422790527
			vertex 111.66648864746094 -2 8.97850227355957
		endloop
	endfacet
	facet normal 0 1 0
		outer loop
			vertex 111.66648864746094 -2 8.97850227355957
			vertex 111.55367279052734 -2 7.481772422790527
			vertex 111.15166473388672 -2 7.49797248840332
		endloop
	endfacet
	facet normal 0 1 0
		outer loop
			vertex 111.66648864746094 -2 8.97850227355957
			vertex 111.15166473388672 -2 7.49797248840332
			vertex 111.15432739257812 -2 8.998799324035645
		endloop
	endfacet
	facet normal 0 1 0
		outer loop
			vertex 111.15432739257812 -2 8.998799324035645
			vertex 111.15166473388672 -2 7.49797248840332
			vertex 110.6437759399414 -2 8.953435897827148
		endloop
	endfacet
	facet normal 0 1 0
		outer loop
			vertex 110.6437759399414 -2 8.953435897827148
			vertex 111.15166473388672 -2 7.49797248840332
			vertex 110.75226593017578 -2 7.449476718902588
		endloop
	endfacet
	facet normal 0 1 0
		outer loop
			vertex 110.6437759399414 -2 8.953435897827148
			vertex 110.75226593017578 -2 7.449476718902588
			vertex 110.14321899414062 -2 8.843157768249512
		endloop
	endfacet
	facet normal 0 1 0
		outer loop
			vertex 110.14321899414062 -2 8.843157768249512
			vertex 110.75226593017578 -2 7.449476718902588
			vertex 110.3658218383789 -2 7.337540626525879
		endloop
	endfacet
	facet normal 0 1 0
		outer loop
			vertex 110.14321899414062 -2 8.843157768249512
			vertex 110.3658218383789 -2 7.337540626525879
			vertex 109.66087341308594 -2 8.669775009155273
		endloop
	endfacet
	facet normal 0 1 0
		outer loop
			vertex 109.66087341308594 -2 8.669775009155273
			vertex 110.3658218383789 -2 7.337540626525879
			vertex 110.00233459472656 -2 7.165063381195068
		endloop
	endfacet
	facet normal 0 1 0
		outer loop
			vertex 109.66087341308594 -2 8.669775009155273
			vertex 110.00233459472656 -2 7.165063381195068
			vertex 109.20465850830078 -2 8.436134338378906
		endloop
	endfacet
	facet normal 0 1 0
		outer loop
			vertex 109.20465850830078 -2 8.436134338378906
			vertex 110.00233459472656 -2 7.165063381195068
			vertex 108.78206634521484 -2 8.146072387695312
		endloop
	endfacet
	facet normal 0 1 0
		outer loop
			vertex 108.78206634521484 -2 8.146072387695312
			vertex 110.00233459472656 -2 7.165063381195068
			vertex 109.67121887207031 -2 6.936512470245361
		endloop
	endfacet
	facet normal 0 1 0
		outer loop
			vertex 108.78206634521484 -2 8.146072387695312
			vertex 109.67121887207031 -2 6.936512470245361
			vertex 108.40003204345703 -2 7.804352283477783
		endloop
	endfacet
	facet normal 0 1 0
		outer loop
			vertex 108.40003204345703 -2 7.804352283477783
			vertex 109.67121887207031 -2 6.936512470245361
			vertex 109.38105773925781 -2 6.657806873321533
		endloop
	endfacet
	facet normal 0 1 0
		outer loop
			vertex 108.40003204345703 -2 7.804352283477783
			vertex 109.38105773925781 -2 6.657806873321533
			vertex 108.0648422241211 -2 7.416584491729736
		endloop
	endfacet
	facet normal 0 1 0
		outer loop
			vertex 108.0648422241211 -2 7.416584491729736
			vertex 109.38105773925781 -2 6.657806873321533
			vertex 109.13935852050781 -2 6.336164474487305
		endloop
	endfacet
	facet normal 0 1 0
		outer loop
			vertex 108.0648422241211 -2 7.416584491729736
			vertex 109.13935852050781 -2 6.336164474487305
			vertex 107.781982421875 -2 6.989136695861816
		endloop
	endfacet
	facet normal 0 1 0
		outer loop
			vertex 107.781982421875 -2 6.989136695861816
			vertex 109.13935852050781 -2 6.336164474487305
			vertex 108.95238494873047 -2 5.979916572570801
		endloop
	endfacet
	facet normal 0 1 0
		outer loop
			vertex 107.781982421875 -2 6.989136695861816
			vertex 108.95238494873047 -2 5.979916572570801
			vertex 107.55610656738281 -2 6.529027462005615
		endloop
	endfacet
	facet normal 0 1 0
		outer loop
			vertex 107.55610656738281 -2 6.529027462005615
			vertex 108.95238494873047 -2 5.979916572570801
			vertex 107.39093017578125 -2 6.043811321258545
		endloop
	endfacet
	facet normal 0 1 0
		outer loop
			vertex 107.39093017578125 -2 6.043811321258545
			vertex 108.95238494873047 -2 5.979916572570801
			vertex 108.82498168945312 -2 5.5982890129089355
		endloop
	endfacet
	facet normal 0 1 0
		outer loop
			vertex 107.39093017578125 -2 6.043811321258545
			vertex 108.82498168945312 -2 5.5982890129089355
			vertex 107.28914642333984 -2 5.54145622253418
		endloop
	endfacet
	facet normal 0 1 0
		outer loop
			vertex 107.28914642333984 -2 5.54145622253418
			vertex 108.82498168945312 -2 5.5982890129089355
			vertex 108.76043701171875 -2 5.20116662979126
		endloop
	endfacet
	facet normal 0 1 0
		outer loop
			vertex 107.28914642333984 -2 5.54145622253418
			vertex 108.76043701171875 -2 5.20116662979126
			vertex 107.25244903564453 -2 5.030210018157959
		endloop
	endfacet
	facet normal 0 1 0
		outer loop
			vertex 107.25244903564453 -2 5.030210018157959
			vertex 108.76043701171875 -2 5.20116662979126
			vertex 108.76043701171875 -2 4.79883337020874
		endloop
	endfacet
	facet normal 0 1 0
		outer loop
			vertex 107.25244903564453 -2 5.030210018157959
			vertex 108.76043701171875 -2 4.79883337020874
			vertex 107.28142547607422 -2 4.518467903137207
		endloop
	endfacet
	facet normal 0 1 0
		outer loop
			vertex 107.28142547607422 -2 4.518467903137207
			vertex 108.76043701171875 -2 4.79883337020874
			vertex 108.82498168945312 -2 4.4017109870910645
		endloop
	endfacet
	facet normal 0 1 0
		outer loop
			vertex 107.28142547607422 -2 4.518467903137207
			vertex 108.82498168945312 -2 4.4017109870910645
			vertex 107.37560272216797 -2 4.014632701873779
		endloop
	endfacet
	facet normal 0 1 0
		outer loop
			vertex 107.37560272216797 -2 4.014632701873779
			vertex 108.82498168945312 -2 4.4017109870910645
			vertex 107.53343200683594 -2 3.526977062225342
		endloop
	endfacet
	facet normal 0 1 0
		outer loop
			vertex 107.53343200683594 -2 3.526977062225342
			vertex 108.82498168945312 -2 4.4017109870910645
			vertex 108.95238494873047 -2 4.020083427429199
		endloop
	endfacet
	facet normal -0.9967550929087244 -0.0015875923761015903 0.08047834684539554
		outer loop
			vertex 113.71995544433594 -2 4.598971843719482
			vertex 113.75128936767578 -5 4.927873611450195
			vertex 113.75233459472656 -2 5
		endloop
	endfacet
	facet normal -0.9986627468760219 0.0015902930111477806 -0.05167387125209263
		outer loop
			vertex 113.75233459472656 -2 5
			vertex 113.75128936767578 -5 4.927873611450195
			vertex 113.73049926757812 -5 5.3296685218811035
		endloop
	endfacet
	facet normal -0.9967550908364663 -0.0015889013658377023 -0.08047834667808071
		outer loop
			vertex 113.75233459472656 -2 5
			vertex 113.73049926757812 -5 5.3296685218811035
			vertex 113.71995544433594 -2 5.401028156280518
		endloop
	endfacet
	facet normal -0.9774437289019763 0.001588150136391432 -0.2111900438215406
		outer loop
			vertex 113.71995544433594 -2 5.401028156280518
			vertex 113.73049926757812 -5 5.3296685218811035
			vertex 113.6455307006836 -5 5.722925662994385
		endloop
	endfacet
	facet normal -0.970941495811015 -0.0015905874137352885 -0.23931168325835706
		outer loop
			vertex 113.71995544433594 -2 5.401028156280518
			vertex 113.6455307006836 -5 5.722925662994385
			vertex 113.62367248535156 -2 5.791669845581055
		endloop
	endfacet
	facet normal -0.9309031969695613 0.0015872639234909658 -0.3652625336180642
		outer loop
			vertex 113.62367248535156 -2 5.791669845581055
			vertex 113.6455307006836 -5 5.722925662994385
			vertex 113.49857330322266 -5 6.097459316253662
		endloop
	endfacet
	facet normal -0.9199796708681313 -0.0015898029263825355 -0.39196285246949175
		outer loop
			vertex 113.62367248535156 -2 5.791669845581055
			vertex 113.49857330322266 -5 6.097459316253662
			vertex 113.46597290039062 -2 6.161808013916016
		endloop
	endfacet
	facet normal -0.8602500946381088 0.0015883201481676928 -0.5098698382079803
		outer loop
			vertex 113.46597290039062 -2 6.161808013916016
			vertex 113.49857330322266 -5 6.097459316253662
			vertex 113.2934341430664 -5 6.443569183349609
		endloop
	endfacet
	facet normal -0.845187602334266 -0.0015881797198447128 -0.5344673933418506
		outer loop
			vertex 113.46597290039062 -2 6.161808013916016
			vertex 113.2934341430664 -5 6.443569183349609
			vertex 113.25093841552734 -2 6.501855850219727
		endloop
	endfacet
	facet normal -0.767331072471656 0.0015893282068007845 -0.6412491709588011
		outer loop
			vertex 113.25093841552734 -2 6.501855850219727
			vertex 113.2934341430664 -5 6.443569183349609
			vertex 113.03543853759766 -5 6.752291679382324
		endloop
	endfacet
	facet normal -0.7485142546053827 -0.0015878249863007594 -0.6631167992626648
		outer loop
			vertex 113.25093841552734 -2 6.501855850219727
			vertex 113.03543853759766 -5 6.752291679382324
			vertex 112.98414611816406 -2 6.803006172180176
		endloop
	endfacet
	facet normal -0.6545315608587909 0.0015897743875435012 -0.7560330075182905
		outer loop
			vertex 112.98414611816406 -2 6.803006172180176
			vertex 113.03543853759766 -5 6.752291679382324
			vertex 112.73126220703125 -5 7.015630722045898
		endloop
	endfacet
	facet normal -0.6324397283127433 -0.00158894438141888 -0.7746079429669284
		outer loop
			vertex 112.98414611816406 -2 6.803006172180176
			vertex 112.73126220703125 -5 7.015630722045898
			vertex 112.67249298095703 -2 7.057459831237793
		endloop
	endfacet
	facet normal -0.52477412173373 0.0015886811253440678 -0.8512400350376351
		outer loop
			vertex 112.67249298095703 -2 7.057459831237793
			vertex 112.73126220703125 -5 7.015630722045898
			vertex 112.38877868652344 -5 7.2267656326293945
		endloop
	endfacet
	facet normal -0.5000027906404986 -0.0015882222340633475 -0.8660223362603583
		outer loop
			vertex 112.67249298095703 -2 7.057459831237793
			vertex 112.38877868652344 -5 7.2267656326293945
			vertex 112.32406616210938 -2 7.2586259841918945
		endloop
	endfacet
	facet normal -0.381437598335777 0.0015892344032071653 -0.9243932241799734
		outer loop
			vertex 112.32406616210938 -2 7.2586259841918945
			vertex 112.38877868652344 -5 7.2267656326293945
			vertex 112.0168685913086 -5 7.3802289962768555
		endloop
	endfacet
	facet normal -0.354602445071002 -0.0015892433708288517 -0.9350158181844708
		outer loop
			vertex 112.32406616210938 -2 7.2586259841918945
			vertex 112.0168685913086 -5 7.3802289962768555
			vertex 111.9478759765625 -2 7.401295185089111
		endloop
	endfacet
	facet normal -0.22820985289765655 0.00158849059135812 -0.9736106715407711
		outer loop
			vertex 111.9478759765625 -2 7.401295185089111
			vertex 112.0168685913086 -5 7.3802289962768555
			vertex 111.62515258789062 -5 7.472045421600342
		endloop
	endfacet
	facet normal -0.20002563463586545 -0.001589126470164275 -0.9797893754096242
		outer loop
			vertex 111.9478759765625 -2 7.401295185089111
			vertex 111.62515258789062 -5 7.472045421600342
			vertex 111.55367279052734 -2 7.481772422790527
		endloop
	endfacet
	facet normal -0.06907529410975002 0.0015887558077262117 -0.9976101841895135
		outer loop
			vertex 111.55367279052734 -2 7.481772422790527
			vertex 111.62515258789062 -5 7.472045421600342
			vertex 111.2237777709961 -5 7.4998369216918945
		endloop
	endfacet
	facet normal -0.040265131818823574 -0.0015888532934373917 -0.9991877674915886
		outer loop
			vertex 111.55367279052734 -2 7.481772422790527
			vertex 111.2237777709961 -5 7.4998369216918945
			vertex 111.15166473388672 -2 7.49797248840332
		endloop
	endfacet
	facet normal 0.09184608148070987 0.001588916504755798 -0.9957719481191364
		outer loop
			vertex 111.15166473388672 -2 7.49797248840332
			vertex 111.2237777709961 -5 7.4998369216918945
			vertex 110.8231430053711 -5 7.462883949279785
		endloop
	endfacet
	facet normal 0.12053646606067955 -0.00158872923594637 -0.992707628805691
		outer loop
			vertex 111.15166473388672 -2 7.49797248840332
			vertex 110.8231430053711 -5 7.462883949279785
			vertex 110.75226593017578 -2 7.449476718902588
		endloop
	endfacet
	facet normal 0.25039258051184926 0.0015889921315197886 -0.9681430838097348
		outer loop
			vertex 110.75226593017578 -2 7.449476718902588
			vertex 110.8231430053711 -5 7.462883949279785
			vertex 110.43363189697266 -5 7.3621439933776855
		endloop
	endfacet
	facet normal 0.27821985574177466 -0.0015886084605107767 -0.9605161051196307
		outer loop
			vertex 110.75226593017578 -2 7.449476718902588
			vertex 110.43363189697266 -5 7.3621439933776855
			vertex 110.3658218383789 -2 7.337540626525879
		endloop
	endfacet
	facet normal 0.4024451294894706 0.0015889514930050792 -0.9154427305863301
		outer loop
			vertex 110.3658218383789 -2 7.337540626525879
			vertex 110.43363189697266 -5 7.3621439933776855
			vertex 110.06531524658203 -5 7.200225353240967
		endloop
	endfacet
	facet normal 0.4286928390633849 -0.0015892302317322543 -0.9034489050760124
		outer loop
			vertex 110.3658218383789 -2 7.337540626525879
			vertex 110.06531524658203 -5 7.200225353240967
			vertex 110.00233459472656 -2 7.165063381195068
		endloop
	endfacet
	facet normal 0.5440830286469133 0.0015882529027438687 -0.8390298775318548
		outer loop
			vertex 110.00233459472656 -2 7.165063381195068
			vertex 110.06531524658203 -5 7.200225353240967
			vertex 109.72774505615234 -5 6.981322288513184
		endloop
	endfacet
	facet normal 0.5680610493434503 -0.0015891598768323879 -0.822984883694533
		outer loop
			vertex 110.00233459472656 -2 7.165063381195068
			vertex 109.72774505615234 -5 6.981322288513184
			vertex 109.67121887207031 -2 6.936512470245361
		endloop
	endfacet
	facet normal 0.6716317982931659 0.001588644138677808 -0.7408833941527431
		outer loop
			vertex 109.67121887207031 -2 6.936512470245361
			vertex 109.72774505615234 -5 6.981322288513184
			vertex 109.4296646118164 -5 6.711103916168213
		endloop
	endfacet
	facet normal 0.6927261239686375 -0.0015888411330593757 -0.7211989966404846
		outer loop
			vertex 109.67121887207031 -2 6.936512470245361
			vertex 109.4296646118164 -5 6.711103916168213
			vertex 109.38105773925781 -2 6.657806873321533
		endloop
	endfacet
	facet normal 0.7817767517329876 0.0015886702205669457 -0.6235564020814389
		outer loop
			vertex 109.38105773925781 -2 6.657806873321533
			vertex 109.4296646118164 -5 6.711103916168213
			vertex 109.17878723144531 -5 6.39656925201416
		endloop
	endfacet
	facet normal 0.7994409951134016 -0.001588930042396142 -0.6007425160860639
		outer loop
			vertex 109.38105773925781 -2 6.657806873321533
			vertex 109.17878723144531 -5 6.39656925201416
			vertex 109.13935852050781 -2 6.336164474487305
		endloop
	endfacet
	facet normal 0.8716783299073922 0.0015887428627549146 -0.4900758768455917
		outer loop
			vertex 109.13935852050781 -2 6.336164474487305
			vertex 109.17878723144531 -5 6.39656925201416
			vertex 108.98161315917969 -5 6.045863628387451
		endloop
	endfacet
	facet normal 0.8854546528750245 -0.0015889544598896796 -0.46472307122166273
		outer loop
			vertex 109.13935852050781 -2 6.336164474487305
			vertex 108.98161315917969 -5 6.045863628387451
			vertex 108.95238494873047 -2 5.979916572570801
		endloop
	endfacet
	facet normal 0.9390075892079573 0.0015889323760612086 -0.3438927488385941
		outer loop
			vertex 108.95238494873047 -2 5.979916572570801
			vertex 108.98161315917969 -5 6.045863628387451
			vertex 108.84325408935547 -5 5.6680707931518555
		endloop
	endfacet
	facet normal 0.9485372913420616 -0.0015883827046048998 -0.3166614658809135
		outer loop
			vertex 108.95238494873047 -2 5.979916572570801
			vertex 108.84325408935547 -5 5.6680707931518555
			vertex 108.82498168945312 -2 5.5982890129089355
		endloop
	endfacet
	facet normal 0.9820081406707848 0.0015888730597308437 -0.18883190180345147
		outer loop
			vertex 108.82498168945312 -2 5.5982890129089355
			vertex 108.84325408935547 -5 5.6680707931518555
			vertex 108.76728057861328 -5 5.272975444793701
		endloop
	endfacet
	facet normal 0.9870466527437164 -0.0015883515066581154 -0.16042562902141558
		outer loop
			vertex 108.82498168945312 -2 5.5982890129089355
			vertex 108.76728057861328 -5 5.272975444793701
			vertex 108.76043701171875 -2 5.20116662979126
		endloop
	endfacet
	facet normal 0.9995827034410638 0.0015898544788041646 -0.028842526661001195
		outer loop
			vertex 108.76043701171875 -2 5.20116662979126
			vertex 108.76728057861328 -5 5.272975444793701
			vertex 108.75567626953125 -5 4.870810031890869
		endloop
	endfacet
	facet normal 0.9999987408542574 -0.0015869120643439145 0
		outer loop
			vertex 108.76043701171875 -2 5.20116662979126
			vertex 108.75567626953125 -5 4.870810031890869
			vertex 108.76043701171875 -2 4.79883337020874
		endloop
	endfacet
	facet normal 0.991266039378657 0.0015907465992103596 0.1318677697536743
		outer loop
			vertex 108.76043701171875 -2 4.79883337020874
			vertex 108.75567626953125 -5 4.870810031890869
			vertex 108.80873107910156 -5 4.471990585327148
		endloop
	endfacet
	facet normal 0.9870466525308668 -0.0015884872657094579 0.16042562898682095
		outer loop
			vertex 108.76043701171875 -2 4.79883337020874
			vertex 108.80873107910156 -5 4.471990585327148
			vertex 108.82498168945312 -2 4.4017109870910645
		endloop
	endfacet
	facet normal 0.9572778847203213 0.0015886886505479044 0.289165225249785
		outer loop
			vertex 108.82498168945312 -2 4.4017109870910645
			vertex 108.80873107910156 -5 4.471990585327148
			vertex 108.9250717163086 -5 4.086846351623535
		endloop
	endfacet
	facet normal 0.9485372907262971 -0.0015887913514241886 0.31666146567534553
		outer loop
			vertex 108.82498168945312 -2 4.4017109870910645
			vertex 108.9250717163086 -5 4.086846351623535
			vertex 108.95238494873047 -2 4.020083427429199
		endloop
	endfacet
	facet normal 0.8984910282028178 0.0015891651340526037 0.4389890053215686
		outer loop
			vertex 108.95238494873047 -2 4.020083427429199
			vertex 108.9250717163086 -5 4.086846351623535
			vertex 109.10169219970703 -5 3.7253522872924805
		endloop
	endfacet
	facet normal 0.8854546544234596 -0.0015878535173840574 0.4647230720343453
		outer loop
			vertex 108.95238494873047 -2 4.020083427429199
			vertex 109.10169219970703 -5 3.7253522872924805
			vertex 109.13935852050781 -2 3.6638355255126953
		endloop
	endfacet
	facet normal 0.8164442483800417 0.0015895619283886686 0.5774220835576213
		outer loop
			vertex 109.13935852050781 -2 3.6638355255126953
			vertex 109.10169219970703 -5 3.7253522872924805
			vertex 109.3340072631836 -5 3.3968710899353027
		endloop
	endfacet
	facet normal 0.7994407812399531 -0.0015889399322424611 0.6007428006729215
		outer loop
			vertex 109.13935852050781 -2 3.6638355255126953
			vertex 109.3340072631836 -5 3.3968710899353027
			vertex 109.38105773925781 -2 3.342193365097046
		endloop
	endfacet
	facet normal 0.7132475862788478 0.0015885154213253372 0.7009103774992591
		outer loop
			vertex 109.38105773925781 -2 3.342193365097046
			vertex 109.3340072631836 -5 3.3968710899353027
			vertex 109.61600494384766 -5 3.109909772872925
		endloop
	endfacet
	facet normal 0.6927264314728309 -0.0015894953616515058 0.7211986998348047
		outer loop
			vertex 109.38105773925781 -2 3.342193365097046
			vertex 109.61600494384766 -5 3.109909772872925
			vertex 109.67121887207031 -2 3.0634875297546387
		endloop
	endfacet
	facet normal 0.5915653108330556 0.001588515013840333 0.8062555175867272
		outer loop
			vertex 109.67121887207031 -2 3.0634875297546387
			vertex 109.61600494384766 -5 3.109909772872925
			vertex 109.94039154052734 -5 2.871901035308838
		endloop
	endfacet
	facet normal 0.5680614511152074 -0.001588706413813056 0.8229846072490151
		outer loop
			vertex 109.67121887207031 -2 3.0634875297546387
			vertex 109.94039154052734 -5 2.871901035308838
			vertex 110.00233459472656 -2 2.8349363803863525
		endloop
	endfacet
	facet normal 0.4545786290272024 0.0015888738460895673 0.8907051956240348
		outer loop
			vertex 110.00233459472656 -2 2.8349363803863525
			vertex 109.94039154052734 -5 2.871901035308838
			vertex 110.29875183105469 -5 2.689008951187134
		endloop
	endfacet
	facet normal 0.42869235571501785 -0.0015887354700961415 0.9034491352982275
		outer loop
			vertex 110.00233459472656 -2 2.8349363803863525
			vertex 110.29875183105469 -5 2.689008951187134
			vertex 110.3658218383789 -2 2.662459373474121
		endloop
	endfacet
	facet normal 0.3058137437286508 0.0015888860901214258 0.9520900322908858
		outer loop
			vertex 110.3658218383789 -2 2.662459373474121
			vertex 110.29875183105469 -5 2.689008951187134
			vertex 110.68180847167969 -5 2.5659701824188232
		endloop
	endfacet
	facet normal 0.27821985576519 -0.001588555481902422 0.9605161052004687
		outer loop
			vertex 110.3658218383789 -2 2.662459373474121
			vertex 110.68180847167969 -5 2.5659701824188232
			vertex 110.75226593017578 -2 2.550523281097412
		endloop
	endfacet
	facet normal 0.14912608681606485 0.0015890373966666593 0.988816911865427
		outer loop
			vertex 110.75226593017578 -2 2.550523281097412
			vertex 110.68180847167969 -5 2.5659701824188232
			vertex 111.07964324951172 -5 2.505971670150757
		endloop
	endfacet
	facet normal 0.1205364660842195 -0.0015886063073620245 0.9927076289995601
		outer loop
			vertex 110.75226593017578 -2 2.550523281097412
			vertex 111.07964324951172 -5 2.505971670150757
			vertex 111.15166473388672 -2 2.5020275115966797
		endloop
	endfacet
	facet normal -0.0114216011777705 0.0015888323247405414 0.9999335091086707
		outer loop
			vertex 111.15166473388672 -2 2.5020275115966797
			vertex 111.07964324951172 -5 2.505971670150757
			vertex 111.48194885253906 -5 2.5105669498443604
		endloop
	endfacet
	facet normal -0.040265723444065656 -0.0015888756483952366 0.9991877436146323
		outer loop
			vertex 111.15166473388672 -2 2.5020275115966797
			vertex 111.48194885253906 -5 2.5105669498443604
			vertex 111.55367279052734 -2 2.5182278156280518
		endloop
	endfacet
	facet normal -0.17167388301863257 0.0015886684832114516 0.9851525536797616
		outer loop
			vertex 111.55367279052734 -2 2.5182278156280518
			vertex 111.48194885253906 -5 2.5105669498443604
			vertex 111.87831115722656 -5 2.5796375274658203
		endloop
	endfacet
	facet normal -0.20002506577448978 -0.0015890734364316674 0.9797894916294646
		outer loop
			vertex 111.55367279052734 -2 2.5182278156280518
			vertex 111.87831115722656 -5 2.5796375274658203
			vertex 111.9478759765625 -2 2.5987048149108887
		endloop
	endfacet
	facet normal -0.3274849126804054 0.0015885351731958312 0.9448550727612733
		outer loop
			vertex 111.9478759765625 -2 2.5987048149108887
			vertex 111.87831115722656 -5 2.5796375274658203
			vertex 112.25845336914062 -5 2.7113940715789795
		endloop
	endfacet
	facet normal -0.354602445533903 -0.0015884217580284822 0.9350158194050483
		outer loop
			vertex 111.9478759765625 -2 2.5987048149108887
			vertex 112.25845336914062 -5 2.7113940715789795
			vertex 112.32406616210938 -2 2.7413740158081055
		endloop
	endfacet
	facet normal -0.47479896786734765 0.0015892506650625735 0.8800928441899896
		outer loop
			vertex 112.32406616210938 -2 2.7413740158081055
			vertex 112.25845336914062 -5 2.7113940715789795
			vertex 112.612548828125 -5 2.9024240970611572
		endloop
	endfacet
	facet normal -0.5000032338464971 -0.0015897799886050224 0.8660220775145591
		outer loop
			vertex 112.32406616210938 -2 2.7413740158081055
			vertex 112.612548828125 -5 2.9024240970611572
			vertex 112.67249298095703 -2 2.942540407180786
		endloop
	endfacet
	facet normal -0.6098400026537959 0.0015877484257007762 0.7925229651045798
		outer loop
			vertex 112.67249298095703 -2 2.942540407180786
			vertex 112.612548828125 -5 2.9024240970611572
			vertex 112.93140411376953 -5 3.147780656814575
		endloop
	endfacet
	facet normal -0.6324393734288546 -0.0015882690914211658 0.7746082341017367
		outer loop
			vertex 112.67249298095703 -2 2.942540407180786
			vertex 112.93140411376953 -5 3.147780656814575
			vertex 112.98414611816406 -2 3.196993827819824
		endloop
	endfacet
	facet normal -0.7290641700069164 0.0015895568276839383 0.6844435033815559
		outer loop
			vertex 112.98414611816406 -2 3.196993827819824
			vertex 112.93140411376953 -5 3.147780656814575
			vertex 113.20677947998047 -5 3.441108465194702
		endloop
	endfacet
	facet normal -0.74851451344625 -0.0015892858954161674 0.6631165035879188
		outer loop
			vertex 112.98414611816406 -2 3.196993827819824
			vertex 113.20677947998047 -5 3.441108465194702
			vertex 113.25093841552734 -2 3.4981443881988525
		endloop
	endfacet
	facet normal -0.8294174178553709 0.001588126215867056 0.5586270892225436
		outer loop
			vertex 113.25093841552734 -2 3.4981443881988525
			vertex 113.20677947998047 -5 3.441108465194702
			vertex 113.43153381347656 -5 3.774810791015625
		endloop
	endfacet
	facet normal -0.8451874316358822 -0.001589238535897991 0.5344676601307297
		outer loop
			vertex 113.25093841552734 -2 3.4981443881988525
			vertex 113.43153381347656 -5 3.774810791015625
			vertex 113.46597290039062 -2 3.8381919860839844
		endloop
	endfacet
	facet normal -0.9082888123245606 0.0015885687397422584 0.4183406624455703
		outer loop
			vertex 113.46597290039062 -2 3.8381919860839844
			vertex 113.43153381347656 -5 3.774810791015625
			vertex 113.59984588623047 -5 4.140244960784912
		endloop
	endfacet
	facet normal -0.9199796721007104 -0.001588959965596405 0.39196285299463945
		outer loop
			vertex 113.46597290039062 -2 3.8381919860839844
			vertex 113.59984588623047 -5 4.140244960784912
			vertex 113.62367248535156 -2 4.208330154418945
		endloop
	endfacet
	facet normal -0.9636328117777793 0.0015886722339407036 0.26722514886474374
		outer loop
			vertex 113.62367248535156 -2 4.208330154418945
			vertex 113.59984588623047 -5 4.140244960784912
			vertex 113.70735931396484 -5 4.5279459953308105
		endloop
	endfacet
	facet normal -0.9709414981535117 -0.0015890698934356664 0.23931168383572124
		outer loop
			vertex 113.62367248535156 -2 4.208330154418945
			vertex 113.70735931396484 -5 4.5279459953308105
			vertex 113.71995544433594 -2 4.598971843719482
		endloop
	endfacet
	facet normal -0.9940198342562117 0.0015885415122876751 0.10918812042121435
		outer loop
			vertex 113.71995544433594 -2 4.598971843719482
			vertex 113.70735931396484 -5 4.5279459953308105
			vertex 113.75128936767578 -5 4.927873611450195
		endloop
	endfacet
	facet normal -0.9979366220137255 -0.004052757390845802 0.06407865168186527
		outer loop
			vertex 115.21949005126953 -5.5698358251976554e-12 4.488491535186768
			vertex 115.2420654296875 -2 4.713578701019287
			vertex 115.25233459472656 -5.572792661362458e-12 5
		endloop
	endfacet
	facet normal -0.9999633080961341 0.004053647958589567 0.0075465488578595925
		outer loop
			vertex 115.25233459472656 -5.572792661362458e-12 5
			vertex 115.2420654296875 -2 4.713578701019287
			vertex 115.24593353271484 -2 5.226125717163086
		endloop
	endfacet
	facet normal -0.9979366291665301 -0.004050988461612317 -0.06407865214115503
		outer loop
			vertex 115.25233459472656 -5.572792661362458e-12 5
			vertex 115.24593353271484 -2 5.226125717163086
			vertex 115.21949005126953 -5.5696085764223024e-12 5.511508464813232
		endloop
	endfacet
	facet normal -0.9927204910610933 0.0040506718272991585 -0.12037283200610342
		outer loop
			vertex 115.21949005126953 -5.5696085764223024e-12 5.511508464813232
			vertex 115.24593353271484 -2 5.226125717163086
			vertex 115.18423461914062 -2 5.734959602355957
		endloop
	endfacet
	facet normal -0.9815525437157464 -0.004053768618840407 -0.19114960341348552
		outer loop
			vertex 115.21949005126953 -5.5696085764223024e-12 5.511508464813232
			vertex 115.18423461914062 -2 5.734959602355957
			vertex 115.12151336669922 -5.5603369131240754e-12 6.014618396759033
		endloop
	endfacet
	facet normal -0.969174599679422 0.00405187330192984 -0.24634158735174477
		outer loop
			vertex 115.12151336669922 -5.5603369131240754e-12 6.014618396759033
			vertex 115.18423461914062 -2 5.734959602355957
			vertex 115.05796813964844 -2 6.231726169586182
		endloop
	endfacet
	facet normal -0.9490468753662874 -0.004052593735499754 -0.3151088777573582
		outer loop
			vertex 115.12151336669922 -5.5603369131240754e-12 6.014618396759033
			vertex 115.05796813964844 -2 6.231726169586182
			vertex 114.95999908447266 -5.545128592410187e-12 6.501068115234375
		endloop
	endfacet
	facet normal -0.9297185838488853 0.004050556303953113 -0.3682484865408846
		outer loop
			vertex 114.95999908447266 -5.545128592410187e-12 6.501068115234375
			vertex 115.05796813964844 -2 6.231726169586182
			vertex 114.86921691894531 -2 6.7082672119140625
		endloop
	endfacet
	facet normal -0.9009636802144805 -0.004053596714368507 -0.43387557581414593
		outer loop
			vertex 114.95999908447266 -5.545128592410187e-12 6.501068115234375
			vertex 114.86921691894531 -2 6.7082672119140625
			vertex 114.73760986328125 -5.524234715503784e-12 6.962870121002197
		endloop
	endfacet
	facet normal -0.8749902180289112 0.004052200283772075 -0.4841236391941411
		outer loop
			vertex 114.73760986328125 -5.524234715503784e-12 6.962870121002197
			vertex 114.86921691894531 -2 6.7082672119140625
			vertex 114.6210708618164 -2 7.156758785247803
		endloop
	endfacet
	facet normal -0.8380772226765121 -0.004052336925730297 -0.5455365683400741
		outer loop
			vertex 114.73760986328125 -5.524234715503784e-12 6.962870121002197
			vertex 114.6210708618164 -2 7.156758785247803
			vertex 114.4579849243164 -5.497997456610504e-12 7.392442226409912
		endloop
	endfacet
	facet normal -0.8058996211131128 0.004051368127372744 -0.5920383324633953
		outer loop
			vertex 114.4579849243164 -5.497997456610504e-12 7.392442226409912
			vertex 114.6210708618164 -2 7.156758785247803
			vertex 114.31761169433594 -2 7.569836139678955
		endloop
	endfacet
	facet normal -0.7614439554158255 -0.004051797637883283 -0.6482180849811304
		outer loop
			vertex 114.4579849243164 -5.497997456610504e-12 7.392442226409912
			vertex 114.31761169433594 -2 7.569836139678955
			vertex 114.125732421875 -5.466847894514126e-12 7.7827301025390625
		endloop
	endfacet
	facet normal -0.7235761816860248 0.0040535438727301405 -0.6902326260607685
		outer loop
			vertex 114.125732421875 -5.466847894514126e-12 7.7827301025390625
			vertex 114.31761169433594 -2 7.569836139678955
			vertex 113.96382141113281 -2 7.9407172203063965
		endloop
	endfacet
	facet normal -0.6722935147867146 -0.004050985851777592 -0.7402736112339506
		outer loop
			vertex 114.125732421875 -5.466847894514126e-12 7.7827301025390625
			vertex 113.96382141113281 -2 7.9407172203063965
			vertex 113.74629211425781 -5.431297772640065e-12 8.127326011657715
		endloop
	endfacet
	facet normal -0.6293751612988038 0.0040522417919604745 -0.7770910407903082
		outer loop
			vertex 113.74629211425781 -5.431297772640065e-12 8.127326011657715
			vertex 113.96382141113281 -2 7.9407172203063965
			vertex 113.56551361083984 -2 8.263311386108398
		endloop
	endfacet
	facet normal -0.5721137419337013 -0.004052240314883383 -0.8201642796653904
		outer loop
			vertex 113.74629211425781 -5.431297772640065e-12 8.127326011657715
			vertex 113.56551361083984 -2 8.263311386108398
			vertex 113.3259048461914 -5.391930391757116e-12 8.420571327209473
		endloop
	endfacet
	facet normal -0.5248323603536249 0.004052296977864516 -0.8511959659296126
		outer loop
			vertex 113.3259048461914 -5.391930391757116e-12 8.420571327209473
			vertex 113.56551361083984 -2 8.263311386108398
			vertex 113.12921905517578 -2 8.532322883605957
		endloop
	endfacet
	facet normal -0.4625344854370692 -0.004052039148230125 -0.8865920317486545
		outer loop
			vertex 113.3259048461914 -5.391930391757116e-12 8.420571327209473
			vertex 113.12921905517578 -2 8.532322883605957
			vertex 112.87146759033203 -5.349391936360082e-12 8.6576509475708
		endloop
	endfacet
	facet normal -0.41167047999688094 0.004052886426810528 -0.9113237569660683
		outer loop
			vertex 112.87146759033203 -5.349391936360082e-12 8.6576509475708
			vertex 113.12921905517578 -2 8.532322883605957
			vertex 112.66210174560547 -2 8.743332862854004
		endloop
	endfacet
	facet normal -0.34535907617167655 -0.0040514081628426485 -0.9384618770081948
		outer loop
			vertex 112.87146759033203 -5.349391936360082e-12 8.6576509475708
			vertex 112.66210174560547 -2 8.743332862854004
			vertex 112.39044189453125 -5.3043819336906495e-12 8.834671020507812
		endloop
	endfacet
	facet normal -0.2917607988553837 0.00405183775478218 -0.9564827331750833
		outer loop
			vertex 112.39044189453125 -5.3043819336906495e-12 8.834671020507812
			vertex 112.66210174560547 -2 8.743332862854004
			vertex 112.17184448242188 -2 8.892878532409668
		endloop
	endfacet
	facet normal -0.22252100127003327 -0.00405256093369684 -0.9749194739790875
		outer loop
			vertex 112.39044189453125 -5.3043819336906495e-12 8.834671020507812
			vertex 112.17184448242188 -2 8.892878532409668
			vertex 111.89073181152344 -5.2576380749069784e-12 8.94872760772705
		endloop
	endfacet
	facet normal -0.16705036089971673 0.004051933160069675 -0.9859400381163861
		outer loop
			vertex 111.89073181152344 -5.2576380749069784e-12 8.94872760772705
			vertex 112.17184448242188 -2 8.892878532409668
			vertex 111.66648864746094 -2 8.97850227355957
		endloop
	endfacet
	facet normal -0.09602133176778122 -0.004052356234065081 -0.9953710274337375
		outer loop
			vertex 111.89073181152344 -5.2576380749069784e-12 8.94872760772705
			vertex 111.66648864746094 -2 8.97850227355957
			vertex 111.38053894042969 -5.209928842508926e-12 8.997944831848145
		endloop
	endfacet
	facet normal -0.03959878602953051 0.004051943862732764 -0.9992074448761482
		outer loop
			vertex 111.38053894042969 -5.209928842508926e-12 8.997944831848145
			vertex 111.66648864746094 -2 8.97850227355957
			vertex 111.15432739257812 -2 8.998799324035645
		endloop
	endfacet
	facet normal 0.032050486736430364 -0.004052118194170859 -0.9994780370964129
		outer loop
			vertex 111.38053894042969 -5.209928842508926e-12 8.997944831848145
			vertex 111.15432739257812 -2 8.998799324035645
			vertex 110.86824035644531 -5.1620374641458966e-12 8.98151683807373
		endloop
	endfacet
	facet normal 0.0885024303859341 0.004052435828590837 -0.9960677173664642
		outer loop
			vertex 110.86824035644531 -5.1620374641458966e-12 8.98151683807373
			vertex 111.15432739257812 -2 8.998799324035645
			vertex 110.6437759399414 -2 8.953435897827148
		endloop
	endfacet
	facet normal 0.1596001811813617 -0.004051901839316499 -0.987173421572097
		outer loop
			vertex 110.86824035644531 -5.1620374641458966e-12 8.98151683807373
			vertex 110.6437759399414 -2 8.953435897827148
			vertex 110.36225128173828 -5.114750203233376e-12 8.899711608886719
		endloop
	endfacet
	facet normal 0.21514956877383615 0.004052117383760195 -0.9765727025680887
		outer loop
			vertex 110.36225128173828 -5.114750203233376e-12 8.899711608886719
			vertex 110.6437759399414 -2 8.953435897827148
			vertex 110.14321899414062 -2 8.843157768249512
		endloop
	endfacet
	facet normal 0.2845237088116571 -0.004051974513196177 -0.9586604407331115
		outer loop
			vertex 110.36225128173828 -5.114750203233376e-12 8.899711608886719
			vertex 110.14321899414062 -2 8.843157768249512
			vertex 109.8708724975586 -5.0688437822077326e-12 8.753873825073242
		endloop
	endfacet
	facet normal 0.3382647427948613 0.0040526268585322125 -0.9410422625990142
		outer loop
			vertex 109.8708724975586 -5.0688437822077326e-12 8.753873825073242
			vertex 110.14321899414062 -2 8.843157768249512
			vertex 109.66087341308594 -2 8.669775009155273
		endloop
	endfacet
	facet normal 0.4047831431266687 -0.004051909075745786 -0.9144037341750835
		outer loop
			vertex 109.8708724975586 -5.0688437822077326e-12 8.753873825073242
			vertex 109.66087341308594 -2 8.669775009155273
			vertex 109.40218353271484 -5.02507150473841e-12 8.54639720916748
		endloop
	endfacet
	facet normal 0.4558251774162407 0.004051851515241922 -0.8900601047866099
		outer loop
			vertex 109.40218353271484 -5.02507150473841e-12 8.54639720916748
			vertex 109.66087341308594 -2 8.669775009155273
			vertex 109.20465850830078 -2 8.436134338378906
		endloop
	endfacet
	facet normal 0.5183854952483675 -0.004052098710987369 -0.8551374502453633
		outer loop
			vertex 109.40218353271484 -5.02507150473841e-12 8.54639720916748
			vertex 109.20465850830078 -2 8.436134338378906
			vertex 108.9638671875 -4.984151980025331e-12 8.280689239501953
		endloop
	endfacet
	facet normal 0.5659011415162604 0.004052664272665944 -0.8244631428650322
		outer loop
			vertex 108.9638671875 -4.984151980025331e-12 8.280689239501953
			vertex 109.20465850830078 -2 8.436134338378906
			vertex 108.78206634521484 -2 8.146072387695312
		endloop
	endfacet
	facet normal 0.6234877335206103 -0.00405204689500374 -0.7818226314614418
		outer loop
			vertex 108.9638671875 -4.984151980025331e-12 8.280689239501953
			vertex 108.78206634521484 -2 8.146072387695312
			vertex 108.5631332397461 -4.946758280777175e-12 7.961112022399902
		endloop
	endfacet
	facet normal 0.6666809629797636 0.004050809038213561 -0.745332197443872
		outer loop
			vertex 108.5631332397461 -4.946758280777175e-12 7.961112022399902
			vertex 108.78206634521484 -2 8.146072387695312
			vertex 108.40003204345703 -2 7.804352283477783
		endloop
	endfacet
	facet normal 0.7183411258494924 -0.004053901152360974 -0.6956792312544128
		outer loop
			vertex 108.5631332397461 -4.946758280777175e-12 7.961112022399902
			vertex 108.40003204345703 -2 7.804352283477783
			vertex 108.20655059814453 -4.9135027643809615e-12 7.592913627624512
		endloop
	endfacet
	facet normal 0.7565277177481122 0.004051981333722172 -0.6539490757896246
		outer loop
			vertex 108.20655059814453 -4.9135027643809615e-12 7.592913627624512
			vertex 108.40003204345703 -2 7.804352283477783
			vertex 108.0648422241211 -2 7.416584491729736
		endloop
	endfacet
	facet normal 0.801404068877837 -0.0040507581100301575 -0.598109613486342
		outer loop
			vertex 108.20655059814453 -4.9135027643809615e-12 7.592913627624512
			vertex 108.0648422241211 -2 7.416584491729736
			vertex 107.89997863769531 -4.8849331697742304e-12 7.1821393966674805
		endloop
	endfacet
	facet normal 0.8339343891282056 0.004053595026471147 -0.55184871386706
		outer loop
			vertex 107.89997863769531 -4.8849331697742304e-12 7.1821393966674805
			vertex 108.0648422241211 -2 7.416584491729736
			vertex 107.781982421875 -2 6.989136695861816
		endloop
	endfacet
	facet normal 0.8713153706757376 -0.00405209513548062 -0.4907067406804344
		outer loop
			vertex 107.89997863769531 -4.8849331697742304e-12 7.1821393966674805
			vertex 107.781982421875 -2 6.989136695861816
			vertex 107.6484603881836 -4.8615170049337575e-12 6.735535144805908
		endloop
	endfacet
	facet normal 0.8976571221887993 0.0040504512020248275 -0.44067594083269734
		outer loop
			vertex 107.6484603881836 -4.8615170049337575e-12 6.735535144805908
			vertex 107.781982421875 -2 6.989136695861816
			vertex 107.55610656738281 -2 6.529027462005615
		endloop
	endfacet
	facet normal 0.926905993279201 -0.004053410315721821 -0.3752717008887167
		outer loop
			vertex 107.6484603881836 -4.8615170049337575e-12 6.735535144805908
			vertex 107.55610656738281 -2 6.529027462005615
			vertex 107.45610809326172 -4.8436402458329475e-12 6.260432720184326
		endloop
	endfacet
	facet normal 0.9466442543766747 0.004053503780712021 -0.32225490649907823
		outer loop
			vertex 107.45610809326172 -4.8436402458329475e-12 6.260432720184326
			vertex 107.55610656738281 -2 6.529027462005615
			vertex 107.39093017578125 -2 6.043811321258545
		endloop
	endfacet
	facet normal 0.967287439583037 -0.004049820546277436 -0.2536505631344735
		outer loop
			vertex 107.45610809326172 -4.8436402458329475e-12 6.260432720184326
			vertex 107.39093017578125 -2 6.043811321258545
			vertex 107.32609558105469 -4.8315951933775025e-12 5.764634609222412
		endloop
	endfacet
	facet normal 0.9800770132841866 0.004052481124345877 -0.1985764976745365
		outer loop
			vertex 107.32609558105469 -4.8315951933775025e-12 5.764634609222412
			vertex 107.39093017578125 -2 6.043811321258545
			vertex 107.28914642333984 -2 5.54145622253418
		endloop
	endfacet
	facet normal 0.9917820704153844 -0.0040533404999381914 -0.12787452925960363
		outer loop
			vertex 107.32609558105469 -4.8315951933775025e-12 5.764634609222412
			vertex 107.28914642333984 -2 5.54145622253418
			vertex 107.26055145263672 -4.825580039724553e-12 5.256280899047852
		endloop
	endfacet
	facet normal 0.9974255210009886 0.0040520464647890875 -0.07159546756152861
		outer loop
			vertex 107.26055145263672 -4.825580039724553e-12 5.256280899047852
			vertex 107.28914642333984 -2 5.54145622253418
			vertex 107.25244903564453 -2 5.030210018157959
		endloop
	endfacet
	facet normal 0.9999917939558705 -0.004051175251707828 3.384390423181127e-18
		outer loop
			vertex 107.26055145263672 -4.825580039724553e-12 5.256280899047852
			vertex 107.25244903564453 -2 5.030210018157959
			vertex 107.26055145263672 -4.8256936641122294e-12 4.743719100952148
		endloop
	endfacet
	facet normal 0.9983925537306935 0.00405327185634912 0.056532111603610866
		outer loop
			vertex 107.26055145263672 -4.8256936641122294e-12 4.743719100952148
			vertex 107.25244903564453 -2 5.030210018157959
			vertex 107.28142547607422 -2 4.518467903137207
		endloop
	endfacet
	facet normal 0.9917820810093354 -0.004050704394780555 0.12787453062552517
		outer loop
			vertex 107.26055145263672 -4.8256936641122294e-12 4.743719100952148
			vertex 107.28142547607422 -2 4.518467903137207
			vertex 107.32609558105469 -4.831934331817056e-12 4.235365390777588
		endloop
	endfacet
	facet normal 0.9829670943114592 0.004053571835652179 0.18373693166116684
		outer loop
			vertex 107.32609558105469 -4.831934331817056e-12 4.235365390777588
			vertex 107.28142547607422 -2 4.518467903137207
			vertex 107.37560272216797 -2 4.014632701873779
		endloop
	endfacet
	facet normal 0.9672874662444128 -0.004050654186770356 0.2536504481508425
		outer loop
			vertex 107.32609558105469 -4.831934331817056e-12 4.235365390777588
			vertex 107.37560272216797 -2 4.014632701873779
			vertex 107.45610809326172 -4.84419969415395e-12 3.7395670413970947
		endloop
	endfacet
	facet normal 0.9514033633436573 0.0040526780184558025 0.3079207950419324
		outer loop
			vertex 107.45610809326172 -4.84419969415395e-12 3.7395670413970947
			vertex 107.37560272216797 -2 4.014632701873779
			vertex 107.53343200683594 -2 3.526977062225342
		endloop
	endfacet
	facet normal 0.9269058617721107 -0.004053541540060187 0.3752720242883607
		outer loop
			vertex 107.45610809326172 -4.84419969415395e-12 3.7395670413970947
			vertex 107.53343200683594 -2 3.526977062225342
			vertex 107.6484603881836 -4.862288089518829e-12 3.264465093612671
		endloop
	endfacet
	facet normal 0.9042093414702119 0.004050666848398588 0.4270703207858035
		outer loop
			vertex 107.6484603881836 -4.862288089518829e-12 3.264465093612671
			vertex 107.53343200683594 -2 3.526977062225342
			vertex 107.75233459472656 -2 3.0635082721710205
		endloop
	endfacet
	facet normal 0.8713155957821328 -0.004051785448434633 0.49070634353094217
		outer loop
			vertex 107.6484603881836 -4.862288089518829e-12 3.264465093612671
			vertex 107.75233459472656 -2 3.0635082721710205
			vertex 107.89997863769531 -4.8859020128355635e-12 2.8178603649139404
		endloop
	endfacet
	facet normal 0.8421781018172211 0.004053446716714409 0.5391842119250688
		outer loop
			vertex 107.89997863769531 -4.8859020128355635e-12 2.8178603649139404
			vertex 107.75233459472656 -2 3.0635082721710205
			vertex 108.02870178222656 -2 2.6318368911743164
		endloop
	endfacet
	facet normal 0.8014038996795178 -0.004051619529533469 0.5981098343595845
		outer loop
			vertex 107.89997863769531 -4.8859020128355635e-12 2.8178603649139404
			vertex 108.02870178222656 -2 2.6318368911743164
			vertex 108.20655059814453 -4.91465462076901e-12 2.4070863723754883
		endloop
	endfacet
	facet normal 0.7663136823586 0.004051925148320676 0.6424538287944087
		outer loop
			vertex 108.20655059814453 -4.91465462076901e-12 2.4070863723754883
			vertex 108.02870178222656 -2 2.6318368911743164
			vertex 108.35800170898438 -2 2.2390506267547607
		endloop
	endfacet
	facet normal 0.7183411293222819 -0.004052708452022701 0.6956792346176445
		outer loop
			vertex 108.20655059814453 -4.91465462076901e-12 2.4070863723754883
			vertex 108.35800170898438 -2 2.2390506267547607
			vertex 108.5631332397461 -4.948073201171965e-12 2.0388879776000977
		endloop
	endfacet
	facet normal 0.6778685367150338 0.004050880059107725 0.7351719780449781
		outer loop
			vertex 108.5631332397461 -4.948073201171965e-12 2.0388879776000977
			vertex 108.35800170898438 -2 2.2390506267547607
			vertex 108.73482513427734 -2 1.8915989398956299
		endloop
	endfacet
	facet normal 0.6234874465403074 -0.004053097518587163 0.7818228548764433
		outer loop
			vertex 108.5631332397461 -4.948073201171965e-12 2.0388879776000977
			vertex 108.73482513427734 -2 1.8915989398956299
			vertex 108.9638671875 -4.985609147745151e-12 1.719310998916626
		endloop
	endfacet
	facet normal 0.5782924658381371 0.004051281660724977 0.8158194721087212
		outer loop
			vertex 108.9638671875 -4.985609147745151e-12 1.719310998916626
			vertex 108.73482513427734 -2 1.8915989398956299
			vertex 109.15298461914062 -2 1.5951871871948242
		endloop
	endfacet
	facet normal 0.5183858323504272 -0.0040535482199533365 0.8551372390237625
		outer loop
			vertex 108.9638671875 -4.985609147745151e-12 1.719310998916626
			vertex 109.15298461914062 -2 1.5951871871948242
			vertex 109.40218353271484 -5.026646633654597e-12 1.4536027908325195
		endloop
	endfacet
	facet normal 0.4692146774959854 0.004050915288493611 0.8830748419628226
		outer loop
			vertex 109.40218353271484 -5.026646633654597e-12 1.4536027908325195
			vertex 109.15298461914062 -2 1.5951871871948242
			vertex 109.60562133789062 -2 1.3546823263168335
		endloop
	endfacet
	facet normal 0.4047829476113743 -0.004052547993149694 0.9144038178932821
		outer loop
			vertex 109.40218353271484 -5.026646633654597e-12 1.4536027908325195
			vertex 109.60562133789062 -2 1.3546823263168335
			vertex 109.8708724975586 -5.070510851468146e-12 1.2461262941360474
		endloop
	endfacet
	facet normal 0.3524382137380322 0.004052473072999957 0.9358263102516073
		outer loop
			vertex 109.8708724975586 -5.070510851468146e-12 1.2461262941360474
			vertex 109.60562133789062 -2 1.3546823263168335
			vertex 110.08529663085938 -2 1.174033522605896
		endloop
	endfacet
	facet normal 0.2845239227067143 -0.004051844031092615 0.9586603778020304
		outer loop
			vertex 109.8708724975586 -5.070510851468146e-12 1.2461262941360474
			vertex 110.08529663085938 -2 1.174033522605896
			vertex 110.36225128173828 -5.116482324624139e-12 1.1002883911132812
		endloop
	endfacet
	facet normal 0.22987675978616887 0.004052079176043849 0.9732113110545743
		outer loop
			vertex 110.36225128173828 -5.116482324624139e-12 1.1002883911132812
			vertex 110.08529663085938 -2 1.174033522605896
			vertex 110.5841293334961 -2 1.0562070608139038
		endloop
	endfacet
	facet normal 0.15959950107087875 -0.00405214805121665 0.9871735305173542
		outer loop
			vertex 110.36225128173828 -5.116482324624139e-12 1.1002883911132812
			vertex 110.5841293334961 -2 1.0562070608139038
			vertex 110.86824035644531 -5.163806014729655e-12 1.0184835195541382
		endloop
	endfacet
	facet normal 0.10353774372826333 0.004052135688347198 0.9946172710243996
		outer loop
			vertex 110.86824035644531 -5.163806014729655e-12 1.0184835195541382
			vertex 110.5841293334961 -2 1.0562070608139038
			vertex 111.09393310546875 -2 1.003137469291687
		endloop
	endfacet
	facet normal 0.03205118373469147 -0.004052160040688462 0.9994780145757133
		outer loop
			vertex 110.86824035644531 -5.163806014729655e-12 1.0184835195541382
			vertex 111.09393310546875 -2 1.003137469291687
			vertex 111.38053894042969 -5.2117043319865886e-12 1.0020551681518555
		endloop
	endfacet
	facet normal -0.024501610690001632 0.004052135962072 0.9996915780718274
		outer loop
			vertex 111.38053894042969 -5.2117043319865886e-12 1.0020551681518555
			vertex 111.09393310546875 -2 1.003137469291687
			vertex 111.6063461303711 -2 1.0156962871551514
		endloop
	endfacet
	facet normal -0.09602225351834003 -0.004052270904704204 0.9953709388613748
		outer loop
			vertex 111.38053894042969 -5.2117043319865886e-12 1.0020551681518555
			vertex 111.6063461303711 -2 1.0156962871551514
			vertex 111.89073181152344 -5.259391880341191e-12 1.0512728691101074
		endloop
	endfacet
	facet normal -0.1521391770887816 0.0040520306030704225 0.9883507736844953
		outer loop
			vertex 111.89073181152344 -5.259391880341191e-12 1.0512728691101074
			vertex 111.6063461303711 -2 1.0156962871551514
			vertex 112.1129379272461 -2 1.0936771631240845
		endloop
	endfacet
	facet normal -0.22251945419336153 -0.0040521982685517415 0.9749198285985783
		outer loop
			vertex 111.89073181152344 -5.259391880341191e-12 1.0512728691101074
			vertex 112.1129379272461 -2 1.0936771631240845
			vertex 112.39044189453125 -5.306084564782321e-12 1.1653286218643188
		endloop
	endfacet
	facet normal -0.27727788365503714 0.004052168359837786 0.9607812212816024
		outer loop
			vertex 112.39044189453125 -5.306084564782321e-12 1.1653286218643188
			vertex 112.1129379272461 -2 1.0936771631240845
			vertex 112.60540008544922 -2 1.2357999086380005
		endloop
	endfacet
	facet normal -0.3453605095255208 -0.004051745778232014 0.9384613480673679
		outer loop
			vertex 112.39044189453125 -5.306084564782321e-12 1.1653286218643188
			vertex 112.60540008544922 -2 1.2357999086380005
			vertex 112.87146759033203 -5.351016504895334e-12 1.3423495292663574
		endloop
	endfacet
	facet normal -0.39785782781201795 0.004052177237484324 0.9174381334500646
		outer loop
			vertex 112.87146759033203 -5.351016504895334e-12 1.3423495292663574
			vertex 112.60540008544922 -2 1.2357999086380005
			vertex 113.07565307617188 -2 1.4397306442260742
		endloop
	endfacet
	facet normal -0.4625341185518993 -0.0040527074031505095 0.8865922200978996
		outer loop
			vertex 112.87146759033203 -5.351016504895334e-12 1.3423495292663574
			vertex 113.07565307617188 -2 1.4397306442260742
			vertex 113.3259048461914 -5.393449142160334e-12 1.5794289112091064
		endloop
	endfacet
	facet normal -0.5119152061896913 0.004051591489818561 0.8590264293245962
		outer loop
			vertex 113.3259048461914 -5.393449142160334e-12 1.5794289112091064
			vertex 113.07565307617188 -2 1.4397306442260742
			vertex 113.51596069335938 -2 1.7021209001541138
		endloop
	endfacet
	facet normal -0.5721135838030076 -0.004052966009271908 0.8201643863851972
		outer loop
			vertex 113.3259048461914 -5.393449142160334e-12 1.5794289112091064
			vertex 113.51596069335938 -2 1.7021209001541138
			vertex 113.74629211425781 -5.432686418782584e-12 1.8726741075515747
		endloop
	endfacet
	facet normal -0.6175639169063952 0.004051263127188736 0.7865102642701526
		outer loop
			vertex 113.74629211425781 -5.432686418782584e-12 1.8726741075515747
			vertex 113.51596069335938 -2 1.7021209001541138
			vertex 113.91909790039062 -2 2.018662214279175
		endloop
	endfacet
	facet normal -0.6722933831716671 -0.004052513698742624 0.7402737224002454
		outer loop
			vertex 113.74629211425781 -5.432686418782584e-12 1.8726741075515747
			vertex 113.91909790039062 -2 2.018662214279175
			vertex 114.125732421875 -5.46808388499076e-12 2.2172698974609375
		endloop
	endfacet
	facet normal -0.7130678324547434 0.00405194634688581 0.7010833388756975
		outer loop
			vertex 114.125732421875 -5.46808388499076e-12 2.2172698974609375
			vertex 113.91909790039062 -2 2.018662214279175
			vertex 114.27845001220703 -2 2.384157180786133
		endloop
	endfacet
	facet normal -0.7614439508865805 -0.004053265395518361 0.648218081125379
		outer loop
			vertex 114.125732421875 -5.46808388499076e-12 2.2172698974609375
			vertex 114.27845001220703 -2 2.384157180786133
			vertex 114.4579849243164 -5.49905997473954e-12 2.607557773590088
		endloop
	endfacet
	facet normal -0.7968672461707482 0.004050031400436027 0.6041408686936383
		outer loop
			vertex 114.4579849243164 -5.49905997473954e-12 2.607557773590088
			vertex 114.27845001220703 -2 2.384157180786133
			vertex 114.5881118774414 -2 2.7926039695739746
		endloop
	endfacet
	facet normal -0.8380772187790619 -0.004053484345621706 0.5455365658030745
		outer loop
			vertex 114.4579849243164 -5.49905997473954e-12 2.607557773590088
			vertex 114.5881118774414 -2 2.7926039695739746
			vertex 114.73760986328125 -5.5251064140504624e-12 3.0371298789978027
		endloop
	endfacet
	facet normal -0.8675857161925331 0.004053318582542859 0.497271149039594
		outer loop
			vertex 114.73760986328125 -5.5251064140504624e-12 3.0371298789978027
			vertex 114.5881118774414 -2 2.7926039695739746
			vertex 114.8429946899414 -2 3.2372963428497314
		endloop
	endfacet
	facet normal -0.9009636923198975 -0.004050280806462311 0.4338755816437314
		outer loop
			vertex 114.73760986328125 -5.5251064140504624e-12 3.0371298789978027
			vertex 114.8429946899414 -2 3.2372963428497314
			vertex 114.95999908447266 -5.5457955935867e-12 3.498931884765625
		endloop
	endfacet
	facet normal -0.9240483154709395 0.004053212958828111 0.3822542114091482
		outer loop
			vertex 114.95999908447266 -5.5457955935867e-12 3.498931884765625
			vertex 114.8429946899414 -2 3.2372963428497314
			vertex 115.03892517089844 -2 3.7109320163726807
		endloop
	endfacet
	facet normal -0.949046882586283 -0.004050716106910424 0.31510888015458927
		outer loop
			vertex 114.95999908447266 -5.5457955935867e-12 3.498931884765625
			vertex 115.03892517089844 -2 3.7109320163726807
			vertex 115.12151336669922 -5.560787073866091e-12 3.985381603240967
		endloop
	endfacet
	facet normal -0.9653416002351964 0.004052979120472223 0.26095817330675675
		outer loop
			vertex 115.12151336669922 -5.560787073866091e-12 3.985381603240967
			vertex 115.03892517089844 -2 3.7109320163726807
			vertex 115.17268371582031 -2 4.2057342529296875
		endloop
	endfacet
	facet normal -0.9815525466449978 -0.004053032383868105 0.19114960398393413
		outer loop
			vertex 115.12151336669922 -5.560787073866091e-12 3.985381603240967
			vertex 115.17268371582031 -2 4.2057342529296875
			vertex 115.21949005126953 -5.5698358251976554e-12 4.488491535186768
		endloop
	endfacet
	facet normal -0.9907880034194299 0.004050357486930997 0.13536146750227057
		outer loop
			vertex 115.21949005126953 -5.5698358251976554e-12 4.488491535186768
			vertex 115.17268371582031 -2 4.2057342529296875
			vertex 115.2420654296875 -2 4.713578701019287
		endloop
	endfacet
	facet normal 0 0.7071067811870628 -0.7071067811860323
		outer loop
			vertex 51.20000076293945 -0.5 -2.5
			vertex 51.70000076293945 -7.287503933639528e-13 -2
			vertex 115.95233154296875 -0.5 -2.5
		endloop
	endfacet
	facet normal 5.3588995638735594e-14 0.7071067811905061 -0.707106781182589
		outer loop
			vertex 115.95233154296875 -0.5 -2.5
			vertex 51.70000076293945 -7.287503933639528e-13 -2
			vertex 116.24522399902344 -5.6203930398623925e-12 -2
		endloop
	endfacet
	facet normal 0 0.7071067811859073 -0.7071067811871878
		outer loop
			vertex 48.20000076293945 -0.5 -2.5
			vertex 14.5 -0.5 -2.5
			vertex 47.70000076293945 9.054978988842777e-13 -2
		endloop
	endfacet
	facet normal 6.582864558481903e-14 0.7071067811837217 -0.7071067811893734
		outer loop
			vertex 47.70000076293945 9.054978988842777e-13 -2
			vertex 14.5 -0.5 -2.5
			vertex 15 3.949729432406457e-12 -2
		endloop
	endfacet
	facet normal 0.99675787002357 0 -0.08045960816506696
		outer loop
			vertex -41.215293884277344 -2 5.401028156280518
			vertex -41.24766540527344 -5 5
			vertex -41.24766540527344 -2 5
		endloop
	endfacet
	facet normal 0.99675787002357 0 0.08045960816506696
		outer loop
			vertex -41.24766540527344 -2 5
			vertex -41.24766540527344 -5 5
			vertex -41.215293884277344 -5 4.598971843719482
		endloop
	endfacet
	facet normal 0.99675787002357 0 0.08045960816506696
		outer loop
			vertex -41.24766540527344 -2 5
			vertex -41.215293884277344 -5 4.598971843719482
			vertex -41.215293884277344 -2 4.598971843719482
		endloop
	endfacet
	facet normal 0.9709405209081289 0 0.23932092440622854
		outer loop
			vertex -41.215293884277344 -2 4.598971843719482
			vertex -41.215293884277344 -5 4.598971843719482
			vertex -41.1190071105957 -5 4.208330154418945
		endloop
	endfacet
	facet normal 0.9709405209081289 0 0.23932092440622854
		outer loop
			vertex -41.215293884277344 -2 4.598971843719482
			vertex -41.1190071105957 -5 4.208330154418945
			vertex -41.1190071105957 -2 4.208330154418945
		endloop
	endfacet
	facet normal 0.9199808334823829 0 0.39196334780826153
		outer loop
			vertex -41.1190071105957 -2 4.208330154418945
			vertex -41.1190071105957 -5 4.208330154418945
			vertex -40.961307525634766 -5 3.8381919860839844
		endloop
	endfacet
	facet normal 0.9199808334823829 0 0.39196334780826153
		outer loop
			vertex -41.1190071105957 -2 4.208330154418945
			vertex -40.961307525634766 -5 3.8381919860839844
			vertex -40.961307525634766 -2 3.8381919860839844
		endloop
	endfacet
	facet normal 0.8451884989740299 0 0.534468335078914
		outer loop
			vertex -40.961307525634766 -2 3.8381919860839844
			vertex -40.961307525634766 -5 3.8381919860839844
			vertex -40.746273040771484 -5 3.4981443881988525
		endloop
	endfacet
	facet normal 0.8451884989740299 0 0.534468335078914
		outer loop
			vertex -40.961307525634766 -2 3.8381919860839844
			vertex -40.746273040771484 -5 3.4981443881988525
			vertex -40.746273040771484 -2 3.4981443881988525
		endloop
	endfacet
	facet normal 0.7485107525910051 0 0.6631226532517549
		outer loop
			vertex -40.746273040771484 -2 3.4981443881988525
			vertex -40.746273040771484 -5 3.4981443881988525
			vertex -40.47947692871094 -5 3.196993827819824
		endloop
	endfacet
	facet normal 0.7485107525910051 0 0.6631226532517549
		outer loop
			vertex -40.746273040771484 -2 3.4981443881988525
			vertex -40.47947692871094 -5 3.196993827819824
			vertex -40.47947692871094 -2 3.196993827819824
		endloop
	endfacet
	facet normal 0.6324448160160526 0 0.7746054187096948
		outer loop
			vertex -40.47947692871094 -2 3.196993827819824
			vertex -40.47947692871094 -5 3.196993827819824
			vertex -40.16782760620117 -5 2.942540407180786
		endloop
	endfacet
	facet normal 0.6324448160160526 0 0.7746054187096948
		outer loop
			vertex -40.47947692871094 -2 3.196993827819824
			vertex -40.16782760620117 -5 2.942540407180786
			vertex -40.16782760620117 -2 2.942540407180786
		endloop
	endfacet
	facet normal 0.499999760089758 0 0.8660255422966372
		outer loop
			vertex -40.16782760620117 -2 2.942540407180786
			vertex -40.16782760620117 -5 2.942540407180786
			vertex -39.81939697265625 -5 2.7413740158081055
		endloop
	endfacet
	facet normal 0.499999760089758 0 0.8660255422966372
		outer loop
			vertex -40.16782760620117 -2 2.942540407180786
			vertex -39.81939697265625 -5 2.7413740158081055
			vertex -39.81939697265625 -2 2.7413740158081055
		endloop
	endfacet
	facet normal 0.35460603655438705 0 0.9350158067322653
		outer loop
			vertex -39.81939697265625 -2 2.7413740158081055
			vertex -39.81939697265625 -5 2.7413740158081055
			vertex -39.44321060180664 -5 2.5987048149108887
		endloop
	endfacet
	facet normal 0.35460603655438705 0 0.9350158067322653
		outer loop
			vertex -39.81939697265625 -2 2.7413740158081055
			vertex -39.44321060180664 -5 2.5987048149108887
			vertex -39.44321060180664 -2 2.5987048149108887
		endloop
	endfacet
	facet normal 0.20002531832205425 0 0.9797907286916738
		outer loop
			vertex -39.44321060180664 -2 2.5987048149108887
			vertex -39.44321060180664 -5 2.5987048149108887
			vertex -39.049007415771484 -5 2.5182278156280518
		endloop
	endfacet
	facet normal 0.20002531832205425 0 0.9797907286916738
		outer loop
			vertex -39.44321060180664 -2 2.5987048149108887
			vertex -39.049007415771484 -5 2.5182278156280518
			vertex -39.049007415771484 -2 2.5182278156280518
		endloop
	endfacet
	facet normal 0.04026615574043402 0 0.9991889894819134
		outer loop
			vertex -39.049007415771484 -2 2.5182278156280518
			vertex -39.049007415771484 -5 2.5182278156280518
			vertex -38.647003173828125 -5 2.5020275115966797
		endloop
	endfacet
	facet normal 0.04026615574043402 0 0.9991889894819134
		outer loop
			vertex -39.049007415771484 -2 2.5182278156280518
			vertex -38.647003173828125 -5 2.5020275115966797
			vertex -38.647003173828125 -2 2.5020275115966797
		endloop
	endfacet
	facet normal -0.12053548366184284 0 0.9927090193900757
		outer loop
			vertex -38.647003173828125 -2 2.5020275115966797
			vertex -38.647003173828125 -5 2.5020275115966797
			vertex -38.24760055541992 -5 2.550523281097412
		endloop
	endfacet
	facet normal -0.12053548366184284 0 0.9927090193900757
		outer loop
			vertex -38.647003173828125 -2 2.5020275115966797
			vertex -38.24760055541992 -5 2.550523281097412
			vertex -38.24760055541992 -2 2.550523281097412
		endloop
	endfacet
	facet normal -0.2782176730322231 0 0.960518051060226
		outer loop
			vertex -38.24760055541992 -2 2.550523281097412
			vertex -38.24760055541992 -5 2.550523281097412
			vertex -37.86115264892578 -5 2.662459373474121
		endloop
	endfacet
	facet normal -0.2782176730322231 0 0.960518051060226
		outer loop
			vertex -38.24760055541992 -2 2.550523281097412
			vertex -37.86115264892578 -5 2.662459373474121
			vertex -37.86115264892578 -2 2.662459373474121
		endloop
	endfacet
	facet normal -0.4286928967430271 0 0.9034502754895105
		outer loop
			vertex -37.86115264892578 -2 2.662459373474121
			vertex -37.86115264892578 -5 2.662459373474121
			vertex -37.49766540527344 -5 2.8349363803863525
		endloop
	endfacet
	facet normal -0.4286928967430271 0 0.9034502754895105
		outer loop
			vertex -37.86115264892578 -2 2.662459373474121
			vertex -37.49766540527344 -5 2.8349363803863525
			vertex -37.49766540527344 -2 2.8349363803863525
		endloop
	endfacet
	facet normal -0.5680666006547203 0 0.8229825862195329
		outer loop
			vertex -37.49766540527344 -2 2.8349363803863525
			vertex -37.49766540527344 -5 2.8349363803863525
			vertex -37.16655349731445 -5 3.0634875297546387
		endloop
	endfacet
	facet normal -0.5680666006547203 0 0.8229825862195329
		outer loop
			vertex -37.49766540527344 -2 2.8349363803863525
			vertex -37.16655349731445 -5 3.0634875297546387
			vertex -37.16655349731445 -2 3.0634875297546387
		endloop
	endfacet
	facet normal -0.6927225696781548 0 0.7212041607329328
		outer loop
			vertex -37.16655349731445 -2 3.0634875297546387
			vertex -37.16655349731445 -5 3.0634875297546387
			vertex -36.87638854980469 -5 3.342193365097046
		endloop
	endfacet
	facet normal -0.6927225696781548 0 0.7212041607329328
		outer loop
			vertex -37.16655349731445 -2 3.0634875297546387
			vertex -36.87638854980469 -5 3.342193365097046
			vertex -36.87638854980469 -2 3.342193365097046
		endloop
	endfacet
	facet normal -0.7994463439790007 0 0.6007374993277923
		outer loop
			vertex -36.87638854980469 -2 3.342193365097046
			vertex -36.87638854980469 -5 3.342193365097046
			vertex -36.63469314575195 -5 3.6638355255126953
		endloop
	endfacet
	facet normal -0.7994463439790007 0 0.6007374993277923
		outer loop
			vertex -36.87638854980469 -2 3.342193365097046
			vertex -36.63469314575195 -5 3.6638355255126953
			vertex -36.63469314575195 -2 3.6638355255126953
		endloop
	endfacet
	facet normal -0.8854557706645912 0 0.46472365788366604
		outer loop
			vertex -36.63469314575195 -2 3.6638355255126953
			vertex -36.63469314575195 -5 3.6638355255126953
			vertex -36.44771957397461 -5 4.020083427429199
		endloop
	endfacet
	facet normal -0.8854557706645912 0 0.46472365788366604
		outer loop
			vertex -36.63469314575195 -2 3.6638355255126953
			vertex -36.44771957397461 -5 4.020083427429199
			vertex -36.44771957397461 -2 4.020083427429199
		endloop
	endfacet
	facet normal -0.9485356399666776 0 0.31667039601611896
		outer loop
			vertex -36.44771957397461 -2 4.020083427429199
			vertex -36.44771957397461 -5 4.020083427429199
			vertex -36.3203125 -5 4.4017109870910645
		endloop
	endfacet
	facet normal -0.9485356399666776 0 0.31667039601611896
		outer loop
			vertex -36.44771957397461 -2 4.020083427429199
			vertex -36.3203125 -5 4.4017109870910645
			vertex -36.3203125 -2 4.4017109870910645
		endloop
	endfacet
	facet normal -0.9870493991612606 0 0.16041659395272836
		outer loop
			vertex -36.3203125 -2 4.4017109870910645
			vertex -36.3203125 -5 4.4017109870910645
			vertex -36.25577163696289 -5 4.79883337020874
		endloop
	endfacet
	facet normal -0.9870493991612606 0 0.16041659395272836
		outer loop
			vertex -36.3203125 -2 4.4017109870910645
			vertex -36.25577163696289 -5 4.79883337020874
			vertex -36.25577163696289 -2 4.79883337020874
		endloop
	endfacet
	facet normal -1 0 0
		outer loop
			vertex -36.25577163696289 -2 4.79883337020874
			vertex -36.25577163696289 -5 4.79883337020874
			vertex -36.25577163696289 -5 5.20116662979126
		endloop
	endfacet
	facet normal -1 0 0
		outer loop
			vertex -36.25577163696289 -2 4.79883337020874
			vertex -36.25577163696289 -5 5.20116662979126
			vertex -36.25577163696289 -2 5.20116662979126
		endloop
	endfacet
	facet normal -0.9870493991612606 0 -0.16041659395272836
		outer loop
			vertex -36.25577163696289 -2 5.20116662979126
			vertex -36.25577163696289 -5 5.20116662979126
			vertex -36.3203125 -5 5.5982890129089355
		endloop
	endfacet
	facet normal -0.9870493991612606 0 -0.16041659395272836
		outer loop
			vertex -36.25577163696289 -2 5.20116662979126
			vertex -36.3203125 -5 5.5982890129089355
			vertex -36.3203125 -2 5.5982890129089355
		endloop
	endfacet
	facet normal -0.9485356399666776 0 -0.31667039601611896
		outer loop
			vertex -36.3203125 -2 5.5982890129089355
			vertex -36.3203125 -5 5.5982890129089355
			vertex -36.44771957397461 -5 5.979916572570801
		endloop
	endfacet
	facet normal -0.9485356399666776 0 -0.31667039601611896
		outer loop
			vertex -36.3203125 -2 5.5982890129089355
			vertex -36.44771957397461 -5 5.979916572570801
			vertex -36.44771957397461 -2 5.979916572570801
		endloop
	endfacet
	facet normal -0.8854557706645912 0 -0.46472365788366604
		outer loop
			vertex -36.44771957397461 -2 5.979916572570801
			vertex -36.44771957397461 -5 5.979916572570801
			vertex -36.63469314575195 -5 6.336164474487305
		endloop
	endfacet
	facet normal -0.8854557706645912 0 -0.46472365788366604
		outer loop
			vertex -36.44771957397461 -2 5.979916572570801
			vertex -36.63469314575195 -5 6.336164474487305
			vertex -36.63469314575195 -2 6.336164474487305
		endloop
	endfacet
	facet normal -0.7994465578370602 0 -0.6007372147307639
		outer loop
			vertex -36.63469314575195 -2 6.336164474487305
			vertex -36.63469314575195 -5 6.336164474487305
			vertex -36.87638854980469 -5 6.657806873321533
		endloop
	endfacet
	facet normal -0.7994465578370602 0 -0.6007372147307639
		outer loop
			vertex -36.63469314575195 -2 6.336164474487305
			vertex -36.87638854980469 -5 6.657806873321533
			vertex -36.87638854980469 -2 6.657806873321533
		endloop
	endfacet
	facet normal -0.692722261451576 0 -0.721204456786988
		outer loop
			vertex -36.87638854980469 -2 6.657806873321533
			vertex -36.87638854980469 -5 6.657806873321533
			vertex -37.16655349731445 -5 6.936512470245361
		endloop
	endfacet
	facet normal -0.692722261451576 0 -0.721204456786988
		outer loop
			vertex -36.87638854980469 -2 6.657806873321533
			vertex -37.16655349731445 -5 6.936512470245361
			vertex -37.16655349731445 -2 6.936512470245361
		endloop
	endfacet
	facet normal -0.5680661992916107 0 -0.8229828632616745
		outer loop
			vertex -37.16655349731445 -2 6.936512470245361
			vertex -37.16655349731445 -5 6.936512470245361
			vertex -37.49766540527344 -5 7.165063381195068
		endloop
	endfacet
	facet normal -0.5680661992916107 0 -0.8229828632616745
		outer loop
			vertex -37.16655349731445 -2 6.936512470245361
			vertex -37.49766540527344 -5 7.165063381195068
			vertex -37.49766540527344 -2 7.165063381195068
		endloop
	endfacet
	facet normal -0.4286933804290299 0 -0.9034500459772701
		outer loop
			vertex -37.49766540527344 -2 7.165063381195068
			vertex -37.49766540527344 -5 7.165063381195068
			vertex -37.86115264892578 -5 7.337540626525879
		endloop
	endfacet
	facet normal -0.4286933804290299 0 -0.9034500459772701
		outer loop
			vertex -37.49766540527344 -2 7.165063381195068
			vertex -37.86115264892578 -5 7.337540626525879
			vertex -37.86115264892578 -2 7.337540626525879
		endloop
	endfacet
	facet normal -0.2782176730322231 0 -0.960518051060226
		outer loop
			vertex -37.86115264892578 -2 7.337540626525879
			vertex -37.86115264892578 -5 7.337540626525879
			vertex -38.24760055541992 -5 7.449476718902588
		endloop
	endfacet
	facet normal -0.2782176730322231 0 -0.960518051060226
		outer loop
			vertex -37.86115264892578 -2 7.337540626525879
			vertex -38.24760055541992 -5 7.449476718902588
			vertex -38.24760055541992 -2 7.449476718902588
		endloop
	endfacet
	facet normal -0.12053548366184284 0 -0.9927090193900757
		outer loop
			vertex -38.24760055541992 -2 7.449476718902588
			vertex -38.24760055541992 -5 7.449476718902588
			vertex -38.647003173828125 -5 7.49797248840332
		endloop
	endfacet
	facet normal -0.12053548366184284 0 -0.9927090193900757
		outer loop
			vertex -38.24760055541992 -2 7.449476718902588
			vertex -38.647003173828125 -5 7.49797248840332
			vertex -38.647003173828125 -2 7.49797248840332
		endloop
	endfacet
	facet normal 0.0402655641074282 0 -0.999189013323861
		outer loop
			vertex -38.647003173828125 -2 7.49797248840332
			vertex -38.647003173828125 -5 7.49797248840332
			vertex -39.049007415771484 -5 7.481772422790527
		endloop
	endfacet
	facet normal 0.0402655641074282 0 -0.999189013323861
		outer loop
			vertex -38.647003173828125 -2 7.49797248840332
			vertex -39.049007415771484 -5 7.481772422790527
			vertex -39.049007415771484 -2 7.481772422790527
		endloop
	endfacet
	facet normal 0.20002588720100542 0 -0.9797906125542593
		outer loop
			vertex -39.049007415771484 -2 7.481772422790527
			vertex -39.049007415771484 -5 7.481772422790527
			vertex -39.44321060180664 -5 7.401295185089111
		endloop
	endfacet
	facet normal 0.20002588720100542 0 -0.9797906125542593
		outer loop
			vertex -39.049007415771484 -2 7.481772422790527
			vertex -39.44321060180664 -5 7.401295185089111
			vertex -39.44321060180664 -2 7.401295185089111
		endloop
	endfacet
	facet normal 0.35460603655438705 0 -0.9350158067322653
		outer loop
			vertex -39.44321060180664 -2 7.401295185089111
			vertex -39.44321060180664 -5 7.401295185089111
			vertex -39.81939697265625 -5 7.2586259841918945
		endloop
	endfacet
	facet normal 0.35460603655438705 0 -0.9350158067322653
		outer loop
			vertex -39.44321060180664 -2 7.401295185089111
			vertex -39.81939697265625 -5 7.2586259841918945
			vertex -39.81939697265625 -2 7.2586259841918945
		endloop
	endfacet
	facet normal 0.4999993156467674 0 -0.8660257988956014
		outer loop
			vertex -39.81939697265625 -2 7.2586259841918945
			vertex -39.81939697265625 -5 7.2586259841918945
			vertex -40.16782760620117 -5 7.057459831237793
		endloop
	endfacet
	facet normal 0.4999993156467674 0 -0.8660257988956014
		outer loop
			vertex -39.81939697265625 -2 7.2586259841918945
			vertex -40.16782760620117 -5 7.057459831237793
			vertex -40.16782760620117 -2 7.057459831237793
		endloop
	endfacet
	facet normal 0.6324451715779839 0 -0.7746051284026558
		outer loop
			vertex -40.16782760620117 -2 7.057459831237793
			vertex -40.16782760620117 -5 7.057459831237793
			vertex -40.47947692871094 -5 6.803006172180176
		endloop
	endfacet
	facet normal 0.6324451715779839 0 -0.7746051284026558
		outer loop
			vertex -40.16782760620117 -2 7.057459831237793
			vertex -40.47947692871094 -5 6.803006172180176
			vertex -40.47947692871094 -2 6.803006172180176
		endloop
	endfacet
	facet normal 0.7485104920101645 0 -0.6631229473866076
		outer loop
			vertex -40.47947692871094 -2 6.803006172180176
			vertex -40.47947692871094 -5 6.803006172180176
			vertex -40.746273040771484 -5 6.501855850219727
		endloop
	endfacet
	facet normal 0.7485104920101645 0 -0.6631229473866076
		outer loop
			vertex -40.47947692871094 -2 6.803006172180176
			vertex -40.746273040771484 -5 6.501855850219727
			vertex -40.746273040771484 -2 6.501855850219727
		endloop
	endfacet
	facet normal 0.8451886682508909 0 -0.5344680673906398
		outer loop
			vertex -40.746273040771484 -2 6.501855850219727
			vertex -40.746273040771484 -5 6.501855850219727
			vertex -40.961307525634766 -5 6.161808013916016
		endloop
	endfacet
	facet normal 0.8451886682508909 0 -0.5344680673906398
		outer loop
			vertex -40.746273040771484 -2 6.501855850219727
			vertex -40.961307525634766 -5 6.161808013916016
			vertex -40.961307525634766 -2 6.161808013916016
		endloop
	endfacet
	facet normal 0.9199808334823829 0 -0.39196334780826153
		outer loop
			vertex -40.961307525634766 -2 6.161808013916016
			vertex -40.961307525634766 -5 6.161808013916016
			vertex -41.1190071105957 -5 5.791669845581055
		endloop
	endfacet
	facet normal 0.9199808334823829 0 -0.39196334780826153
		outer loop
			vertex -40.961307525634766 -2 6.161808013916016
			vertex -41.1190071105957 -5 5.791669845581055
			vertex -41.1190071105957 -2 5.791669845581055
		endloop
	endfacet
	facet normal 0.9709405209081289 0 -0.23932092440622854
		outer loop
			vertex -41.1190071105957 -2 5.791669845581055
			vertex -41.1190071105957 -5 5.791669845581055
			vertex -41.215293884277344 -5 5.401028156280518
		endloop
	endfacet
	facet normal 0.9709405209081289 0 -0.23932092440622854
		outer loop
			vertex -41.1190071105957 -2 5.791669845581055
			vertex -41.215293884277344 -5 5.401028156280518
			vertex -41.215293884277344 -2 5.401028156280518
		endloop
	endfacet
	facet normal 0.99675787002357 0 -0.08045960816506696
		outer loop
			vertex -41.215293884277344 -2 5.401028156280518
			vertex -41.215293884277344 -5 5.401028156280518
			vertex -41.24766540527344 -5 5
		endloop
	endfacet
	facet normal 0 1 0
		outer loop
			vertex -41.215293884277344 -2 4.598971843719482
			vertex -42.71482849121094 -2 4.488491535186768
			vertex -41.24766540527344 -2 5
		endloop
	endfacet
	facet normal 0 1 0
		outer loop
			vertex -41.24766540527344 -2 5
			vertex -42.71482849121094 -2 4.488491535186768
			vertex -42.74766540527344 -2 5
		endloop
	endfacet
	facet normal 0 1 0
		outer loop
			vertex -41.24766540527344 -2 5
			vertex -42.74766540527344 -2 5
			vertex -42.71482849121094 -2 5.511508464813232
		endloop
	endfacet
	facet normal 0 1 0
		outer loop
			vertex -42.71482849121094 -2 4.488491535186768
			vertex -41.215293884277344 -2 4.598971843719482
			vertex -42.616844177246094 -2 3.985381603240967
		endloop
	endfacet
	facet normal 0 1 0
		outer loop
			vertex -42.616844177246094 -2 3.985381603240967
			vertex -41.215293884277344 -2 4.598971843719482
			vertex -41.1190071105957 -2 4.208330154418945
		endloop
	endfacet
	facet normal 0 1 0
		outer loop
			vertex -42.616844177246094 -2 3.985381603240967
			vertex -41.1190071105957 -2 4.208330154418945
			vertex -42.4553337097168 -2 3.498931884765625
		endloop
	endfacet
	facet normal 0 1 0
		outer loop
			vertex -42.4553337097168 -2 3.498931884765625
			vertex -41.1190071105957 -2 4.208330154418945
			vertex -40.961307525634766 -2 3.8381919860839844
		endloop
	endfacet
	facet normal 0 1 0
		outer loop
			vertex -42.4553337097168 -2 3.498931884765625
			vertex -40.961307525634766 -2 3.8381919860839844
			vertex -42.232940673828125 -2 3.0371298789978027
		endloop
	endfacet
	facet normal 0 1 0
		outer loop
			vertex -42.232940673828125 -2 3.0371298789978027
			vertex -40.961307525634766 -2 3.8381919860839844
			vertex -40.746273040771484 -2 3.4981443881988525
		endloop
	endfacet
	facet normal 0 1 0
		outer loop
			vertex -42.232940673828125 -2 3.0371298789978027
			vertex -40.746273040771484 -2 3.4981443881988525
			vertex -41.95331954956055 -2 2.607557773590088
		endloop
	endfacet
	facet normal 0 1 0
		outer loop
			vertex -41.95331954956055 -2 2.607557773590088
			vertex -40.746273040771484 -2 3.4981443881988525
			vertex -41.621063232421875 -2 2.2172698974609375
		endloop
	endfacet
	facet normal 0 1 0
		outer loop
			vertex -41.621063232421875 -2 2.2172698974609375
			vertex -40.746273040771484 -2 3.4981443881988525
			vertex -40.47947692871094 -2 3.196993827819824
		endloop
	endfacet
	facet normal 0 1 0
		outer loop
			vertex -41.621063232421875 -2 2.2172698974609375
			vertex -40.47947692871094 -2 3.196993827819824
			vertex -41.24162673950195 -2 1.8726741075515747
		endloop
	endfacet
	facet normal 0 1 0
		outer loop
			vertex -41.24162673950195 -2 1.8726741075515747
			vertex -40.47947692871094 -2 3.196993827819824
			vertex -40.16782760620117 -2 2.942540407180786
		endloop
	endfacet
	facet normal 0 1 0
		outer loop
			vertex -41.24162673950195 -2 1.8726741075515747
			vertex -40.16782760620117 -2 2.942540407180786
			vertex -40.82123565673828 -2 1.5794289112091064
		endloop
	endfacet
	facet normal 0 1 0
		outer loop
			vertex -40.82123565673828 -2 1.5794289112091064
			vertex -40.16782760620117 -2 2.942540407180786
			vertex -39.81939697265625 -2 2.7413740158081055
		endloop
	endfacet
	facet normal 0 1 0
		outer loop
			vertex -40.82123565673828 -2 1.5794289112091064
			vertex -39.81939697265625 -2 2.7413740158081055
			vertex -40.366798400878906 -2 1.3423495292663574
		endloop
	endfacet
	facet normal 0 1 0
		outer loop
			vertex -40.366798400878906 -2 1.3423495292663574
			vertex -39.81939697265625 -2 2.7413740158081055
			vertex -39.44321060180664 -2 2.5987048149108887
		endloop
	endfacet
	facet normal 0 1 0
		outer loop
			vertex -40.366798400878906 -2 1.3423495292663574
			vertex -39.44321060180664 -2 2.5987048149108887
			vertex -39.88577651977539 -2 1.1653286218643188
		endloop
	endfacet
	facet normal 0 1 0
		outer loop
			vertex -39.88577651977539 -2 1.1653286218643188
			vertex -39.44321060180664 -2 2.5987048149108887
			vertex -39.38606643676758 -2 1.0512728691101074
		endloop
	endfacet
	facet normal 0 1 0
		outer loop
			vertex -39.38606643676758 -2 1.0512728691101074
			vertex -39.44321060180664 -2 2.5987048149108887
			vertex -39.049007415771484 -2 2.5182278156280518
		endloop
	endfacet
	facet normal 0 1 0
		outer loop
			vertex -39.38606643676758 -2 1.0512728691101074
			vertex -39.049007415771484 -2 2.5182278156280518
			vertex -38.87587356567383 -2 1.0020551681518555
		endloop
	endfacet
	facet normal 0 1 0
		outer loop
			vertex -38.87587356567383 -2 1.0020551681518555
			vertex -39.049007415771484 -2 2.5182278156280518
			vertex -38.647003173828125 -2 2.5020275115966797
		endloop
	endfacet
	facet normal 0 1 0
		outer loop
			vertex -38.87587356567383 -2 1.0020551681518555
			vertex -38.647003173828125 -2 2.5020275115966797
			vertex -38.36357498168945 -2 1.0184835195541382
		endloop
	endfacet
	facet normal 0 1 0
		outer loop
			vertex -38.36357498168945 -2 1.0184835195541382
			vertex -38.647003173828125 -2 2.5020275115966797
			vertex -38.24760055541992 -2 2.550523281097412
		endloop
	endfacet
	facet normal 0 1 0
		outer loop
			vertex -38.36357498168945 -2 1.0184835195541382
			vertex -38.24760055541992 -2 2.550523281097412
			vertex -37.857582092285156 -2 1.1002883911132812
		endloop
	endfacet
	facet normal 0 1 0
		outer loop
			vertex -37.857582092285156 -2 1.1002883911132812
			vertex -38.24760055541992 -2 2.550523281097412
			vertex -37.86115264892578 -2 2.662459373474121
		endloop
	endfacet
	facet normal 0 1 0
		outer loop
			vertex -37.857582092285156 -2 1.1002883911132812
			vertex -37.86115264892578 -2 2.662459373474121
			vertex -37.366207122802734 -2 1.2461262941360474
		endloop
	endfacet
	facet normal 0 1 0
		outer loop
			vertex -37.366207122802734 -2 1.2461262941360474
			vertex -37.86115264892578 -2 2.662459373474121
			vertex -36.89751434326172 -2 1.4536027908325195
		endloop
	endfacet
	facet normal 0 1 0
		outer loop
			vertex -36.89751434326172 -2 1.4536027908325195
			vertex -37.86115264892578 -2 2.662459373474121
			vertex -37.49766540527344 -2 2.8349363803863525
		endloop
	endfacet
	facet normal 0 1 0
		outer loop
			vertex -36.89751434326172 -2 1.4536027908325195
			vertex -37.49766540527344 -2 2.8349363803863525
			vertex -36.45920181274414 -2 1.719310998916626
		endloop
	endfacet
	facet normal 0 1 0
		outer loop
			vertex -36.45920181274414 -2 1.719310998916626
			vertex -37.49766540527344 -2 2.8349363803863525
			vertex -37.16655349731445 -2 3.0634875297546387
		endloop
	endfacet
	facet normal 0 1 0
		outer loop
			vertex -36.45920181274414 -2 1.719310998916626
			vertex -37.16655349731445 -2 3.0634875297546387
			vertex -36.05846405029297 -2 2.0388879776000977
		endloop
	endfacet
	facet normal 0 1 0
		outer loop
			vertex -36.05846405029297 -2 2.0388879776000977
			vertex -37.16655349731445 -2 3.0634875297546387
			vertex -36.87638854980469 -2 3.342193365097046
		endloop
	endfacet
	facet normal 0 1 0
		outer loop
			vertex -36.05846405029297 -2 2.0388879776000977
			vertex -36.87638854980469 -2 3.342193365097046
			vertex -35.701881408691406 -2 2.4070863723754883
		endloop
	endfacet
	facet normal 0 1 0
		outer loop
			vertex -35.701881408691406 -2 2.4070863723754883
			vertex -36.87638854980469 -2 3.342193365097046
			vertex -36.63469314575195 -2 3.6638355255126953
		endloop
	endfacet
	facet normal 0 1 0
		outer loop
			vertex -35.701881408691406 -2 2.4070863723754883
			vertex -36.63469314575195 -2 3.6638355255126953
			vertex -35.39531326293945 -2 2.8178603649139404
		endloop
	endfacet
	facet normal 0 1 0
		outer loop
			vertex -35.39531326293945 -2 2.8178603649139404
			vertex -36.63469314575195 -2 3.6638355255126953
			vertex -35.14379119873047 -2 3.264465093612671
		endloop
	endfacet
	facet normal 0 1 0
		outer loop
			vertex -35.14379119873047 -2 3.264465093612671
			vertex -36.63469314575195 -2 3.6638355255126953
			vertex -36.44771957397461 -2 4.020083427429199
		endloop
	endfacet
	facet normal 0 1 0
		outer loop
			vertex -35.14379119873047 -2 3.264465093612671
			vertex -36.44771957397461 -2 4.020083427429199
			vertex -34.95144271850586 -2 3.7395670413970947
		endloop
	endfacet
	facet normal 0 1 0
		outer loop
			vertex -34.95144271850586 -2 3.7395670413970947
			vertex -36.44771957397461 -2 4.020083427429199
			vertex -36.3203125 -2 4.4017109870910645
		endloop
	endfacet
	facet normal 0 1 0
		outer loop
			vertex -34.95144271850586 -2 3.7395670413970947
			vertex -36.3203125 -2 4.4017109870910645
			vertex -34.82143020629883 -2 4.235365390777588
		endloop
	endfacet
	facet normal 0 1 0
		outer loop
			vertex -34.82143020629883 -2 4.235365390777588
			vertex -36.3203125 -2 4.4017109870910645
			vertex -36.25577163696289 -2 4.79883337020874
		endloop
	endfacet
	facet normal 0 1 0
		outer loop
			vertex -34.82143020629883 -2 4.235365390777588
			vertex -36.25577163696289 -2 4.79883337020874
			vertex -34.75588607788086 -2 4.743719100952148
		endloop
	endfacet
	facet normal 0 1 0
		outer loop
			vertex -34.75588607788086 -2 4.743719100952148
			vertex -36.25577163696289 -2 4.79883337020874
			vertex -36.25577163696289 -2 5.20116662979126
		endloop
	endfacet
	facet normal 0 1 0
		outer loop
			vertex -34.75588607788086 -2 4.743719100952148
			vertex -36.25577163696289 -2 5.20116662979126
			vertex -34.75588607788086 -2 5.256280899047852
		endloop
	endfacet
	facet normal 0 1 0
		outer loop
			vertex -34.75588607788086 -2 5.256280899047852
			vertex -36.25577163696289 -2 5.20116662979126
			vertex -34.82143020629883 -2 5.764634609222412
		endloop
	endfacet
	facet normal 0 1 0
		outer loop
			vertex -34.82143020629883 -2 5.764634609222412
			vertex -36.25577163696289 -2 5.20116662979126
			vertex -36.3203125 -2 5.5982890129089355
		endloop
	endfacet
	facet normal 0 1 0
		outer loop
			vertex -34.82143020629883 -2 5.764634609222412
			vertex -36.3203125 -2 5.5982890129089355
			vertex -34.95144271850586 -2 6.260432720184326
		endloop
	endfacet
	facet normal 0 1 0
		outer loop
			vertex -34.95144271850586 -2 6.260432720184326
			vertex -36.3203125 -2 5.5982890129089355
			vertex -36.44771957397461 -2 5.979916572570801
		endloop
	endfacet
	facet normal 0 1 0
		outer loop
			vertex -34.95144271850586 -2 6.260432720184326
			vertex -36.44771957397461 -2 5.979916572570801
			vertex -35.14379119873047 -2 6.735535144805908
		endloop
	endfacet
	facet normal 0 1 0
		outer loop
			vertex -35.14379119873047 -2 6.735535144805908
			vertex -36.44771957397461 -2 5.979916572570801
			vertex -36.63469314575195 -2 6.336164474487305
		endloop
	endfacet
	facet normal 0 1 0
		outer loop
			vertex -35.14379119873047 -2 6.735535144805908
			vertex -36.63469314575195 -2 6.336164474487305
			vertex -35.39531326293945 -2 7.1821393966674805
		endloop
	endfacet
	facet normal 0 1 0
		outer loop
			vertex -35.39531326293945 -2 7.1821393966674805
			vertex -36.63469314575195 -2 6.336164474487305
			vertex -35.701881408691406 -2 7.592913627624512
		endloop
	endfacet
	facet normal 0 1 0
		outer loop
			vertex -35.701881408691406 -2 7.592913627624512
			vertex -36.63469314575195 -2 6.336164474487305
			vertex -36.87638854980469 -2 6.657806873321533
		endloop
	endfacet
	facet normal 0 1 0
		outer loop
			vertex -35.701881408691406 -2 7.592913627624512
			vertex -36.87638854980469 -2 6.657806873321533
			vertex -36.05846405029297 -2 7.961112022399902
		endloop
	endfacet
	facet normal 0 1 0
		outer loop
			vertex -36.05846405029297 -2 7.961112022399902
			vertex -36.87638854980469 -2 6.657806873321533
			vertex -37.16655349731445 -2 6.936512470245361
		endloop
	endfacet
	facet normal 0 1 0
		outer loop
			vertex -36.05846405029297 -2 7.961112022399902
			vertex -37.16655349731445 -2 6.936512470245361
			vertex -36.45920181274414 -2 8.280689239501953
		endloop
	endfacet
	facet normal 0 1 0
		outer loop
			vertex -36.45920181274414 -2 8.280689239501953
			vertex -37.16655349731445 -2 6.936512470245361
			vertex -37.49766540527344 -2 7.165063381195068
		endloop
	endfacet
	facet normal 0 1 0
		outer loop
			vertex -36.45920181274414 -2 8.280689239501953
			vertex -37.49766540527344 -2 7.165063381195068
			vertex -36.89751434326172 -2 8.54639720916748
		endloop
	endfacet
	facet normal 0 1 0
		outer loop
			vertex -36.89751434326172 -2 8.54639720916748
			vertex -37.49766540527344 -2 7.165063381195068
			vertex -37.86115264892578 -2 7.337540626525879
		endloop
	endfacet
	facet normal 0 1 0
		outer loop
			vertex -36.89751434326172 -2 8.54639720916748
			vertex -37.86115264892578 -2 7.337540626525879
			vertex -37.366207122802734 -2 8.753873825073242
		endloop
	endfacet
	facet normal 0 1 0
		outer loop
			vertex -37.366207122802734 -2 8.753873825073242
			vertex -37.86115264892578 -2 7.337540626525879
			vertex -37.857582092285156 -2 8.899711608886719
		endloop
	endfacet
	facet normal 0 1 0
		outer loop
			vertex -37.857582092285156 -2 8.899711608886719
			vertex -37.86115264892578 -2 7.337540626525879
			vertex -38.24760055541992 -2 7.449476718902588
		endloop
	endfacet
	facet normal 0 1 0
		outer loop
			vertex -37.857582092285156 -2 8.899711608886719
			vertex -38.24760055541992 -2 7.449476718902588
			vertex -38.36357498168945 -2 8.98151683807373
		endloop
	endfacet
	facet normal 0 1 0
		outer loop
			vertex -38.36357498168945 -2 8.98151683807373
			vertex -38.24760055541992 -2 7.449476718902588
			vertex -38.647003173828125 -2 7.49797248840332
		endloop
	endfacet
	facet normal 0 1 0
		outer loop
			vertex -38.36357498168945 -2 8.98151683807373
			vertex -38.647003173828125 -2 7.49797248840332
			vertex -38.87587356567383 -2 8.997944831848145
		endloop
	endfacet
	facet normal 0 1 0
		outer loop
			vertex -38.87587356567383 -2 8.997944831848145
			vertex -38.647003173828125 -2 7.49797248840332
			vertex -39.049007415771484 -2 7.481772422790527
		endloop
	endfacet
	facet normal 0 1 0
		outer loop
			vertex -38.87587356567383 -2 8.997944831848145
			vertex -39.049007415771484 -2 7.481772422790527
			vertex -39.38606643676758 -2 8.94872760772705
		endloop
	endfacet
	facet normal 0 1 0
		outer loop
			vertex -39.38606643676758 -2 8.94872760772705
			vertex -39.049007415771484 -2 7.481772422790527
			vertex -39.44321060180664 -2 7.401295185089111
		endloop
	endfacet
	facet normal 0 1 0
		outer loop
			vertex -39.38606643676758 -2 8.94872760772705
			vertex -39.44321060180664 -2 7.401295185089111
			vertex -39.88577651977539 -2 8.834671020507812
		endloop
	endfacet
	facet normal 0 1 0
		outer loop
			vertex -39.88577651977539 -2 8.834671020507812
			vertex -39.44321060180664 -2 7.401295185089111
			vertex -40.366798400878906 -2 8.6576509475708
		endloop
	endfacet
	facet normal 0 1 0
		outer loop
			vertex -40.366798400878906 -2 8.6576509475708
			vertex -39.44321060180664 -2 7.401295185089111
			vertex -39.81939697265625 -2 7.2586259841918945
		endloop
	endfacet
	facet normal 0 1 0
		outer loop
			vertex -40.366798400878906 -2 8.6576509475708
			vertex -39.81939697265625 -2 7.2586259841918945
			vertex -40.82123565673828 -2 8.420571327209473
		endloop
	endfacet
	facet normal 0 1 0
		outer loop
			vertex -40.82123565673828 -2 8.420571327209473
			vertex -39.81939697265625 -2 7.2586259841918945
			vertex -40.16782760620117 -2 7.057459831237793
		endloop
	endfacet
	facet normal 0 1 0
		outer loop
			vertex -40.82123565673828 -2 8.420571327209473
			vertex -40.16782760620117 -2 7.057459831237793
			vertex -41.24162673950195 -2 8.127326011657715
		endloop
	endfacet
	facet normal 0 1 0
		outer loop
			vertex -41.24162673950195 -2 8.127326011657715
			vertex -40.16782760620117 -2 7.057459831237793
			vertex -40.47947692871094 -2 6.803006172180176
		endloop
	endfacet
	facet normal 0 1 0
		outer loop
			vertex -41.24162673950195 -2 8.127326011657715
			vertex -40.47947692871094 -2 6.803006172180176
			vertex -41.621063232421875 -2 7.7827301025390625
		endloop
	endfacet
	facet normal 0 1 0
		outer loop
			vertex -41.621063232421875 -2 7.7827301025390625
			vertex -40.47947692871094 -2 6.803006172180176
			vertex -40.746273040771484 -2 6.501855850219727
		endloop
	endfacet
	facet normal 0 1 0
		outer loop
			vertex -41.621063232421875 -2 7.7827301025390625
			vertex -40.746273040771484 -2 6.501855850219727
			vertex -41.95331954956055 -2 7.392442226409912
		endloop
	endfacet
	facet normal 0 1 0
		outer loop
			vertex -41.95331954956055 -2 7.392442226409912
			vertex -40.746273040771484 -2 6.501855850219727
			vertex -42.232940673828125 -2 6.962870121002197
		endloop
	endfacet
	facet normal 0 1 0
		outer loop
			vertex -42.232940673828125 -2 6.962870121002197
			vertex -40.746273040771484 -2 6.501855850219727
			vertex -40.961307525634766 -2 6.161808013916016
		endloop
	endfacet
	facet normal 0 1 0
		outer loop
			vertex -42.232940673828125 -2 6.962870121002197
			vertex -40.961307525634766 -2 6.161808013916016
			vertex -42.4553337097168 -2 6.501068115234375
		endloop
	endfacet
	facet normal 0 1 0
		outer loop
			vertex -42.4553337097168 -2 6.501068115234375
			vertex -40.961307525634766 -2 6.161808013916016
			vertex -41.1190071105957 -2 5.791669845581055
		endloop
	endfacet
	facet normal 0 1 0
		outer loop
			vertex -42.4553337097168 -2 6.501068115234375
			vertex -41.1190071105957 -2 5.791669845581055
			vertex -42.616844177246094 -2 6.014618396759033
		endloop
	endfacet
	facet normal 0 1 0
		outer loop
			vertex -42.616844177246094 -2 6.014618396759033
			vertex -41.1190071105957 -2 5.791669845581055
			vertex -41.215293884277344 -2 5.401028156280518
		endloop
	endfacet
	facet normal 0 1 0
		outer loop
			vertex -42.616844177246094 -2 6.014618396759033
			vertex -41.215293884277344 -2 5.401028156280518
			vertex -42.71482849121094 -2 5.511508464813232
		endloop
	endfacet
	facet normal 0 1 0
		outer loop
			vertex -42.71482849121094 -2 5.511508464813232
			vertex -41.215293884277344 -2 5.401028156280518
			vertex -41.24766540527344 -2 5
		endloop
	endfacet
	facet normal 0.9979457693285946 0 0.06406435420075336
		outer loop
			vertex -42.71482849121094 -2 4.488491535186768
			vertex -42.74766540527344 3.376188217885101e-12 5
			vertex -42.74766540527344 -2 5
		endloop
	endfacet
	facet normal 0.9979457693285946 0 -0.06406435420075336
		outer loop
			vertex -42.74766540527344 -2 5
			vertex -42.74766540527344 3.376188217885101e-12 5
			vertex -42.71482849121094 3.3555085793279815e-12 5.511508464813232
		endloop
	endfacet
	facet normal 0.9979457693285947 0 -0.06406435420075338
		outer loop
			vertex -42.74766540527344 -2 5
			vertex -42.71482849121094 3.3555085793279815e-12 5.511508464813232
			vertex -42.71482849121094 -2 5.511508464813232
		endloop
	endfacet
	facet normal 0.9815578158737082 0 -0.19116551492681869
		outer loop
			vertex -42.71482849121094 -2 5.511508464813232
			vertex -42.71482849121094 3.3555085793279815e-12 5.511508464813232
			vertex -42.616844177246094 3.3464817288803017e-12 6.014618396759033
		endloop
	endfacet
	facet normal 0.9815578158737083 0 -0.1911655149268187
		outer loop
			vertex -42.71482849121094 -2 5.511508464813232
			vertex -42.616844177246094 3.3464817288803017e-12 6.014618396759033
			vertex -42.616844177246094 -2 6.014618396759033
		endloop
	endfacet
	facet normal 0.9490568944981698 0 -0.3151047619530525
		outer loop
			vertex -42.616844177246094 -2 6.014618396759033
			vertex -42.616844177246094 3.3464817288803017e-12 6.014618396759033
			vertex -42.4553337097168 3.331526027272602e-12 6.501068115234375
		endloop
	endfacet
	facet normal 0.9490568944981699 0 -0.31510476195305254
		outer loop
			vertex -42.616844177246094 -2 6.014618396759033
			vertex -42.4553337097168 3.331526027272602e-12 6.501068115234375
			vertex -42.4553337097168 -2 6.501068115234375
		endloop
	endfacet
	facet normal 0.90096817311137 0 -0.4338851818630829
		outer loop
			vertex -42.4553337097168 -2 6.501068115234375
			vertex -42.4553337097168 3.331526027272602e-12 6.501068115234375
			vertex -42.232940673828125 3.310886721036299e-12 6.962870121002197
		endloop
	endfacet
	facet normal 0.9009681731113701 0 -0.433885181863083
		outer loop
			vertex -42.4553337097168 -2 6.501068115234375
			vertex -42.232940673828125 3.310886721036299e-12 6.962870121002197
			vertex -42.232940673828125 -2 6.962870121002197
		endloop
	endfacet
	facet normal 0.8380875066972958 0 -0.5455358201969055
		outer loop
			vertex -42.232940673828125 -2 6.962870121002197
			vertex -42.232940673828125 3.310886721036299e-12 6.962870121002197
			vertex -41.95331954956055 3.2849027317705115e-12 7.392442226409912
		endloop
	endfacet
	facet normal 0.8380875066972957 0 -0.5455358201969054
		outer loop
			vertex -42.232940673828125 -2 6.962870121002197
			vertex -41.95331954956055 3.2849027317705115e-12 7.392442226409912
			vertex -41.95331954956055 -2 7.392442226409912
		endloop
	endfacet
	facet normal 0.7614465323125671 0 -0.6482277211205695
		outer loop
			vertex -41.95331954956055 -2 7.392442226409912
			vertex -41.95331954956055 3.2849027317705115e-12 7.392442226409912
			vertex -41.621063232421875 3.2540008014503297e-12 7.7827301025390625
		endloop
	endfacet
	facet normal 0.7614465323125672 0 -0.6482277211205695
		outer loop
			vertex -41.95331954956055 -2 7.392442226409912
			vertex -41.621063232421875 3.2540008014503297e-12 7.7827301025390625
			vertex -41.621063232421875 -2 7.7827301025390625
		endloop
	endfacet
	facet normal 0.67230273519655 0 -0.7402763215497559
		outer loop
			vertex -41.621063232421875 -2 7.7827301025390625
			vertex -41.621063232421875 3.2540008014503297e-12 7.7827301025390625
			vertex -41.24162673950195 3.2186881198520423e-12 8.127326011657715
		endloop
	endfacet
	facet normal 0.6723027351965501 0 -0.7402763215497559
		outer loop
			vertex -41.621063232421875 -2 7.7827301025390625
			vertex -41.24162673950195 3.2186881198520423e-12 8.127326011657715
			vertex -41.24162673950195 -2 8.127326011657715
		endloop
	endfacet
	facet normal 0.5721149469980846 0 -0.820173449595498
		outer loop
			vertex -41.24162673950195 -2 8.127326011657715
			vertex -41.24162673950195 3.2186881198520423e-12 8.127326011657715
			vertex -40.82123565673828 3.1795449519783636e-12 8.420571327209473
		endloop
	endfacet
	facet normal 0.5721149469980846 0 -0.820173449595498
		outer loop
			vertex -41.24162673950195 -2 8.127326011657715
			vertex -40.82123565673828 3.1795449519783636e-12 8.420571327209473
			vertex -40.82123565673828 -2 8.420571327209473
		endloop
	endfacet
	facet normal 0.4625382826656036 0 -0.8865993103249935
		outer loop
			vertex -40.82123565673828 -2 8.420571327209473
			vertex -40.82123565673828 3.1795449519783636e-12 8.420571327209473
			vertex -40.366798400878906 3.137213579196274e-12 8.6576509475708
		endloop
	endfacet
	facet normal 0.4625382826656036 0 -0.8865993103249936
		outer loop
			vertex -40.82123565673828 -2 8.420571327209473
			vertex -40.366798400878906 3.137213579196274e-12 8.6576509475708
			vertex -40.366798400878906 -2 8.6576509475708
		endloop
	endfacet
	facet normal 0.3453643227312716 0 -0.9384686913181335
		outer loop
			vertex -40.366798400878906 -2 8.6576509475708
			vertex -40.366798400878906 3.137213579196274e-12 8.6576509475708
			vertex -39.88577651977539 3.092389408779206e-12 8.834671020507812
		endloop
	endfacet
	facet normal 0.3453643227312716 0 -0.9384686913181335
		outer loop
			vertex -40.366798400878906 -2 8.6576509475708
			vertex -39.88577651977539 3.092389408779206e-12 8.834671020507812
			vertex -39.88577651977539 -2 8.834671020507812
		endloop
	endfacet
	facet normal 0.22252282855157096 0 -0.974927479750883
		outer loop
			vertex -39.88577651977539 -2 8.834671020507812
			vertex -39.88577651977539 3.092389408779206e-12 8.834671020507812
			vertex -39.38606643676758 3.045807963480973e-12 8.94872760772705
		endloop
	endfacet
	facet normal 0.22252282855157093 0 -0.9749274797508829
		outer loop
			vertex -39.88577651977539 -2 8.834671020507812
			vertex -39.38606643676758 3.045807963480973e-12 8.94872760772705
			vertex -39.38606643676758 -2 8.94872760772705
		endloop
	endfacet
	facet normal 0.09602212018901228 0 -0.9953792003223731
		outer loop
			vertex -39.38606643676758 -2 8.94872760772705
			vertex -39.38606643676758 3.045807963480973e-12 8.94872760772705
			vertex -38.87587356567383 2.998234906875785e-12 8.997944831848145
		endloop
	endfacet
	facet normal 0.09602212018901225 0 -0.995379200322373
		outer loop
			vertex -39.38606643676758 -2 8.94872760772705
			vertex -38.87587356567383 2.998234906875785e-12 8.997944831848145
			vertex -38.87587356567383 -2 8.997944831848145
		endloop
	endfacet
	facet normal -0.03205074986874847 0 -0.9994862427431661
		outer loop
			vertex -38.87587356567383 -2 8.997944831848145
			vertex -38.87587356567383 2.998234906875785e-12 8.997944831848145
			vertex -38.36357498168945 2.950450647687397e-12 8.98151683807373
		endloop
	endfacet
	facet normal -0.03205074986874847 0 -0.9994862427431661
		outer loop
			vertex -38.87587356567383 -2 8.997944831848145
			vertex -38.36357498168945 2.950450647687397e-12 8.98151683807373
			vertex -38.36357498168945 -2 8.98151683807373
		endloop
	endfacet
	facet normal -0.15960031875649774 0 -0.9871817149100891
		outer loop
			vertex -38.36357498168945 -2 8.98151683807373
			vertex -38.36357498168945 2.950450647687397e-12 8.98151683807373
			vertex -37.857582092285156 2.9032401482886883e-12 8.899711608886719
		endloop
	endfacet
	facet normal -0.15960031875649777 0 -0.9871817149100892
		outer loop
			vertex -38.36357498168945 -2 8.98151683807373
			vertex -37.857582092285156 2.9032401482886883e-12 8.899711608886719
			vertex -37.857582092285156 -2 8.899711608886719
		endloop
	endfacet
	facet normal -0.28452807461011637 0 -0.958667708206895
		outer loop
			vertex -37.857582092285156 -2 8.899711608886719
			vertex -37.857582092285156 2.9032401482886883e-12 8.899711608886719
			vertex -37.366207122802734 2.857378613232986e-12 8.753873825073242
		endloop
	endfacet
	facet normal -0.28452807461011637 0 -0.958667708206895
		outer loop
			vertex -37.857582092285156 -2 8.899711608886719
			vertex -37.366207122802734 2.857378613232986e-12 8.753873825073242
			vertex -37.366207122802734 -2 8.753873825073242
		endloop
	endfacet
	facet normal -0.40478371127837587 0 -0.9144124600439916
		outer loop
			vertex -37.366207122802734 -2 8.753873825073242
			vertex -37.366207122802734 2.857378613232986e-12 8.753873825073242
			vertex -36.89751434326172 2.8136191293492985e-12 8.54639720916748
		endloop
	endfacet
	facet normal -0.4047837112783758 0 -0.9144124600439916
		outer loop
			vertex -37.366207122802734 -2 8.753873825073242
			vertex -36.89751434326172 2.8136191293492985e-12 8.54639720916748
			vertex -36.89751434326172 -2 8.54639720916748
		endloop
	endfacet
	facet normal -0.5183930503278742 0 -0.8551424708034108
		outer loop
			vertex -36.89751434326172 -2 8.54639720916748
			vertex -36.89751434326172 2.8136191293492985e-12 8.54639720916748
			vertex -36.45920181274414 2.772679655316246e-12 8.280689239501953
		endloop
	endfacet
	facet normal -0.5183930503278742 0 -0.8551424708034108
		outer loop
			vertex -36.89751434326172 -2 8.54639720916748
			vertex -36.45920181274414 2.772679655316246e-12 8.280689239501953
			vertex -36.45920181274414 -2 8.280689239501953
		endloop
	endfacet
	facet normal -0.6234892242157027 0 -0.781831943122626
		outer loop
			vertex -36.45920181274414 -2 8.280689239501953
			vertex -36.45920181274414 2.772679655316246e-12 8.280689239501953
			vertex -36.05846405029297 2.735233263842507e-12 7.961112022399902
		endloop
	endfacet
	facet normal -0.6234892242157027 0 -0.7818319431226263
		outer loop
			vertex -36.45920181274414 -2 8.280689239501953
			vertex -36.05846405029297 2.735233263842507e-12 7.961112022399902
			vertex -36.05846405029297 -2 7.961112022399902
		endloop
	endfacet
	facet normal -0.7183470285724223 0 -0.6956849477609613
		outer loop
			vertex -36.05846405029297 -2 7.961112022399902
			vertex -36.05846405029297 2.735233263842507e-12 7.961112022399902
			vertex -35.701881408691406 2.7018942638790122e-12 7.592913627624512
		endloop
	endfacet
	facet normal -0.7183470285724223 0 -0.6956849477609613
		outer loop
			vertex -36.05846405029297 -2 7.961112022399902
			vertex -35.701881408691406 2.7018942638790122e-12 7.592913627624512
			vertex -35.701881408691406 -2 7.592913627624512
		endloop
	endfacet
	facet normal -0.8014142113333366 0 -0.5981097406604966
		outer loop
			vertex -35.701881408691406 -2 7.592913627624512
			vertex -35.701881408691406 2.7018942638790122e-12 7.592913627624512
			vertex -35.39531326293945 2.6732103943633012e-12 7.1821393966674805
		endloop
	endfacet
	facet normal -0.8014142113333366 0 -0.5981097406604966
		outer loop
			vertex -35.701881408691406 -2 7.592913627624512
			vertex -35.39531326293945 2.6732103943633012e-12 7.1821393966674805
			vertex -35.39531326293945 -2 7.1821393966674805
		endloop
	endfacet
	facet normal -0.8713193418772448 0 -0.49071641960566725
		outer loop
			vertex -35.39531326293945 -2 7.1821393966674805
			vertex -35.39531326293945 2.6732103943633012e-12 7.1821393966674805
			vertex -35.14379119873047 2.649652415878667e-12 6.735535144805908
		endloop
	endfacet
	facet normal -0.8713193418772447 0 -0.4907164196056671
		outer loop
			vertex -35.39531326293945 -2 7.1821393966674805
			vertex -35.14379119873047 2.649652415878667e-12 6.735535144805908
			vertex -35.14379119873047 -2 6.735535144805908
		endloop
	endfacet
	facet normal -0.9269161967668951 0 -0.3752683895176825
		outer loop
			vertex -35.14379119873047 -2 6.735535144805908
			vertex -35.14379119873047 2.649652415878667e-12 6.735535144805908
			vertex -34.95144271850586 2.6316073886006874e-12 6.260432720184326
		endloop
	endfacet
	facet normal -0.9269161967668949 0 -0.37526838951768243
		outer loop
			vertex -35.14379119873047 -2 6.735535144805908
			vertex -34.95144271850586 2.6316073886006874e-12 6.260432720184326
			vertex -34.95144271850586 -2 6.260432720184326
		endloop
	endfacet
	facet normal -0.9672953719437284 0 -0.2536526432273951
		outer loop
			vertex -34.95144271850586 -2 6.260432720184326
			vertex -34.95144271850586 2.6316073886006874e-12 6.260432720184326
			vertex -34.82143020629883 2.619371082882016e-12 5.764634609222412
		endloop
	endfacet
	facet normal -0.9672953719437285 0 -0.2536526432273951
		outer loop
			vertex -34.95144271850586 -2 6.260432720184326
			vertex -34.82143020629883 2.619371082882016e-12 5.764634609222412
			vertex -34.82143020629883 -2 5.764634609222412
		endloop
	endfacet
	facet normal -0.9917902177918608 0 -0.12787557973426195
		outer loop
			vertex -34.82143020629883 -2 5.764634609222412
			vertex -34.82143020629883 2.619371082882016e-12 5.764634609222412
			vertex -34.75588607788086 2.6131449434863008e-12 5.256280899047852
		endloop
	endfacet
	facet normal -0.9917902177918608 0 -0.127875579734262
		outer loop
			vertex -34.82143020629883 -2 5.764634609222412
			vertex -34.75588607788086 2.6131449434863008e-12 5.256280899047852
			vertex -34.75588607788086 -2 5.256280899047852
		endloop
	endfacet
	facet normal -1 0 0
		outer loop
			vertex -34.75588607788086 -2 5.256280899047852
			vertex -34.75588607788086 2.6131449434863008e-12 5.256280899047852
			vertex -34.75588607788086 2.6130313190986243e-12 4.743719100952148
		endloop
	endfacet
	facet normal -1 0 0
		outer loop
			vertex -34.75588607788086 -2 5.256280899047852
			vertex -34.75588607788086 2.6130313190986243e-12 4.743719100952148
			vertex -34.75588607788086 -2 4.743719100952148
		endloop
	endfacet
	facet normal -0.9917902177918608 0 0.127875579734262
		outer loop
			vertex -34.75588607788086 -2 4.743719100952148
			vertex -34.75588607788086 2.6130313190986243e-12 4.743719100952148
			vertex -34.82143020629883 2.6190315107615936e-12 4.235365390777588
		endloop
	endfacet
	facet normal -0.9917902177918608 0 0.12787557973426195
		outer loop
			vertex -34.75588607788086 -2 4.743719100952148
			vertex -34.82143020629883 2.6190315107615936e-12 4.235365390777588
			vertex -34.82143020629883 -2 4.235365390777588
		endloop
	endfacet
	facet normal -0.9672954018713931 0 0.2536525290992783
		outer loop
			vertex -34.82143020629883 -2 4.235365390777588
			vertex -34.82143020629883 2.6190315107615936e-12 4.235365390777588
			vertex -34.95144271850586 2.631047506598816e-12 3.7395670413970947
		endloop
	endfacet
	facet normal -0.9672954018713931 0 0.2536525290992783
		outer loop
			vertex -34.82143020629883 -2 4.235365390777588
			vertex -34.95144271850586 2.631047506598816e-12 3.7395670413970947
			vertex -34.95144271850586 -2 3.7395670413970947
		endloop
	endfacet
	facet normal -0.92691606575587 0 0.3752687131158946
		outer loop
			vertex -34.95144271850586 -2 3.7395670413970947
			vertex -34.95144271850586 2.631047506598816e-12 3.7395670413970947
			vertex -35.14379119873047 2.6488817649744645e-12 3.264465093612671
		endloop
	endfacet
	facet normal -0.92691606575587 0 0.3752687131158946
		outer loop
			vertex -34.95144271850586 -2 3.7395670413970947
			vertex -35.14379119873047 2.6488817649744645e-12 3.264465093612671
			vertex -35.14379119873047 -2 3.264465093612671
		endloop
	endfacet
	facet normal -0.871319565896446 0 0.49071602183546975
		outer loop
			vertex -35.14379119873047 -2 3.264465093612671
			vertex -35.14379119873047 2.6488817649744645e-12 3.264465093612671
			vertex -35.39531326293945 2.672241117621099e-12 2.8178603649139404
		endloop
	endfacet
	facet normal -0.8713195658964459 0 0.49071602183546975
		outer loop
			vertex -35.14379119873047 -2 3.264465093612671
			vertex -35.39531326293945 2.672241117621099e-12 2.8178603649139404
			vertex -35.39531326293945 -2 2.8178603649139404
		endloop
	endfacet
	facet normal -0.8014140449323346 0 0.5981099636230733
		outer loop
			vertex -35.39531326293945 -2 2.8178603649139404
			vertex -35.39531326293945 2.672241117621099e-12 2.8178603649139404
			vertex -35.701881408691406 2.7007428411718326e-12 2.4070863723754883
		endloop
	endfacet
	facet normal -0.8014140449323347 0 0.5981099636230734
		outer loop
			vertex -35.39531326293945 -2 2.8178603649139404
			vertex -35.701881408691406 2.7007428411718326e-12 2.4070863723754883
			vertex -35.701881408691406 -2 2.4070863723754883
		endloop
	endfacet
	facet normal -0.7183470285724224 0 0.6956849477609613
		outer loop
			vertex -35.701881408691406 -2 2.4070863723754883
			vertex -35.701881408691406 2.7007428411718326e-12 2.4070863723754883
			vertex -36.05846405029297 2.7339183434477166e-12 2.0388879776000977
		endloop
	endfacet
	facet normal -0.7183470285724224 0 0.6956849477609612
		outer loop
			vertex -35.701881408691406 -2 2.4070863723754883
			vertex -36.05846405029297 2.7339183434477166e-12 2.0388879776000977
			vertex -36.05846405029297 -2 2.0388879776000977
		endloop
	endfacet
	facet normal -0.6234889398872993 0 0.7818321698665334
		outer loop
			vertex -36.05846405029297 -2 2.0388879776000977
			vertex -36.05846405029297 2.7339183434477166e-12 2.0388879776000977
			vertex -36.45920181274414 2.7712229212772943e-12 1.719310998916626
		endloop
	endfacet
	facet normal -0.6234889398872994 0 0.7818321698665333
		outer loop
			vertex -36.05846405029297 -2 2.0388879776000977
			vertex -36.45920181274414 2.7712229212772943e-12 1.719310998916626
			vertex -36.45920181274414 -2 1.719310998916626
		endloop
	endfacet
	facet normal -0.5183933904786616 0 0.8551422646016498
		outer loop
			vertex -36.45920181274414 -2 1.719310998916626
			vertex -36.45920181274414 2.7712229212772943e-12 1.719310998916626
			vertex -36.89751434326172 2.8120440004331115e-12 1.4536027908325195
		endloop
	endfacet
	facet normal -0.5183933904786616 0 0.8551422646016498
		outer loop
			vertex -36.45920181274414 -2 1.719310998916626
			vertex -36.89751434326172 2.8120440004331115e-12 1.4536027908325195
			vertex -36.89751434326172 -2 1.4536027908325195
		endloop
	endfacet
	facet normal -0.40478351681030605 0 0.9144125461293064
		outer loop
			vertex -36.89751434326172 -2 1.4536027908325195
			vertex -36.89751434326172 2.8120440004331115e-12 1.4536027908325195
			vertex -37.366207122802734 2.8557115439725722e-12 1.2461262941360474
		endloop
	endfacet
	facet normal -0.404783516810306 0 0.9144125461293063
		outer loop
			vertex -36.89751434326172 -2 1.4536027908325195
			vertex -37.366207122802734 2.8557115439725722e-12 1.2461262941360474
			vertex -37.366207122802734 -2 1.2461262941360474
		endloop
	endfacet
	facet normal -0.2845282883577538 0 0.9586676447675737
		outer loop
			vertex -37.366207122802734 -2 1.2461262941360474
			vertex -37.366207122802734 2.8557115439725722e-12 1.2461262941360474
			vertex -37.857582092285156 2.9015084605787944e-12 1.1002883911132812
		endloop
	endfacet
	facet normal -0.2845282883577538 0 0.9586676447675738
		outer loop
			vertex -37.366207122802734 -2 1.2461262941360474
			vertex -37.857582092285156 2.9015084605787944e-12 1.1002883911132812
			vertex -37.857582092285156 -2 1.1002883911132812
		endloop
	endfacet
	facet normal -0.15959963880439565 0 0.987181824839531
		outer loop
			vertex -37.857582092285156 -2 1.1002883911132812
			vertex -37.857582092285156 2.9015084605787944e-12 1.1002883911132812
			vertex -38.36357498168945 2.9486825307845077e-12 1.0184835195541382
		endloop
	endfacet
	facet normal -0.15959963880439565 0 0.9871818248395311
		outer loop
			vertex -37.857582092285156 -2 1.1002883911132812
			vertex -38.36357498168945 2.9486825307845077e-12 1.0184835195541382
			vertex -38.36357498168945 -2 1.0184835195541382
		endloop
	endfacet
	facet normal -0.03205144687816687 0 0.9994862203917652
		outer loop
			vertex -38.36357498168945 -2 1.0184835195541382
			vertex -38.36357498168945 2.9486825307845077e-12 1.0184835195541382
			vertex -38.87587356567383 2.996459417398123e-12 1.0020551681518555
		endloop
	endfacet
	facet normal -0.03205144687816688 0 0.9994862203917653
		outer loop
			vertex -38.36357498168945 -2 1.0184835195541382
			vertex -38.87587356567383 2.996459417398123e-12 1.0020551681518555
			vertex -38.87587356567383 -2 1.0020551681518555
		endloop
	endfacet
	facet normal 0.09602304191393593 0 0.995379111405094
		outer loop
			vertex -38.87587356567383 -2 1.0020551681518555
			vertex -38.87587356567383 2.996459417398123e-12 1.0020551681518555
			vertex -39.38606643676758 3.0440545917276296e-12 1.0512728691101074
		endloop
	endfacet
	facet normal 0.09602304191393593 0 0.9953791114050939
		outer loop
			vertex -38.87587356567383 -2 1.0020551681518555
			vertex -39.38606643676758 3.0440545917276296e-12 1.0512728691101074
			vertex -39.38606643676758 -2 1.0512728691101074
		endloop
	endfacet
	facet normal 0.22252128113515968 0 0.9749278329404528
		outer loop
			vertex -39.38606643676758 -2 1.0512728691101074
			vertex -39.38606643676758 3.0440545917276296e-12 1.0512728691101074
			vertex -39.88577651977539 3.0906863440066656e-12 1.1653286218643188
		endloop
	endfacet
	facet normal 0.22252128113515965 0 0.9749278329404527
		outer loop
			vertex -39.38606643676758 -2 1.0512728691101074
			vertex -39.88577651977539 3.0906863440066656e-12 1.1653286218643188
			vertex -39.88577651977539 -2 1.1653286218643188
		endloop
	endfacet
	facet normal 0.34536575657660307 0 0.938468163649823
		outer loop
			vertex -39.88577651977539 -2 1.1653286218643188
			vertex -39.88577651977539 3.0906863440066656e-12 1.1653286218643188
			vertex -40.366798400878906 3.1355894443418908e-12 1.3423495292663574
		endloop
	endfacet
	facet normal 0.34536575657660307 0 0.9384681636498229
		outer loop
			vertex -39.88577651977539 -2 1.1653286218643188
			vertex -40.366798400878906 3.1355894443418908e-12 1.3423495292663574
			vertex -40.366798400878906 -2 1.3423495292663574
		endloop
	endfacet
	facet normal 0.46253791703000346 0 0.8865995010767521
		outer loop
			vertex -40.366798400878906 -2 1.3423495292663574
			vertex -40.366798400878906 3.1355894443418908e-12 1.3423495292663574
			vertex -40.82123565673828 3.178025767894277e-12 1.5794289112091064
		endloop
	endfacet
	facet normal 0.4625379170300034 0 0.8865995010767521
		outer loop
			vertex -40.366798400878906 -2 1.3423495292663574
			vertex -40.82123565673828 3.178025767894277e-12 1.5794289112091064
			vertex -40.82123565673828 -2 1.5794289112091064
		endloop
	endfacet
	facet normal 0.5721147905487178 0 0.8201735587272959
		outer loop
			vertex -40.82123565673828 -2 1.5794289112091064
			vertex -40.82123565673828 3.178025767894277e-12 1.5794289112091064
			vertex -41.24162673950195 3.217299473709523e-12 1.8726741075515747
		endloop
	endfacet
	facet normal 0.5721147905487177 0 0.8201735587272958
		outer loop
			vertex -40.82123565673828 -2 1.5794289112091064
			vertex -41.24162673950195 3.217299473709523e-12 1.8726741075515747
			vertex -41.24162673950195 -2 1.8726741075515747
		endloop
	endfacet
	facet normal 0.6723026077427823 0 0.7402764373004551
		outer loop
			vertex -41.24162673950195 -2 1.8726741075515747
			vertex -41.24162673950195 3.217299473709523e-12 1.8726741075515747
			vertex -41.621063232421875 3.252764810973696e-12 2.2172698974609375
		endloop
	endfacet
	facet normal 0.6723026077427823 0 0.7402764373004551
		outer loop
			vertex -41.24162673950195 -2 1.8726741075515747
			vertex -41.621063232421875 3.252764810973696e-12 2.2172698974609375
			vertex -41.621063232421875 -2 2.2172698974609375
		endloop
	endfacet
	facet normal 0.7614465323125671 0 0.6482277211205695
		outer loop
			vertex -41.621063232421875 -2 2.2172698974609375
			vertex -41.621063232421875 3.252764810973696e-12 2.2172698974609375
			vertex -41.95331954956055 3.2838402136414757e-12 2.607557773590088
		endloop
	endfacet
	facet normal 0.7614465323125673 0 0.6482277211205695
		outer loop
			vertex -41.621063232421875 -2 2.2172698974609375
			vertex -41.95331954956055 3.2838402136414757e-12 2.607557773590088
			vertex -41.95331954956055 -2 2.607557773590088
		endloop
	endfacet
	facet normal 0.8380875066972957 0 0.5455358201969054
		outer loop
			vertex -41.95331954956055 -2 2.607557773590088
			vertex -41.95331954956055 3.2838402136414757e-12 2.607557773590088
			vertex -42.232940673828125 3.3100150224896208e-12 3.0371298789978027
		endloop
	endfacet
	facet normal 0.8380875066972957 0 0.5455358201969055
		outer loop
			vertex -41.95331954956055 -2 2.607557773590088
			vertex -42.232940673828125 3.3100150224896208e-12 3.0371298789978027
			vertex -42.232940673828125 -2 3.0371298789978027
		endloop
	endfacet
	facet normal 0.9009681731113701 0 0.433885181863083
		outer loop
			vertex -42.232940673828125 -2 3.0371298789978027
			vertex -42.232940673828125 3.3100150224896208e-12 3.0371298789978027
			vertex -42.4553337097168 3.330859459776958e-12 3.498931884765625
		endloop
	endfacet
	facet normal 0.9009681731113701 0 0.43388518186308306
		outer loop
			vertex -42.232940673828125 -2 3.0371298789978027
			vertex -42.4553337097168 3.330859459776958e-12 3.498931884765625
			vertex -42.4553337097168 -2 3.498931884765625
		endloop
	endfacet
	facet normal 0.9490568944981699 0 0.31510476195305254
		outer loop
			vertex -42.4553337097168 -2 3.498931884765625
			vertex -42.4553337097168 3.330859459776958e-12 3.498931884765625
			vertex -42.616844177246094 3.3460311344574167e-12 3.985381603240967
		endloop
	endfacet
	facet normal 0.9490568944981698 0 0.3151047619530525
		outer loop
			vertex -42.4553337097168 -2 3.498931884765625
			vertex -42.616844177246094 3.3460311344574167e-12 3.985381603240967
			vertex -42.616844177246094 -2 3.985381603240967
		endloop
	endfacet
	facet normal 0.9815578158737083 0 0.1911655149268187
		outer loop
			vertex -42.616844177246094 -2 3.985381603240967
			vertex -42.616844177246094 3.3460311344574167e-12 3.985381603240967
			vertex -42.71482849121094 3.3552813305526286e-12 4.488491535186768
		endloop
	endfacet
	facet normal 0.9815578158737082 0 0.19116551492681869
		outer loop
			vertex -42.616844177246094 -2 3.985381603240967
			vertex -42.71482849121094 3.3552813305526286e-12 4.488491535186768
			vertex -42.71482849121094 -2 4.488491535186768
		endloop
	endfacet
	facet normal 0.9979457693285946 0 0.06406435420075336
		outer loop
			vertex -42.71482849121094 -2 4.488491535186768
			vertex -42.71482849121094 3.3552813305526286e-12 4.488491535186768
			vertex -42.74766540527344 3.376188217885101e-12 5
		endloop
	endfacet
	facet normal 0 0.7071067811882978 0.7071067811847972
		outer loop
			vertex 8.5 -0.5 12.5
			vertex 8.000000953674316 -2.475353255704249e-12 12
			vertex -43.24767303466797 -0.5 12.5
		endloop
	endfacet
	facet normal 8.136730436702285e-14 0.7071067811841281 0.7071067811889672
		outer loop
			vertex -43.24767303466797 -0.5 12.5
			vertex 8.000000953674316 -2.475353255704249e-12 12
			vertex -43.540565490722656 3.4554581418433372e-12 12
		endloop
	endfacet
	facet normal 1.1904783081397587e-13 1 -2.220446049250313e-16
		outer loop
			vertex 8.000000953674316 -2.4784618801731995e-12 -2
			vertex -34.75588607788086 2.6131449434863008e-12 5.256280899047852
			vertex 8.000000953674316 -2.475353255704249e-12 12
		endloop
	endfacet
	facet normal 1.185340423760234e-13 1 3.0354280273668186e-15
		outer loop
			vertex 8.000000953674316 -2.475353255704249e-12 12
			vertex -34.75588607788086 2.6131449434863008e-12 5.256280899047852
			vertex -34.82143020629883 2.619371082882016e-12 5.764634609222412
		endloop
	endfacet
	facet normal 1.1806171264967325e-13 1 6.279156917998833e-15
		outer loop
			vertex 8.000000953674316 -2.475353255704249e-12 12
			vertex -34.82143020629883 2.619371082882016e-12 5.764634609222412
			vertex -34.95144271850586 2.6316073886006874e-12 6.260432720184326
		endloop
	endfacet
	facet normal 1.1507074536997702e-13 1 -3.507258678805864e-14
		outer loop
			vertex -43.540565490722656 3.4523495173743868e-12 -2
			vertex -37.366207122802734 2.8557115439725722e-12 1.2461262941360474
			vertex 8.000000953674316 -2.4784618801731995e-12 -2
		endloop
	endfacet
	facet normal 1.141834831123312e-13 1 -4.747251228432723e-14
		outer loop
			vertex 8.000000953674316 -2.4784618801731995e-12 -2
			vertex -37.366207122802734 2.8557115439725722e-12 1.2461262941360474
			vertex -36.89751434326172 2.8120440004331115e-12 1.4536027908325195
		endloop
	endfacet
	facet normal 1.150535670458148e-13 1 -3.6161250081014793e-14
		outer loop
			vertex 8.000000953674316 -2.4784618801731995e-12 -2
			vertex -36.89751434326172 2.8120440004331115e-12 1.4536027908325195
			vertex -36.45920181274414 2.7712229212772943e-12 1.719310998916626
		endloop
	endfacet
	facet normal 9.565655535724038e-14 1 3.568955441758453e-15
		outer loop
			vertex -46.24767303466797 3.701640556574848e-12 0.7071067690849304
			vertex -39.38606643676758 3.0440545917276296e-12 1.0512728691101074
			vertex -43.540565490722656 3.4523495173743868e-12 -2
		endloop
	endfacet
	facet normal 9.386783041450239e-14 1 6.0044164448113215e-15
		outer loop
			vertex -43.540565490722656 3.4523495173743868e-12 -2
			vertex -39.38606643676758 3.0440545917276296e-12 1.0512728691101074
			vertex -38.87587356567383 2.996459417398123e-12 1.0020551681518555
		endloop
	endfacet
	facet normal 9.302531496762403e-14 1 7.31354461922852e-15
		outer loop
			vertex -43.540565490722656 3.4523495173743868e-12 -2
			vertex -38.87587356567383 2.996459417398123e-12 1.0020551681518555
			vertex -38.36357498168945 2.9486825307845077e-12 1.0184835195541382
		endloop
	endfacet
	facet normal 9.325853077537677e-14 1 -2.2204850643196226e-16
		outer loop
			vertex -46.24767303466797 3.703547017674946e-12 9.292893409729004
			vertex -42.74766540527344 3.376188217885101e-12 5
			vertex -46.24767303466797 3.701640556574848e-12 0.7071067690849304
		endloop
	endfacet
	facet normal 1.326720040311229e-13 1 -3.23559613889203e-14
		outer loop
			vertex -46.24767303466797 3.701640556574848e-12 0.7071067690849304
			vertex -42.74766540527344 3.376188217885101e-12 5
			vertex -42.71482849121094 3.3552813305526286e-12 4.488491535186768
		endloop
	endfacet
	facet normal 9.741274099778656e-14 1 5.858053760764315e-16
		outer loop
			vertex -46.24767303466797 3.701640556574848e-12 0.7071067690849304
			vertex -42.71482849121094 3.3552813305526286e-12 4.488491535186768
			vertex -42.616844177246094 3.3460311344574167e-12 3.985381603240967
		endloop
	endfacet
	facet normal 9.565659064336875e-14 1 -4.013067814243517e-15
		outer loop
			vertex -43.540565490722656 3.4554581418433372e-12 12
			vertex -39.38606643676758 3.045807963480973e-12 8.94872760772705
			vertex -46.24767303466797 3.703547017674946e-12 9.292893409729004
		endloop
	endfacet
	facet normal 9.538207818862267e-14 1 -9.4860010915624e-15
		outer loop
			vertex -46.24767303466797 3.703547017674946e-12 9.292893409729004
			vertex -39.38606643676758 3.045807963480973e-12 8.94872760772705
			vertex -39.88577651977539 3.092389408779206e-12 8.834671020507812
		endloop
	endfacet
	facet normal 9.559390892638677e-14 1 -6.5449723159517724e-15
		outer loop
			vertex -46.24767303466797 3.703547017674946e-12 9.292893409729004
			vertex -39.88577651977539 3.092389408779206e-12 8.834671020507812
			vertex -40.366798400878906 3.137213579196274e-12 8.6576509475708
		endloop
	endfacet
	facet normal 1.1507074536997702e-13 1 3.4628503302119866e-14
		outer loop
			vertex 8.000000953674316 -2.475353255704249e-12 12
			vertex -37.366207122802734 2.857378613232986e-12 8.753873825073242
			vertex -43.540565490722656 3.4554581418433372e-12 12
		endloop
	endfacet
	facet normal 8.875440901128357e-14 1 -1.5427003740196657e-14
		outer loop
			vertex -43.540565490722656 3.4554581418433372e-12 12
			vertex -37.366207122802734 2.857378613232986e-12 8.753873825073242
			vertex -37.857582092285156 2.9032401482886883e-12 8.899711608886719
		endloop
	endfacet
	facet normal 9.167371718929967e-14 1 -1.0075766107548242e-14
		outer loop
			vertex -43.540565490722656 3.4554581418433372e-12 12
			vertex -37.857582092285156 2.9032401482886883e-12 8.899711608886719
			vertex -38.36357498168945 2.950450647687397e-12 8.98151683807373
		endloop
	endfacet
	facet normal 9.701784169932329e-14 1 1.0231731506441196e-15
		outer loop
			vertex -42.616844177246094 3.3460311344574167e-12 3.985381603240967
			vertex -42.4553337097168 3.330859459776958e-12 3.498931884765625
			vertex -46.24767303466797 3.701640556574848e-12 0.7071067690849304
		endloop
	endfacet
	facet normal 9.671284700525318e-14 1 1.437469649993978e-15
		outer loop
			vertex -46.24767303466797 3.701640556574848e-12 0.7071067690849304
			vertex -42.4553337097168 3.330859459776958e-12 3.498931884765625
			vertex -42.232940673828125 3.3100150224896208e-12 3.0371298789978027
		endloop
	endfacet
	facet normal 9.646706246286115e-14 1 1.860967233317268e-15
		outer loop
			vertex -46.24767303466797 3.701640556574848e-12 0.7071067690849304
			vertex -42.232940673828125 3.3100150224896208e-12 3.0371298789978027
			vertex -41.95331954956055 3.2838402136414757e-12 2.607557773590088
		endloop
	endfacet
	facet normal 9.626109851742033e-14 1 2.326373594656492e-15
		outer loop
			vertex -41.95331954956055 3.2838402136414757e-12 2.607557773590088
			vertex -41.621063232421875 3.252764810973696e-12 2.2172698974609375
			vertex -46.24767303466797 3.701640556574848e-12 0.7071067690849304
		endloop
	endfacet
	facet normal 9.608134270923709e-14 1 2.877082301897706e-15
		outer loop
			vertex -46.24767303466797 3.701640556574848e-12 0.7071067690849304
			vertex -41.621063232421875 3.252764810973696e-12 2.2172698974609375
			vertex -41.24162673950195 3.217299473709523e-12 1.8726741075515747
		endloop
	endfacet
	facet normal 9.591802977393237e-14 1 3.57850219224087e-15
		outer loop
			vertex -46.24767303466797 3.701640556574848e-12 0.7071067690849304
			vertex -41.24162673950195 3.217299473709523e-12 1.8726741075515747
			vertex -40.82123565673828 3.178025767894277e-12 1.5794289112091064
		endloop
	endfacet
	facet normal 9.576044709770444e-14 1 4.558773680380691e-15
		outer loop
			vertex -40.82123565673828 3.178025767894277e-12 1.5794289112091064
			vertex -40.366798400878906 3.1355894443418908e-12 1.3423495292663574
			vertex -46.24767303466797 3.701640556574848e-12 0.7071067690849304
		endloop
	endfacet
	facet normal 9.559403155713963e-14 1 6.0993956166250634e-15
		outer loop
			vertex -46.24767303466797 3.701640556574848e-12 0.7071067690849304
			vertex -40.366798400878906 3.1355894443418908e-12 1.3423495292663574
			vertex -39.88577651977539 3.0906863440066656e-12 1.1653286218643188
		endloop
	endfacet
	facet normal 9.538192125190055e-14 1 9.044309316153502e-15
		outer loop
			vertex -46.24767303466797 3.701640556574848e-12 0.7071067690849304
			vertex -39.88577651977539 3.0906863440066656e-12 1.1653286218643188
			vertex -39.38606643676758 3.0440545917276296e-12 1.0512728691101074
		endloop
	endfacet
	facet normal 9.167345474091045e-14 1 9.632115357779181e-15
		outer loop
			vertex -38.36357498168945 2.9486825307845077e-12 1.0184835195541382
			vertex -37.857582092285156 2.9015084605787944e-12 1.1002883911132812
			vertex -43.540565490722656 3.4523495173743868e-12 -2
		endloop
	endfacet
	facet normal 8.875508282735361e-14 1 1.4981636770932058e-14
		outer loop
			vertex -43.540565490722656 3.4523495173743868e-12 -2
			vertex -37.857582092285156 2.9015084605787944e-12 1.1002883911132812
			vertex -37.366207122802734 2.8557115439725722e-12 1.2461262941360474
		endloop
	endfacet
	facet normal 1.1570617972749816e-13 1 -2.836017091572108e-14
		outer loop
			vertex -36.45920181274414 2.7712229212772943e-12 1.719310998916626
			vertex -36.05846405029297 2.7339183434477166e-12 2.0388879776000977
			vertex 8.000000953674316 -2.4784618801731995e-12 -2
		endloop
	endfacet
	facet normal 1.1624558140549926e-13 1 -2.2476073588660768e-14
		outer loop
			vertex 8.000000953674316 -2.4784618801731995e-12 -2
			vertex -36.05846405029297 2.7339183434477166e-12 2.0388879776000977
			vertex -35.701881408691406 2.7007428411718326e-12 2.4070863723754883
		endloop
	endfacet
	facet normal 1.1672438455977782e-13 1 -1.7728129628639696e-14
		outer loop
			vertex 8.000000953674316 -2.4784618801731995e-12 -2
			vertex -35.701881408691406 2.7007428411718326e-12 2.4070863723754883
			vertex -35.39531326293945 2.672241117621099e-12 2.8178603649139404
		endloop
	endfacet
	facet normal 1.171731410082994e-13 1 -1.368610150508814e-14
		outer loop
			vertex -35.39531326293945 2.672241117621099e-12 2.8178603649139404
			vertex -35.14379119873047 2.6488817649744645e-12 3.264465093612671
			vertex 8.000000953674316 -2.4784618801731995e-12 -2
		endloop
	endfacet
	facet normal 1.176133027178888e-13 1 -1.0078850820681181e-14
		outer loop
			vertex 8.000000953674316 -2.4784618801731995e-12 -2
			vertex -35.14379119873047 2.6488817649744645e-12 3.264465093612671
			vertex -34.95144271850586 2.631047506598816e-12 3.7395670413970947
		endloop
	endfacet
	facet normal 1.1806167582402112e-13 1 -6.723498043500985e-15
		outer loop
			vertex 8.000000953674316 -2.4784618801731995e-12 -2
			vertex -34.95144271850586 2.631047506598816e-12 3.7395670413970947
			vertex -34.82143020629883 2.6190315107615936e-12 4.235365390777588
		endloop
	endfacet
	facet normal 1.1853398787672075e-13 1 -3.4798905268322037e-15
		outer loop
			vertex -34.82143020629883 2.6190315107615936e-12 4.235365390777588
			vertex -34.75588607788086 2.6130313190986243e-12 4.743719100952148
			vertex 8.000000953674316 -2.4784618801731995e-12 -2
		endloop
	endfacet
	facet normal 1.190478927958221e-13 1 -2.2167939182870094e-16
		outer loop
			vertex 8.000000953674316 -2.4784618801731995e-12 -2
			vertex -34.75588607788086 2.6130313190986243e-12 4.743719100952148
			vertex -34.75588607788086 2.6131449434863008e-12 5.256280899047852
		endloop
	endfacet
	facet normal 1.1761324855843225e-13 1 9.635190433220918e-15
		outer loop
			vertex -34.95144271850586 2.6316073886006874e-12 6.260432720184326
			vertex -35.14379119873047 2.649652415878667e-12 6.735535144805908
			vertex 8.000000953674316 -2.475353255704249e-12 12
		endloop
	endfacet
	facet normal 1.1717321272965784e-13 1 1.3241409651784783e-14
		outer loop
			vertex 8.000000953674316 -2.475353255704249e-12 12
			vertex -35.14379119873047 2.649652415878667e-12 6.735535144805908
			vertex -35.39531326293945 2.6732103943633012e-12 7.1821393966674805
		endloop
	endfacet
	facet normal 1.167243215415327e-13 1 1.72846511985172e-14
		outer loop
			vertex 8.000000953674316 -2.475353255704249e-12 12
			vertex -35.39531326293945 2.6732103943633012e-12 7.1821393966674805
			vertex -35.701881408691406 2.7018942638790122e-12 7.592913627624512
		endloop
	endfacet
	facet normal 1.162455763033796e-13 1 2.2032020846285663e-14
		outer loop
			vertex -35.701881408691406 2.7018942638790122e-12 7.592913627624512
			vertex -36.05846405029297 2.735233263842507e-12 7.961112022399902
			vertex 8.000000953674316 -2.475353255704249e-12 12
		endloop
	endfacet
	facet normal 1.1570615232224562e-13 1 2.7916361468481764e-14
		outer loop
			vertex 8.000000953674316 -2.475353255704249e-12 12
			vertex -36.05846405029297 2.735233263842507e-12 7.961112022399902
			vertex -36.45920181274414 2.772679655316246e-12 8.280689239501953
		endloop
	endfacet
	facet normal 1.1505367097152543e-13 1 3.571587125429267e-14
		outer loop
			vertex 8.000000953674316 -2.475353255704249e-12 12
			vertex -36.45920181274414 2.772679655316246e-12 8.280689239501953
			vertex -36.89751434326172 2.8136191293492985e-12 8.54639720916748
		endloop
	endfacet
	facet normal 1.1418342645405195e-13 1 4.702922108104584e-14
		outer loop
			vertex -36.89751434326172 2.8136191293492985e-12 8.54639720916748
			vertex -37.366207122802734 2.857378613232986e-12 8.753873825073242
			vertex 8.000000953674316 -2.475353255704249e-12 12
		endloop
	endfacet
	facet normal 9.302547919948218e-14 1 -7.757363545143127e-15
		outer loop
			vertex -38.36357498168945 2.950450647687397e-12 8.98151683807373
			vertex -38.87587356567383 2.998234906875785e-12 8.997944831848145
			vertex -43.540565490722656 3.4554581418433372e-12 12
		endloop
	endfacet
	facet normal 9.386737957668669e-14 1 -6.449191086187592e-15
		outer loop
			vertex -43.540565490722656 3.4554581418433372e-12 12
			vertex -38.87587356567383 2.998234906875785e-12 8.997944831848145
			vertex -39.38606643676758 3.045807963480973e-12 8.94872760772705
		endloop
	endfacet
	facet normal 9.576060493468688e-14 1 -5.001753174971416e-15
		outer loop
			vertex -40.366798400878906 3.137213579196274e-12 8.6576509475708
			vertex -40.82123565673828 3.1795449519783636e-12 8.420571327209473
			vertex -46.24767303466797 3.703547017674946e-12 9.292893409729004
		endloop
	endfacet
	facet normal 9.591787475627994e-14 1 -4.023427788724168e-15
		outer loop
			vertex -46.24767303466797 3.703547017674946e-12 9.292893409729004
			vertex -40.82123565673828 3.1795449519783636e-12 8.420571327209473
			vertex -41.24162673950195 3.2186881198520423e-12 8.127326011657715
		endloop
	endfacet
	facet normal 9.608157654134383e-14 1 -3.320337846446101e-15
		outer loop
			vertex -46.24767303466797 3.703547017674946e-12 9.292893409729004
			vertex -41.24162673950195 3.2186881198520423e-12 8.127326011657715
			vertex -41.621063232421875 3.2540008014503297e-12 7.7827301025390625
		endloop
	endfacet
	facet normal 9.626097059344275e-14 1 -2.7707374979580227e-15
		outer loop
			vertex -41.621063232421875 3.2540008014503297e-12 7.7827301025390625
			vertex -41.95331954956055 3.2849027317705115e-12 7.392442226409912
			vertex -46.24767303466797 3.703547017674946e-12 9.292893409729004
		endloop
	endfacet
	facet normal 9.646701655433704e-14 1 -2.305145854234063e-15
		outer loop
			vertex -46.24767303466797 3.703547017674946e-12 9.292893409729004
			vertex -41.95331954956055 3.2849027317705115e-12 7.392442226409912
			vertex -42.232940673828125 3.310886721036299e-12 6.962870121002197
		endloop
	endfacet
	facet normal 9.671280281735808e-14 1 -1.881645338692142e-15
		outer loop
			vertex -46.24767303466797 3.703547017674946e-12 9.292893409729004
			vertex -42.232940673828125 3.310886721036299e-12 6.962870121002197
			vertex -42.4553337097168 3.331526027272602e-12 6.501068115234375
		endloop
	endfacet
	facet normal 9.701792303358603e-14 1 -1.4671783600023832e-15
		outer loop
			vertex -42.4553337097168 3.331526027272602e-12 6.501068115234375
			vertex -42.616844177246094 3.3464817288803017e-12 6.014618396759033
			vertex -46.24767303466797 3.703547017674946e-12 9.292893409729004
		endloop
	endfacet
	facet normal 9.741286785350073e-14 1 -1.0297601923494735e-15
		outer loop
			vertex -46.24767303466797 3.703547017674946e-12 9.292893409729004
			vertex -42.616844177246094 3.3464817288803017e-12 6.014618396759033
			vertex -42.71482849121094 3.3555085793279815e-12 5.511508464813232
		endloop
	endfacet
	facet normal 1.3267180684260356e-13 1 3.191170226923306e-14
		outer loop
			vertex -46.24767303466797 3.703547017674946e-12 9.292893409729004
			vertex -42.71482849121094 3.3555085793279815e-12 5.511508464813232
			vertex -42.74766540527344 3.376188217885101e-12 5
		endloop
	endfacet
	facet normal 8.13673043670231e-14 0.7071067811841302 -0.7071067811889649
		outer loop
			vertex -43.540565490722656 3.4523495173743868e-12 -2
			vertex 8.000000953674316 -2.4784618801731995e-12 -2
			vertex -43.24767303466797 -0.5 -2.5
		endloop
	endfacet
	facet normal 0 0.7071067811883002 -0.7071067811847951
		outer loop
			vertex -43.24767303466797 -0.5 -2.5
			vertex 8.000000953674316 -2.4784618801731995e-12 -2
			vertex 8.5 -0.5 -2.5
		endloop
	endfacet
	facet normal -0.31355090185952267 -0.5733015908660627 0.7569749783536585
		outer loop
			vertex -44.10122299194336 -4.5 12.146446228027344
			vertex -43.540565490722656 -5 12
			vertex -43.24767303466797 -4.5 12.5
		endloop
	endfacet
	facet normal -0.3135509018602349 0.5733015908634029 0.756974978355378
		outer loop
			vertex -43.540565490722656 3.4554581418433372e-12 12
			vertex -44.10122299194336 -0.5 12.146446228027344
			vertex -43.24767303466797 -0.5 12.5
		endloop
	endfacet
	facet normal -0.3826850985924024 0 0.9238788423355756
		outer loop
			vertex -44.10122299194336 -0.5 12.146446228027344
			vertex -44.10122299194336 -4.5 12.146446228027344
			vertex -43.24767303466797 -0.5 12.5
		endloop
	endfacet
	facet normal -0.3826850985924024 0 0.9238788423355756
		outer loop
			vertex -43.24767303466797 -0.5 12.5
			vertex -44.10122299194336 -4.5 12.146446228027344
			vertex -43.24767303466797 -4.5 12.5
		endloop
	endfacet
	facet normal -0.7569752142565814 -0.5733019923530268 0.31354959825401324
		outer loop
			vertex -46.39411926269531 -4.5 9.853553771972656
			vertex -46.74767303466797 -4.5 9
			vertex -46.24767303466797 -5 9.292893409729004
		endloop
	endfacet
	facet normal -0.7569752142584243 0.573301992350176 0.3135495982547766
		outer loop
			vertex -46.24767303466797 3.703547017674946e-12 9.292893409729004
			vertex -46.74767303466797 -0.5 9
			vertex -46.39411926269531 -0.5 9.853553771972656
		endloop
	endfacet
	facet normal -0.9238794470172021 0 0.3826836387660034
		outer loop
			vertex -46.39411926269531 -4.5 9.853553771972656
			vertex -46.39411926269531 -0.5 9.853553771972656
			vertex -46.74767303466797 -4.5 9
		endloop
	endfacet
	facet normal -0.9238794470172021 0 0.3826836387660034
		outer loop
			vertex -46.74767303466797 -4.5 9
			vertex -46.39411926269531 -0.5 9.853553771972656
			vertex -46.74767303466797 -0.5 9
		endloop
	endfacet
	facet normal -0.49999952975261736 0.7071068580084345 0.5000003616044706
		outer loop
			vertex -46.39411926269531 -0.5 9.853553771972656
			vertex -44.10122299194336 -0.5 12.146446228027344
			vertex -46.24767303466797 3.703547017674946e-12 9.292893409729004
		endloop
	endfacet
	facet normal -0.5000010167499391 0.7071052187295095 0.5000011928930969
		outer loop
			vertex -46.24767303466797 3.703547017674946e-12 9.292893409729004
			vertex -44.10122299194336 -0.5 12.146446228027344
			vertex -43.540565490722656 3.4554581418433372e-12 12
		endloop
	endfacet
	facet normal -0.7569751679937674 -0.5733019860798194 -0.3135497214123185
		outer loop
			vertex -46.74767303466797 -4.5 1
			vertex -46.39411926269531 -4.5 0.1464466154575348
			vertex -46.24767303466797 -5 0.7071067690849304
		endloop
	endfacet
	facet normal -0.7569751679956092 0.57330198607697 -0.3135497214130814
		outer loop
			vertex -46.39411926269531 -0.5 0.1464466154575348
			vertex -46.74767303466797 -0.5 1
			vertex -46.24767303466797 3.701640556574848e-12 0.7071067690849304
		endloop
	endfacet
	facet normal -0.7071067811891663 0.7071067811839288 -1.5701200464980373e-16
		outer loop
			vertex -46.24767303466797 3.703547017674946e-12 9.292893409729004
			vertex -46.24767303466797 3.701640556574848e-12 0.7071067690849304
			vertex -46.74767303466797 -0.5 9
		endloop
	endfacet
	facet normal -0.7071067811891649 0.7071067811839301 0
		outer loop
			vertex -46.74767303466797 -0.5 9
			vertex -46.24767303466797 3.701640556574848e-12 0.7071067690849304
			vertex -46.74767303466797 -0.5 1
		endloop
	endfacet
	facet normal -0.31355047601979974 -0.573301833184158 -0.756974971221269
		outer loop
			vertex -43.540565490722656 -5 -2
			vertex -44.10122299194336 -4.5 -2.146446704864502
			vertex -43.24767303466797 -4.5 -2.5
		endloop
	endfacet
	facet normal -0.31355047602051134 0.5733018331815005 -0.756974971222987
		outer loop
			vertex -44.10122299194336 -0.5 -2.146446704864502
			vertex -43.540565490722656 3.4523495173743868e-12 -2
			vertex -43.24767303466797 -0.5 -2.5
		endloop
	endfacet
	facet normal -0.38268465805139634 0 -0.9238790248144428
		outer loop
			vertex -44.10122299194336 -4.5 -2.146446704864502
			vertex -44.10122299194336 -0.5 -2.146446704864502
			vertex -43.24767303466797 -4.5 -2.5
		endloop
	endfacet
	facet normal -0.38268465805139634 0 -0.9238790248144428
		outer loop
			vertex -43.24767303466797 -4.5 -2.5
			vertex -44.10122299194336 -0.5 -2.146446704864502
			vertex -43.24767303466797 -0.5 -2.5
		endloop
	endfacet
	facet normal -0.500000859838979 0.7071054639896533 -0.5000010029552528
		outer loop
			vertex -43.540565490722656 3.4523495173743868e-12 -2
			vertex -44.10122299194336 -0.5 -2.146446704864502
			vertex -46.24767303466797 3.701640556574848e-12 0.7071067690849304
		endloop
	endfacet
	facet normal -0.4999997253432252 0.7071067146675326 -0.5000003687286522
		outer loop
			vertex -46.24767303466797 3.701640556574848e-12 0.7071067690849304
			vertex -44.10122299194336 -0.5 -2.146446704864502
			vertex -46.39411926269531 -0.5 0.1464466154575348
		endloop
	endfacet
	facet normal -0.49999972534137443 -0.7071067146701502 -0.5000003687268013
		outer loop
			vertex -46.39411926269531 -4.5 0.1464466154575348
			vertex -44.10122299194336 -4.5 -2.146446704864502
			vertex -46.24767303466797 -5 0.7071067690849304
		endloop
	endfacet
	facet normal -0.5000008598372759 -0.707105463992108 -0.5000010029534846
		outer loop
			vertex -46.24767303466797 -5 0.7071067690849304
			vertex -44.10122299194336 -4.5 -2.146446704864502
			vertex -43.540565490722656 -5 -2
		endloop
	endfacet
	facet normal -0.9238793856045402 0 -0.3826837870291575
		outer loop
			vertex -46.39411926269531 -0.5 0.1464466154575348
			vertex -46.39411926269531 -4.5 0.1464466154575348
			vertex -46.74767303466797 -0.5 1
		endloop
	endfacet
	facet normal -0.9238793856045402 0 -0.3826837870291575
		outer loop
			vertex -46.74767303466797 -0.5 1
			vertex -46.39411926269531 -4.5 0.1464466154575348
			vertex -46.74767303466797 -4.5 1
		endloop
	endfacet
	facet normal -0.7071067811865476 -0.7071067811865476 0
		outer loop
			vertex -46.74767303466797 -4.5 1
			vertex -46.24767303466797 -5 0.7071067690849304
			vertex -46.74767303466797 -4.5 9
		endloop
	endfacet
	facet normal -0.7071067811865476 -0.7071067811865476 0
		outer loop
			vertex -46.74767303466797 -4.5 9
			vertex -46.24767303466797 -5 0.7071067690849304
			vertex -46.24767303466797 -5 9.292893409729004
		endloop
	endfacet
	facet normal -0.5000010167482343 -0.7071052187319663 0.5000011928913273
		outer loop
			vertex -43.540565490722656 -5 12
			vertex -44.10122299194336 -4.5 12.146446228027344
			vertex -46.24767303466797 -5 9.292893409729004
		endloop
	endfacet
	facet normal -0.49999952975076556 -0.7071068580110533 0.5000003616026188
		outer loop
			vertex -46.24767303466797 -5 9.292893409729004
			vertex -44.10122299194336 -4.5 12.146446228027344
			vertex -46.39411926269531 -4.5 9.853553771972656
		endloop
	endfacet
	facet normal -0.7071061929781526 0 0.7071073693944532
		outer loop
			vertex -46.39411926269531 -0.5 9.853553771972656
			vertex -46.39411926269531 -4.5 9.853553771972656
			vertex -44.10122299194336 -0.5 12.146446228027344
		endloop
	endfacet
	facet normal -0.7071061929781526 0 0.7071073693944532
		outer loop
			vertex -44.10122299194336 -0.5 12.146446228027344
			vertex -46.39411926269531 -4.5 9.853553771972656
			vertex -44.10122299194336 -4.5 12.146446228027344
		endloop
	endfacet
	facet normal -1 0 0
		outer loop
			vertex -46.74767303466797 -4.5 9
			vertex -46.74767303466797 -0.5 9
			vertex -46.74767303466797 -4.5 1
		endloop
	endfacet
	facet normal -1 0 0
		outer loop
			vertex -46.74767303466797 -4.5 1
			vertex -46.74767303466797 -0.5 9
			vertex -46.74767303466797 -0.5 1
		endloop
	endfacet
	facet normal -0.7071063262442457 0 -0.7071072361285567
		outer loop
			vertex -44.10122299194336 -0.5 -2.146446704864502
			vertex -44.10122299194336 -4.5 -2.146446704864502
			vertex -46.39411926269531 -0.5 0.1464466154575348
		endloop
	endfacet
	facet normal -0.7071063262442457 0 -0.7071072361285567
		outer loop
			vertex -46.39411926269531 -0.5 0.1464466154575348
			vertex -44.10122299194336 -4.5 -2.146446704864502
			vertex -46.39411926269531 -4.5 0.1464466154575348
		endloop
	endfacet
	facet normal 0.7071069144525298 0 -0.7071066479205402
		outer loop
			vertex 116.8058853149414 -4.5 -2.146446704864502
			vertex 116.8058853149414 -0.5 -2.146446704864502
			vertex 119.0987777709961 -4.5 0.1464466154575348
		endloop
	endfacet
	facet normal 0.7071069144525298 0 -0.7071066479205402
		outer loop
			vertex 119.0987777709961 -4.5 0.1464466154575348
			vertex 116.8058853149414 -0.5 -2.146446704864502
			vertex 119.0987777709961 -0.5 0.1464466154575348
		endloop
	endfacet
	facet normal 1 0 0
		outer loop
			vertex 119.45233154296875 -4.5 1
			vertex 119.45233154296875 -0.5 1
			vertex 119.45233154296875 -4.5 9
		endloop
	endfacet
	facet normal 1 0 0
		outer loop
			vertex 119.45233154296875 -4.5 9
			vertex 119.45233154296875 -0.5 1
			vertex 119.45233154296875 -0.5 9
		endloop
	endfacet
	facet normal 0.7071067811865476 0 0.7071067811865476
		outer loop
			vertex 119.0987777709961 -4.5 9.853553771972656
			vertex 119.0987777709961 -0.5 9.853553771972656
			vertex 116.8058853149414 -4.5 12.146446228027344
		endloop
	endfacet
	facet normal 0.7071067811865476 0 0.7071067811865476
		outer loop
			vertex 116.8058853149414 -4.5 12.146446228027344
			vertex 119.0987777709961 -0.5 9.853553771972656
			vertex 116.8058853149414 -0.5 12.146446228027344
		endloop
	endfacet
	facet normal 0.3826836387660034 0 0.9238794470172021
		outer loop
			vertex 116.8058853149414 -4.5 12.146446228027344
			vertex 116.8058853149414 -0.5 12.146446228027344
			vertex 115.95233154296875 -4.5 12.5
		endloop
	endfacet
	facet normal 0.3826836387660034 0 0.9238794470172021
		outer loop
			vertex 115.95233154296875 -4.5 12.5
			vertex 116.8058853149414 -0.5 12.146446228027344
			vertex 115.95233154296875 -0.5 12.5
		endloop
	endfacet
	facet normal 0.49999966804561063 0.7071071260891751 0.49999984418816223
		outer loop
			vertex 116.24522399902344 -5.617284415393442e-12 12
			vertex 116.8058853149414 -0.5 12.146446228027344
			vertex 118.95233154296875 -5.871016346692404e-12 9.292893409729004
		endloop
	endfacet
	facet normal 0.5000000674959096 0.707106685732904 0.5000000674959096
		outer loop
			vertex 118.95233154296875 -5.871016346692404e-12 9.292893409729004
			vertex 116.8058853149414 -0.5 12.146446228027344
			vertex 119.0987777709961 -0.5 9.853553771972656
		endloop
	endfacet
	facet normal 0.9238794470172021 0 0.3826836387660034
		outer loop
			vertex 119.0987777709961 -0.5 9.853553771972656
			vertex 119.0987777709961 -4.5 9.853553771972656
			vertex 119.45233154296875 -0.5 9
		endloop
	endfacet
	facet normal 0.9238794470172021 0 0.3826836387660034
		outer loop
			vertex 119.45233154296875 -0.5 9
			vertex 119.0987777709961 -4.5 9.853553771972656
			vertex 119.45233154296875 -4.5 9
		endloop
	endfacet
	facet normal 0.7071067811823948 0.7071067811907004 0
		outer loop
			vertex 119.45233154296875 -0.5 1
			vertex 118.95233154296875 -5.872922807792502e-12 0.7071067690849304
			vertex 119.45233154296875 -0.5 9
		endloop
	endfacet
	facet normal 0.707106781182396 0.707106781190699 -1.5701200465130703e-16
		outer loop
			vertex 119.45233154296875 -0.5 9
			vertex 118.95233154296875 -5.872922807792502e-12 0.7071067690849304
			vertex 118.95233154296875 -5.871016346692404e-12 9.292893409729004
		endloop
	endfacet
	facet normal 0.9238793856045402 0 -0.3826837870291575
		outer loop
			vertex 119.0987777709961 -4.5 0.1464466154575348
			vertex 119.0987777709961 -0.5 0.1464466154575348
			vertex 119.45233154296875 -4.5 1
		endloop
	endfacet
	facet normal 0.9238793856045402 0 -0.3826837870291575
		outer loop
			vertex 119.45233154296875 -4.5 1
			vertex 119.0987777709961 -0.5 0.1464466154575348
			vertex 119.45233154296875 -0.5 1
		endloop
	endfacet
	facet normal 0.500000263086549 0.7071065423919286 -0.500000074619908
		outer loop
			vertex 119.0987777709961 -0.5 0.1464466154575348
			vertex 116.8058853149414 -0.5 -2.146446704864502
			vertex 118.95233154296875 -5.872922807792502e-12 0.7071067690849304
		endloop
	endfacet
	facet normal 0.49999951113502933 0.7071073713473974 -0.499999654250786
		outer loop
			vertex 118.95233154296875 -5.872922807792502e-12 0.7071067690849304
			vertex 116.8058853149414 -0.5 -2.146446704864502
			vertex 116.24522399902344 -5.6203930398623925e-12 -2
		endloop
	endfacet
	facet normal 0.49999951113781615 -0.7071073713434095 -0.4999996542536388
		outer loop
			vertex 116.24522399902344 -5 -2
			vertex 116.8058853149414 -4.5 -2.146446704864502
			vertex 118.95233154296875 -5 0.7071067690849304
		endloop
	endfacet
	facet normal 0.5000002630894854 -0.7071065423877759 -0.5000000746228446
		outer loop
			vertex 118.95233154296875 -5 0.7071067690849304
			vertex 116.8058853149414 -4.5 -2.146446704864502
			vertex 119.0987777709961 -4.5 0.1464466154575348
		endloop
	endfacet
	facet normal 0.3826831982261012 0 -0.9238796294947966
		outer loop
			vertex 116.8058853149414 -0.5 -2.146446704864502
			vertex 116.8058853149414 -4.5 -2.146446704864502
			vertex 115.95233154296875 -0.5 -2.5
		endloop
	endfacet
	facet normal 0.3826831982261012 0 -0.9238796294947966
		outer loop
			vertex 115.95233154296875 -0.5 -2.5
			vertex 116.8058853149414 -4.5 -2.146446704864502
			vertex 115.95233154296875 -4.5 -2.5
		endloop
	endfacet
	facet normal 0.31354906491162143 -0.5733026361540974 -0.7569749475853282
		outer loop
			vertex 116.8058853149414 -4.5 -2.146446704864502
			vertex 116.24522399902344 -5 -2
			vertex 115.95233154296875 -4.5 -2.5
		endloop
	endfacet
	facet normal 0.3135490649104631 0.5733026361584237 -0.7569749475825317
		outer loop
			vertex 116.24522399902344 -5.6203930398623925e-12 -2
			vertex 116.8058853149414 -0.5 -2.146446704864502
			vertex 115.95233154296875 -0.5 -2.5
		endloop
	endfacet
	facet normal 0.7071067811865476 -0.7071067811865476 0
		outer loop
			vertex 118.95233154296875 -5 9.292893409729004
			vertex 118.95233154296875 -5 0.7071067690849304
			vertex 119.45233154296875 -4.5 9
		endloop
	endfacet
	facet normal 0.7071067811865476 -0.7071067811865476 0
		outer loop
			vertex 119.45233154296875 -4.5 9
			vertex 118.95233154296875 -5 0.7071067690849304
			vertex 119.45233154296875 -4.5 1
		endloop
	endfacet
	facet normal 0.7569751679937674 -0.5733019860798194 -0.3135497214123185
		outer loop
			vertex 119.0987777709961 -4.5 0.1464466154575348
			vertex 119.45233154296875 -4.5 1
			vertex 118.95233154296875 -5 0.7071067690849304
		endloop
	endfacet
	facet normal 0.7569751679908449 0.5733019860843399 -0.313549721411108
		outer loop
			vertex 118.95233154296875 -5.872922807792502e-12 0.7071067690849304
			vertex 119.45233154296875 -0.5 1
			vertex 119.0987777709961 -0.5 0.1464466154575348
		endloop
	endfacet
	facet normal 0.5000000674988451 -0.7071066857287525 0.5000000674988451
		outer loop
			vertex 119.0987777709961 -4.5 9.853553771972656
			vertex 116.8058853149414 -4.5 12.146446228027344
			vertex 118.95233154296875 -5 9.292893409729004
		endloop
	endfacet
	facet normal 0.49999966804839585 -0.7071071260851894 0.49999984419101373
		outer loop
			vertex 118.95233154296875 -5 9.292893409729004
			vertex 116.8058853149414 -4.5 12.146446228027344
			vertex 116.24522399902344 -5 12
		endloop
	endfacet
	facet normal 0.7569752142565814 -0.5733019923530268 0.31354959825401324
		outer loop
			vertex 119.45233154296875 -4.5 9
			vertex 119.0987777709961 -4.5 9.853553771972656
			vertex 118.95233154296875 -5 9.292893409729004
		endloop
	endfacet
	facet normal 0.75697521425366 0.573301992357546 0.31354959825280304
		outer loop
			vertex 119.0987777709961 -0.5 9.853553771972656
			vertex 119.45233154296875 -0.5 9
			vertex 118.95233154296875 -5.871016346692404e-12 9.292893409729004
		endloop
	endfacet
	facet normal 0.3135494907496641 -0.5733023938375564 0.7569749547182877
		outer loop
			vertex 115.95233154296875 -4.5 12.5
			vertex 116.24522399902344 -5 12
			vertex 116.8058853149414 -4.5 12.146446228027344
		endloop
	endfacet
	facet normal 0.3135494907485063 0.5733023938418803 0.7569749547154927
		outer loop
			vertex 116.8058853149414 -0.5 12.146446228027344
			vertex 116.24522399902344 -5.617284415393442e-12 12
			vertex 115.95233154296875 -0.5 12.5
		endloop
	endfacet
	facet normal 0.7071067811865476 0 0.7071067811865476
		outer loop
			vertex 51.20000076293945 -0.5 12.5
			vertex 51.70000076293945 -7.23421322845752e-13 12
			vertex 51.20000076293945 14 12.5
		endloop
	endfacet
	facet normal 0.7071067811865476 0 0.7071067811865476
		outer loop
			vertex 51.20000076293945 14 12.5
			vertex 51.70000076293945 -7.23421322845752e-13 12
			vertex 51.70000076293945 14 12
		endloop
	endfacet
	facet normal 1 0 0
		outer loop
			vertex 51.70000076293945 9.986327171325684 9.7562837600708
			vertex 51.70000076293945 10 9.600000381469727
			vertex 51.70000076293945 14 12
		endloop
	endfacet
	facet normal 1 0 0
		outer loop
			vertex 51.70000076293945 14 12
			vertex 51.70000076293945 10 9.600000381469727
			vertex 51.70000076293945 10 0.4000000059604645
		endloop
	endfacet
	facet normal 1 0 0
		outer loop
			vertex 51.70000076293945 14 12
			vertex 51.70000076293945 10 0.4000000059604645
			vertex 51.70000076293945 14 -2
		endloop
	endfacet
	facet normal 1 0 0
		outer loop
			vertex 51.70000076293945 14 -2
			vertex 51.70000076293945 10 0.4000000059604645
			vertex 51.70000076293945 9.986327171325684 0.24371664226055145
		endloop
	endfacet
	facet normal 1 0 0
		outer loop
			vertex 51.70000076293945 14 -2
			vertex 51.70000076293945 9.986327171325684 0.24371664226055145
			vertex 51.70000076293945 9.945723533630371 0.09218186885118484
		endloop
	endfacet
	facet normal 1 0 0
		outer loop
			vertex 51.70000076293945 9.945723533630371 0.09218186885118484
			vertex 51.70000076293945 9.879423141479492 -0.05000000074505806
			vertex 51.70000076293945 14 -2
		endloop
	endfacet
	facet normal 1 0 0
		outer loop
			vertex 51.70000076293945 14 -2
			vertex 51.70000076293945 9.879423141479492 -0.05000000074505806
			vertex 51.70000076293945 9.789440155029297 -0.17850884795188904
		endloop
	endfacet
	facet normal 1 0 0
		outer loop
			vertex 51.70000076293945 14 -2
			vertex 51.70000076293945 9.789440155029297 -0.17850884795188904
			vertex 51.70000076293945 9.678508758544922 -0.28944000601768494
		endloop
	endfacet
	facet normal 1 0 0
		outer loop
			vertex 51.70000076293945 9.678508758544922 -0.28944000601768494
			vertex 51.70000076293945 9.550000190734863 -0.3794228732585907
			vertex 51.70000076293945 14 -2
		endloop
	endfacet
	facet normal 1 0 0
		outer loop
			vertex 51.70000076293945 14 -2
			vertex 51.70000076293945 9.550000190734863 -0.3794228732585907
			vertex 51.70000076293945 9.407817840576172 -0.44572335481643677
		endloop
	endfacet
	facet normal 1 0 0
		outer loop
			vertex 51.70000076293945 14 -2
			vertex 51.70000076293945 9.407817840576172 -0.44572335481643677
			vertex 51.70000076293945 9.2562837600708 -0.48632699251174927
		endloop
	endfacet
	facet normal 1 0 0
		outer loop
			vertex 51.70000076293945 9.2562837600708 -0.48632699251174927
			vertex 51.70000076293945 9.100000381469727 -0.5
			vertex 51.70000076293945 14 -2
		endloop
	endfacet
	facet normal 1 0 0
		outer loop
			vertex 51.70000076293945 14 -2
			vertex 51.70000076293945 9.100000381469727 -0.5
			vertex 51.70000076293945 7.900000095367432 -0.5
		endloop
	endfacet
	facet normal 1 0 0
		outer loop
			vertex 51.70000076293945 14 -2
			vertex 51.70000076293945 7.900000095367432 -0.5
			vertex 51.70000076293945 -7.287503933639528e-13 -2
		endloop
	endfacet
	facet normal 1 0 0
		outer loop
			vertex 51.70000076293945 -7.287503933639528e-13 -2
			vertex 51.70000076293945 7.900000095367432 -0.5
			vertex 51.70000076293945 7.743716716766357 -0.48632699251174927
		endloop
	endfacet
	facet normal 1 0 0
		outer loop
			vertex 51.70000076293945 -7.287503933639528e-13 -2
			vertex 51.70000076293945 7.743716716766357 -0.48632699251174927
			vertex 51.70000076293945 7.59218168258667 -0.44572335481643677
		endloop
	endfacet
	facet normal 1 0 0
		outer loop
			vertex 51.70000076293945 7.59218168258667 -0.44572335481643677
			vertex 51.70000076293945 7.449999809265137 -0.3794228732585907
			vertex 51.70000076293945 -7.287503933639528e-13 -2
		endloop
	endfacet
	facet normal 1 0 0
		outer loop
			vertex 51.70000076293945 -7.287503933639528e-13 -2
			vertex 51.70000076293945 7.449999809265137 -0.3794228732585907
			vertex 51.70000076293945 7.321491241455078 -0.28944000601768494
		endloop
	endfacet
	facet normal 1 0 0
		outer loop
			vertex 51.70000076293945 -7.287503933639528e-13 -2
			vertex 51.70000076293945 7.321491241455078 -0.28944000601768494
			vertex 51.70000076293945 7.210559844970703 -0.17850884795188904
		endloop
	endfacet
	facet normal 1 0 0
		outer loop
			vertex 51.70000076293945 7.210559844970703 -0.17850884795188904
			vertex 51.70000076293945 7.120577335357666 -0.05000000074505806
			vertex 51.70000076293945 -7.287503933639528e-13 -2
		endloop
	endfacet
	facet normal 1 0 0
		outer loop
			vertex 51.70000076293945 -7.287503933639528e-13 -2
			vertex 51.70000076293945 7.120577335357666 -0.05000000074505806
			vertex 51.70000076293945 7.054276466369629 0.09218186885118484
		endloop
	endfacet
	facet normal 1 0 0
		outer loop
			vertex 51.70000076293945 -7.287503933639528e-13 -2
			vertex 51.70000076293945 7.054276466369629 0.09218186885118484
			vertex 51.70000076293945 7.013672828674316 0.24371664226055145
		endloop
	endfacet
	facet normal 1 0 0
		outer loop
			vertex 51.70000076293945 7.013672828674316 0.24371664226055145
			vertex 51.70000076293945 7 0.4000000059604645
			vertex 51.70000076293945 -7.287503933639528e-13 -2
		endloop
	endfacet
	facet normal 1 0 0
		outer loop
			vertex 51.70000076293945 -7.287503933639528e-13 -2
			vertex 51.70000076293945 7 0.4000000059604645
			vertex 51.70000076293945 7 9.600000381469727
		endloop
	endfacet
	facet normal 1 0 0
		outer loop
			vertex 51.70000076293945 -7.287503933639528e-13 -2
			vertex 51.70000076293945 7 9.600000381469727
			vertex 51.70000076293945 -7.23421322845752e-13 12
		endloop
	endfacet
	facet normal 1 0 0
		outer loop
			vertex 51.70000076293945 -7.23421322845752e-13 12
			vertex 51.70000076293945 7 9.600000381469727
			vertex 51.70000076293945 7.013672828674316 9.7562837600708
		endloop
	endfacet
	facet normal 1 0 0
		outer loop
			vertex 51.70000076293945 -7.23421322845752e-13 12
			vertex 51.70000076293945 7.013672828674316 9.7562837600708
			vertex 51.70000076293945 7.054276466369629 9.907817840576172
		endloop
	endfacet
	facet normal 1 0 0
		outer loop
			vertex 51.70000076293945 7.054276466369629 9.907817840576172
			vertex 51.70000076293945 7.120577335357666 10.050000190734863
			vertex 51.70000076293945 -7.23421322845752e-13 12
		endloop
	endfacet
	facet normal 1 0 0
		outer loop
			vertex 51.70000076293945 -7.23421322845752e-13 12
			vertex 51.70000076293945 7.120577335357666 10.050000190734863
			vertex 51.70000076293945 7.210559844970703 10.178508758544922
		endloop
	endfacet
	facet normal 1 0 0
		outer loop
			vertex 51.70000076293945 -7.23421322845752e-13 12
			vertex 51.70000076293945 7.210559844970703 10.178508758544922
			vertex 51.70000076293945 7.321491241455078 10.289440155029297
		endloop
	endfacet
	facet normal 1 0 0
		outer loop
			vertex 51.70000076293945 7.321491241455078 10.289440155029297
			vertex 51.70000076293945 7.449999809265137 10.379423141479492
			vertex 51.70000076293945 -7.23421322845752e-13 12
		endloop
	endfacet
	facet normal 1 0 0
		outer loop
			vertex 51.70000076293945 -7.23421322845752e-13 12
			vertex 51.70000076293945 7.449999809265137 10.379423141479492
			vertex 51.70000076293945 7.59218168258667 10.445723533630371
		endloop
	endfacet
	facet normal 1 0 0
		outer loop
			vertex 51.70000076293945 -7.23421322845752e-13 12
			vertex 51.70000076293945 7.59218168258667 10.445723533630371
			vertex 51.70000076293945 7.743716716766357 10.486327171325684
		endloop
	endfacet
	facet normal 1 0 0
		outer loop
			vertex 51.70000076293945 7.743716716766357 10.486327171325684
			vertex 51.70000076293945 7.900000095367432 10.5
			vertex 51.70000076293945 -7.23421322845752e-13 12
		endloop
	endfacet
	facet normal 1 0 0
		outer loop
			vertex 51.70000076293945 -7.23421322845752e-13 12
			vertex 51.70000076293945 7.900000095367432 10.5
			vertex 51.70000076293945 14 12
		endloop
	endfacet
	facet normal 1 0 0
		outer loop
			vertex 51.70000076293945 14 12
			vertex 51.70000076293945 7.900000095367432 10.5
			vertex 51.70000076293945 9.100000381469727 10.5
		endloop
	endfacet
	facet normal 1 0 0
		outer loop
			vertex 51.70000076293945 14 12
			vertex 51.70000076293945 9.100000381469727 10.5
			vertex 51.70000076293945 9.2562837600708 10.486327171325684
		endloop
	endfacet
	facet normal 1 0 0
		outer loop
			vertex 51.70000076293945 9.2562837600708 10.486327171325684
			vertex 51.70000076293945 9.407817840576172 10.445723533630371
			vertex 51.70000076293945 14 12
		endloop
	endfacet
	facet normal 1 0 0
		outer loop
			vertex 51.70000076293945 14 12
			vertex 51.70000076293945 9.407817840576172 10.445723533630371
			vertex 51.70000076293945 9.550000190734863 10.379423141479492
		endloop
	endfacet
	facet normal 1 0 0
		outer loop
			vertex 51.70000076293945 14 12
			vertex 51.70000076293945 9.550000190734863 10.379423141479492
			vertex 51.70000076293945 9.678508758544922 10.289440155029297
		endloop
	endfacet
	facet normal 1 0 0
		outer loop
			vertex 51.70000076293945 9.678508758544922 10.289440155029297
			vertex 51.70000076293945 9.789440155029297 10.178508758544922
			vertex 51.70000076293945 14 12
		endloop
	endfacet
	facet normal 1 0 0
		outer loop
			vertex 51.70000076293945 14 12
			vertex 51.70000076293945 9.789440155029297 10.178508758544922
			vertex 51.70000076293945 9.879423141479492 10.050000190734863
		endloop
	endfacet
	facet normal 1 0 0
		outer loop
			vertex 51.70000076293945 14 12
			vertex 51.70000076293945 9.879423141479492 10.050000190734863
			vertex 51.70000076293945 9.945723533630371 9.907817840576172
		endloop
	endfacet
	facet normal 1 0 0
		outer loop
			vertex 51.70000076293945 9.945723533630371 9.907817840576172
			vertex 51.70000076293945 9.986327171325684 9.7562837600708
			vertex 51.70000076293945 14 12
		endloop
	endfacet
	facet normal 0.7071067811865476 0 -0.7071067811865476
		outer loop
			vertex 51.70000076293945 14 -2
			vertex 51.70000076293945 -7.287503933639528e-13 -2
			vertex 51.20000076293945 14 -2.5
		endloop
	endfacet
	facet normal 0.7071067811865476 0 -0.7071067811865476
		outer loop
			vertex 51.20000076293945 14 -2.5
			vertex 51.70000076293945 -7.287503933639528e-13 -2
			vertex 51.20000076293945 -0.5 -2.5
		endloop
	endfacet
	facet normal -0.7071067811865476 0 -0.7071067811865476
		outer loop
			vertex 48.20000076293945 -0.5 -2.5
			vertex 47.70000076293945 9.054978988842777e-13 -2
			vertex 48.20000076293945 12.122833251953125 -2.5
		endloop
	endfacet
	facet normal -0.7071067811865476 0 -0.7071067811865476
		outer loop
			vertex 48.20000076293945 12.122833251953125 -2.5
			vertex 47.70000076293945 9.054978988842777e-13 -2
			vertex 47.70000076293945 12.329940795898438 -2
		endloop
	endfacet
	facet normal 0.7071067811865476 0 0.7071067811865476
		outer loop
			vertex 14.5 -0.5 12.5
			vertex 15 3.952838056875407e-12 12
			vertex 14.5 11.395479202270508 12.5
		endloop
	endfacet
	facet normal 0.7071067811865476 0 0.7071067811865476
		outer loop
			vertex 14.5 11.395479202270508 12.5
			vertex 15 3.952838056875407e-12 12
			vertex 15 11.895479202270508 12
		endloop
	endfacet
	facet normal 0.7071067811865476 0 -0.7071067811865476
		outer loop
			vertex 14.5 -0.5 -2.5
			vertex 14.5 11.395479202270508 -2.5
			vertex 15 3.949729432406457e-12 -2
		endloop
	endfacet
	facet normal 0.7071067811865476 0 -0.7071067811865476
		outer loop
			vertex 15 3.949729432406457e-12 -2
			vertex 14.5 11.395479202270508 -2.5
			vertex 15 11.895479202270508 -2
		endloop
	endfacet
	facet normal -0.7071074555364453 0 0.7071061068360067
		outer loop
			vertex 8.5 -0.5 12.5
			vertex 8.5 18.200000762939453 12.5
			vertex 8.000000953674316 -2.475353255704249e-12 12
		endloop
	endfacet
	facet normal -0.707106781186547 -3.7052172961848775e-8 0.707106781186547
		outer loop
			vertex 8.000000953674316 -2.475353255704249e-12 12
			vertex 8.5 18.200000762939453 12.5
			vertex 8 18.200000762939453 12
		endloop
	endfacet
	facet normal -0.707106781186547 -3.705217296184877e-8 -0.707106781186547
		outer loop
			vertex 8 18.200000762939453 -2
			vertex 8.5 18.200000762939453 -2.5
			vertex 8.000000953674316 -2.4784618801731995e-12 -2
		endloop
	endfacet
	facet normal -0.7071074555364453 0 -0.7071061068360067
		outer loop
			vertex 8.000000953674316 -2.4784618801731995e-12 -2
			vertex 8.5 18.200000762939453 -2.5
			vertex 8.5 -0.5 -2.5
		endloop
	endfacet
	facet normal 0 0.7071067811865476 -0.7071067811865476
		outer loop
			vertex 13.5 11.395479202270508 -2.5
			vertex 14 11.895479202270508 -2
			vertex 14.5 11.395479202270508 -2.5
		endloop
	endfacet
	facet normal 0 0.7071067811865476 -0.7071067811865476
		outer loop
			vertex 14.5 11.395479202270508 -2.5
			vertex 14 11.895479202270508 -2
			vertex 15 11.895479202270508 -2
		endloop
	endfacet
	facet normal 0 0.7071067811865476 0.7071067811865476
		outer loop
			vertex 15 19 12
			vertex 8.800000190734863 19 12
			vertex 14.5 18.5 12.5
		endloop
	endfacet
	facet normal 0 0.7071067811865476 0.7071067811865476
		outer loop
			vertex 14.5 18.5 12.5
			vertex 8.800000190734863 19 12
			vertex 8.800000190734863 18.5 12.5
		endloop
	endfacet
	facet normal -0.7057575829170252 0.06174518855940692 0.7057575829170252
		outer loop
			vertex 8 18.200000762939453 12
			vertex 8.5 18.200000762939453 12.5
			vertex 8.012153625488281 18.338918685913086 12
		endloop
	endfacet
	facet normal -0.7057574286509541 0.061746022838366096 0.7057576641933386
		outer loop
			vertex 8.012153625488281 18.338918685913086 12
			vertex 8.5 18.200000762939453 12.5
			vertex 8.504557609558105 18.252094268798828 12.5
		endloop
	endfacet
	facet normal -0.6843134873265271 0.18336054890875403 0.7057577205861001
		outer loop
			vertex 8.012153625488281 18.338918685913086 12
			vertex 8.504557609558105 18.252094268798828 12.5
			vertex 8.048245429992676 18.473615646362305 12
		endloop
	endfacet
	facet normal -0.684314114242279 0.1833588700171133 0.7057575489039083
		outer loop
			vertex 8.048245429992676 18.473615646362305 12
			vertex 8.504557609558105 18.252094268798828 12.5
			vertex 8.518092155456543 18.3026065826416 12.5
		endloop
	endfacet
	facet normal -0.6420768239169407 0.29940555286284126 0.7057575129629371
		outer loop
			vertex 8.048245429992676 18.473615646362305 12
			vertex 8.518092155456543 18.3026065826416 12.5
			vertex 8.107179641723633 18.600000381469727 12
		endloop
	endfacet
	facet normal -0.6420746871335214 0.29940918383033294 0.7057579165552765
		outer loop
			vertex 8.107179641723633 18.600000381469727 12
			vertex 8.518092155456543 18.3026065826416 12.5
			vertex 8.540192604064941 18.350000381469727 12.5
		endloop
	endfacet
	facet normal -0.5803298006433739 0.40635392459349606 0.7057576145198048
		outer loop
			vertex 8.107179641723633 18.600000381469727 12
			vertex 8.540192604064941 18.350000381469727 12.5
			vertex 8.187164306640625 18.714229583740234 12
		endloop
	endfacet
	facet normal -0.5803279015742246 0.40635614997797975 0.7057578947695384
		outer loop
			vertex 8.187164306640625 18.714229583740234 12
			vertex 8.540192604064941 18.350000381469727 12.5
			vertex 8.570186614990234 18.39283561706543 12.5
		endloop
	endfacet
	facet normal -0.5009544576312552 0.500949612623154 0.7057578316902244
		outer loop
			vertex 8.187164306640625 18.714229583740234 12
			vertex 8.570186614990234 18.39283561706543 12.5
			vertex 8.28576946258545 18.812835693359375 12
		endloop
	endfacet
	facet normal -0.5009588821703861 0.5009459622012786 0.7057572821649327
		outer loop
			vertex 8.28576946258545 18.812835693359375 12
			vertex 8.570186614990234 18.39283561706543 12.5
			vertex 8.607163429260254 18.429813385009766 12.5
		endloop
	endfacet
	facet normal -0.40635163028537125 0.5803313690706031 0.7057576458226014
		outer loop
			vertex 8.28576946258545 18.812835693359375 12
			vertex 8.607163429260254 18.429813385009766 12.5
			vertex 8.399999618530273 18.892820358276367 12
		endloop
	endfacet
	facet normal -0.4063593785728508 0.5803269810300374 0.7057567927653613
		outer loop
			vertex 8.399999618530273 18.892820358276367 12
			vertex 8.607163429260254 18.429813385009766 12.5
			vertex 8.649999618530273 18.459808349609375 12.5
		endloop
	endfacet
	facet normal -0.2994018201720349 0.6420792092769557 0.7057569263506748
		outer loop
			vertex 8.399999618530273 18.892820358276367 12
			vertex 8.649999618530273 18.459808349609375 12.5
			vertex 8.526384353637695 18.951753616333008 12
		endloop
	endfacet
	facet normal -0.29938260486001056 0.6420860225154472 0.7057588792197569
		outer loop
			vertex 8.526384353637695 18.951753616333008 12
			vertex 8.649999618530273 18.459808349609375 12.5
			vertex 8.697394371032715 18.48190689086914 12.5
		endloop
	endfacet
	facet normal -0.18336499548615687 0.68431200027651 0.7057580071865451
		outer loop
			vertex 8.526384353637695 18.951753616333008 12
			vertex 8.697394371032715 18.48190689086914 12.5
			vertex 8.661081314086914 18.98784637451172 12
		endloop
	endfacet
	facet normal -0.18336190442293318 0.6843125188670135 0.7057583074454585
		outer loop
			vertex 8.661081314086914 18.98784637451172 12
			vertex 8.697394371032715 18.48190689086914 12.5
			vertex 8.747905731201172 18.495441436767578 12.5
		endloop
	endfacet
	facet normal -0.061744706994996075 0.7057569235593294 0.705758284404918
		outer loop
			vertex 8.661081314086914 18.98784637451172 12
			vertex 8.747905731201172 18.495441436767578 12.5
			vertex 8.800000190734863 19 12
		endloop
	endfacet
	facet normal -0.06175777782536187 0.7057570321569858 0.7057570321569858
		outer loop
			vertex 8.800000190734863 19 12
			vertex 8.747905731201172 18.495441436767578 12.5
			vertex 8.800000190734863 18.5 12.5
		endloop
	endfacet
	facet normal 0.7071067811865476 0 -0.7071067811865476
		outer loop
			vertex 13.5 11.395479202270508 -2.5
			vertex 13.5 15.129940032958984 -2.5
			vertex 14 11.895479202270508 -2
		endloop
	endfacet
	facet normal 0.7071067811865476 0 -0.7071067811865476
		outer loop
			vertex 14 11.895479202270508 -2
			vertex 13.5 15.129940032958984 -2.5
			vertex 14 14.629940032958984 -2
		endloop
	endfacet
	facet normal 0 -0.7071067811865476 -0.7071067811865476
		outer loop
			vertex 13.5 15.129940032958984 -2.5
			vertex 14.5 15.129940032958984 -2.5
			vertex 14 14.629940032958984 -2
		endloop
	endfacet
	facet normal 0 -0.7071067811865476 -0.7071067811865476
		outer loop
			vertex 14 14.629940032958984 -2
			vertex 14.5 15.129940032958984 -2.5
			vertex 15 14.629940032958984 -2
		endloop
	endfacet
	facet normal -0.061744766296372745 0.7057576013883968 -0.7057576013883968
		outer loop
			vertex 8.800000190734863 19 -2
			vertex 8.800000190734863 18.5 -2.5
			vertex 8.661081314086914 18.98784637451172 -2
		endloop
	endfacet
	facet normal -0.061757619655051894 0.705755224614479 -0.7057588535356168
		outer loop
			vertex 8.661081314086914 18.98784637451172 -2
			vertex 8.800000190734863 18.5 -2.5
			vertex 8.747905731201172 18.495441436767578 -2.5
		endloop
	endfacet
	facet normal -0.18336495325855257 0.68431184268451 -0.7057581709610025
		outer loop
			vertex 8.661081314086914 18.98784637451172 -2
			vertex 8.747905731201172 18.495441436767578 -2.5
			vertex 8.526384353637695 18.951753616333008 -2
		endloop
	endfacet
	facet normal -0.18336201702816024 0.684312939113339 -0.7057578707130572
		outer loop
			vertex 8.526384353637695 18.951753616333008 -2
			vertex 8.747905731201172 18.495441436767578 -2.5
			vertex 8.697394371032715 18.48190689086914 -2.5
		endloop
	endfacet
	facet normal -0.2994013716702668 0.6420782474469292 -0.7057579916638868
		outer loop
			vertex 8.526384353637695 18.951753616333008 -2
			vertex 8.697394371032715 18.48190689086914 -2.5
			vertex 8.399999618530273 18.892820358276367 -2
		endloop
	endfacet
	facet normal -0.2993838007951936 0.642088587438233 -0.7057560383751587
		outer loop
			vertex 8.399999618530273 18.892820358276367 -2
			vertex 8.697394371032715 18.48190689086914 -2.5
			vertex 8.649999618530273 18.459808349609375 -2.5
		endloop
	endfacet
	facet normal -0.4063518961509114 0.5803317487666628 -0.7057571805288175
		outer loop
			vertex 8.399999618530273 18.892820358276367 -2
			vertex 8.649999618530273 18.459808349609375 -2.5
			vertex 8.28576946258545 18.812835693359375 -2
		endloop
	endfacet
	facet normal -0.40635866958964717 0.5803259685221347 -0.7057580335413677
		outer loop
			vertex 8.28576946258545 18.812835693359375 -2
			vertex 8.649999618530273 18.459808349609375 -2.5
			vertex 8.607163429260254 18.429813385009766 -2.5
		endloop
	endfacet
	facet normal -0.5009546687656692 0.500949823755526 -0.7057575319620657
		outer loop
			vertex 8.28576946258545 18.812835693359375 -2
			vertex 8.607163429260254 18.429813385009766 -2.5
			vertex 8.187164306640625 18.714229583740234 -2
		endloop
	endfacet
	facet normal -0.500958319143467 0.5009453991888804 -0.7057580814361575
		outer loop
			vertex 8.187164306640625 18.714229583740234 -2
			vertex 8.607163429260254 18.429813385009766 -2.5
			vertex 8.570186614990234 18.39283561706543 -2.5
		endloop
	endfacet
	facet normal -0.5803296758995232 0.4063538372463475 -0.7057577673858952
		outer loop
			vertex 8.187164306640625 18.714229583740234 -2
			vertex 8.570186614990234 18.39283561706543 -2.5
			vertex 8.107179641723633 18.600000381469727 -2
		endloop
	endfacet
	facet normal -0.5803282342281327 0.4063563829082955 -0.705757487120997
		outer loop
			vertex 8.107179641723633 18.600000381469727 -2
			vertex 8.570186614990234 18.39283561706543 -2.5
			vertex 8.540192604064941 18.350000381469727 -2.5
		endloop
	endfacet
	facet normal -0.6420766251567918 0.29940546017939584 -0.7057577331082027
		outer loop
			vertex 8.107179641723633 18.600000381469727 -2
			vertex 8.540192604064941 18.350000381469727 -2.5
			vertex 8.048245429992676 18.473615646362305 -2
		endloop
	endfacet
	facet normal -0.6420752171629917 0.29940943099112943 -0.7057573294969491
		outer loop
			vertex 8.048245429992676 18.473615646362305 -2
			vertex 8.540192604064941 18.350000381469727 -2.5
			vertex 8.518092155456543 18.3026065826416 -2.5
		endloop
	endfacet
	facet normal -0.6843135774368525 0.1833605730536511 -0.7057576269407322
		outer loop
			vertex 8.048245429992676 18.473615646362305 -2
			vertex 8.518092155456543 18.3026065826416 -2.5
			vertex 8.012153625488281 18.338918685913086 -2
		endloop
	endfacet
	facet normal -0.6843138739522905 0.18335880563249832 -0.7057577986203429
		outer loop
			vertex 8.012153625488281 18.338918685913086 -2
			vertex 8.518092155456543 18.3026065826416 -2.5
			vertex 8.504557609558105 18.252094268798828 -2.5
		endloop
	endfacet
	facet normal -0.7057575389217985 0.06174518471036069 -0.7057576272489937
		outer loop
			vertex 8.012153625488281 18.338918685913086 -2
			vertex 8.504557609558105 18.252094268798828 -2.5
			vertex 8 18.200000762939453 -2
		endloop
	endfacet
	facet normal -0.705757545973145 0.06174603310276911 -0.705757545973145
		outer loop
			vertex 8 18.200000762939453 -2
			vertex 8.504557609558105 18.252094268798828 -2.5
			vertex 8.5 18.200000762939453 -2.5
		endloop
	endfacet
	facet normal 0 0.7071067811865476 -0.7071067811865476
		outer loop
			vertex 8.800000190734863 18.5 -2.5
			vertex 8.800000190734863 19 -2
			vertex 14.5 18.5 -2.5
		endloop
	endfacet
	facet normal 0 0.7071067811865476 -0.7071067811865476
		outer loop
			vertex 14.5 18.5 -2.5
			vertex 8.800000190734863 19 -2
			vertex 15 19 -2
		endloop
	endfacet
	facet normal 0.7071067811865476 0 -0.7071067811865476
		outer loop
			vertex 14.5 15.129940032958984 -2.5
			vertex 14.5 18.5 -2.5
			vertex 15 14.629940032958984 -2
		endloop
	endfacet
	facet normal 0.7071067811865476 0 -0.7071067811865476
		outer loop
			vertex 15 14.629940032958984 -2
			vertex 14.5 18.5 -2.5
			vertex 15 19 -2
		endloop
	endfacet
	facet normal 0.7071067811865476 0 0.7071067811865476
		outer loop
			vertex 15 14.629940032958984 12
			vertex 15 19 12
			vertex 14.5 15.129940032958984 12.5
		endloop
	endfacet
	facet normal 0.7071067811865476 0 0.7071067811865476
		outer loop
			vertex 14.5 15.129940032958984 12.5
			vertex 15 19 12
			vertex 14.5 18.5 12.5
		endloop
	endfacet
	facet normal 0 -0.7071067811865476 0.7071067811865476
		outer loop
			vertex 15 14.629940032958984 12
			vertex 14.5 15.129940032958984 12.5
			vertex 14 14.629940032958984 12
		endloop
	endfacet
	facet normal 0 -0.7071067811865476 0.7071067811865476
		outer loop
			vertex 14 14.629940032958984 12
			vertex 14.5 15.129940032958984 12.5
			vertex 13.5 15.129940032958984 12.5
		endloop
	endfacet
	facet normal 0.7071067811865476 0 0.7071067811865476
		outer loop
			vertex 14 11.895479202270508 12
			vertex 14 14.629940032958984 12
			vertex 13.5 11.395479202270508 12.5
		endloop
	endfacet
	facet normal 0.7071067811865476 0 0.7071067811865476
		outer loop
			vertex 13.5 11.395479202270508 12.5
			vertex 14 14.629940032958984 12
			vertex 13.5 15.129940032958984 12.5
		endloop
	endfacet
	facet normal 0 0.7071067811865476 0.7071067811865476
		outer loop
			vertex 15 11.895479202270508 12
			vertex 14 11.895479202270508 12
			vertex 14.5 11.395479202270508 12.5
		endloop
	endfacet
	facet normal 0 0.7071067811865476 0.7071067811865476
		outer loop
			vertex 14.5 11.395479202270508 12.5
			vertex 14 11.895479202270508 12
			vertex 13.5 11.395479202270508 12.5
		endloop
	endfacet
	facet normal -0.9961947715190437 0.08715490346572771 0
		outer loop
			vertex 8.012153625488281 18.338918685913086 12
			vertex 8.012153625488281 18.338918685913086 9.199999809265137
			vertex 8 18.200000762939453 12
		endloop
	endfacet
	facet normal -0.9961947715190437 0.08715490346572771 0
		outer loop
			vertex 8 18.200000762939453 12
			vertex 8.012153625488281 18.338918685913086 9.199999809265137
			vertex 8.012153625488281 18.338918685913086 6.400000095367432
		endloop
	endfacet
	facet normal -0.9961947715190437 0.08715490346572771 0
		outer loop
			vertex 8 18.200000762939453 12
			vertex 8.012153625488281 18.338918685913086 6.400000095367432
			vertex 8.012153625488281 18.338918685913086 3.5999999046325684
		endloop
	endfacet
	facet normal -0.9659260723846486 0.25881812665956544 0
		outer loop
			vertex 8.012153625488281 18.338918685913086 3.5999999046325684
			vertex 8.012153625488281 18.338918685913086 6.400000095367432
			vertex 8.048245429992676 18.473615646362305 3.5999999046325684
		endloop
	endfacet
	facet normal -0.9659260723846484 0.25881812665956544 0
		outer loop
			vertex 8.012153625488281 18.338918685913086 3.5999999046325684
			vertex 8.048245429992676 18.473615646362305 3.5999999046325684
			vertex 8.048245429992676 18.473615646362305 0.800000011920929
		endloop
	endfacet
	facet normal -0.9063076720161498 0.4226185084028705 0
		outer loop
			vertex 8.048245429992676 18.473615646362305 0.800000011920929
			vertex 8.048245429992676 18.473615646362305 3.5999999046325684
			vertex 8.107179641723633 18.600000381469727 0.800000011920929
		endloop
	endfacet
	facet normal -0.9063076720161498 0.4226185084028705 0
		outer loop
			vertex 8.048245429992676 18.473615646362305 0.800000011920929
			vertex 8.107179641723633 18.600000381469727 0.800000011920929
			vertex 8.107179641723633 18.600000381469727 -2
		endloop
	endfacet
	facet normal -0.8191503043565233 0.5735789212241114 0
		outer loop
			vertex 8.107179641723633 18.600000381469727 -2
			vertex 8.107179641723633 18.600000381469727 0.800000011920929
			vertex 8.187164306640625 18.714229583740234 -2
		endloop
	endfacet
	facet normal -0.8191503043565233 0.5735789212241114 0
		outer loop
			vertex 8.187164306640625 18.714229583740234 -2
			vertex 8.107179641723633 18.600000381469727 0.800000011920929
			vertex 8.187164306640625 18.714229583740234 0.800000011920929
		endloop
	endfacet
	facet normal -0.7071102006055332 0.7071033617510262 0
		outer loop
			vertex 8.187164306640625 18.714229583740234 -2
			vertex 8.187164306640625 18.714229583740234 0.800000011920929
			vertex 8.28576946258545 18.812835693359375 -2
		endloop
	endfacet
	facet normal -0.7071102006055332 0.7071033617510262 0
		outer loop
			vertex 8.28576946258545 18.812835693359375 -2
			vertex 8.187164306640625 18.714229583740234 0.800000011920929
			vertex 8.28576946258545 18.812835693359375 0.800000011920929
		endloop
	endfacet
	facet normal -0.573575707996553 0.8191525542878159 0
		outer loop
			vertex 8.28576946258545 18.812835693359375 -2
			vertex 8.28576946258545 18.812835693359375 0.800000011920929
			vertex 8.399999618530273 18.892820358276367 -2
		endloop
	endfacet
	facet normal -0.573575707996553 0.8191525542878159 0
		outer loop
			vertex 8.399999618530273 18.892820358276367 -2
			vertex 8.28576946258545 18.812835693359375 0.800000011920929
			vertex 8.399999618530273 18.892820358276367 0.800000011920929
		endloop
	endfacet
	facet normal -0.4226128910162425 0.9063102914272206 0
		outer loop
			vertex 8.399999618530273 18.892820358276367 -2
			vertex 8.399999618530273 18.892820358276367 0.800000011920929
			vertex 8.526384353637695 18.951753616333008 -2
		endloop
	endfacet
	facet normal -0.4226128910162425 0.9063102914272206 0
		outer loop
			vertex 8.526384353637695 18.951753616333008 -2
			vertex 8.399999618530273 18.892820358276367 0.800000011920929
			vertex 8.526384353637695 18.951753616333008 0.800000011920929
		endloop
	endfacet
	facet normal -0.25882450742536156 0.9659243626475207 0
		outer loop
			vertex 8.526384353637695 18.951753616333008 -2
			vertex 8.526384353637695 18.951753616333008 0.800000011920929
			vertex 8.661081314086914 18.98784637451172 -2
		endloop
	endfacet
	facet normal -0.25882450742536156 0.9659243626475207 0
		outer loop
			vertex 8.661081314086914 18.98784637451172 -2
			vertex 8.526384353637695 18.951753616333008 0.800000011920929
			vertex 8.661081314086914 18.98784637451172 0.800000011920929
		endloop
	endfacet
	facet normal -0.08715430969443036 0.9961948234666187 0
		outer loop
			vertex 8.661081314086914 18.98784637451172 -2
			vertex 8.661081314086914 18.98784637451172 0.800000011920929
			vertex 8.800000190734863 19 -2
		endloop
	endfacet
	facet normal -0.08715430969443037 0.9961948234666187 0
		outer loop
			vertex 8.800000190734863 19 -2
			vertex 8.661081314086914 18.98784637451172 0.800000011920929
			vertex 8.661081314086914 18.98784637451172 3.5999999046325684
		endloop
	endfacet
	facet normal -0.08715430969443037 0.9961948234666187 0
		outer loop
			vertex 8.800000190734863 19 -2
			vertex 8.661081314086914 18.98784637451172 3.5999999046325684
			vertex 8.661081314086914 18.98784637451172 6.400000095367432
		endloop
	endfacet
	facet normal -0.25882450742536156 0.9659243626475208 0
		outer loop
			vertex 8.661081314086914 18.98784637451172 6.400000095367432
			vertex 8.661081314086914 18.98784637451172 3.5999999046325684
			vertex 8.526384353637695 18.951753616333008 6.400000095367432
		endloop
	endfacet
	facet normal -0.2588245074253616 0.9659243626475208 0
		outer loop
			vertex 8.661081314086914 18.98784637451172 6.400000095367432
			vertex 8.526384353637695 18.951753616333008 6.400000095367432
			vertex 8.526384353637695 18.951753616333008 9.199999809265137
		endloop
	endfacet
	facet normal -0.4226128910162426 0.9063102914272207 0
		outer loop
			vertex 8.526384353637695 18.951753616333008 9.199999809265137
			vertex 8.526384353637695 18.951753616333008 6.400000095367432
			vertex 8.399999618530273 18.892820358276367 9.199999809265137
		endloop
	endfacet
	facet normal -0.42261289101624255 0.9063102914272206 0
		outer loop
			vertex 8.526384353637695 18.951753616333008 9.199999809265137
			vertex 8.399999618530273 18.892820358276367 9.199999809265137
			vertex 8.399999618530273 18.892820358276367 12
		endloop
	endfacet
	facet normal -0.5735757079965529 0.8191525542878157 0
		outer loop
			vertex 8.399999618530273 18.892820358276367 12
			vertex 8.399999618530273 18.892820358276367 9.199999809265137
			vertex 8.28576946258545 18.812835693359375 12
		endloop
	endfacet
	facet normal -0.5735757079965529 0.8191525542878157 0
		outer loop
			vertex 8.28576946258545 18.812835693359375 12
			vertex 8.399999618530273 18.892820358276367 9.199999809265137
			vertex 8.28576946258545 18.812835693359375 9.199999809265137
		endloop
	endfacet
	facet normal -0.7071102006055333 0.7071033617510263 0
		outer loop
			vertex 8.28576946258545 18.812835693359375 12
			vertex 8.28576946258545 18.812835693359375 9.199999809265137
			vertex 8.187164306640625 18.714229583740234 12
		endloop
	endfacet
	facet normal -0.7071102006055333 0.7071033617510263 0
		outer loop
			vertex 8.187164306640625 18.714229583740234 12
			vertex 8.28576946258545 18.812835693359375 9.199999809265137
			vertex 8.187164306640625 18.714229583740234 9.199999809265137
		endloop
	endfacet
	facet normal -0.8191503043565234 0.5735789212241114 0
		outer loop
			vertex 8.187164306640625 18.714229583740234 12
			vertex 8.187164306640625 18.714229583740234 9.199999809265137
			vertex 8.107179641723633 18.600000381469727 12
		endloop
	endfacet
	facet normal -0.8191503043565234 0.5735789212241114 0
		outer loop
			vertex 8.107179641723633 18.600000381469727 12
			vertex 8.187164306640625 18.714229583740234 9.199999809265137
			vertex 8.107179641723633 18.600000381469727 9.199999809265137
		endloop
	endfacet
	facet normal -0.9063076720161498 0.4226185084028705 0
		outer loop
			vertex 8.107179641723633 18.600000381469727 12
			vertex 8.107179641723633 18.600000381469727 9.199999809265137
			vertex 8.048245429992676 18.473615646362305 12
		endloop
	endfacet
	facet normal -0.9063076720161498 0.4226185084028705 0
		outer loop
			vertex 8.048245429992676 18.473615646362305 12
			vertex 8.107179641723633 18.600000381469727 9.199999809265137
			vertex 8.048245429992676 18.473615646362305 9.199999809265137
		endloop
	endfacet
	facet normal -0.9659260723846486 0.25881812665956544 0
		outer loop
			vertex 8.048245429992676 18.473615646362305 12
			vertex 8.048245429992676 18.473615646362305 9.199999809265137
			vertex 8.012153625488281 18.338918685913086 12
		endloop
	endfacet
	facet normal -0.9659260723846486 0.25881812665956544 0
		outer loop
			vertex 8.012153625488281 18.338918685913086 12
			vertex 8.048245429992676 18.473615646362305 9.199999809265137
			vertex 8.012153625488281 18.338918685913086 9.199999809265137
		endloop
	endfacet
	facet normal -0.42261289101624255 0.9063102914272206 0
		outer loop
			vertex 8.399999618530273 18.892820358276367 12
			vertex 8.526384353637695 18.951753616333008 12
			vertex 8.526384353637695 18.951753616333008 9.199999809265137
		endloop
	endfacet
	facet normal -0.25882450742536156 0.9659243626475208 0
		outer loop
			vertex 8.526384353637695 18.951753616333008 9.199999809265137
			vertex 8.526384353637695 18.951753616333008 12
			vertex 8.661081314086914 18.98784637451172 9.199999809265137
		endloop
	endfacet
	facet normal -0.2588245074253616 0.9659243626475208 0
		outer loop
			vertex 8.526384353637695 18.951753616333008 9.199999809265137
			vertex 8.661081314086914 18.98784637451172 9.199999809265137
			vertex 8.661081314086914 18.98784637451172 6.400000095367432
		endloop
	endfacet
	facet normal -0.08715430969443036 0.9961948234666186 0
		outer loop
			vertex 8.661081314086914 18.98784637451172 6.400000095367432
			vertex 8.661081314086914 18.98784637451172 9.199999809265137
			vertex 8.800000190734863 19 12
		endloop
	endfacet
	facet normal -0.08715430969443036 0.9961948234666186 0
		outer loop
			vertex 8.661081314086914 18.98784637451172 6.400000095367432
			vertex 8.800000190734863 19 12
			vertex 8.800000190734863 19 -2
		endloop
	endfacet
	facet normal -0.25882450742536156 0.9659243626475208 0
		outer loop
			vertex 8.526384353637695 18.951753616333008 12
			vertex 8.661081314086914 18.98784637451172 12
			vertex 8.661081314086914 18.98784637451172 9.199999809265137
		endloop
	endfacet
	facet normal -0.08715430969443037 0.9961948234666187 0
		outer loop
			vertex 8.661081314086914 18.98784637451172 9.199999809265137
			vertex 8.661081314086914 18.98784637451172 12
			vertex 8.800000190734863 19 12
		endloop
	endfacet
	facet normal -0.9063076720161498 0.4226185084028705 0
		outer loop
			vertex 8.107179641723633 18.600000381469727 -2
			vertex 8.048245429992676 18.473615646362305 -2
			vertex 8.048245429992676 18.473615646362305 0.800000011920929
		endloop
	endfacet
	facet normal -0.9659260723846484 0.25881812665956544 0
		outer loop
			vertex 8.048245429992676 18.473615646362305 0.800000011920929
			vertex 8.048245429992676 18.473615646362305 -2
			vertex 8.012153625488281 18.338918685913086 0.800000011920929
		endloop
	endfacet
	facet normal -0.9659260723846484 0.25881812665956544 0
		outer loop
			vertex 8.048245429992676 18.473615646362305 0.800000011920929
			vertex 8.012153625488281 18.338918685913086 0.800000011920929
			vertex 8.012153625488281 18.338918685913086 3.5999999046325684
		endloop
	endfacet
	facet normal -0.9961947715190437 0.08715490346572771 0
		outer loop
			vertex 8.012153625488281 18.338918685913086 3.5999999046325684
			vertex 8.012153625488281 18.338918685913086 0.800000011920929
			vertex 8 18.200000762939453 -2
		endloop
	endfacet
	facet normal -0.9961947715190438 0.08715490346572771 0
		outer loop
			vertex 8.012153625488281 18.338918685913086 3.5999999046325684
			vertex 8 18.200000762939453 -2
			vertex 8 18.200000762939453 12
		endloop
	endfacet
	facet normal -0.9659260723846484 0.25881812665956544 0
		outer loop
			vertex 8.048245429992676 18.473615646362305 -2
			vertex 8.012153625488281 18.338918685913086 -2
			vertex 8.012153625488281 18.338918685913086 0.800000011920929
		endloop
	endfacet
	facet normal -0.9961947715190438 0.08715490346572771 0
		outer loop
			vertex 8.012153625488281 18.338918685913086 0.800000011920929
			vertex 8.012153625488281 18.338918685913086 -2
			vertex 8 18.200000762939453 -2
		endloop
	endfacet
	facet normal -0.9659260723846484 0.25881812665956544 0
		outer loop
			vertex 8.012153625488281 18.338918685913086 6.400000095367432
			vertex 8.012153625488281 18.338918685913086 9.199999809265137
			vertex 8.048245429992676 18.473615646362305 6.400000095367432
		endloop
	endfacet
	facet normal -0.9659260723846484 0.25881812665956544 0
		outer loop
			vertex 8.048245429992676 18.473615646362305 6.400000095367432
			vertex 8.012153625488281 18.338918685913086 9.199999809265137
			vertex 8.048245429992676 18.473615646362305 9.199999809265137
		endloop
	endfacet
	facet normal -0.9063076720161498 0.4226185084028705 0
		outer loop
			vertex 8.048245429992676 18.473615646362305 6.400000095367432
			vertex 8.048245429992676 18.473615646362305 9.199999809265137
			vertex 8.107179641723633 18.600000381469727 6.400000095367432
		endloop
	endfacet
	facet normal -0.9063076720161498 0.4226185084028705 0
		outer loop
			vertex 8.107179641723633 18.600000381469727 6.400000095367432
			vertex 8.048245429992676 18.473615646362305 9.199999809265137
			vertex 8.107179641723633 18.600000381469727 9.199999809265137
		endloop
	endfacet
	facet normal -0.8191503043565233 0.5735789212241114 0
		outer loop
			vertex 8.107179641723633 18.600000381469727 6.400000095367432
			vertex 8.107179641723633 18.600000381469727 9.199999809265137
			vertex 8.187164306640625 18.714229583740234 6.400000095367432
		endloop
	endfacet
	facet normal -0.8191503043565233 0.5735789212241114 0
		outer loop
			vertex 8.187164306640625 18.714229583740234 6.400000095367432
			vertex 8.107179641723633 18.600000381469727 9.199999809265137
			vertex 8.187164306640625 18.714229583740234 9.199999809265137
		endloop
	endfacet
	facet normal -0.7071102006055332 0.7071033617510263 0
		outer loop
			vertex 8.187164306640625 18.714229583740234 6.400000095367432
			vertex 8.187164306640625 18.714229583740234 9.199999809265137
			vertex 8.28576946258545 18.812835693359375 6.400000095367432
		endloop
	endfacet
	facet normal -0.7071102006055332 0.7071033617510263 0
		outer loop
			vertex 8.28576946258545 18.812835693359375 6.400000095367432
			vertex 8.187164306640625 18.714229583740234 9.199999809265137
			vertex 8.28576946258545 18.812835693359375 9.199999809265137
		endloop
	endfacet
	facet normal -0.573575707996553 0.819152554287816 0
		outer loop
			vertex 8.28576946258545 18.812835693359375 6.400000095367432
			vertex 8.28576946258545 18.812835693359375 9.199999809265137
			vertex 8.399999618530273 18.892820358276367 6.400000095367432
		endloop
	endfacet
	facet normal -0.573575707996553 0.819152554287816 0
		outer loop
			vertex 8.399999618530273 18.892820358276367 6.400000095367432
			vertex 8.28576946258545 18.812835693359375 9.199999809265137
			vertex 8.399999618530273 18.892820358276367 9.199999809265137
		endloop
	endfacet
	facet normal -0.4226128910162426 0.9063102914272207 0
		outer loop
			vertex 8.399999618530273 18.892820358276367 6.400000095367432
			vertex 8.399999618530273 18.892820358276367 9.199999809265137
			vertex 8.526384353637695 18.951753616333008 6.400000095367432
		endloop
	endfacet
	facet normal -0.9659260723846486 0.25881812665956544 0
		outer loop
			vertex 8.012153625488281 18.338918685913086 6.400000095367432
			vertex 8.048245429992676 18.473615646362305 6.400000095367432
			vertex 8.048245429992676 18.473615646362305 3.5999999046325684
		endloop
	endfacet
	facet normal -0.9063076720161498 0.4226185084028705 0
		outer loop
			vertex 8.048245429992676 18.473615646362305 3.5999999046325684
			vertex 8.048245429992676 18.473615646362305 6.400000095367432
			vertex 8.107179641723633 18.600000381469727 3.5999999046325684
		endloop
	endfacet
	facet normal -0.9063076720161498 0.4226185084028705 0
		outer loop
			vertex 8.048245429992676 18.473615646362305 3.5999999046325684
			vertex 8.107179641723633 18.600000381469727 3.5999999046325684
			vertex 8.107179641723633 18.600000381469727 0.800000011920929
		endloop
	endfacet
	facet normal -0.8191503043565233 0.5735789212241114 0
		outer loop
			vertex 8.107179641723633 18.600000381469727 0.800000011920929
			vertex 8.107179641723633 18.600000381469727 3.5999999046325684
			vertex 8.187164306640625 18.714229583740234 0.800000011920929
		endloop
	endfacet
	facet normal -0.9063076720161498 0.4226185084028705 0
		outer loop
			vertex 8.107179641723633 18.600000381469727 3.5999999046325684
			vertex 8.048245429992676 18.473615646362305 6.400000095367432
			vertex 8.107179641723633 18.600000381469727 6.400000095367432
		endloop
	endfacet
	facet normal -0.8191503043565234 0.5735789212241114 0
		outer loop
			vertex 8.107179641723633 18.600000381469727 3.5999999046325684
			vertex 8.107179641723633 18.600000381469727 6.400000095367432
			vertex 8.187164306640625 18.714229583740234 3.5999999046325684
		endloop
	endfacet
	facet normal -0.8191503043565234 0.5735789212241114 0
		outer loop
			vertex 8.187164306640625 18.714229583740234 3.5999999046325684
			vertex 8.107179641723633 18.600000381469727 6.400000095367432
			vertex 8.187164306640625 18.714229583740234 6.400000095367432
		endloop
	endfacet
	facet normal -0.7071102006055333 0.7071033617510263 0
		outer loop
			vertex 8.187164306640625 18.714229583740234 3.5999999046325684
			vertex 8.187164306640625 18.714229583740234 6.400000095367432
			vertex 8.28576946258545 18.812835693359375 3.5999999046325684
		endloop
	endfacet
	facet normal -0.7071102006055333 0.7071033617510263 0
		outer loop
			vertex 8.28576946258545 18.812835693359375 3.5999999046325684
			vertex 8.187164306640625 18.714229583740234 6.400000095367432
			vertex 8.28576946258545 18.812835693359375 6.400000095367432
		endloop
	endfacet
	facet normal -0.5735757079965529 0.8191525542878157 0
		outer loop
			vertex 8.28576946258545 18.812835693359375 3.5999999046325684
			vertex 8.28576946258545 18.812835693359375 6.400000095367432
			vertex 8.399999618530273 18.892820358276367 3.5999999046325684
		endloop
	endfacet
	facet normal -0.5735757079965529 0.8191525542878157 0
		outer loop
			vertex 8.399999618530273 18.892820358276367 3.5999999046325684
			vertex 8.28576946258545 18.812835693359375 6.400000095367432
			vertex 8.399999618530273 18.892820358276367 6.400000095367432
		endloop
	endfacet
	facet normal -0.42261289101624255 0.9063102914272206 0
		outer loop
			vertex 8.399999618530273 18.892820358276367 3.5999999046325684
			vertex 8.399999618530273 18.892820358276367 6.400000095367432
			vertex 8.526384353637695 18.951753616333008 3.5999999046325684
		endloop
	endfacet
	facet normal -0.42261289101624255 0.9063102914272206 0
		outer loop
			vertex 8.526384353637695 18.951753616333008 3.5999999046325684
			vertex 8.399999618530273 18.892820358276367 6.400000095367432
			vertex 8.526384353637695 18.951753616333008 6.400000095367432
		endloop
	endfacet
	facet normal -0.25882450742536156 0.9659243626475208 0
		outer loop
			vertex 8.526384353637695 18.951753616333008 3.5999999046325684
			vertex 8.526384353637695 18.951753616333008 6.400000095367432
			vertex 8.661081314086914 18.98784637451172 3.5999999046325684
		endloop
	endfacet
	facet normal -0.7071102006055332 0.7071033617510263 0
		outer loop
			vertex 8.28576946258545 18.812835693359375 0.800000011920929
			vertex 8.187164306640625 18.714229583740234 0.800000011920929
			vertex 8.187164306640625 18.714229583740234 3.5999999046325684
		endloop
	endfacet
	facet normal -0.8191503043565233 0.5735789212241114 0
		outer loop
			vertex 8.187164306640625 18.714229583740234 3.5999999046325684
			vertex 8.187164306640625 18.714229583740234 0.800000011920929
			vertex 8.107179641723633 18.600000381469727 3.5999999046325684
		endloop
	endfacet
	facet normal -0.7071102006055332 0.7071033617510263 0
		outer loop
			vertex 8.28576946258545 18.812835693359375 0.800000011920929
			vertex 8.187164306640625 18.714229583740234 3.5999999046325684
			vertex 8.28576946258545 18.812835693359375 3.5999999046325684
		endloop
	endfacet
	facet normal -0.5735757079965529 0.8191525542878159 0
		outer loop
			vertex 8.399999618530273 18.892820358276367 0.800000011920929
			vertex 8.28576946258545 18.812835693359375 0.800000011920929
			vertex 8.28576946258545 18.812835693359375 3.5999999046325684
		endloop
	endfacet
	facet normal -0.5735757079965529 0.8191525542878159 0
		outer loop
			vertex 8.399999618530273 18.892820358276367 0.800000011920929
			vertex 8.28576946258545 18.812835693359375 3.5999999046325684
			vertex 8.399999618530273 18.892820358276367 3.5999999046325684
		endloop
	endfacet
	facet normal -0.42261289101624255 0.9063102914272206 0
		outer loop
			vertex 8.526384353637695 18.951753616333008 0.800000011920929
			vertex 8.399999618530273 18.892820358276367 0.800000011920929
			vertex 8.399999618530273 18.892820358276367 3.5999999046325684
		endloop
	endfacet
	facet normal -0.42261289101624255 0.9063102914272206 0
		outer loop
			vertex 8.526384353637695 18.951753616333008 0.800000011920929
			vertex 8.399999618530273 18.892820358276367 3.5999999046325684
			vertex 8.526384353637695 18.951753616333008 3.5999999046325684
		endloop
	endfacet
	facet normal -0.25882450742536156 0.9659243626475208 0
		outer loop
			vertex 8.661081314086914 18.98784637451172 0.800000011920929
			vertex 8.526384353637695 18.951753616333008 0.800000011920929
			vertex 8.526384353637695 18.951753616333008 3.5999999046325684
		endloop
	endfacet
	facet normal -0.25882450742536156 0.9659243626475208 0
		outer loop
			vertex 8.661081314086914 18.98784637451172 0.800000011920929
			vertex 8.526384353637695 18.951753616333008 3.5999999046325684
			vertex 8.661081314086914 18.98784637451172 3.5999999046325684
		endloop
	endfacet
	facet normal 0 1 0
		outer loop
			vertex 15 19 -2
			vertex 8.800000190734863 19 -2
			vertex 15 19 12
		endloop
	endfacet
	facet normal 0 1 0
		outer loop
			vertex 15 19 12
			vertex 8.800000190734863 19 -2
			vertex 8.800000190734863 19 12
		endloop
	endfacet
	facet normal 1 0 0
		outer loop
			vertex 15 14.629940032958984 -2
			vertex 15 19 -2
			vertex 15 14.629940032958984 12
		endloop
	endfacet
	facet normal 1 0 0
		outer loop
			vertex 15 14.629940032958984 12
			vertex 15 19 -2
			vertex 15 19 12
		endloop
	endfacet
	facet normal 0 -1 0
		outer loop
			vertex 14 14.629940032958984 -2
			vertex 15 14.629940032958984 -2
			vertex 14 14.629940032958984 12
		endloop
	endfacet
	facet normal 0 -1 0
		outer loop
			vertex 14 14.629940032958984 12
			vertex 15 14.629940032958984 -2
			vertex 15 14.629940032958984 12
		endloop
	endfacet
	facet normal 1 0 0
		outer loop
			vertex 14 11.895479202270508 -2
			vertex 14 14.629940032958984 -2
			vertex 14 11.895479202270508 12
		endloop
	endfacet
	facet normal 1 0 0
		outer loop
			vertex 14 11.895479202270508 12
			vertex 14 14.629940032958984 -2
			vertex 14 14.629940032958984 12
		endloop
	endfacet
	facet normal 0 1 0
		outer loop
			vertex 15 11.895479202270508 -2
			vertex 14 11.895479202270508 -2
			vertex 15 11.895479202270508 12
		endloop
	endfacet
	facet normal 0 1 0
		outer loop
			vertex 15 11.895479202270508 12
			vertex 14 11.895479202270508 -2
			vertex 14 11.895479202270508 12
		endloop
	endfacet
	facet normal 1 0 0
		outer loop
			vertex 15 11.895479202270508 12
			vertex 15 3.952838056875407e-12 12
			vertex 15 11.895479202270508 -2
		endloop
	endfacet
	facet normal 1 0 0
		outer loop
			vertex 15 11.895479202270508 -2
			vertex 15 3.952838056875407e-12 12
			vertex 15 3.949729432406457e-12 -2
		endloop
	endfacet
	facet normal -0.9999999999999988 -5.2399685518040204e-8 1.3297219964627567e-23
		outer loop
			vertex 8.000000953674316 -2.475353255704249e-12 12
			vertex 8 18.200000762939453 12
			vertex 8.000000953674316 -2.4784618801731995e-12 -2
		endloop
	endfacet
	facet normal -0.9999999999999988 -5.239968551804019e-8 0
		outer loop
			vertex 8.000000953674316 -2.4784618801731995e-12 -2
			vertex 8 18.200000762939453 12
			vertex 8 18.200000762939453 -2
		endloop
	endfacet
endsolid exported
